molecule_chembl_id,canonical_smiles,standardized_smiles,IC50_nM_median,pIC50,pIC50_mean,pIC50_std,measurement_count,bioactivity_class
CHEMBL5986166,C#CCC1CN(c2nc3nc(C(=O)O)nc(N[C@H](C)C4CCC4)c3n2Cc2ccc(C(F)(F)F)cc2)CCO1,C#CCC1CN(c2nc3nc(C(=O)O)nc(N[C@H](C)C4CCC4)c3n2Cc2ccc(C(F)(F)F)cc2)CCO1,34.24,7.465466243994884,7.465466243994884,,1,active
CHEMBL5741921,C#Cc1ccc(CN2C(=O)c3cc(C(C)(C)O)cc(F)c3[C@]2(OCC2(CO)CC2)c2ccc(Cl)cc2)cc1,C#Cc1ccc(CN2C(=O)c3cc(C(C)(C)O)cc(F)c3[C@]2(OCC2(CO)CC2)c2ccc(Cl)cc2)cc1,7.65,8.11642206695891,8.11642206695891,,4,active
CHEMBL4865855,C#Cc1ccc(CN2C(=O)c3cc(C(C)(C)O)ccc3[C@]2(OCC2(CO)CC2)c2ccc(Cl)cc2)cc1,C#Cc1ccc(CN2C(=O)c3cc(C(C)(C)O)ccc3[C@]2(OCC2(CO)CC2)c2ccc(Cl)cc2)cc1,11.0,7.958607314841775,7.958607314841775,,3,active
CHEMBL5821902,C#Cc1ccc(CN2C(=O)c3cc(C(C)(O)CO)cc(F)c3[C@]2(OCC2(CO)CC2)c2ccc(Cl)cc2)cc1,C#Cc1ccc(CN2C(=O)c3cc(C(C)(O)CO)cc(F)c3[C@]2(OCC2(CO)CC2)c2ccc(Cl)cc2)cc1,5.2,8.2839966563652,8.2839966563652,,3,active
CHEMBL5825373,C#Cc1ccc(CN2C(=O)c3cc([C@@](C)(O)CO)cc(F)c3[C@]2(OCC2(CO)CC2)c2ccc(Cl)cc2)cc1,C#Cc1ccc(CN2C(=O)c3cc([C@@](C)(O)CO)cc(F)c3[C@]2(OCC2(CO)CC2)c2ccc(Cl)cc2)cc1,5.2,8.2839966563652,8.2839966563652,,1,active
CHEMBL380214,C#Cc1ccc2c(c1)C(=O)N([C@H](C)c1ccc(Cl)cc1)[C@@H](c1ccc(Cl)cc1)C(=O)N2CCCCC(=O)O,C#Cc1ccc2c(c1)C(=O)N([C@H](C)c1ccc(Cl)cc1)[C@@H](c1ccc(Cl)cc1)C(=O)N2CCCCC(=O)O,10300.0,4.987162775294828,4.987162775294828,,3,inactive
CHEMBL1689397,C=C(C)C(=O)NCCCC[C@H](NC(=O)[C@H](CCC(=O)O)NC(=O)[C@H](Cc1ccccc1)NC(=O)[C@@H](NC(=O)[C@H](CC(C)C)NC(C)=O)[C@@H](C)O)C(=O)N[C@@H](Cc1ccc(O)cc1)C(=O)N[C@@H](Cc1c[nH]c2ccccc12)C(=O)N[C@@H](C)C(=O)N[C@@H](CCCCNC(=O)c1nnn(-c2ccc(OC)cc2)n1)C(=O)N[C@@H](CC(C)C)C(=O)N[C@H](C(=O)N[C@@H](CO)C(N)=O)[C@@H](C)O,C=C(C)C(=O)NCCCC[C@H](NC(=O)[C@H](CCC(=O)O)NC(=O)[C@H](Cc1ccccc1)NC(=O)[C@@H](NC(=O)[C@H](CC(C)C)NC(C)=O)[C@@H](C)O)C(=O)N[C@@H](Cc1ccc(O)cc1)C(=O)N[C@@H](Cc1c[nH]c2ccccc12)C(=O)N[C@@H](C)C(=O)N[C@@H](CCCCNC(=O)c1nnn(-c2ccc(OC)cc2)n1)C(=O)N[C@@H](CC(C)C)C(=O)N[C@H](C(=O)N[C@@H](CO)C(N)=O)[C@@H](C)O,170.0,6.769551078621726,6.769551078621726,,1,active
CHEMBL1689403,C=C(C)C(=O)NCCCC[C@H](NC(=O)[C@H](Cc1ccccc1)NC(=O)[C@@H](NC(=O)[C@H](CC(C)C)NC(C)=O)[C@@H](C)O)C(=O)N[C@@H](CCCNC(=N)N)C(=O)N[C@@H](Cc1ccc(O)cc1)C(=O)N[C@@H](Cc1c[nH]c2cc(Cl)ccc12)C(=O)N[C@@H](CCCNC(=N)N)C(=O)N[C@@H](CCC(N)=O)C(=O)N[C@@H](CC(C)C)C(=O)N[C@@H](CCCCNC(=O)c1nnn(-c2ccc(OC)cc2)n1)C(=O)N[C@@H](CO)C(N)=O,C=C(C)C(=O)NCCCC[C@H](NC(=O)[C@H](Cc1ccccc1)NC(=O)[C@@H](NC(=O)[C@H](CC(C)C)NC(C)=O)[C@@H](C)O)C(=O)N[C@@H](CCCNC(=N)N)C(=O)N[C@@H](Cc1ccc(O)cc1)C(=O)N[C@@H](Cc1c[nH]c2cc(Cl)ccc12)C(=O)N[C@@H](CCCNC(=N)N)C(=O)N[C@@H](CCC(N)=O)C(=O)N[C@@H](CC(C)C)C(=O)N[C@@H](CCCCNC(=O)c1nnn(-c2ccc(OC)cc2)n1)C(=O)N[C@@H](CO)C(N)=O,14.0,7.853871964321762,7.853871964321762,,1,active
CHEMBL1689401,C=C(C)C(=O)NCCCC[C@H](NC(=O)[C@H](Cc1ccccc1)NC(=O)[C@@H](NC(=O)[C@H](CC(C)C)NC(C)=O)[C@@H](C)O)C(=O)N[C@@H](CCCNC(=N)N)C(=O)N[C@@H](Cc1ccc(O)cc1)C(=O)N[C@@H](Cc1c[nH]c2ccccc12)C(=O)N[C@@H](C)C(=O)N[C@@H](CCCNC(=N)N)C(=O)N[C@@H](CC(C)C)C(=O)N[C@@H](CCCCNC(=O)c1nnn(-c2ccc(OC)cc2)n1)C(=O)N[C@@H](CO)C(N)=O,C=C(C)C(=O)NCCCC[C@H](NC(=O)[C@H](Cc1ccccc1)NC(=O)[C@@H](NC(=O)[C@H](CC(C)C)NC(C)=O)[C@@H](C)O)C(=O)N[C@@H](CCCNC(=N)N)C(=O)N[C@@H](Cc1ccc(O)cc1)C(=O)N[C@@H](Cc1c[nH]c2ccccc12)C(=O)N[C@@H](C)C(=O)N[C@@H](CCCNC(=N)N)C(=O)N[C@@H](CC(C)C)C(=O)N[C@@H](CCCCNC(=O)c1nnn(-c2ccc(OC)cc2)n1)C(=O)N[C@@H](CO)C(N)=O,39.0,7.4089353929735005,7.4089353929735005,,1,active
CHEMBL1689402,C=C(C)C(=O)NCCCC[C@H](NC(=O)[C@H](Cc1ccccc1)NC(=O)[C@@H](NC(=O)[C@H](CC(C)C)NC(C)=O)[C@@H](C)O)C(=O)N[C@@H](CCCNC(=N)N)C(=O)N[C@@H](Cc1ccc(O)cc1)C(=O)N[C@@H](Cc1c[nH]c2ccccc12)C(=O)N[C@@H](CCCNC(=N)N)C(=O)N[C@@H](CCC(N)=O)C(=O)N[C@@H](CC(C)C)C(=O)N[C@@H](CCCCNC(=O)c1nnn(-c2ccc(OC)cc2)n1)C(=O)N[C@@H](CO)C(N)=O,C=C(C)C(=O)NCCCC[C@H](NC(=O)[C@H](Cc1ccccc1)NC(=O)[C@@H](NC(=O)[C@H](CC(C)C)NC(C)=O)[C@@H](C)O)C(=O)N[C@@H](CCCNC(=N)N)C(=O)N[C@@H](Cc1ccc(O)cc1)C(=O)N[C@@H](Cc1c[nH]c2ccccc12)C(=O)N[C@@H](CCCNC(=N)N)C(=O)N[C@@H](CCC(N)=O)C(=O)N[C@@H](CC(C)C)C(=O)N[C@@H](CCCCNC(=O)c1nnn(-c2ccc(OC)cc2)n1)C(=O)N[C@@H](CO)C(N)=O,28.0,7.552841968657781,7.552841968657781,,1,active
CHEMBL1689398,C=C(C)C(=O)NCCCC[C@H](NC(=O)[C@H](Cc1ccccc1)NC(=O)[C@@H](NC(=O)[C@H](CC(C)C)NC(C)=O)[C@@H](C)O)C(=O)N[C@@H](Cc1cnc[nH]1)C(=O)N[C@@H](Cc1ccc(O)cc1)C(=O)N[C@@H](Cc1c[nH]c2ccccc12)C(=O)N[C@@H](C)C(=O)N[C@@H](CCC(N)=O)C(=O)N[C@@H](CC(C)C)C(=O)N[C@@H](CCCCNC(=O)c1nnn(-c2ccc(OC)cc2)n1)C(=O)N[C@@H](CO)C(N)=O,C=C(C)C(=O)NCCCC[C@H](NC(=O)[C@H](Cc1ccccc1)NC(=O)[C@@H](NC(=O)[C@H](CC(C)C)NC(C)=O)[C@@H](C)O)C(=O)N[C@@H](Cc1cnc[nH]1)C(=O)N[C@@H](Cc1ccc(O)cc1)C(=O)N[C@@H](Cc1c[nH]c2ccccc12)C(=O)N[C@@H](C)C(=O)N[C@@H](CCC(N)=O)C(=O)N[C@@H](CC(C)C)C(=O)N[C@@H](CCCCNC(=O)c1nnn(-c2ccc(OC)cc2)n1)C(=O)N[C@@H](CO)C(N)=O,6.2,8.207608310501746,8.207608310501746,,1,active
CHEMBL1689399,C=C(C)C(=O)NCCCC[C@H](NC(=O)[C@H](Cc1ccccc1)NC(=O)[C@@H](NC(=O)[C@H](CC(C)C)NC(C)=O)[C@@H](C)O)C(=O)N[C@@H](Cc1cnc[nH]1)C(=O)N[C@@H](Cc1ccc(O)cc1)C(=O)N[C@@H](Cc1c[nH]c2ccccc12)C(=O)N[C@@H](C)C(=O)N[C@@H](CCCNC(=N)N)C(=O)N[C@@H](CC(C)C)C(=O)N[C@@H](CCCCNC(=O)c1nnn(-c2ccc(OC)cc2)n1)C(=O)N[C@@H](CO)C(N)=O,C=C(C)C(=O)NCCCC[C@H](NC(=O)[C@H](Cc1ccccc1)NC(=O)[C@@H](NC(=O)[C@H](CC(C)C)NC(C)=O)[C@@H](C)O)C(=O)N[C@@H](Cc1cnc[nH]1)C(=O)N[C@@H](Cc1ccc(O)cc1)C(=O)N[C@@H](Cc1c[nH]c2ccccc12)C(=O)N[C@@H](C)C(=O)N[C@@H](CCCNC(=N)N)C(=O)N[C@@H](CC(C)C)C(=O)N[C@@H](CCCCNC(=O)c1nnn(-c2ccc(OC)cc2)n1)C(=O)N[C@@H](CO)C(N)=O,15.0,7.823908740944319,7.823908740944319,,1,active
CHEMBL1689396,C=C(C)C(=O)NCCCC[C@H](NC(=O)[C@H](Cc1ccccc1)NC(=O)[C@@H](NC(=O)[C@H](CC(C)C)NC(C)=O)[C@@H](C)O)C(=O)N[C@@H](Cc1cnc[nH]1)C(=O)N[C@@H](Cc1ccc(O)cc1)C(=O)N[C@@H](Cc1c[nH]c2ccccc12)C(=O)N[C@@H](CCCCNC(=O)c1nnn(-c2ccc(OC)cc2)n1)C(=O)N[C@@H](CCCNC(=N)N)C(=O)N[C@@H](CC(C)C)C(=O)N[C@@H](CCCNC(=N)N)C(=O)N[C@@H](CO)C(N)=O,C=C(C)C(=O)NCCCC[C@H](NC(=O)[C@H](Cc1ccccc1)NC(=O)[C@@H](NC(=O)[C@H](CC(C)C)NC(C)=O)[C@@H](C)O)C(=O)N[C@@H](Cc1cnc[nH]1)C(=O)N[C@@H](Cc1ccc(O)cc1)C(=O)N[C@@H](Cc1c[nH]c2ccccc12)C(=O)N[C@@H](CCCCNC(=O)c1nnn(-c2ccc(OC)cc2)n1)C(=O)N[C@@H](CCCNC(=N)N)C(=O)N[C@@H](CC(C)C)C(=O)N[C@@H](CCCNC(=N)N)C(=O)N[C@@H](CO)C(N)=O,160.0,6.795880017344075,6.795880017344075,,1,active
CHEMBL1689395,C=C(C)C(=O)NCCCC[C@H](NC(=O)[C@H](Cc1ccccc1)NC(=O)[C@@H](NC(=O)[C@H](CC(C)C)NC(C)=O)[C@@H](C)O)C(=O)N[C@@H](Cc1cnc[nH]1)C(=O)N[C@@H](Cc1ccc(O)cc1)C(=O)N[C@@H](Cc1c[nH]c2ccccc12)C(=O)N[C@@H](CCCCNC(=O)c1nnn(-c2ccc(OC)cc2)n1)C(=O)N[C@@H](CCCNC(=N)N)C(=O)N[C@@H](CC(C)C)C(=O)N[C@H](C(=O)N[C@@H](CO)C(N)=O)[C@@H](C)O,C=C(C)C(=O)NCCCC[C@H](NC(=O)[C@H](Cc1ccccc1)NC(=O)[C@@H](NC(=O)[C@H](CC(C)C)NC(C)=O)[C@@H](C)O)C(=O)N[C@@H](Cc1cnc[nH]1)C(=O)N[C@@H](Cc1ccc(O)cc1)C(=O)N[C@@H](Cc1c[nH]c2ccccc12)C(=O)N[C@@H](CCCCNC(=O)c1nnn(-c2ccc(OC)cc2)n1)C(=O)N[C@@H](CCCNC(=N)N)C(=O)N[C@@H](CC(C)C)C(=O)N[C@H](C(=O)N[C@@H](CO)C(N)=O)[C@@H](C)O,71.0,7.1487416512809245,7.1487416512809245,,1,active
CHEMBL1689400,C=C(C)C(=O)NCCCC[C@H](NC(=O)[C@H](Cc1ccccc1)NC(=O)[C@@H](NC(=O)[C@H](CC(C)C)NC(C)=O)[C@@H](C)O)C(=O)N[C@@H](Cc1cnc[nH]1)C(=O)N[C@@H](Cc1ccc(O)cc1)C(=O)N[C@@H](Cc1c[nH]c2ccccc12)C(=O)N[C@@H](CCCNC(=N)N)C(=O)N[C@@H](CCC(N)=O)C(=O)N[C@@H](CC(C)C)C(=O)N[C@@H](CCCCNC(=O)c1nnn(-c2ccc(OC)cc2)n1)C(=O)N[C@@H](CO)C(N)=O,C=C(C)C(=O)NCCCC[C@H](NC(=O)[C@H](Cc1ccccc1)NC(=O)[C@@H](NC(=O)[C@H](CC(C)C)NC(C)=O)[C@@H](C)O)C(=O)N[C@@H](Cc1cnc[nH]1)C(=O)N[C@@H](Cc1ccc(O)cc1)C(=O)N[C@@H](Cc1c[nH]c2ccccc12)C(=O)N[C@@H](CCCNC(=N)N)C(=O)N[C@@H](CCC(N)=O)C(=O)N[C@@H](CC(C)C)C(=O)N[C@@H](CCCCNC(=O)c1nnn(-c2ccc(OC)cc2)n1)C(=O)N[C@@H](CO)C(N)=O,18.0,7.7447274948966935,7.7447274948966935,,1,active
CHEMBL5997167,C=C(C)c1cc(C)nc(-c2nc3nc(C(=O)O)nc(N[C@H](C)C4CCC4)c3n2Cc2ccc(C(F)(F)F)cc2)c1,C=C(C)c1cc(C)nc(-c2nc3nc(C(=O)O)nc(N[C@H](C)C4CCC4)c3n2Cc2ccc(C(F)(F)F)cc2)c1,50.18,7.299469343021409,7.299469343021409,,1,active
CHEMBL3649992,C=C(C)c1nc2cc(-c3noc(=O)[nH]3)nc(-c3cncc(Cl)c3)c2n1C[C@H]1CC[C@H](C)CC1,C=C(C)c1nc2cc(-c3noc(=O)[nH]3)nc(-c3cncc(Cl)c3)c2n1C[C@H]1CC[C@H](C)CC1,7.0,8.154901959985743,8.154901959985743,,2,active
CHEMBL3649990,C=C(CCC)c1nc2cc(-c3noc(=O)[nH]3)nc(-c3cncc(Cl)c3)c2n1C[C@H]1CC[C@H](C)CC1,C=C(CCC)c1nc2cc(-c3noc(=O)[nH]3)nc(-c3cncc(Cl)c3)c2n1C[C@H]1CC[C@H](C)CC1,2.0,8.698970004336019,8.698970004336019,,2,active
CHEMBL3675226,C=C(CO)COC1(c2ccc(Cl)cc2)c2ccccc2C(=O)N1Cc1ccc([N+](=O)[O-])cc1,C=C(CO)COC1(c2ccc(Cl)cc2)c2ccccc2C(=O)N1Cc1ccc([N+](=O)[O-])cc1,680.0,6.167491087293763,6.167491087293763,,1,active
CHEMBL5981731,C=C(CO)CO[C@]1(c2ccc(Cl)cc2)c2c(F)cc(C(O)(CC)c3cn(C)cn3)cc2C(=O)N1Cc1ccc(C#N)cn1,C=C(CO)CO[C@]1(c2ccc(Cl)cc2)c2c(F)cc(C(O)(CC)c3cn(C)cn3)cc2C(=O)N1Cc1ccc(C#N)cn1,0.86,9.065501548756432,9.065501548756432,,1,active
CHEMBL5885748,C=C(c1ccc(F)cc1)c1nc2nc(-c3noc(=O)[nH]3)nc(N[C@H](C)C3CCC3)c2n1C[C@H]1CC[C@H](C)CC1,C=C(c1ccc(F)cc1)c1nc2nc(-c3noc(=O)[nH]3)nc(N[C@H](C)C3CCC3)c2n1C[C@H]1CC[C@H](C)CC1,1.84,8.735182176990463,8.735182176990463,,1,active
CHEMBL3649988,C=C(c1ccccc1)c1nc2cc(-c3noc(=O)[nH]3)nc(-c3cncc(Cl)c3)c2n1C[C@H]1CC[C@H](C)CC1,C=C(c1ccccc1)c1nc2cc(-c3noc(=O)[nH]3)nc(-c3cncc(Cl)c3)c2n1C[C@H]1CC[C@H](C)CC1,4.0,8.397940008672037,8.397940008672037,,2,active
CHEMBL5828053,C=C(c1ccccc1)c1nc2nc(-c3noc(=O)[nH]3)nc(N[C@H](C)C3CCC3)c2n1C[C@H]1CC[C@H](C)CC1,C=C(c1ccccc1)c1nc2nc(-c3noc(=O)[nH]3)nc(N[C@H](C)C3CCC3)c2n1C[C@H]1CC[C@H](C)CC1,1.901,8.721017883134557,8.721017883134557,,1,active
CHEMBL5909958,C=C(c1nc2nc(-c3noc(=O)[nH]3)nc(N[C@H](C)C3CCC3)c2n1C[C@H]1CC[C@H](C)CC1)C(C)(C)C,C=C(c1nc2nc(-c3noc(=O)[nH]3)nc(N[C@H](C)C3CCC3)c2n1C[C@H]1CC[C@H](C)CC1)C(C)(C)C,5.725,8.242224508988075,8.242224508988075,,1,active
CHEMBL5881721,C=C(c1nc2nc(-c3noc(=O)[nH]3)nc(N[C@H](C)C3CCC3)c2n1C[C@H]1CC[C@H](C)CC1)C1CCCCC1,C=C(c1nc2nc(-c3noc(=O)[nH]3)nc(N[C@H](C)C3CCC3)c2n1C[C@H]1CC[C@H](C)CC1)C1CCCCC1,0.9307,9.031190286087142,9.031190286087142,,1,active
CHEMBL5849207,C=C(c1nc2nc(-c3noc(=O)[nH]3)nc(N[C@H](C)C3CCC3)c2n1C[C@H]1CC[C@H](C)CC1)C1CCOCC1,C=C(c1nc2nc(-c3noc(=O)[nH]3)nc(N[C@H](C)C3CCC3)c2n1C[C@H]1CC[C@H](C)CC1)C1CCOCC1,5.069,8.295077708776597,8.295077708776597,,1,active
CHEMBL5887394,C=C(c1nc2nc(-c3noc(=O)n3C)nc(N[C@H](C)C3CCC3)c2n1C[C@H]1CC[C@H](C)CC1)C(C)(C)C,C=C(c1nc2nc(-c3noc(=O)n3C)nc(N[C@H](C)C3CCC3)c2n1C[C@H]1CC[C@H](C)CC1)C(C)(C)C,290.9,6.536256278752941,6.536256278752941,,1,active
CHEMBL6046211,C=CC(C)(O)c1cc(F)c2c(c1)C(=O)N(Cc1ccc(C#N)cn1)[C@@]2(OCC1(CO)CC1)c1ccc(Cl)cc1,C=CC(C)(O)c1cc(F)c2c(c1)C(=O)N(Cc1ccc(C#N)cn1)[C@@]2(OCC1(CO)CC1)c1ccc(Cl)cc1,2.15,8.668621084159213,8.668621084159213,,2,active
CHEMBL5809542,C=CC(O)(c1cc(F)c2c(c1)C(=O)N(Cc1ccc(C#N)cn1)[C@@]2(O[C@H]1C[C@@H](O)C1)c1ccc(Cl)cc1)c1cnn(C)c1,C=CC(O)(c1cc(F)c2c(c1)C(=O)N(Cc1ccc(C#N)cn1)[C@@]2(O[C@H]1C[C@@H](O)C1)c1ccc(Cl)cc1)c1cnn(C)c1,3.9,8.4089353929735,8.4089353929735,,1,active
CHEMBL5765260,C=CCCOc1ccc(C)cc1-c1nc2nc(C(=O)O)nc(N[C@H](C)C3CC3)c2n1Cc1ccc(Cl)cc1,C=CCCOc1ccc(C)cc1-c1nc2nc(C(=O)O)nc(N[C@H](C)C3CC3)c2n1Cc1ccc(Cl)cc1,104.4,6.981299501333757,6.981299501333757,,1,active
CHEMBL5908045,C=CCN(c1nc(C(=O)O)nc2nc(NC(C)c3ccccn3)n(Cc3ccc(C(F)(F)F)cc3)c12)[C@H](C)C1CCC1,C=CCN(c1nc(C(=O)O)nc2nc(NC(C)c3ccccn3)n(Cc3ccc(C(F)(F)F)cc3)c12)[C@H](C)C1CCC1,54.93,7.260190400978641,7.260190400978641,,1,active
CHEMBL5942100,C=CCN(c1nc(C(=O)O)nc2nc(N[C@@H](C)c3cccc(F)c3)n(Cc3ccc(C(F)(F)F)cc3)c12)[C@H](C)C1CCC1,C=CCN(c1nc(C(=O)O)nc2nc(N[C@@H](C)c3cccc(F)c3)n(Cc3ccc(C(F)(F)F)cc3)c12)[C@H](C)C1CCC1,22.17,7.654234306885511,7.654234306885511,,1,active
CHEMBL6024412,C=CCN(c1nc2nc(C(=O)O)nc(N[C@H](C)C3CCC3)c2n1Cc1ccc(C(F)(F)F)cc1)C(C)c1ccccn1,C=CCN(c1nc2nc(C(=O)O)nc(N[C@H](C)C3CCC3)c2n1Cc1ccc(C(F)(F)F)cc1)C(C)c1ccccn1,9.072,8.04229695845117,8.04229695845117,,1,active
CHEMBL5913671,C=CCN(c1nc2nc(C(=O)O)nc(N[C@H](C)C3CCC3)c2n1Cc1ccc(C(F)(F)F)cc1)[C@@H](C)c1cccc(F)c1,C=CCN(c1nc2nc(C(=O)O)nc(N[C@H](C)C3CCC3)c2n1Cc1ccc(C(F)(F)F)cc1)[C@@H](C)c1cccc(F)c1,9.844,8.006828394969235,8.006828394969235,,1,active
CHEMBL4524067,C=CCNC(=O)NC(CCC(=O)O)CN(C(=O)NCCCC1CCCCC1)C(CCCCN)CN(C(=O)NCCc1ccc(Br)cc1)C(CCC(=O)O)CN(CCC(N)=O)C(=O)NCCCc1ccc(Br)cc1,C=CCNC(=O)NC(CCC(=O)O)CN(C(=O)NCCCC1CCCCC1)C(CCCCN)CN(C(=O)NCCc1ccc(Br)cc1)C(CCC(=O)O)CN(CCC(N)=O)C(=O)NCCCc1ccc(Br)cc1,17000.0,4.769551078621726,4.769551078621726,,1,inactive
CHEMBL2347387,C=CC[C@@H]1O[C@@H](c2cccc(Cl)c2)[C@@H](c2ccc(Cl)cc2)N(CC2CC2)C1=O,C=CC[C@@H]1O[C@@H](c2cccc(Cl)c2)[C@@H](c2ccc(Cl)cc2)N(CC2CC2)C1=O,1400.0,5.853871964321762,5.853871964321762,,3,intermediate
CHEMBL3913666,C=CC[C@@]1(C)C[C@H](c2cccc(Cl)c2)[C@@H](c2ccc(Cl)cc2)N([C@@H](CC)COc2cccnc2)C1=O,C=CC[C@@]1(C)C[C@H](c2cccc(Cl)c2)[C@@H](c2ccc(Cl)cc2)N([C@@H](CC)COc2cccnc2)C1=O,30.0,7.522878745280337,7.522878745280337,,1,active
CHEMBL3233018,C=CC[C@H]1N(C(=O)c2cnccc2C(F)(F)F)CCC[C@@]1(Oc1ccc(C(F)(F)F)cc1)C(=O)N1CCN(c2ccccc2OCCOC)CC1,C=CC[C@H]1N(C(=O)c2cnccc2C(F)(F)F)CCC[C@@]1(Oc1ccc(C(F)(F)F)cc1)C(=O)N1CCN(c2ccccc2OCCOC)CC1,40.0,7.3979400086720375,7.3979400086720375,,1,active
CHEMBL3288448,C=CC[C@H]1N(C(=O)c2cnccc2C(F)(F)F)CCC[C@@]1(Oc1ccc(C(F)(F)F)cc1)C(=O)N1CCN(c2ccccc2OCCOC)CC1.Cl,C=CC[C@H]1N(C(=O)c2cnccc2C(F)(F)F)CCC[C@@]1(Oc1ccc(C(F)(F)F)cc1)C(=O)N1CCN(c2ccccc2OCCOC)CC1.Cl,41.0,7.3872161432802645,7.3872161432802645,,1,active
CHEMBL3687250,C=CCn1nc2c(c1C(C)C)C(c1ccc(Cl)cc1C)N(c1cc(Cl)ccc1C)C2=O,C=CCn1nc2c(c1C(C)C)C(c1ccc(Cl)cc1C)N(c1cc(Cl)ccc1C)C2=O,1.2494999999999998,8.906437135949137,8.906437135949137,,2,active
CHEMBL5883653,C=C[C@@H](c1ccc(Cl)cn1)N1C(=O)c2cc(C(C)(C)O)cc(F)c2[C@]1(OCC1(O)CC1)c1ccc(Cl)cc1,C=C[C@@H](c1ccc(Cl)cn1)N1C(=O)c2cc(C(C)(C)O)cc(F)c2[C@]1(OCC1(O)CC1)c1ccc(Cl)cc1,3.8,8.42021640338319,8.42021640338319,,1,active
CHEMBL210913,CC#Cc1ccc2c(c1)C(=O)N([C@H](C)c1ccc(Cl)cc1)[C@@H](c1ccc(Cl)cc1)C(=O)N2CCCCC(=O)O,CC#Cc1ccc2c(c1)C(=O)N([C@H](C)c1ccc(Cl)cc1)[C@@H](c1ccc(Cl)cc1)C(=O)N2CCCCC(=O)O,10700.0,4.97061622231479,4.97061622231479,,3,inactive
CHEMBL207364,CC#Cc1ccc2c(c1)C(=O)N([C@H](C)c1ccc(Cl)cc1N)[C@@H](c1ccc(Cl)cc1)C(=O)N2CCN1CCOCC1,CC#Cc1ccc2c(c1)C(=O)N([C@H](C)c1ccc(Cl)cc1N)[C@@H](c1ccc(Cl)cc1)C(=O)N2CCN1CCOCC1,1700.0,5.769551078621726,5.769551078621726,,3,intermediate
CHEMBL3108939,CC(/C=C/[C@@H]1C[C@]2(CO2)CC(C)(C)O1)=C\C[C@H]1OC[C@@H](NC(=O)/C=C\[C@H](C)OC(=O)N(C)C(C)(C)C)CO1,CC(/C=C/[C@@H]1C[C@]2(CO2)CC(C)(C)O1)=C\C[C@H]1OC[C@@H](NC(=O)/C=C\[C@H](C)OC(=O)N(C)C(C)(C)C)CO1,2700.0,5.568636235841012,5.568636235841012,,2,intermediate
CHEMBL3108938,CC(/C=C/[C@@H]1C[C@]2(CO2)CC(C)(C)O1)=C\C[C@H]1OC[C@@H](NC(=O)/C=C\[C@H](C)OC(=O)N(C)C(C)C)CO1,CC(/C=C/[C@@H]1C[C@]2(CO2)CC(C)(C)O1)=C\C[C@H]1OC[C@@H](NC(=O)/C=C\[C@H](C)OC(=O)N(C)C(C)C)CO1,3400.0,5.468521082957745,5.468521082957745,,2,intermediate
CHEMBL3108944,CC(/C=C/[C@@H]1C[C@]2(CO2)CC(C)(C)O1)=C\C[C@H]1OC[C@@H](NC(=O)/C=C\[C@H](C)OC(=O)N(C)C)CO1,CC(/C=C/[C@@H]1C[C@]2(CO2)CC(C)(C)O1)=C\C[C@H]1OC[C@@H](NC(=O)/C=C\[C@H](C)OC(=O)N(C)C)CO1,4400.0,5.356547323513812,5.356547323513812,,2,intermediate
CHEMBL3108934,CC(/C=C/[C@@H]1C[C@]2(CO2)CC(C)(C)O1)=C\C[C@H]1OC[C@@H](NC(=O)/C=C\[C@H](C)OC(=O)NC(C)(C)C)CO1,CC(/C=C/[C@@H]1C[C@]2(CO2)CC(C)(C)O1)=C\C[C@H]1OC[C@@H](NC(=O)/C=C\[C@H](C)OC(=O)NC(C)(C)C)CO1,7300.0,5.136677139879544,5.136677139879544,,2,intermediate
CHEMBL3693983,CC(=O)N1CC(NC(=O)[C@@H]2NC3(CCCCC3)[C@@]3(C(=O)Nc4cc(Cl)ccc43)[C@H]2c2cccc(Cl)c2F)C1,CC(=O)N1CC(NC(=O)[C@@H]2NC3(CCCCC3)[C@@]3(C(=O)Nc4cc(Cl)ccc43)[C@H]2c2cccc(Cl)c2F)C1,16.9,7.772113295386326,7.772113295386326,,1,active
CHEMBL5834338,CC(=O)N1CCC(C(C)(O)c2cc(F)c3c(c2)C(=O)N(Cc2ccc(C#N)cn2)[C@@]3(OCC2(CO)CC2)c2ccc(Cl)cc2)CC1,CC(=O)N1CCC(C(C)(O)c2cc(F)c3c(c2)C(=O)N(Cc2ccc(C#N)cn2)[C@@]3(OCC2(CO)CC2)c2ccc(Cl)cc2)CC1,21.0,7.6777807052660805,7.6777807052660805,,1,active
CHEMBL5815013,CC(=O)N1CCC(C(C)(O)c2cc(F)c3c(c2)C(=O)N(Cc2ccc(Cl)cn2)[C@@]3(OCC2(C(N)=O)CC2)c2ccc(Cl)cc2)CC1,CC(=O)N1CCC(C(C)(O)c2cc(F)c3c(c2)C(=O)N(Cc2ccc(Cl)cn2)[C@@]3(OCC2(C(N)=O)CC2)c2ccc(Cl)cc2)CC1,1.6,8.795880017344075,8.795880017344075,,1,active
CHEMBL5745569,CC(=O)N1CCC(C(C)(O)c2cc(F)c3c(c2)C(=O)N(Cc2ccc(Cl)cn2)[C@@]3(OCCO)c2ccc(Cl)cc2)CC1,CC(=O)N1CCC(C(C)(O)c2cc(F)c3c(c2)C(=O)N(Cc2ccc(Cl)cn2)[C@@]3(OCCO)c2ccc(Cl)cc2)CC1,0.84,9.075720713938118,9.075720713938118,,1,active
CHEMBL5783594,CC(=O)N1CCC(C(C)(O)c2cc(F)c3c(c2)C(=O)N(Cc2ncc(Cl)cn2)[C@@]3(OCCO)c2ccc(Cl)cc2)CC1,CC(=O)N1CCC(C(C)(O)c2cc(F)c3c(c2)C(=O)N(Cc2ncc(Cl)cn2)[C@@]3(OCCO)c2ccc(Cl)cc2)CC1,3.2,8.494850021680094,8.494850021680094,,1,active
CHEMBL5740654,CC(=O)N1CCC(C(C)(O)c2cc(F)c3c(c2)C(=O)N(Cc2ncc(Cl)cn2)[C@@]3(O[C@H]2C[C@@H](O)C2)c2ccc(Cl)cc2)CC1,CC(=O)N1CCC(C(C)(O)c2cc(F)c3c(c2)C(=O)N(Cc2ncc(Cl)cn2)[C@@]3(O[C@H]2C[C@@H](O)C2)c2ccc(Cl)cc2)CC1,1.9,8.721246399047171,8.721246399047171,,1,active
CHEMBL6054343,CC(=O)N1CCC(C(C)(O)c2ccc3c(c2)C(=O)N(Cc2ccc(Cl)cn2)C3(O)c2ccc(Cl)cc2)CC1,CC(=O)N1CCC(C(C)(O)c2ccc3c(c2)C(=O)N(Cc2ccc(Cl)cn2)C3(O)c2ccc(Cl)cc2)CC1,4.0,8.397940008672037,8.397940008672037,,1,active
CHEMBL3687248,CC(=O)N1CCC(Cn2nc3c(c2C(C)C)C(c2ccc(Cl)cc2C)N(c2cc(Cl)ccc2C)C3=O)CC1,CC(=O)N1CCC(Cn2nc3c(c2C(C)C)C(c2ccc(Cl)cc2C)N(c2cc(Cl)ccc2C)C3=O)CC1,2.4,8.619788758288394,8.619788758288394,,1,active
CHEMBL3687244,CC(=O)N1CCC(NC(=O)Cn2nc3c(c2C(C)C)C(c2ccc(Cl)cc2C)N(c2cc(Cl)ccc2C)C3=O)CC1,CC(=O)N1CCC(NC(=O)Cn2nc3c(c2C(C)C)C(c2ccc(Cl)cc2C)N(c2cc(Cl)ccc2C)C3=O)CC1,2.8,8.55284196865778,8.55284196865778,,1,active
CHEMBL3687252,CC(=O)N1CCC(O)(Cn2nc3c(c2C(C)C)C(c2ccc(Cl)cc2C)N(c2cc(Cl)ccc2C)C3=O)CC1,CC(=O)N1CCC(O)(Cn2nc3c(c2C(C)C)C(c2ccc(Cl)cc2C)N(c2cc(Cl)ccc2C)C3=O)CC1,3.1,8.508638306165727,8.508638306165727,,1,active
CHEMBL3687277,CC(=O)N1CCCC1Cn1nc2c(c1C(C)C)C(c1ccc(Cl)cc1C)N(c1cc(Cl)ccc1C)C2=O,CC(=O)N1CCCC1Cn1nc2c(c1C(C)C)C(c1ccc(Cl)cc1C)N(c1cc(Cl)ccc1C)C2=O,1.5,8.823908740944319,8.823908740944319,,1,active
CHEMBL2152324,CC(=O)N1CCN(C(=O)C2=C(C(C)C)N3C(=N[C@@H](c4ccc(Cl)cc4)[C@H]3c3ccc(Cl)cc3)S2)CC1,CC(=O)N1CCN(C(=O)C2=C(C(C)C)N3C(=N[C@@H](c4ccc(Cl)cc4)[C@H]3c3ccc(Cl)cc3)S2)CC1,840.0,6.075720713938118,6.075720713938118,,1,active
CHEMBL3687245,CC(=O)N1CCN(C(=O)Cn2nc3c(c2C(C)C)C(c2ccc(Cl)cc2C)N(c2cc(Cl)ccc2C)C3=O)CC1,CC(=O)N1CCN(C(=O)Cn2nc3c(c2C(C)C)C(c2ccc(Cl)cc2C)N(c2cc(Cl)ccc2C)C3=O)CC1,2.9,8.537602002101044,8.537602002101044,,1,active
CHEMBL3907671,CC(=O)N1CCN(c2nc3cc(-c4nc(=O)o[nH]4)nc(-c4cncc(Cl)c4)c3n2C[C@H]2CC[C@H](C)CC2)[C@@H](C)C1,CC(=O)N1CCN(c2nc3cc(-c4nc(=O)o[nH]4)nc(-c4cncc(Cl)c4)c3n2C[C@H]2CC[C@H](C)CC2)[C@@H](C)C1,6.0,8.221848749616356,8.221848749616356,,1,active
CHEMBL3972127,CC(=O)N1CCN(c2nc3cc(-c4nc(=O)o[nH]4)nc(-c4cncc(Cl)c4)c3n2C[C@H]2CC[C@H](C)CC2)[C@H]2CCC[C@@H]21,CC(=O)N1CCN(c2nc3cc(-c4nc(=O)o[nH]4)nc(-c4cncc(Cl)c4)c3n2C[C@H]2CC[C@H](C)CC2)[C@H]2CCC[C@@H]21,4.0,8.397940008672037,8.397940008672037,,1,active
CHEMBL3649943,CC(=O)N1CCN(c2nc3cc(-c4noc(=O)[nH]4)nc(-c4cncc(Cl)c4)c3n2C[C@H]2CC[C@H](C)CC2)C(C)C1C,CC(=O)N1CCN(c2nc3cc(-c4noc(=O)[nH]4)nc(-c4cncc(Cl)c4)c3n2C[C@H]2CC[C@H](C)CC2)C(C)C1C,82.0,7.086186147616283,7.086186147616283,,2,active
CHEMBL3649947,CC(=O)N1CCN(c2nc3cc(-c4noc(=O)[nH]4)nc(-c4cncc(Cl)c4)c3n2C[C@H]2CC[C@H](C)CC2)[C@@H]2CCC[C@H]21,CC(=O)N1CCN(c2nc3cc(-c4noc(=O)[nH]4)nc(-c4cncc(Cl)c4)c3n2C[C@H]2CC[C@H](C)CC2)[C@@H]2CCC[C@H]21,4.0,8.397940008672037,8.397940008672037,,1,active
CHEMBL3649930,CC(=O)N1CCN(c2nc3cc(-c4noc(=O)[nH]4)nc(-c4cncc(Cl)c4)c3n2C[C@H]2CC[C@H](C)CC2)[C@H](C)C1,CC(=O)N1CCN(c2nc3cc(-c4noc(=O)[nH]4)nc(-c4cncc(Cl)c4)c3n2C[C@H]2CC[C@H](C)CC2)[C@H](C)C1,6.0,8.221848749616356,8.221848749616356,,1,active
CHEMBL6065079,CC(=O)N1CCN(c2nc3nc(-c4noc(=O)[nH]4)nc(N[C@H](C)C4CCC4)c3n2C[C@H]2CC[C@H](C)CC2)[C@H](C)C1,CC(=O)N1CCN(c2nc3nc(-c4noc(=O)[nH]4)nc(N[C@H](C)C4CCC4)c3n2C[C@H]2CC[C@H](C)CC2)[C@H](C)C1,2.613,8.582860590272674,8.582860590272674,,1,active
CHEMBL5788101,CC(=O)N1CCN(c2nc3nc(-c4noc(=O)[nH]4)nc(N[C@H](C)C4CCC4)c3n2C[C@H]2CC[C@H](C)CC2)[C@H](c2ccccc2)C1,CC(=O)N1CCN(c2nc3nc(-c4noc(=O)[nH]4)nc(N[C@H](C)C4CCC4)c3n2C[C@H]2CC[C@H](C)CC2)[C@H](c2ccccc2)C1,0.2149,9.667763584508556,9.667763584508556,,1,active
CHEMBL5861786,CC(=O)N1CCN(c2nc3nc(C(N)=O)nc(N[C@H](C)C4CCC4)c3n2C[C@H]2CC[C@H](C)CC2)[C@H](c2ccccc2)C1,CC(=O)N1CCN(c2nc3nc(C(N)=O)nc(N[C@H](C)C4CCC4)c3n2C[C@H]2CC[C@H](C)CC2)[C@H](c2ccccc2)C1,6.334,8.198321940964107,8.198321940964107,,1,active
CHEMBL3654191,CC(=O)N1C[C@@H](C)N(c2nc3cc(-c4noc(=O)[nH]4)nc(-c4cncc(Cl)c4)c3n2C[C@H]2CC[C@H](C)CC2)[C@H](C)C1,CC(=O)N1C[C@@H](C)N(c2nc3cc(-c4noc(=O)[nH]4)nc(-c4cncc(Cl)c4)c3n2C[C@H]2CC[C@H](C)CC2)[C@H](C)C1,1.0,9.0,9.0,,1,active
CHEMBL6003053,CC(=O)N1C[C@@H](C)N(c2nc3nc(-c4noc(=O)[nH]4)nc(N[C@H](C)C4CCC4)c3n2C[C@H]2CC[C@H](C)CC2)C[C@@H]1C,CC(=O)N1C[C@@H](C)N(c2nc3nc(-c4noc(=O)[nH]4)nc(N[C@H](C)C4CCC4)c3n2C[C@H]2CC[C@H](C)CC2)C[C@@H]1C,4.352,8.361311113309876,8.361311113309876,,1,active
CHEMBL5199202,CC(=O)NC(CCCCN)C(=O)NCCCCCC(=O)N[C@H](C(=O)N[C@@H](CO)C(=O)N[C@@H](Cc1ccccc1)C(=O)N[C@@]1(C)CCCCCC/C=C/CCC[C@@](C)(C(=O)N[C@@H](CCC(=O)O)C(=O)N[C@@H](CC(N)=O)C(=O)N[C@@H](Cc2ccccc2)C(N)=O)NC(=O)[C@H](CC(C)C)NC(=O)[C@H](CC(C)C)NC(=O)[C@H](C)NC(=O)[C@H](Cc2c[nH]c3ccccc23)NC(=O)[C@H](Cc2ccc(O)cc2)NC(=O)[C@H](CCC(=O)O)NC1=O)[C@@H](C)O,CC(=O)NC(CCCCN)C(=O)NCCCCCC(=O)N[C@H](C(=O)N[C@@H](CO)C(=O)N[C@@H](Cc1ccccc1)C(=O)N[C@@]1(C)CCCCCC/C=C/CCC[C@@](C)(C(=O)N[C@@H](CCC(=O)O)C(=O)N[C@@H](CC(N)=O)C(=O)N[C@@H](Cc2ccccc2)C(N)=O)NC(=O)[C@H](CC(C)C)NC(=O)[C@H](CC(C)C)NC(=O)[C@H](C)NC(=O)[C@H](Cc2c[nH]c3ccccc23)NC(=O)[C@H](Cc2ccc(O)cc2)NC(=O)[C@H](CCC(=O)O)NC1=O)[C@@H](C)O,2.8,8.55284196865778,8.55284196865778,,1,active
CHEMBL5171373,CC(=O)NC(CCCCNC(=O)c1cccc(I)c1)C(=O)NCCCCCC(=O)N[C@H](C(=O)N[C@@H](CO)C(=O)N[C@@H](Cc1ccccc1)C(=O)N[C@@]1(C)CCCCCC/C=C/CCC[C@@](C)(C(=O)N[C@@H](CCC(=O)O)C(=O)N[C@@H](CC(N)=O)C(=O)N[C@@H](Cc2ccccc2)C(N)=O)NC(=O)[C@H](CC(C)C)NC(=O)[C@H](CC(C)C)NC(=O)[C@H](C)NC(=O)[C@H](Cc2c[nH]c3ccccc23)NC(=O)[C@H](Cc2ccc(O)cc2)NC(=O)[C@H](CCC(=O)O)NC1=O)[C@@H](C)O,CC(=O)NC(CCCCNC(=O)c1cccc(I)c1)C(=O)NCCCCCC(=O)N[C@H](C(=O)N[C@@H](CO)C(=O)N[C@@H](Cc1ccccc1)C(=O)N[C@@]1(C)CCCCCC/C=C/CCC[C@@](C)(C(=O)N[C@@H](CCC(=O)O)C(=O)N[C@@H](CC(N)=O)C(=O)N[C@@H](Cc2ccccc2)C(N)=O)NC(=O)[C@H](CC(C)C)NC(=O)[C@H](CC(C)C)NC(=O)[C@H](C)NC(=O)[C@H](Cc2c[nH]c3ccccc23)NC(=O)[C@H](Cc2ccc(O)cc2)NC(=O)[C@H](CCC(=O)O)NC1=O)[C@@H](C)O,6.3,8.200659450546418,8.200659450546418,,1,active
CHEMBL5200711,CC(=O)NC(CCCCNC(=O)c1cccc([127I])c1)C(=O)NCCCCCC(=O)N[C@H](C(=O)N[C@@H](CO)C(=O)N[C@@H](Cc1ccccc1)C(=O)N[C@@]1(C)CCCCCC/C=C/CCC[C@@](C)(C(=O)N[C@@H](CCC(=O)O)C(=O)N[C@@H](CC(N)=O)C(=O)N[C@@H](Cc2ccccc2)C(N)=O)NC(=O)[C@H](CC(C)C)NC(=O)[C@H](CC(C)C)NC(=O)[C@H](C)NC(=O)[C@H](Cc2c[nH]c3ccccc23)NC(=O)[C@H](Cc2ccc(O)cc2)NC(=O)[C@H](CCC(=O)O)NC1=O)[C@@H](C)O,CC(=O)NC(CCCCNC(=O)c1cccc([127I])c1)C(=O)NCCCCCC(=O)N[C@H](C(=O)N[C@@H](CO)C(=O)N[C@@H](Cc1ccccc1)C(=O)N[C@@]1(C)CCCCCC/C=C/CCC[C@@](C)(C(=O)N[C@@H](CCC(=O)O)C(=O)N[C@@H](CC(N)=O)C(=O)N[C@@H](Cc2ccccc2)C(N)=O)NC(=O)[C@H](CC(C)C)NC(=O)[C@H](CC(C)C)NC(=O)[C@H](C)NC(=O)[C@H](Cc2c[nH]c3ccccc23)NC(=O)[C@H](Cc2ccc(O)cc2)NC(=O)[C@H](CCC(=O)O)NC1=O)[C@@H](C)O,48.5,7.314258261397736,7.314258261397736,,1,active
CHEMBL5756513,CC(=O)NCC1(CO[C@]2(c3ccc(Cl)cc3)c3c(F)cc(C(C)(C)O)cc3C(=O)N2Cc2ccc(Cl)cn2)CC1,CC(=O)NCC1(CO[C@]2(c3ccc(Cl)cc3)c3c(F)cc(C(C)(C)O)cc3C(=O)N2Cc2ccc(Cl)cn2)CC1,1.1,8.958607314841775,8.958607314841775,,1,active
CHEMBL1689405,CC(=O)NCCCC[C@H](NC(=O)[C@H](CC(C)C)NC(C)=O)C(=O)N[C@@H](Cc1ccccc1)C(=O)N[C@@H](CCC(=O)O)C(=O)N[C@@H](Cc1cnc[nH]1)C(=O)N[C@@H](Cc1ccc(O)cc1)C(=O)N[C@@H](Cc1c[nH]c2ccccc12)C(=O)N[C@@H](C)C(=O)N[C@@H](CCC(N)=O)C(=O)N[C@@H](CC(C)C)C(=O)N[C@H](C(=O)N[C@@H](CO)C(N)=O)[C@@H](C)O,CC(=O)NCCCC[C@H](NC(=O)[C@H](CC(C)C)NC(C)=O)C(=O)N[C@@H](Cc1ccccc1)C(=O)N[C@@H](CCC(=O)O)C(=O)N[C@@H](Cc1cnc[nH]1)C(=O)N[C@@H](Cc1ccc(O)cc1)C(=O)N[C@@H](Cc1c[nH]c2ccccc12)C(=O)N[C@@H](C)C(=O)N[C@@H](CCC(N)=O)C(=O)N[C@@H](CC(C)C)C(=O)N[C@H](C(=O)N[C@@H](CO)C(N)=O)[C@@H](C)O,28.0,7.552841968657781,7.552841968657781,,1,active
CHEMBL1689407,CC(=O)NCCCC[C@H](NC(=O)[C@H](CCC(=O)O)NC(=O)[C@H](Cc1ccccc1)NC(=O)[C@@H](NC(=O)[C@H](CC(C)C)NC(C)=O)[C@@H](C)O)C(=O)N[C@@H](Cc1ccc(O)cc1)C(=O)N[C@@H](Cc1c[nH]c2ccccc12)C(=O)N[C@@H](C)C(=O)N[C@@H](CCC(N)=O)C(=O)N[C@@H](CC(C)C)C(=O)N[C@H](C(=O)N[C@@H](CO)C(N)=O)[C@@H](C)O,CC(=O)NCCCC[C@H](NC(=O)[C@H](CCC(=O)O)NC(=O)[C@H](Cc1ccccc1)NC(=O)[C@@H](NC(=O)[C@H](CC(C)C)NC(C)=O)[C@@H](C)O)C(=O)N[C@@H](Cc1ccc(O)cc1)C(=O)N[C@@H](Cc1c[nH]c2ccccc12)C(=O)N[C@@H](C)C(=O)N[C@@H](CCC(N)=O)C(=O)N[C@@H](CC(C)C)C(=O)N[C@H](C(=O)N[C@@H](CO)C(N)=O)[C@@H](C)O,77.0,7.113509274827518,7.113509274827518,,1,active
CHEMBL1689408,CC(=O)NCCCC[C@H](NC(=O)[C@H](Cc1cnc[nH]1)NC(=O)[C@H](CCC(=O)O)NC(=O)[C@H](Cc1ccccc1)NC(=O)[C@@H](NC(=O)[C@H](CC(C)C)NC(C)=O)[C@@H](C)O)C(=O)N[C@@H](Cc1c[nH]c2ccccc12)C(=O)N[C@@H](C)C(=O)N[C@@H](CCC(N)=O)C(=O)N[C@@H](CC(C)C)C(=O)N[C@H](C(=O)N[C@@H](CO)C(N)=O)[C@@H](C)O,CC(=O)NCCCC[C@H](NC(=O)[C@H](Cc1cnc[nH]1)NC(=O)[C@H](CCC(=O)O)NC(=O)[C@H](Cc1ccccc1)NC(=O)[C@@H](NC(=O)[C@H](CC(C)C)NC(C)=O)[C@@H](C)O)C(=O)N[C@@H](Cc1c[nH]c2ccccc12)C(=O)N[C@@H](C)C(=O)N[C@@H](CCC(N)=O)C(=O)N[C@@H](CC(C)C)C(=O)N[C@H](C(=O)N[C@@H](CO)C(N)=O)[C@@H](C)O,1600.0,5.795880017344075,5.795880017344075,,1,intermediate
CHEMBL3683124,CC(=O)NCCN(c1ccc2c(c1)C(c1ccc(Cl)cc1)N(c1ccc(N(C)Cc3ccncc3)cc1)C(=O)C2)C(C)C,CC(=O)NCCN(c1ccc2c(c1)C(c1ccc(Cl)cc1)N(c1ccc(N(C)Cc3ccncc3)cc1)C(=O)C2)C(C)C,120.1,6.920456992597094,6.920456992597094,,1,active
CHEMBL1689393,CC(=O)N[C@@H](CC(C)C)C(=O)N[C@H](C(=O)N[C@@H](Cc1ccccc1)C(=O)N[C@@H](CCC(=O)O)C(=O)N[C@@H](Cc1cnc[nH]1)C(=O)N[C@@H](Cc1ccc(O)cc1)C(=O)N[C@@H](Cc1c[nH]c2ccccc12)C(=O)N[C@@H](C)C(=O)N[C@@H](CCC(N)=O)C(=O)N[C@@H](CC(C)C)C(=O)N[C@H](C(=O)N[C@@H](CO)C(N)=O)[C@@H](C)O)[C@@H](C)O,CC(=O)N[C@@H](CC(C)C)C(=O)N[C@H](C(=O)N[C@@H](Cc1ccccc1)C(=O)N[C@@H](CCC(=O)O)C(=O)N[C@@H](Cc1cnc[nH]1)C(=O)N[C@@H](Cc1ccc(O)cc1)C(=O)N[C@@H](Cc1c[nH]c2ccccc12)C(=O)N[C@@H](C)C(=O)N[C@@H](CCC(N)=O)C(=O)N[C@@H](CC(C)C)C(=O)N[C@H](C(=O)N[C@@H](CO)C(N)=O)[C@@H](C)O)[C@@H](C)O,44.0,7.356547323513812,7.356547323513812,,1,active
CHEMBL4471701,CC(=O)N[C@@H](CC(C)C)C(=O)N[C@H](C(=O)N[C@@H](Cc1ccccc1)C(=O)N[C@H]1CC(=O)NCCCC[C@@H](C(=O)N[C@@H](CCC(N)=O)C(=O)N[C@@H](CC(C)C)C(=O)N[C@H](C(=O)N[C@@H](CO)C(=O)NCCOCCOCC(=O)N[C@@H](CCCCN)C(N)=O)[C@@H](C)O)NC(=O)[C@H](Cc2c[nH]c3ccccc23)NC(=O)[C@H](Cc2ccc(O)cc2)NC(=O)[C@H](Cc2cnc[nH]2)NC1=O)[C@@H](C)O,CC(=O)N[C@@H](CC(C)C)C(=O)N[C@H](C(=O)N[C@@H](Cc1ccccc1)C(=O)N[C@H]1CC(=O)NCCCC[C@@H](C(=O)N[C@@H](CCC(N)=O)C(=O)N[C@@H](CC(C)C)C(=O)N[C@H](C(=O)N[C@@H](CO)C(=O)NCCOCCOCC(=O)N[C@@H](CCCCN)C(N)=O)[C@@H](C)O)NC(=O)[C@H](Cc2c[nH]c3ccccc23)NC(=O)[C@H](Cc2ccc(O)cc2)NC(=O)[C@H](Cc2cnc[nH]2)NC1=O)[C@@H](C)O,10.5,7.978810700930062,7.978810700930062,,1,active
CHEMBL4534075,CC(=O)N[C@@H](CC(C)C)C(=O)N[C@H](C(=O)N[C@@H](Cc1ccccc1)C(=O)N[C@H]1CC(=O)NCCCC[C@@H](C(=O)N[C@@H](CCC(N)=O)C(=O)N[C@@H](CC(C)C)C(=O)N[C@H](C(=O)N[C@@H](CO)C(=O)NCCOCCOCC(=O)N[C@@H](CCCCNC(=O)CC[C@@H]2NC(=O)[C@@H](CCCNC(=N)N)NC(=O)[C@H](CCCNC(=N)N)NC(=O)[C@@H](CCCNC(=N)N)NC(=O)[C@H](CCCNC(=N)N)NC(=O)[C@H](Cc3ccc4ccccc4c3)NC(=O)[C@@H](Cc3ccccc3)NC2=O)C(N)=O)[C@@H](C)O)NC(=O)[C@H](Cc2c[nH]c3ccccc23)NC(=O)[C@H](Cc2ccc(O)cc2)NC(=O)[C@H](Cc2cnc[nH]2)NC1=O)[C@@H](C)O,CC(=O)N[C@@H](CC(C)C)C(=O)N[C@H](C(=O)N[C@@H](Cc1ccccc1)C(=O)N[C@H]1CC(=O)NCCCC[C@@H](C(=O)N[C@@H](CCC(N)=O)C(=O)N[C@@H](CC(C)C)C(=O)N[C@H](C(=O)N[C@@H](CO)C(=O)NCCOCCOCC(=O)N[C@@H](CCCCNC(=O)CC[C@@H]2NC(=O)[C@@H](CCCNC(=N)N)NC(=O)[C@H](CCCNC(=N)N)NC(=O)[C@@H](CCCNC(=N)N)NC(=O)[C@H](CCCNC(=N)N)NC(=O)[C@H](Cc3ccc4ccccc4c3)NC(=O)[C@@H](Cc3ccccc3)NC2=O)C(N)=O)[C@@H](C)O)NC(=O)[C@H](Cc2c[nH]c3ccccc23)NC(=O)[C@H](Cc2ccc(O)cc2)NC(=O)[C@H](Cc2cnc[nH]2)NC1=O)[C@@H](C)O,11.9,7.924453038607469,7.924453038607469,,1,active
CHEMBL5290323,CC(=O)N[C@@H](CC(C)C)C(=O)N[C@H](C(=O)N[C@@H](Cc1ccccc1)C(=O)N[C@]1(C)CCCCCC/C=C/CCC[C@@](C)(C(=O)N[C@@H](CO)C(=O)N[C@@H](C)C(=O)N[C@@H](C)C(N)=O)NC(=O)[C@H](CC2CCC2)NC(=O)[C@H](CCC(N)=O)NC(=O)[C@H](C)NC(=O)[C@H](Cc2c[nH]c3ccccc23)NC(=O)[C@H](Cc2ccc(O)cc2)NC(=O)[C@H](CCC(=O)O)NC1=O)[C@@H](C)O,CC(=O)N[C@@H](CC(C)C)C(=O)N[C@H](C(=O)N[C@@H](Cc1ccccc1)C(=O)N[C@]1(C)CCCCCC/C=C/CCC[C@@](C)(C(=O)N[C@@H](CO)C(=O)N[C@@H](C)C(=O)N[C@@H](C)C(N)=O)NC(=O)[C@H](CC2CCC2)NC(=O)[C@H](CCC(N)=O)NC(=O)[C@H](C)NC(=O)[C@H](Cc2c[nH]c3ccccc23)NC(=O)[C@H](Cc2ccc(O)cc2)NC(=O)[C@H](CCC(=O)O)NC1=O)[C@@H](C)O,0.9,9.045757490560675,9.045757490560675,,1,active
CHEMBL4585139,CC(=O)N[C@@H](CC(C)C)CN(CC(=O)N[C@@H](Cc1ccccc1)CN(CC(=O)N[C@@H](CCC(=O)O)CN(CC(=O)N[C@@H](Cc1c[nH]c2ccccc12)CN(CC(=O)N[C@@H](CCCCN)CN(CC(=O)N[C@@H](CC(C)C)CN(CC(=O)N[C@@H](C)CN(CC(N)=O)S(C)(=O)=O)S(=O)(=O)CC(C)C)S(=O)(=O)CC(C)C)S(C)(=O)=O)S(C)(=O)=O)S(C)(=O)=O)S(C)(=O)=O,CC(=O)N[C@@H](CC(C)C)CN(CC(=O)N[C@@H](Cc1ccccc1)CN(CC(=O)N[C@@H](CCC(=O)O)CN(CC(=O)N[C@@H](Cc1c[nH]c2ccccc12)CN(CC(=O)N[C@@H](CCCCN)CN(CC(=O)N[C@@H](CC(C)C)CN(CC(=O)N[C@@H](C)CN(CC(N)=O)S(C)(=O)=O)S(=O)(=O)CC(C)C)S(=O)(=O)CC(C)C)S(C)(=O)=O)S(C)(=O)=O)S(C)(=O)=O)S(C)(=O)=O,1400.0,5.853871964321762,5.853871964321762,,1,intermediate
CHEMBL4436594,CC(=O)N[C@@H](CC(C)C)CN(CC(=O)N[C@@H](Cc1ccccc1)CN(CC(=O)N[C@@H](CCC(=O)O)CN(CC(=O)N[C@@H](Cc1c[nH]c2ccccc12)CN(CC(=O)N[C@@H](CCCCN)CN(CC(=O)N[C@@H](CC(C)C)CN(CC(=O)N[C@@H](C)CN(CC(N)=O)S(C)(=O)=O)S(=O)(=O)CC(C)C)S(C)(=O)=O)S(C)(=O)=O)S(=O)(=O)c1ccc(Cl)cc1)S(C)(=O)=O)S(C)(=O)=O,CC(=O)N[C@@H](CC(C)C)CN(CC(=O)N[C@@H](Cc1ccccc1)CN(CC(=O)N[C@@H](CCC(=O)O)CN(CC(=O)N[C@@H](Cc1c[nH]c2ccccc12)CN(CC(=O)N[C@@H](CCCCN)CN(CC(=O)N[C@@H](CC(C)C)CN(CC(=O)N[C@@H](C)CN(CC(N)=O)S(C)(=O)=O)S(=O)(=O)CC(C)C)S(C)(=O)=O)S(C)(=O)=O)S(=O)(=O)c1ccc(Cl)cc1)S(C)(=O)=O)S(C)(=O)=O,4900.0,5.309803919971486,5.309803919971486,,1,intermediate
CHEMBL4521951,CC(=O)N[C@@H](CC(C)C)CN(CC(=O)N[C@@H](Cc1ccccc1)CN(CC(=O)N[C@@H](CCC(=O)O)CN(CC(=O)N[C@@H](Cc1c[nH]c2ccccc12)CN(CC(=O)N[C@@H](CCCCN)CN(CC(=O)N[C@@H](CC(C)C)CN(CC(=O)N[C@@H](C)CN(CC(N)=O)S(C)(=O)=O)S(=O)(=O)CC(C)C)S(C)(=O)=O)S(C)(=O)=O)S(C)(=O)=O)S(C)(=O)=O)S(=O)(=O)c1ccc(Cl)cc1,CC(=O)N[C@@H](CC(C)C)CN(CC(=O)N[C@@H](Cc1ccccc1)CN(CC(=O)N[C@@H](CCC(=O)O)CN(CC(=O)N[C@@H](Cc1c[nH]c2ccccc12)CN(CC(=O)N[C@@H](CCCCN)CN(CC(=O)N[C@@H](CC(C)C)CN(CC(=O)N[C@@H](C)CN(CC(N)=O)S(C)(=O)=O)S(=O)(=O)CC(C)C)S(C)(=O)=O)S(C)(=O)=O)S(C)(=O)=O)S(C)(=O)=O)S(=O)(=O)c1ccc(Cl)cc1,2800.0,5.552841968657781,5.552841968657781,,1,intermediate
CHEMBL4460091,CC(=O)N[C@@H](CC(C)C)CN(CC(=O)N[C@@H](Cc1ccccc1)CN(CC(=O)N[C@@H](CCC(=O)O)CN(CC(=O)N[C@@H](Cc1c[nH]c2ccccc12)CN(CC(=O)N[C@@H](CCCCN)CN(CC(=O)N[C@@H](CC(C)C)CN(CC(=O)N[C@@H](C)CN(CC(N)=O)S(C)(=O)=O)S(=O)(=O)CC(C)C)S(C)(=O)=O)S(C)(=O)=O)S(C)(=O)=O)S(C)(=O)=O)S(C)(=O)=O,CC(=O)N[C@@H](CC(C)C)CN(CC(=O)N[C@@H](Cc1ccccc1)CN(CC(=O)N[C@@H](CCC(=O)O)CN(CC(=O)N[C@@H](Cc1c[nH]c2ccccc12)CN(CC(=O)N[C@@H](CCCCN)CN(CC(=O)N[C@@H](CC(C)C)CN(CC(=O)N[C@@H](C)CN(CC(N)=O)S(C)(=O)=O)S(=O)(=O)CC(C)C)S(C)(=O)=O)S(C)(=O)=O)S(C)(=O)=O)S(C)(=O)=O)S(C)(=O)=O,3950.0,5.403402904373539,5.403402904373539,,1,intermediate
CHEMBL4592815,CC(=O)N[C@@H](CC(C)C)CN(CC(=O)N[C@@H](Cc1ccccc1)CN(CC(=O)N[C@@H](CCC(=O)O)CN(CC(=O)N[C@@H](Cc1c[nH]c2ccccc12)CN(CC(=O)N[C@@H](CCCCN)CN(CC(=O)N[C@@H](CC(C)C)CN(CC(=O)N[C@@H](CCC(=O)O)CN(CC(N)=O)S(C)(=O)=O)S(=O)(=O)CC(C)C)S(C)(=O)=O)S(C)(=O)=O)S(C)(=O)=O)S(C)(=O)=O)S(C)(=O)=O,CC(=O)N[C@@H](CC(C)C)CN(CC(=O)N[C@@H](Cc1ccccc1)CN(CC(=O)N[C@@H](CCC(=O)O)CN(CC(=O)N[C@@H](Cc1c[nH]c2ccccc12)CN(CC(=O)N[C@@H](CCCCN)CN(CC(=O)N[C@@H](CC(C)C)CN(CC(=O)N[C@@H](CCC(=O)O)CN(CC(N)=O)S(C)(=O)=O)S(=O)(=O)CC(C)C)S(C)(=O)=O)S(C)(=O)=O)S(C)(=O)=O)S(C)(=O)=O)S(C)(=O)=O,7100.0,5.1487416512809245,5.1487416512809245,,1,intermediate
CHEMBL4448426,CC(=O)N[C@@H](CC(C)C)CN(CC(=O)N[C@@H](Cc1ccccc1)CN(CC(=O)N[C@@H](CCC(=O)O)CN(CC(=O)N[C@@H](Cc1c[nH]c2ccccc12)CN(CC(=O)N[C@@H](CCCCN)CN(CC(=O)N[C@@H](CC(C)C)CN(CC(=O)N[C@@H](CO)CN(CC(N)=O)S(C)(=O)=O)S(=O)(=O)CC(C)C)S(C)(=O)=O)S(C)(=O)=O)S(C)(=O)=O)S(C)(=O)=O)S(C)(=O)=O,CC(=O)N[C@@H](CC(C)C)CN(CC(=O)N[C@@H](Cc1ccccc1)CN(CC(=O)N[C@@H](CCC(=O)O)CN(CC(=O)N[C@@H](Cc1c[nH]c2ccccc12)CN(CC(=O)N[C@@H](CCCCN)CN(CC(=O)N[C@@H](CC(C)C)CN(CC(=O)N[C@@H](CO)CN(CC(N)=O)S(C)(=O)=O)S(=O)(=O)CC(C)C)S(C)(=O)=O)S(C)(=O)=O)S(C)(=O)=O)S(C)(=O)=O)S(C)(=O)=O,4140.0,5.3829996588791005,5.3829996588791005,,1,intermediate
CHEMBL4586161,CC(=O)N[C@@H](CC(C)C)CN(CC(=O)N[C@@H](Cc1ccccc1)CN(CC(=O)N[C@@H](CCC(=O)O)CN(CC(=O)N[C@@H](Cc1c[nH]c2ccccc12)CN(CC(=O)N[C@@H](CCCCN)CN(CC(=O)N[C@@H](CC(C)C)CN(CC(N)=O)S(=O)(=O)CC(C)C)S(C)(=O)=O)S(C)(=O)=O)S(C)(=O)=O)S(C)(=O)=O)S(C)(=O)=O,CC(=O)N[C@@H](CC(C)C)CN(CC(=O)N[C@@H](Cc1ccccc1)CN(CC(=O)N[C@@H](CCC(=O)O)CN(CC(=O)N[C@@H](Cc1c[nH]c2ccccc12)CN(CC(=O)N[C@@H](CCCCN)CN(CC(=O)N[C@@H](CC(C)C)CN(CC(N)=O)S(=O)(=O)CC(C)C)S(C)(=O)=O)S(C)(=O)=O)S(C)(=O)=O)S(C)(=O)=O)S(C)(=O)=O,10300.0,4.987162775294828,4.987162775294828,,1,inactive
CHEMBL4441886,CC(=O)N[C@@H](CC(C)C)CN(CC(=O)N[C@@H](Cc1ccccc1)CN(CC(=O)N[C@@H](CCC(=O)O)CN(CC(=O)N[C@@H](Cc1c[nH]c2ccccc12)CN(CC(=O)N[C@@H](CCCCN)CN(CC(=O)N[C@@H](CC1CCC1)CN(CC(=O)N[C@@H](C)CN(CC(N)=O)S(C)(=O)=O)S(=O)(=O)CC(C)C)S(C)(=O)=O)S(C)(=O)=O)S(C)(=O)=O)S(C)(=O)=O)S(=O)(=O)c1ccc(Cl)cc1,CC(=O)N[C@@H](CC(C)C)CN(CC(=O)N[C@@H](Cc1ccccc1)CN(CC(=O)N[C@@H](CCC(=O)O)CN(CC(=O)N[C@@H](Cc1c[nH]c2ccccc12)CN(CC(=O)N[C@@H](CCCCN)CN(CC(=O)N[C@@H](CC1CCC1)CN(CC(=O)N[C@@H](C)CN(CC(N)=O)S(C)(=O)=O)S(=O)(=O)CC(C)C)S(C)(=O)=O)S(C)(=O)=O)S(C)(=O)=O)S(C)(=O)=O)S(=O)(=O)c1ccc(Cl)cc1,891.0,6.050122295963125,6.050122295963125,,1,active
CHEMBL4460980,CC(=O)N[C@@H](CC(C)C)CN(CC(=O)N[C@@H](Cc1ccccc1)CN(CC(=O)N[C@@H](CCC(=O)O)CN(CC(=O)N[C@@H](Cc1c[nH]c2ccccc12)CN(CC(=O)N[C@@H](CCCCN)CN(CC(=O)N[C@@H](CC1CCCCC1)CN(CC(=O)N[C@@H](C)CN(CC(N)=O)S(C)(=O)=O)S(=O)(=O)CC(C)C)S(C)(=O)=O)S(C)(=O)=O)S(C)(=O)=O)S(C)(=O)=O)S(=O)(=O)c1ccc(Cl)cc1,CC(=O)N[C@@H](CC(C)C)CN(CC(=O)N[C@@H](Cc1ccccc1)CN(CC(=O)N[C@@H](CCC(=O)O)CN(CC(=O)N[C@@H](Cc1c[nH]c2ccccc12)CN(CC(=O)N[C@@H](CCCCN)CN(CC(=O)N[C@@H](CC1CCCCC1)CN(CC(=O)N[C@@H](C)CN(CC(N)=O)S(C)(=O)=O)S(=O)(=O)CC(C)C)S(C)(=O)=O)S(C)(=O)=O)S(C)(=O)=O)S(C)(=O)=O)S(=O)(=O)c1ccc(Cl)cc1,3220.0,5.492144128304169,5.492144128304169,,1,intermediate
CHEMBL4474794,CC(=O)N[C@@H](CC(C)C)CN(CC(=O)N[C@@H](Cc1ccccc1)CN(CC(=O)N[C@@H](CCC(=O)O)CN1CC(=O)N[C@@H](Cc2c[nH]c3ccccc23)CN(S(C)(=O)=O)CC(=O)N[C@@H](CCCCN)CN(CC(=O)N[C@@H](CC(C)C)CN(CC(=O)N[C@@H](C)CN(CC(N)=O)S(C)(=O)=O)S(=O)(=O)CC(C)C)S(=O)(=O)CC/C=C/CCCCS1(=O)=O)S(C)(=O)=O)S(=O)(=O)c1ccc(Cl)cc1,CC(=O)N[C@@H](CC(C)C)CN(CC(=O)N[C@@H](Cc1ccccc1)CN(CC(=O)N[C@@H](CCC(=O)O)CN1CC(=O)N[C@@H](Cc2c[nH]c3ccccc23)CN(S(C)(=O)=O)CC(=O)N[C@@H](CCCCN)CN(CC(=O)N[C@@H](CC(C)C)CN(CC(=O)N[C@@H](C)CN(CC(N)=O)S(C)(=O)=O)S(=O)(=O)CC(C)C)S(=O)(=O)CC/C=C/CCCCS1(=O)=O)S(C)(=O)=O)S(=O)(=O)c1ccc(Cl)cc1,3600.0,5.443697499232712,5.443697499232712,,1,intermediate
CHEMBL4518146,CC(=O)N[C@@H](CC(C)C)CN(CC(=O)N[C@@H](Cc1ccccc1)CN(CC(=O)N[C@@H](CCC(=O)O)CN1CC(=O)N[C@@H](Cc2c[nH]c3ccccc23)CN(S(C)(=O)=O)CC(=O)N[C@@H](CCCCN)CN(CC(=O)N[C@@H](CC(C)C)CN(CC(=O)N[C@@H](C)CN(CC(N)=O)S(C)(=O)=O)S(=O)(=O)CC(C)C)S(=O)(=O)CCCC/C=C/CCCCS1(=O)=O)S(C)(=O)=O)S(=O)(=O)c1ccc(Cl)cc1,CC(=O)N[C@@H](CC(C)C)CN(CC(=O)N[C@@H](Cc1ccccc1)CN(CC(=O)N[C@@H](CCC(=O)O)CN1CC(=O)N[C@@H](Cc2c[nH]c3ccccc23)CN(S(C)(=O)=O)CC(=O)N[C@@H](CCCCN)CN(CC(=O)N[C@@H](CC(C)C)CN(CC(=O)N[C@@H](C)CN(CC(N)=O)S(C)(=O)=O)S(=O)(=O)CC(C)C)S(=O)(=O)CCCC/C=C/CCCCS1(=O)=O)S(C)(=O)=O)S(=O)(=O)c1ccc(Cl)cc1,1900.0,5.721246399047171,5.721246399047171,,1,intermediate
CHEMBL4530683,CC(=O)N[C@@H](CCC(N)=O)C(=O)N[C@@H](CCC(=O)O)C(=O)N[C@H](C(=O)N[C@@H](Cc1ccccc1)C(=O)N[C@@H](CO)C(=O)N[C@@H](CC(=O)O)C(=O)N[C@@H](CC(C)C)C(=O)N[C@@H](Cc1c[nH]c2ccccc12)C(=O)N[C@@H](CCCCN)C(=O)N[C@@H](CC(C)C)C(=O)N[C@@H](CC(C)C)C(=O)N1CCC[C@H]1C(=O)N[C@@H](CCC(=O)O)C(=O)N[C@@H](CC(N)=O)C(N)=O)[C@@H](C)O,CC(=O)N[C@@H](CCC(N)=O)C(=O)N[C@@H](CCC(=O)O)C(=O)N[C@H](C(=O)N[C@@H](Cc1ccccc1)C(=O)N[C@@H](CO)C(=O)N[C@@H](CC(=O)O)C(=O)N[C@@H](CC(C)C)C(=O)N[C@@H](Cc1c[nH]c2ccccc12)C(=O)N[C@@H](CCCCN)C(=O)N[C@@H](CC(C)C)C(=O)N[C@@H](CC(C)C)C(=O)N1CCC[C@H]1C(=O)N[C@@H](CCC(=O)O)C(=O)N[C@@H](CC(N)=O)C(N)=O)[C@@H](C)O,4610.0,5.336299074610352,5.336299074610352,,1,intermediate
CHEMBL4563607,CC(=O)N[C@@H](CCCNC(=N)N)C(=O)N[C@@H](CCCNC(=N)N)C(=O)N[C@@H](CCCNC(=N)N)C(=O)N[C@@H](CCCNC(=N)N)C(=O)N[C@@H](CCCNC(=N)N)C(=O)N[C@@H](CCCNC(=N)N)C(=O)N[C@@H](CCCNC(=N)N)C(=O)N[C@@H](CCCNC(=N)N)C(=O)N[C@@H](CCCNC(=N)N)C(=O)NCCCC[C@H](NC(=O)COCCOCCNC(=O)[C@H](CO)NC(=O)[C@@H](NC(=O)[C@H](CC(C)C)NC(=O)[C@H](CCC(N)=O)NC(=O)[C@@H]1CCCCNC(=O)C[C@H](NC(=O)[C@H](Cc2ccccc2)NC(=O)[C@@H](NC(=O)[C@H](CC(C)C)NC(C)=O)[C@@H](C)O)C(=O)N[C@@H](Cc2cnc[nH]2)C(=O)N[C@@H](Cc2ccc(O)cc2)C(=O)N[C@@H](Cc2c[nH]c3ccccc23)C(=O)N1)[C@@H](C)O)C(N)=O,CC(=O)N[C@@H](CCCNC(=N)N)C(=O)N[C@@H](CCCNC(=N)N)C(=O)N[C@@H](CCCNC(=N)N)C(=O)N[C@@H](CCCNC(=N)N)C(=O)N[C@@H](CCCNC(=N)N)C(=O)N[C@@H](CCCNC(=N)N)C(=O)N[C@@H](CCCNC(=N)N)C(=O)N[C@@H](CCCNC(=N)N)C(=O)N[C@@H](CCCNC(=N)N)C(=O)NCCCC[C@H](NC(=O)COCCOCCNC(=O)[C@H](CO)NC(=O)[C@@H](NC(=O)[C@H](CC(C)C)NC(=O)[C@H](CCC(N)=O)NC(=O)[C@@H]1CCCCNC(=O)C[C@H](NC(=O)[C@H](Cc2ccccc2)NC(=O)[C@@H](NC(=O)[C@H](CC(C)C)NC(C)=O)[C@@H](C)O)C(=O)N[C@@H](Cc2cnc[nH]2)C(=O)N[C@@H](Cc2ccc(O)cc2)C(=O)N[C@@H](Cc2c[nH]c3ccccc23)C(=O)N1)[C@@H](C)O)C(N)=O,11.9,7.924453038607469,7.924453038607469,,1,active
CHEMBL4443840,CC(=O)N[C@@H](Cc1ccc(O)cc1)C(=O)NCC(=O)N[C@@H](CCCNC(=N)N)C(=O)N[C@@H](CCCCN)C(=O)N[C@@H](CCCCN)C(=O)N[C@@H](CCCNC(=N)N)C(=O)N[C@@H](CCCNC(=N)N)C(=O)N[C@@H](CCC(N)=O)C(=O)N[C@@H](CCCNC(=N)N)C(=O)N[C@@H](CCCNC(=N)N)C(=O)N[C@@H](CCCNC(=N)N)C(=O)NCCCC[C@H](NC(=O)COCCOCCNC(=O)[C@H](CO)NC(=O)[C@@H](NC(=O)[C@H](CC(C)C)NC(=O)[C@H](CCC(N)=O)NC(=O)[C@@H]1CCCCNC(=O)C[C@H](NC(=O)[C@H](Cc2ccccc2)NC(=O)[C@@H](NC(=O)[C@H](CC(C)C)NC(C)=O)[C@@H](C)O)C(=O)N[C@@H](Cc2cnc[nH]2)C(=O)N[C@@H](Cc2ccc(O)cc2)C(=O)N[C@@H](Cc2c[nH]c3ccccc23)C(=O)N1)[C@@H](C)O)C(N)=O,CC(=O)N[C@@H](Cc1ccc(O)cc1)C(=O)NCC(=O)N[C@@H](CCCNC(=N)N)C(=O)N[C@@H](CCCCN)C(=O)N[C@@H](CCCCN)C(=O)N[C@@H](CCCNC(=N)N)C(=O)N[C@@H](CCCNC(=N)N)C(=O)N[C@@H](CCC(N)=O)C(=O)N[C@@H](CCCNC(=N)N)C(=O)N[C@@H](CCCNC(=N)N)C(=O)N[C@@H](CCCNC(=N)N)C(=O)NCCCC[C@H](NC(=O)COCCOCCNC(=O)[C@H](CO)NC(=O)[C@@H](NC(=O)[C@H](CC(C)C)NC(=O)[C@H](CCC(N)=O)NC(=O)[C@@H]1CCCCNC(=O)C[C@H](NC(=O)[C@H](Cc2ccccc2)NC(=O)[C@@H](NC(=O)[C@H](CC(C)C)NC(C)=O)[C@@H](C)O)C(=O)N[C@@H](Cc2cnc[nH]2)C(=O)N[C@@H](Cc2ccc(O)cc2)C(=O)N[C@@H](Cc2c[nH]c3ccccc23)C(=O)N1)[C@@H](C)O)C(N)=O,11.9,7.924453038607469,7.924453038607469,,1,active
CHEMBL4761727,CC(=O)N[C@H](C(=O)N[C@@H](Cc1c[nH]c2ccccc12)CN(CC(=O)N[C@H]1CCC(=O)NCCCC[C@@H](CN(CC(=O)N[C@@H](CC(C)C)C(=O)N[C@@H](CO)CN(CC(=O)N[C@@H](C)C(N)=O)S(C)(=O)=O)S(=O)(=O)CC(C)C)NC(=O)[C@H](C)NC(=O)CN(S(=O)(=O)c2ccc3ccccc3c2)C[C@H](Cc2ccc(O)cc2)NC1=O)S(C)(=O)=O)[C@@H](C)O,CC(=O)N[C@H](C(=O)N[C@@H](Cc1c[nH]c2ccccc12)CN(CC(=O)N[C@H]1CCC(=O)NCCCC[C@@H](CN(CC(=O)N[C@@H](CC(C)C)C(=O)N[C@@H](CO)CN(CC(=O)N[C@@H](C)C(N)=O)S(C)(=O)=O)S(=O)(=O)CC(C)C)NC(=O)[C@H](C)NC(=O)CN(S(=O)(=O)c2ccc3ccccc3c2)C[C@H](Cc2ccc(O)cc2)NC1=O)S(C)(=O)=O)[C@@H](C)O,4900.0,5.309803919971486,5.309803919971486,,1,intermediate
CHEMBL4744920,CC(=O)N[C@H](C(=O)N[C@@H](Cc1ccccc1)CN(CC(=O)N[C@H]1CCC(=O)NCCCC[C@@H](CN(CC(=O)N[C@@H](CC(C)C)C(=O)N[C@@H](CO)CN(CC(=O)N[C@@H](C)C(N)=O)S(C)(=O)=O)S(=O)(=O)CC(C)C)NC(=O)[C@H](C)NC(=O)CN(S(=O)(=O)c2ccc3ccccc3c2)C[C@H](Cc2ccc(O)cc2)NC1=O)S(C)(=O)=O)[C@@H](C)O,CC(=O)N[C@H](C(=O)N[C@@H](Cc1ccccc1)CN(CC(=O)N[C@H]1CCC(=O)NCCCC[C@@H](CN(CC(=O)N[C@@H](CC(C)C)C(=O)N[C@@H](CO)CN(CC(=O)N[C@@H](C)C(N)=O)S(C)(=O)=O)S(=O)(=O)CC(C)C)NC(=O)[C@H](C)NC(=O)CN(S(=O)(=O)c2ccc3ccccc3c2)C[C@H](Cc2ccc(O)cc2)NC1=O)S(C)(=O)=O)[C@@H](C)O,11700.0,4.931814138253839,4.931814138253839,,1,inactive
CHEMBL4789298,CC(=O)N[C@H](C(=O)N[C@@H](Cc1ccccc1)CN(CC(=O)N[C@H]1CCC(=O)NCCCC[C@@H](CN(CC(=O)N[C@@H](CC(C)C)C(=O)N[C@@H](CO)CN(CC(=O)N[C@@H](C)C(N)=O)S(C)(=O)=O)S(C)(=O)=O)NC(=O)[C@H](C)NC(=O)CN(S(=O)(=O)c2ccc3ccccc3c2)C[C@H](Cc2ccc(O)cc2)NC1=O)S(C)(=O)=O)[C@@H](C)O,CC(=O)N[C@H](C(=O)N[C@@H](Cc1ccccc1)CN(CC(=O)N[C@H]1CCC(=O)NCCCC[C@@H](CN(CC(=O)N[C@@H](CC(C)C)C(=O)N[C@@H](CO)CN(CC(=O)N[C@@H](C)C(N)=O)S(C)(=O)=O)S(C)(=O)=O)NC(=O)[C@H](C)NC(=O)CN(S(=O)(=O)c2ccc3ccccc3c2)C[C@H](Cc2ccc(O)cc2)NC1=O)S(C)(=O)=O)[C@@H](C)O,9000.0,5.045757490560675,5.045757490560675,,1,intermediate
CHEMBL5820858,CC(=O)Nc1ccc2c(c1)nc1n2CC[C@H]2[C@@H]1[C@H](c1cccc(Cl)c1F)[C@]1(C(=O)Nc3cc(Cl)ccc31)N2CC1CC1,CC(=O)Nc1ccc2c(c1)nc1n2CC[C@H]2[C@@H]1[C@H](c1cccc(Cl)c1F)[C@]1(C(=O)Nc3cc(Cl)ccc31)N2CC1CC1,15.0,7.823908740944319,7.823908740944319,,1,active
CHEMBL3291434,CC(=O)c1ccc(-c2c(C)[nH]c(-c3ccccc3)c2-c2ccccc2)nc1C,CC(=O)c1ccc(-c2c(C)[nH]c(-c3ccccc3)c2-c2ccccc2)nc1C,810.0,6.09151498112135,6.09151498112135,,1,active
CHEMBL1688161,CC(=O)c1ccc(CN2C(=O)c3ccccc3C2(O)c2ccc(Cl)cc2)cc1,CC(=O)c1ccc(CN2C(=O)c3ccccc3C2(O)c2ccc(Cl)cc2)cc1,88500.0,4.05306366060246,4.05306366060246,,2,inactive
CHEMBL1688293,CC(=O)c1ccc(CN2C(=O)c3ccccc3C2(OCC2(CO)CC2)c2ccc(Cl)cc2)cc1,CC(=O)c1ccc(CN2C(=O)c3ccccc3C2(OCC2(CO)CC2)c2ccc(Cl)cc2)cc1,17000.0,4.769551078621726,4.769551078621726,,2,inactive
CHEMBL5813348,CC(=O)c1nc(N[C@H](C)C2CCC2)c2c(n1)nc(-c1cc(C(C)C)ccn1)n2C[C@H]1CC[C@H](C)CC1,CC(=O)c1nc(N[C@H](C)C2CCC2)c2c(n1)nc(-c1cc(C(C)C)ccn1)n2C[C@H]1CC[C@H](C)CC1,471.0,6.326979092871104,6.326979092871104,,1,active
CHEMBL5976636,CC(=O)c1nc(N[C@H](C)C2CCC2)c2c(n1)nc(N1CCOC[C@H]1c1ccccc1)n2C[C@H]1CC[C@H](C)CC1,CC(=O)c1nc(N[C@H](C)C2CCC2)c2c(n1)nc(N1CCOC[C@H]1c1ccccc1)n2C[C@H]1CC[C@H](C)CC1,53.28,7.273435783837755,7.273435783837755,,1,active
CHEMBL5831646,CC(=O)c1nc2nc(-c3noc(=O)[nH]3)nc(N[C@H](C)C3CCC3)c2n1C[C@H]1CC[C@H](C)CC1,CC(=O)c1nc2nc(-c3noc(=O)[nH]3)nc(N[C@H](C)C3CCC3)c2n1C[C@H]1CC[C@H](C)CC1,25.27,7.597394758080085,7.597394758080085,,1,active
CHEMBL3236644,CC(C)(C(=O)O)c1ccc(C[C@@]2(C)C[C@H](c3cccc(Cl)c3)[C@@H](c3ccc(Cl)cc3)N([C@H](CS(=O)(=O)C(C)(C)C)C3CC3)C2=O)nc1,CC(C)(C(=O)O)c1ccc(C[C@@]2(C)C[C@H](c3cccc(Cl)c3)[C@@H](c3ccc(Cl)cc3)N([C@H](CS(=O)(=O)C(C)(C)C)C3CC3)C2=O)nc1,0.95,9.234260541478871,9.234260541478871,,2,active
CHEMBL5868869,CC(C)(C(=O)O)c1ccc2c(c1)nc1n2CC[C@H]2[C@@H]1[C@H](c1cccc(Cl)c1F)[C@]1(C(=O)Nc3cc(Cl)ccc31)N2CC1CC1,CC(C)(C(=O)O)c1ccc2c(c1)nc1n2CC[C@H]2[C@@H]1[C@H](c1cccc(Cl)c1F)[C@]1(C(=O)Nc3cc(Cl)ccc31)N2CC1CC1,22.0,7.657577319177793,7.657577319177793,,1,active
CHEMBL3236658,CC(C)(C(=O)O)c1cnc(C[C@@]2(C)C[C@H](c3cccc(Cl)c3)[C@@H](c3ccc(Cl)cc3)N([C@H](CS(=O)(=O)C(C)(C)C)C3CC3)C2=O)s1,CC(C)(C(=O)O)c1cnc(C[C@@]2(C)C[C@H](c3cccc(Cl)c3)[C@@H](c3ccc(Cl)cc3)N([C@H](CS(=O)(=O)C(C)(C)C)C3CC3)C2=O)s1,1.1500000000000001,9.18837535480105,9.18837535480105,,2,active
CHEMBL5841106,CC(C)(C)C(C)(F)c1nc2nc(-c3noc(=O)[nH]3)nc(-c3cncc(Cl)c3)c2n1C[C@H]1CC[C@H](C)CC1,CC(C)(C)C(C)(F)c1nc2nc(-c3noc(=O)[nH]3)nc(-c3cncc(Cl)c3)c2n1C[C@H]1CC[C@H](C)CC1,12.96,7.8873949984654255,7.8873949984654255,,1,active
CHEMBL2152323,CC(C)(C)C1=C(C(=O)N2CCNC(=O)C2)SC2=N[C@@H](c3ccc(Cl)cc3)[C@@H](c3ccc(Cl)cc3)N21,CC(C)(C)C1=C(C(=O)N2CCNC(=O)C2)SC2=N[C@@H](c3ccc(Cl)cc3)[C@@H](c3ccc(Cl)cc3)N21,3000.0,5.522878745280337,5.522878745280337,,1,intermediate
CHEMBL3649826,CC(C)(C)C1CCCN1c1nc2cc(-c3noc(=O)[nH]3)nc(-c3cncc(Cl)c3)c2n1C[C@H]1CC[C@H](C)CC1,CC(C)(C)C1CCCN1c1nc2cc(-c3noc(=O)[nH]3)nc(-c3cncc(Cl)c3)c2n1C[C@H]1CC[C@H](C)CC1,3.0,8.522878745280337,8.522878745280337,,2,active
CHEMBL5848289,CC(C)(C)CN1[C@H]2CCn3c(nc4cc(C(=O)O)ccc43)[C@H]2[C@H](c2cccc(Cl)c2F)[C@]12C(=O)Nc1cc(Cl)ccc12,CC(C)(C)CN1[C@H]2CCn3c(nc4cc(C(=O)O)ccc43)[C@H]2[C@H](c2cccc(Cl)c2F)[C@]12C(=O)Nc1cc(Cl)ccc12,20.0,7.698970004336019,7.698970004336019,,1,active
CHEMBL5968904,CC(C)(C)CN1[C@H]2COc3c4ccc(C(=O)O)cc4nn3[C@H]2[C@H](c2cccc(Cl)c2F)[C@]12C(=O)Nc1cc(Cl)ccc12,CC(C)(C)CN1[C@H]2COc3c4ccc(C(=O)O)cc4nn3[C@H]2[C@H](c2cccc(Cl)c2F)[C@]12C(=O)Nc1cc(Cl)ccc12,14.0,7.883501944803923,7.883501944803923,,2,active
CHEMBL3665613,CC(C)(C)C[C@@H]1N(N(C(=O)C(F)(F)F)C2CC(C)(O)C2)[C@@H](C(=O)O)[C@H](c2cccc(F)c2F)C12C(=O)Nc1cc(Cl)c(F)cc12,CC(C)(C)C[C@@H]1N(N(C(=O)C(F)(F)F)C2CC(C)(O)C2)[C@@H](C(=O)O)[C@H](c2cccc(F)c2F)C12C(=O)Nc1cc(Cl)c(F)cc12,430.865,6.367746395801388,6.367746395801388,,2,active
CHEMBL3890230,CC(C)(C)C[C@@H]1N[C@@H](C(=O)NC2CCC(C)(O)CC2)[C@H](c2cccc(Cl)c2F)[C@]12C(=O)Nc1cc(Cl)ccc12,CC(C)(C)C[C@@H]1N[C@@H](C(=O)NC2CCC(C)(O)CC2)[C@H](c2cccc(Cl)c2F)[C@]12C(=O)Nc1cc(Cl)ccc12,9.5,8.027758663924915,8.027758663924915,,2,active
CHEMBL3929802,CC(C)(C)C[C@@H]1N[C@@H](C(=O)NC2CCC(O)CC2)[C@H](c2cccc(Cl)c2)[C@]12C(=O)Nc1cc(Cl)c(F)cc12,CC(C)(C)C[C@@H]1N[C@@H](C(=O)NC2CCC(O)CC2)[C@H](c2cccc(Cl)c2)[C@]12C(=O)Nc1cc(Cl)c(F)cc12,184.74,6.733439060713158,6.733439060713158,,3,active
CHEMBL3892878,CC(C)(C)C[C@@H]1N[C@@H](C(=O)NC2CCC(O)CC2)[C@H](c2cccc(Cl)c2)[C@]12C(=O)Nc1cc(Cl)ccc12,CC(C)(C)C[C@@H]1N[C@@H](C(=O)NC2CCC(O)CC2)[C@H](c2cccc(Cl)c2)[C@]12C(=O)Nc1cc(Cl)ccc12,256.02,6.5917261067570445,6.5917261067570445,,3,active
CHEMBL3927643,CC(C)(C)C[C@@H]1N[C@@H](C(=O)NC2CCC(O)CC2)[C@H](c2cccc(Cl)c2F)[C@@]12C(=O)Nc1cc(Cl)ccc12,CC(C)(C)C[C@@H]1N[C@@H](C(=O)NC2CCC(O)CC2)[C@H](c2cccc(Cl)c2F)[C@@]12C(=O)Nc1cc(Cl)ccc12,5900.0,5.229147988357855,5.229147988357855,,1,intermediate
CHEMBL3960238,CC(C)(C)C[C@@H]1N[C@@H](C(=O)NC2CCC(O)CC2)[C@H](c2cccc(Cl)c2F)[C@]12C(=O)Nc1cc(Cl)c(F)cc12,CC(C)(C)C[C@@H]1N[C@@H](C(=O)NC2CCC(O)CC2)[C@H](c2cccc(Cl)c2F)[C@]12C(=O)Nc1cc(Cl)c(F)cc12,309.08,6.509929096427009,6.509929096427009,,3,active
CHEMBL3961782,CC(C)(C)C[C@@H]1N[C@@H](C(=O)NC2CCC(O)CC2)[C@H](c2cccc(Cl)c2F)[C@]12C(=O)Nc1cc(Cl)ccc12,CC(C)(C)C[C@@H]1N[C@@H](C(=O)NC2CCC(O)CC2)[C@H](c2cccc(Cl)c2F)[C@]12C(=O)Nc1cc(Cl)ccc12,10.75,7.981167253324599,7.981167253324599,,2,active
CHEMBL3920895,CC(C)(C)C[C@@H]1N[C@@H](C(=O)NC2CCC(O)CC2)[C@H](c2cccc(Cl)c2F)[C@]12C(=O)Nc1cc(F)c(F)cc12,CC(C)(C)C[C@@H]1N[C@@H](C(=O)NC2CCC(O)CC2)[C@H](c2cccc(Cl)c2F)[C@]12C(=O)Nc1cc(F)c(F)cc12,137.94,6.8603097783470774,6.8603097783470774,,3,active
CHEMBL3932760,CC(C)(C)C[C@@H]1N[C@@H](C(=O)NC2CCC(O)CC2)[C@H](c2cccc(F)c2F)[C@]12C(=O)Nc1cc(Cl)ccc12,CC(C)(C)C[C@@H]1N[C@@H](C(=O)NC2CCC(O)CC2)[C@H](c2cccc(F)c2F)[C@]12C(=O)Nc1cc(Cl)ccc12,272.83,6.564107876984346,6.564107876984346,,3,active
CHEMBL2398477,CC(C)(C)C[C@@H]1N[C@@H](C(=O)NCC(C)(C)O)[C@H](c2cccc(Cl)c2F)[C@]12C(=O)Nc1cc(Cl)ccc12,CC(C)(C)C[C@@H]1N[C@@H](C(=O)NCC(C)(C)O)[C@H](c2cccc(Cl)c2F)[C@]12C(=O)Nc1cc(Cl)ccc12,16.3,7.787812395596042,7.787812395596042,,1,active
CHEMBL2347375,CC(C)(C)C[C@@H]1N[C@@H](C(=O)NCCN2CCOCC2)[C@H](c2cccc(Cl)c2F)[C@]12C(=O)Nc1cc(Cl)ccc12,CC(C)(C)C[C@@H]1N[C@@H](C(=O)NCCN2CCOCC2)[C@H](c2cccc(Cl)c2F)[C@]12C(=O)Nc1cc(Cl)ccc12,15.350000000000001,7.849246271480782,7.849246271480782,,2,active
CHEMBL2402573,CC(C)(C)C[C@@H]1N[C@@H](C(=O)NCC[C@H](O)CO)[C@H](c2cccc(Cl)c2)[C@@]1(C#N)c1ccc(Cl)cc1,CC(C)(C)C[C@@H]1N[C@@H](C(=O)NCC[C@H](O)CO)[C@H](c2cccc(Cl)c2)[C@@]1(C#N)c1ccc(Cl)cc1,102.5,7.376750709602099,7.376750709602099,,2,active
CHEMBL3665578,CC(C)(C)C[C@@H]1N[C@@H](C(=O)NCC[C@H](O)CO)[C@H](c2cccc(Cl)c2)[C@]12C(=O)Nc1cc(Cl)c(F)cc12,CC(C)(C)C[C@@H]1N[C@@H](C(=O)NCC[C@H](O)CO)[C@H](c2cccc(Cl)c2)[C@]12C(=O)Nc1cc(Cl)c(F)cc12,104.0,6.982966660701219,6.982966660701219,,1,active
CHEMBL2402574,CC(C)(C)C[C@@H]1N[C@@H](C(=O)NCC[C@H](O)CO)[C@H](c2cccc(Cl)c2F)[C@@]1(C#N)c1ccc(Cl)cc1F,CC(C)(C)C[C@@H]1N[C@@H](C(=O)NCC[C@H](O)CO)[C@H](c2cccc(Cl)c2F)[C@@]1(C#N)c1ccc(Cl)cc1F,74.0,7.130768280269024,7.130768280269024,,1,active
CHEMBL2398472,CC(C)(C)C[C@@H]1N[C@@H](C(=O)NCC[C@H](O)CO)[C@H](c2cccc(Cl)c2F)[C@]12C(=O)Nc1cc(Cl)ccc12,CC(C)(C)C[C@@H]1N[C@@H](C(=O)NCC[C@H](O)CO)[C@H](c2cccc(Cl)c2F)[C@]12C(=O)Nc1cc(Cl)ccc12,9.8,8.008773924307505,8.008773924307505,,1,active
CHEMBL2398475,CC(C)(C)C[C@@H]1N[C@@H](C(=O)N[C@H]2CC[C@@H](O)C2)[C@H](c2cccc(Cl)c2F)[C@]12C(=O)Nc1cc(Cl)ccc12,CC(C)(C)C[C@@H]1N[C@@H](C(=O)N[C@H]2CC[C@@H](O)C2)[C@H](c2cccc(Cl)c2F)[C@]12C(=O)Nc1cc(Cl)ccc12,8.8,8.05551732784983,8.05551732784983,,1,active
CHEMBL2398476,CC(C)(C)C[C@@H]1N[C@@H](C(=O)N[C@H]2CC[C@H](O)C2)[C@H](c2cccc(Cl)c2F)[C@]12C(=O)Nc1cc(Cl)ccc12,CC(C)(C)C[C@@H]1N[C@@H](C(=O)N[C@H]2CC[C@H](O)C2)[C@H](c2cccc(Cl)c2F)[C@]12C(=O)Nc1cc(Cl)ccc12,8.4,8.075720713938118,8.075720713938118,,1,active
CHEMBL2381408,CC(C)(C)C[C@@H]1N[C@@H](C(=O)N[C@H]2CC[C@H](O)CC2)[C@H](c2cccc(Cl)c2F)[C@]12C(=O)Nc1cc(Cl)ccc12,CC(C)(C)C[C@@H]1N[C@@H](C(=O)N[C@H]2CC[C@H](O)CC2)[C@H](c2cccc(Cl)c2F)[C@]12C(=O)Nc1cc(Cl)ccc12,100.0,7.0,7.0,,1,active
CHEMBL2398474,CC(C)(C)C[C@@H]1N[C@@H](C(=O)N[C@H]2C[C@@H](O)C2)[C@H](c2cccc(Cl)c2F)[C@]12C(=O)Nc1cc(Cl)ccc12,CC(C)(C)C[C@@H]1N[C@@H](C(=O)N[C@H]2C[C@@H](O)C2)[C@H](c2cccc(Cl)c2F)[C@]12C(=O)Nc1cc(Cl)ccc12,8.2,8.086186147616283,8.086186147616283,,1,active
CHEMBL3665607,CC(C)(C)C[C@@H]1N[C@@H](C(=O)N[C@H]2C[C@@](C)(O)C2)[C@H](c2cc(Cl)ccc2F)[C@]12C(=O)Nc1cc(Cl)ccc12,CC(C)(C)C[C@@H]1N[C@@H](C(=O)N[C@H]2C[C@@](C)(O)C2)[C@H](c2cc(Cl)ccc2F)[C@]12C(=O)Nc1cc(Cl)ccc12,159.0,6.798602875679549,6.798602875679549,,1,active
CHEMBL3665601,CC(C)(C)C[C@@H]1N[C@@H](C(=O)N[C@H]2C[C@@](C)(O)C2)[C@H](c2cc(F)cc(Cl)c2)[C@]12C(=O)Nc1cc(Cl)ccc12,CC(C)(C)C[C@@H]1N[C@@H](C(=O)N[C@H]2C[C@@](C)(O)C2)[C@H](c2cc(F)cc(Cl)c2)[C@]12C(=O)Nc1cc(Cl)ccc12,12.0,7.920818753952375,7.920818753952375,,1,active
CHEMBL3665597,CC(C)(C)C[C@@H]1N[C@@H](C(=O)N[C@H]2C[C@@](C)(O)C2)[C@H](c2cccc(Cl)c2)[C@]12C(=O)Nc1cc(Cl)c(F)cc12,CC(C)(C)C[C@@H]1N[C@@H](C(=O)N[C@H]2C[C@@](C)(O)C2)[C@H](c2cccc(Cl)c2)[C@]12C(=O)Nc1cc(Cl)c(F)cc12,220.41,6.656768705435962,6.656768705435962,,3,active
CHEMBL3665596,CC(C)(C)C[C@@H]1N[C@@H](C(=O)N[C@H]2C[C@@](C)(O)C2)[C@H](c2cccc(Cl)c2)[C@]12C(=O)Nc1cc(Cl)ccc12,CC(C)(C)C[C@@H]1N[C@@H](C(=O)N[C@H]2C[C@@](C)(O)C2)[C@H](c2cccc(Cl)c2)[C@]12C(=O)Nc1cc(Cl)ccc12,85.61,7.067475502949458,7.067475502949458,,3,active
CHEMBL3665595,CC(C)(C)C[C@@H]1N[C@@H](C(=O)N[C@H]2C[C@@](C)(O)C2)[C@H](c2cccc(Cl)c2F)[C@]12C(=O)Nc1cc(Cl)c(F)cc12,CC(C)(C)C[C@@H]1N[C@@H](C(=O)N[C@H]2C[C@@](C)(O)C2)[C@H](c2cccc(Cl)c2F)[C@]12C(=O)Nc1cc(Cl)c(F)cc12,104.91,6.983863808150626,6.983863808150626,,2,active
CHEMBL2396674,CC(C)(C)C[C@@H]1N[C@@H](C(=O)N[C@H]2C[C@@](C)(O)C2)[C@H](c2cccc(Cl)c2F)[C@]12C(=O)Nc1cc(Cl)ccc12,CC(C)(C)C[C@@H]1N[C@@H](C(=O)N[C@H]2C[C@@](C)(O)C2)[C@H](c2cccc(Cl)c2F)[C@]12C(=O)Nc1cc(Cl)ccc12,6.8,8.167491087293763,8.167491087293763,,3,active
CHEMBL3665594,CC(C)(C)C[C@@H]1N[C@@H](C(=O)N[C@H]2C[C@@](C)(O)C2)[C@H](c2cccc(Cl)c2F)[C@]12C(=O)Nc1cc(F)c(F)cc12,CC(C)(C)C[C@@H]1N[C@@H](C(=O)N[C@H]2C[C@@](C)(O)C2)[C@H](c2cccc(Cl)c2F)[C@]12C(=O)Nc1cc(F)c(F)cc12,121.9,6.913996294381619,6.913996294381619,,3,active
CHEMBL3665599,CC(C)(C)C[C@@H]1N[C@@H](C(=O)N[C@H]2C[C@@](C)(O)C2)[C@H](c2cccc(F)c2F)[C@]12C(=O)Nc1c2ccc(Cl)c1F,CC(C)(C)C[C@@H]1N[C@@H](C(=O)N[C@H]2C[C@@](C)(O)C2)[C@H](c2cccc(F)c2F)[C@]12C(=O)Nc1c2ccc(Cl)c1F,162.0,6.790484985457369,6.790484985457369,,1,active
CHEMBL3665593,CC(C)(C)C[C@@H]1N[C@@H](C(=O)N[C@H]2C[C@@](C)(O)C2)[C@H](c2cccc(F)c2F)[C@]12C(=O)Nc1cc(Cl)ccc12,CC(C)(C)C[C@@H]1N[C@@H](C(=O)N[C@H]2C[C@@](C)(O)C2)[C@H](c2cccc(F)c2F)[C@]12C(=O)Nc1cc(Cl)ccc12,111.52,6.952647239246065,6.952647239246065,,3,active
CHEMBL2398479,CC(C)(C)C[C@@H]1N[C@@H](C(=O)N[C@H]2C[C@H](NS(C)(=O)=O)C2)[C@H](c2cccc(Cl)c2F)[C@]12C(=O)Nc1cc(Cl)ccc12,CC(C)(C)C[C@@H]1N[C@@H](C(=O)N[C@H]2C[C@H](NS(C)(=O)=O)C2)[C@H](c2cccc(Cl)c2F)[C@]12C(=O)Nc1cc(Cl)ccc12,7.6,8.119186407719209,8.119186407719209,,1,active
CHEMBL2398473,CC(C)(C)C[C@@H]1N[C@@H](C(=O)N[C@H]2C[C@H](O)C2)[C@H](c2cccc(Cl)c2F)[C@]12C(=O)Nc1cc(Cl)ccc12,CC(C)(C)C[C@@H]1N[C@@H](C(=O)N[C@H]2C[C@H](O)C2)[C@H](c2cccc(Cl)c2F)[C@]12C(=O)Nc1cc(Cl)ccc12,7.1,8.148741651280925,8.148741651280925,,1,active
CHEMBL2398478,CC(C)(C)C[C@@H]1N[C@@H](C(=O)N[C@H]2C[C@](C)(O)C2)[C@H](c2cccc(Cl)c2F)[C@]12C(=O)Nc1cc(Cl)ccc12,CC(C)(C)C[C@@H]1N[C@@H](C(=O)N[C@H]2C[C@](C)(O)C2)[C@H](c2cccc(Cl)c2F)[C@]12C(=O)Nc1cc(Cl)ccc12,11.1,7.954677021213342,7.954677021213342,,1,active
CHEMBL2402735,CC(C)(C)C[C@@H]1N[C@@H](C(=O)Nc2ccc(C(=O)O)c(F)c2)[C@H](c2cccc(Cl)c2F)[C@@]1(C#N)c1ccc(Cl)cc1F,CC(C)(C)C[C@@H]1N[C@@H](C(=O)Nc2ccc(C(=O)O)c(F)c2)[C@H](c2cccc(Cl)c2F)[C@@]1(C#N)c1ccc(Cl)cc1F,21.0,7.6777807052660805,7.6777807052660805,,1,active
CHEMBL2402731,CC(C)(C)C[C@@H]1N[C@@H](C(=O)Nc2ccc(C(=O)O)cc2)[C@H](c2cccc(Cl)c2F)[C@@]1(C#N)c1ccc(Cl)cc1F,CC(C)(C)C[C@@H]1N[C@@H](C(=O)Nc2ccc(C(=O)O)cc2)[C@H](c2cccc(Cl)c2F)[C@@]1(C#N)c1ccc(Cl)cc1F,22.0,7.657577319177793,7.657577319177793,,1,active
CHEMBL2402736,CC(C)(C)C[C@@H]1N[C@@H](C(=O)Nc2ccc(C(=O)O)cc2F)[C@H](c2cccc(Cl)c2F)[C@@]1(C#N)c1ccc(Cl)cc1F,CC(C)(C)C[C@@H]1N[C@@H](C(=O)Nc2ccc(C(=O)O)cc2F)[C@H](c2cccc(Cl)c2F)[C@@]1(C#N)c1ccc(Cl)cc1F,25.0,7.6020599913279625,7.6020599913279625,,1,active
CHEMBL2402732,CC(C)(C)C[C@@H]1N[C@@H](C(=O)Nc2ccc(C(=O)O)cn2)[C@H](c2cccc(Cl)c2F)[C@@]1(C#N)c1ccc(Cl)cc1F,CC(C)(C)C[C@@H]1N[C@@H](C(=O)Nc2ccc(C(=O)O)cn2)[C@H](c2cccc(Cl)c2F)[C@@]1(C#N)c1ccc(Cl)cc1F,23.0,7.638272163982407,7.638272163982407,,1,active
CHEMBL2402733,CC(C)(C)C[C@@H]1N[C@@H](C(=O)Nc2ccc3cc(C(=O)O)ccc3c2)[C@H](c2cccc(Cl)c2F)[C@@]1(C#N)c1ccc(Cl)cc1F,CC(C)(C)C[C@@H]1N[C@@H](C(=O)Nc2ccc3cc(C(=O)O)ccc3c2)[C@H](c2cccc(Cl)c2F)[C@@]1(C#N)c1ccc(Cl)cc1F,22.0,7.657577319177793,7.657577319177793,,1,active
CHEMBL2402730,CC(C)(C)C[C@@H]1N[C@@H](C(=O)Nc2cccc(C(=O)O)c2)[C@H](c2cccc(Cl)c2F)[C@@]1(C#N)c1ccc(Cl)cc1F,CC(C)(C)C[C@@H]1N[C@@H](C(=O)Nc2cccc(C(=O)O)c2)[C@H](c2cccc(Cl)c2F)[C@@]1(C#N)c1ccc(Cl)cc1F,42.0,7.376750709602099,7.376750709602099,,1,active
CHEMBL2402729,CC(C)(C)C[C@@H]1N[C@@H](C(=O)Nc2ccn(CC(C)(C)O)n2)[C@H](c2cccc(Cl)c2F)[C@@]1(C#N)c1ccc(Cl)cc1F,CC(C)(C)C[C@@H]1N[C@@H](C(=O)Nc2ccn(CC(C)(C)O)n2)[C@H](c2cccc(Cl)c2F)[C@@]1(C#N)c1ccc(Cl)cc1F,56.0,7.251811972993799,7.251811972993799,,1,active
CHEMBL3986239,CC(C)(C)C[C@H]1N[C@@H](C(=O)NC2CCC(O)CC2)[C@H](c2cccc(Cl)c2F)[C@@]12C(=O)Nc1cc(Cl)ccc12,CC(C)(C)C[C@H]1N[C@@H](C(=O)NC2CCC(O)CC2)[C@H](c2cccc(Cl)c2F)[C@@]12C(=O)Nc1cc(Cl)ccc12,62.1,7.20690839982342,7.20690839982342,,1,active
CHEMBL3951933,CC(C)(C)C[C@H]1N[C@@H](C(=O)NC2CCC(O)CC2)[C@H](c2cccc(Cl)c2F)[C@@]12C(=O)Nc1cc(F)c(F)cc12,CC(C)(C)C[C@H]1N[C@@H](C(=O)NC2CCC(O)CC2)[C@H](c2cccc(Cl)c2F)[C@@]12C(=O)Nc1cc(F)c(F)cc12,169.0,6.772113295386326,6.772113295386326,,1,active
CHEMBL3924221,CC(C)(C)C[C@H]1N[C@@H](C(=O)NC2CCC(O)CC2)[C@H](c2cccc(Cl)c2F)[C@@]12C(=O)Nc1cc(F)ccc12,CC(C)(C)C[C@H]1N[C@@H](C(=O)NC2CCC(O)CC2)[C@H](c2cccc(Cl)c2F)[C@@]12C(=O)Nc1cc(F)ccc12,348.0,6.519241994275525,6.519241994275525,,2,active
CHEMBL3929636,CC(C)(C)C[C@H]1N[C@@H](C(=O)NC2CCC(O)CC2)[C@H](c2cccc(F)c2F)[C@@]12C(=O)Nc1cc(Cl)ccc12,CC(C)(C)C[C@H]1N[C@@H](C(=O)NC2CCC(O)CC2)[C@H](c2cccc(F)c2F)[C@@]12C(=O)Nc1cc(Cl)ccc12,175.0,6.756961951313706,6.756961951313706,,1,active
CHEMBL379505,CC(C)(C)C[C@H]1N[C@@H](C(=O)NCCN2CCOCC2)[C@H](c2cccc(Cl)c2)[C@@]12C(=O)Nc1cc(Cl)ccc12,CC(C)(C)C[C@H]1N[C@@H](C(=O)NCCN2CCOCC2)[C@H](c2cccc(Cl)c2)[C@@]12C(=O)Nc1cc(Cl)ccc12,800.0,6.096910013008056,6.096910013008056,,1,active
CHEMBL379173,CC(C)(C)C[C@H]1N[C@@H](C(=O)NCCN2CCOCC2)[C@H](c2cccc(Cl)c2F)[C@@]12C(=O)Nc1cc(Cl)ccc12,CC(C)(C)C[C@H]1N[C@@H](C(=O)NCCN2CCOCC2)[C@H](c2cccc(Cl)c2F)[C@@]12C(=O)Nc1cc(Cl)ccc12,280.0,6.552841968657781,6.552841968657781,,3,active
CHEMBL576342,CC(C)(C)C[C@H]1N[C@@H](C(=O)NCC[C@@H](O)CO)[C@H](c2cccc(Cl)c2)[C@@]12C(=O)Nc1cc(Cl)c(F)cc12,CC(C)(C)C[C@H]1N[C@@H](C(=O)NCC[C@@H](O)CO)[C@H](c2cccc(Cl)c2)[C@@]12C(=O)Nc1cc(Cl)c(F)cc12,157.0,6.804100347590767,6.804100347590767,,1,active
CHEMBL572933,CC(C)(C)C[C@H]1N[C@@H](C(=O)NCC[C@H](O)CO)[C@H](c2cccc(Cl)c2)[C@@]12C(=O)Nc1cc(Cl)c(F)cc12,CC(C)(C)C[C@H]1N[C@@H](C(=O)NCC[C@H](O)CO)[C@H](c2cccc(Cl)c2)[C@@]12C(=O)Nc1cc(Cl)c(F)cc12,162.0,6.790484985457369,6.790484985457369,,3,active
CHEMBL578238,CC(C)(C)C[C@H]1N[C@@H](C(=O)NCC[C@H](O)CO)[C@H](c2cccc(Cl)c2)[C@@]12C(=O)Nc1cc(Cl)ccc12,CC(C)(C)C[C@H]1N[C@@H](C(=O)NCC[C@H](O)CO)[C@H](c2cccc(Cl)c2)[C@@]12C(=O)Nc1cc(Cl)ccc12,56.0,7.251811972993799,7.251811972993799,,1,active
CHEMBL578028,CC(C)(C)C[C@H]1N[C@@H](C(=O)NCC[C@H](O)CO)[C@H](c2cccc(Cl)c2F)[C@@]12C(=O)Nc1cc(Cl)ccc12,CC(C)(C)C[C@H]1N[C@@H](C(=O)NCC[C@H](O)CO)[C@H](c2cccc(Cl)c2F)[C@@]12C(=O)Nc1cc(Cl)ccc12,16.4,7.785156151952302,7.785156151952302,,1,active
CHEMBL566955,CC(C)(C)C[C@H]1N[C@@H](C(=O)NC[C@H](O)CO)[C@H](c2cccc(Cl)c2)[C@@]12C(=O)Nc1cc(Cl)c(F)cc12,CC(C)(C)C[C@H]1N[C@@H](C(=O)NC[C@H](O)CO)[C@H](c2cccc(Cl)c2)[C@@]12C(=O)Nc1cc(Cl)c(F)cc12,189.0,6.723538195826755,6.723538195826755,,1,active
CHEMBL3665586,CC(C)(C)C[C@H]1N[C@@H](C(=O)N[C@H]2C[C@@](C)(O)C2)[C@H](c2cccc(Cl)c2)[C@@]12C(=O)Nc1cc(Cl)ccc12,CC(C)(C)C[C@H]1N[C@@H](C(=O)N[C@H]2C[C@@](C)(O)C2)[C@H](c2cccc(Cl)c2)[C@@]12C(=O)Nc1cc(Cl)ccc12,48.0,7.318758762624412,7.318758762624412,,1,active
CHEMBL3665579,CC(C)(C)C[C@H]1N[C@@H](C(=O)N[C@H]2C[C@@](C)(O)C2)[C@H](c2cccc(Cl)c2F)[C@@]12C(=O)Nc1cc(Cl)ccc12,CC(C)(C)C[C@H]1N[C@@H](C(=O)N[C@H]2C[C@@](C)(O)C2)[C@H](c2cccc(Cl)c2F)[C@@]12C(=O)Nc1cc(Cl)ccc12,41.4,7.382999658879101,7.382999658879101,,1,active
CHEMBL3665585,CC(C)(C)C[C@H]1N[C@@H](C(=O)N[C@H]2C[C@@](C)(O)C2)[C@H](c2cccc(Cl)c2F)[C@@]12C(=O)Nc1cc(F)ccc12,CC(C)(C)C[C@H]1N[C@@H](C(=O)N[C@H]2C[C@@](C)(O)C2)[C@H](c2cccc(Cl)c2F)[C@@]12C(=O)Nc1cc(F)ccc12,3041.15,5.5190613570277876,5.5190613570277876,,2,intermediate
CHEMBL3665588,CC(C)(C)C[C@H]1N[C@@H](C(=O)N[C@H]2C[C@@](C)(O)C2)[C@H](c2cccc(F)c2F)[C@@]12C(=O)Nc1c2ccc(Cl)c1F,CC(C)(C)C[C@H]1N[C@@H](C(=O)N[C@H]2C[C@@](C)(O)C2)[C@H](c2cccc(F)c2F)[C@@]12C(=O)Nc1c2ccc(Cl)c1F,402.0,6.39577394691553,6.39577394691553,,1,active
CHEMBL3665583,CC(C)(C)C[C@H]1N[C@@H](C(=O)N[C@H]2C[C@@](C)(O)C2)[C@H](c2cccc(F)c2F)[C@@]12C(=O)Nc1cc(Cl)ccc12,CC(C)(C)C[C@H]1N[C@@H](C(=O)N[C@H]2C[C@@](C)(O)C2)[C@H](c2cccc(F)c2F)[C@@]12C(=O)Nc1cc(Cl)ccc12,167.0,6.777283528852417,6.777283528852417,,1,active
CHEMBL3260822,CC(C)(C)NC(=O)Cc1ccc(Cl)c(F)c1-n1c(C2CCCCC2)nc(-c2nnc(N)o2)c1-c1ccc(F)c(Cl)c1,CC(C)(C)NC(=O)Cc1ccc(Cl)c(F)c1-n1c(C2CCCCC2)nc(-c2nnc(N)o2)c1-c1ccc(F)c(Cl)c1,2.0,8.698970004336019,8.698970004336019,,1,active
CHEMBL4566706,CC(C)(C)NC(=O)[C@H](c1c(C(=O)O)[nH]c2cc(Cl)ccc12)N(C=O)Cc1ccc(Cl)cc1,CC(C)(C)NC(=O)[C@H](c1c(C(=O)O)[nH]c2cc(Cl)ccc12)N(C=O)Cc1ccc(Cl)cc1,400.0,6.3979400086720375,6.3979400086720375,,1,active
CHEMBL4447592,CC(C)(C)NC(=O)[C@H](c1c(C(=O)O)[nH]c2cc(Cl)ccc12)N(C=O)Cc1ccc(OCc2ccc(Cl)cc2)cc1,CC(C)(C)NC(=O)[C@H](c1c(C(=O)O)[nH]c2cc(Cl)ccc12)N(C=O)Cc1ccc(OCc2ccc(Cl)cc2)cc1,600.0,6.221848749616356,6.221848749616356,,1,active
CHEMBL4114145,CC(C)(C)NS(=O)(=O)C[C@H](C1CC1)N1C(=O)[C@@](C)(CC(=O)O)C[C@H](c2cccc(Cl)c2)C1c1ccc(Cl)cc1,CC(C)(C)NS(=O)(=O)C[C@H](C1CC1)N1C(=O)[C@@](C)(CC(=O)O)C[C@H](c2cccc(Cl)c2)C1c1ccc(Cl)cc1,0.1,10.0,10.0,,1,active
CHEMBL3318764,CC(C)(C)NS(=O)(=O)C[C@H](C1CC1)N1C(=O)[C@@](C)(CC(=O)O)C[C@H](c2cccc(Cl)c2)[C@H]1c1ccc(Cl)cc1,CC(C)(C)NS(=O)(=O)C[C@H](C1CC1)N1C(=O)[C@@](C)(CC(=O)O)C[C@H](c2cccc(Cl)c2)[C@H]1c1ccc(Cl)cc1,0.091,10.040958607678906,10.040958607678906,,1,active
CHEMBL3627749,CC(C)(C)OC(=O)Nc1ccc(-c2cn(CCC[C@H](NC(=O)OCC3c4ccccc4-c4ccccc43)C(=O)O)nn2)cc1,CC(C)(C)OC(=O)Nc1ccc(-c2cn(CCC[C@H](NC(=O)OCC3c4ccccc4-c4ccccc43)C(=O)O)nn2)cc1,57360.0,4.241390857340257,4.241390857340257,,1,inactive
CHEMBL4114226,CC(C)(C)OC(=O)[C@H](C1CC1)N1C(=O)[C@@H](CC(=O)O)C[C@H](c2cccc(Cl)c2)[C@H]1c1ccc(Cl)cc1,CC(C)(C)OC(=O)[C@H](C1CC1)N1C(=O)[C@@H](CC(=O)O)C[C@H](c2cccc(Cl)c2)[C@H]1c1ccc(Cl)cc1,18.0,7.872363747448347,7.872363747448347,,2,active
CHEMBL5801899,CC(C)(C)OCCN1[C@H]2CCn3c(nc4cc(C(=O)O)ccc43)[C@H]2[C@H](c2cccc(Cl)c2F)[C@]12C(=O)Nc1cc(Cl)ccc12,CC(C)(C)OCCN1[C@H]2CCn3c(nc4cc(C(=O)O)ccc43)[C@H]2[C@H](c2cccc(Cl)c2F)[C@]12C(=O)Nc1cc(Cl)ccc12,22.0,7.657577319177793,7.657577319177793,,1,active
CHEMBL5182359,CC(C)(C)Oc1cc(C(=O)CC(N)=O)ccc1C1=N[C@@H](c2ccc(C(=O)O)cc2)[C@@H](c2c[nH]c3ccc(Cl)cc23)N1C(=O)N1CCNC(=O)C1,CC(C)(C)Oc1cc(C(=O)CC(N)=O)ccc1C1=N[C@@H](c2ccc(C(=O)O)cc2)[C@@H](c2c[nH]c3ccc(Cl)cc23)N1C(=O)N1CCNC(=O)C1,6.0,8.221848749616356,8.221848749616356,,1,active
CHEMBL4092607,CC(C)(C)Oc1ccc(C[C@H](NC(=O)CC(c2ccccc2)c2ccccc2)C(=O)O)cc1,CC(C)(C)Oc1ccc(C[C@H](NC(=O)CC(c2ccccc2)c2ccccc2)C(=O)O)cc1,115.0,6.939302159646388,6.939302159646388,,1,active
CHEMBL3233140,CC(C)(C)S(=O)(=O)C[C@H](C1CC1)N1C(=O)[C@@H](CC(=O)O)O[C@H](c2cccc(Cl)c2)[C@H]1c1ccc(Cl)cc1,CC(C)(C)S(=O)(=O)C[C@H](C1CC1)N1C(=O)[C@@H](CC(=O)O)O[C@H](c2cccc(Cl)c2)[C@H]1c1ccc(Cl)cc1,1.8,8.744727494896694,8.744727494896694,,3,active
CHEMBL3236361,CC(C)(C)S(=O)(=O)C[C@H](C1CC1)N1C(=O)[C@@](C)(CC(=O)C(=O)O)C[C@H](c2cccc(Cl)c2)[C@H]1c1ccc(Cl)cc1,CC(C)(C)S(=O)(=O)C[C@H](C1CC1)N1C(=O)[C@@](C)(CC(=O)C(=O)O)C[C@H](c2cccc(Cl)c2)[C@H]1c1ccc(Cl)cc1,1.0,9.360623199523586,9.360623199523586,,2,active
CHEMBL3407574,CC(C)(C)S(=O)(=O)C[C@H](C1CC1)N1C(=O)[C@@](C)(CC(=O)N2CC(C(=O)O)C2)C[C@H](c2cccc(Cl)c2)[C@H]1c1ccc(Cl)cc1,CC(C)(C)S(=O)(=O)C[C@H](C1CC1)N1C(=O)[C@@](C)(CC(=O)N2CC(C(=O)O)C2)C[C@H](c2cccc(Cl)c2)[C@H]1c1ccc(Cl)cc1,0.26,9.585026652029182,9.585026652029182,,1,active
CHEMBL3407570,CC(C)(C)S(=O)(=O)C[C@H](C1CC1)N1C(=O)[C@@](C)(CC(=O)N2CCC(C(=O)O)CC2)C[C@H](c2cccc(Cl)c2)[C@H]1c1ccc(Cl)cc1,CC(C)(C)S(=O)(=O)C[C@H](C1CC1)N1C(=O)[C@@](C)(CC(=O)N2CCC(C(=O)O)CC2)C[C@H](c2cccc(Cl)c2)[C@H]1c1ccc(Cl)cc1,0.79,9.102372908709558,9.102372908709558,,1,active
CHEMBL3236635,CC(C)(C)S(=O)(=O)C[C@H](C1CC1)N1C(=O)[C@@](C)(CC(=O)N2CC[C@@H](C(=O)O)C2)C[C@H](c2cccc(Cl)c2)[C@H]1c1ccc(Cl)cc1,CC(C)(C)S(=O)(=O)C[C@H](C1CC1)N1C(=O)[C@@](C)(CC(=O)N2CC[C@@H](C(=O)O)C2)C[C@H](c2cccc(Cl)c2)[C@H]1c1ccc(Cl)cc1,0.9500000000000001,9.372363747448347,9.372363747448347,,2,active
CHEMBL3236636,CC(C)(C)S(=O)(=O)C[C@H](C1CC1)N1C(=O)[C@@](C)(CC(=O)N2CC[C@H](C(=O)O)C2)C[C@H](c2cccc(Cl)c2)[C@H]1c1ccc(Cl)cc1,CC(C)(C)S(=O)(=O)C[C@H](C1CC1)N1C(=O)[C@@](C)(CC(=O)N2CC[C@H](C(=O)O)C2)C[C@H](c2cccc(Cl)c2)[C@H]1c1ccc(Cl)cc1,0.39999999999999997,9.577450979992872,9.577450979992872,,2,active
CHEMBL3407569,CC(C)(C)S(=O)(=O)C[C@H](C1CC1)N1C(=O)[C@@](C)(CC(=O)NC23CCC(C(=O)O)(CC2)CC3)C[C@H](c2cccc(Cl)c2)[C@H]1c1ccc(Cl)cc1,CC(C)(C)S(=O)(=O)C[C@H](C1CC1)N1C(=O)[C@@](C)(CC(=O)NC23CCC(C(=O)O)(CC2)CC3)C[C@H](c2cccc(Cl)c2)[C@H]1c1ccc(Cl)cc1,0.7,9.154901959985743,9.154901959985743,,1,active
CHEMBL3407568,CC(C)(C)S(=O)(=O)C[C@H](C1CC1)N1C(=O)[C@@](C)(CC(=O)N[C@H]2CC[C@@H](C(=O)O)CC2)C[C@H](c2cccc(Cl)c2)[C@H]1c1ccc(Cl)cc1,CC(C)(C)S(=O)(=O)C[C@H](C1CC1)N1C(=O)[C@@](C)(CC(=O)N[C@H]2CC[C@@H](C(=O)O)CC2)C[C@H](c2cccc(Cl)c2)[C@H]1c1ccc(Cl)cc1,0.42,9.3767507096021,9.3767507096021,,1,active
CHEMBL3407567,CC(C)(C)S(=O)(=O)C[C@H](C1CC1)N1C(=O)[C@@](C)(CC(=O)N[C@H]2CC[C@H](C(=O)O)CC2)C[C@H](c2cccc(Cl)c2)[C@H]1c1ccc(Cl)cc1,CC(C)(C)S(=O)(=O)C[C@H](C1CC1)N1C(=O)[C@@](C)(CC(=O)N[C@H]2CC[C@H](C(=O)O)CC2)C[C@H](c2cccc(Cl)c2)[C@H]1c1ccc(Cl)cc1,0.73,9.136677139879545,9.136677139879545,,1,active
CHEMBL3407573,CC(C)(C)S(=O)(=O)C[C@H](C1CC1)N1C(=O)[C@@](C)(CC(=O)N[C@H]2C[C@@H](C(=O)O)C2)C[C@H](c2cccc(Cl)c2)[C@H]1c1ccc(Cl)cc1,CC(C)(C)S(=O)(=O)C[C@H](C1CC1)N1C(=O)[C@@](C)(CC(=O)N[C@H]2C[C@@H](C(=O)O)C2)C[C@H](c2cccc(Cl)c2)[C@H]1c1ccc(Cl)cc1,0.83,9.080921907623926,9.080921907623926,,1,active
CHEMBL3407572,CC(C)(C)S(=O)(=O)C[C@H](C1CC1)N1C(=O)[C@@](C)(CC(=O)N[C@H]2C[C@H](C(=O)O)C2)C[C@H](c2cccc(Cl)c2)[C@H]1c1ccc(Cl)cc1,CC(C)(C)S(=O)(=O)C[C@H](C1CC1)N1C(=O)[C@@](C)(CC(=O)N[C@H]2C[C@H](C(=O)O)C2)C[C@H](c2cccc(Cl)c2)[C@H]1c1ccc(Cl)cc1,0.52,9.2839966563652,9.2839966563652,,1,active
CHEMBL3407563,CC(C)(C)S(=O)(=O)C[C@H](C1CC1)N1C(=O)[C@@](C)(CC(=O)Nc2ccc(C#N)cc2)C[C@H](c2cccc(Cl)c2)[C@H]1c1ccc(Cl)cc1,CC(C)(C)S(=O)(=O)C[C@H](C1CC1)N1C(=O)[C@@](C)(CC(=O)Nc2ccc(C#N)cc2)C[C@H](c2cccc(Cl)c2)[C@H]1c1ccc(Cl)cc1,2.4,8.619788758288394,8.619788758288394,,1,active
CHEMBL3407557,CC(C)(C)S(=O)(=O)C[C@H](C1CC1)N1C(=O)[C@@](C)(CC(=O)Nc2ccc(C(=O)O)cc2)C[C@H](c2cccc(Cl)c2)[C@H]1c1ccc(Cl)cc1,CC(C)(C)S(=O)(=O)C[C@H](C1CC1)N1C(=O)[C@@](C)(CC(=O)Nc2ccc(C(=O)O)cc2)C[C@H](c2cccc(Cl)c2)[C@H]1c1ccc(Cl)cc1,0.39,9.483288122256525,9.483288122256525,,2,active
CHEMBL3407564,CC(C)(C)S(=O)(=O)C[C@H](C1CC1)N1C(=O)[C@@](C)(CC(=O)Nc2ccc(C(=O)O)cn2)C[C@H](c2cccc(Cl)c2)[C@H]1c1ccc(Cl)cc1,CC(C)(C)S(=O)(=O)C[C@H](C1CC1)N1C(=O)[C@@](C)(CC(=O)Nc2ccc(C(=O)O)cn2)C[C@H](c2cccc(Cl)c2)[C@H]1c1ccc(Cl)cc1,0.21,9.67778070526608,9.67778070526608,,1,active
CHEMBL3407565,CC(C)(C)S(=O)(=O)C[C@H](C1CC1)N1C(=O)[C@@](C)(CC(=O)Nc2ccc(CC(=O)O)cc2)C[C@H](c2cccc(Cl)c2)[C@H]1c1ccc(Cl)cc1,CC(C)(C)S(=O)(=O)C[C@H](C1CC1)N1C(=O)[C@@](C)(CC(=O)Nc2ccc(CC(=O)O)cc2)C[C@H](c2cccc(Cl)c2)[C@H]1c1ccc(Cl)cc1,0.21,9.67778070526608,9.67778070526608,,1,active
CHEMBL3407560,CC(C)(C)S(=O)(=O)C[C@H](C1CC1)N1C(=O)[C@@](C)(CC(=O)Nc2cccc(C(=O)O)c2)C[C@H](c2cccc(Cl)c2)[C@H]1c1ccc(Cl)cc1,CC(C)(C)S(=O)(=O)C[C@H](C1CC1)N1C(=O)[C@@](C)(CC(=O)Nc2cccc(C(=O)O)c2)C[C@H](c2cccc(Cl)c2)[C@H]1c1ccc(Cl)cc1,0.21,9.67778070526608,9.67778070526608,,1,active
CHEMBL3407556,CC(C)(C)S(=O)(=O)C[C@H](C1CC1)N1C(=O)[C@@](C)(CC(=O)Nc2ccccc2)C[C@H](c2cccc(Cl)c2)[C@H]1c1ccc(Cl)cc1,CC(C)(C)S(=O)(=O)C[C@H](C1CC1)N1C(=O)[C@@](C)(CC(=O)Nc2ccccc2)C[C@H](c2cccc(Cl)c2)[C@H]1c1ccc(Cl)cc1,0.37,9.431798275933005,9.431798275933005,,1,active
CHEMBL3407561,CC(C)(C)S(=O)(=O)C[C@H](C1CC1)N1C(=O)[C@@](C)(CC(=O)Nc2ccccc2C(=O)O)C[C@H](c2cccc(Cl)c2)[C@H]1c1ccc(Cl)cc1,CC(C)(C)S(=O)(=O)C[C@H](C1CC1)N1C(=O)[C@@](C)(CC(=O)Nc2ccccc2C(=O)O)C[C@H](c2cccc(Cl)c2)[C@H]1c1ccc(Cl)cc1,0.37,9.431798275933005,9.431798275933005,,1,active
CHEMBL3407554,CC(C)(C)S(=O)(=O)C[C@H](C1CC1)N1C(=O)[C@@](C)(CC(=O)O)C[C@H](c2cccc(Cl)c2)[C@H]1c1ccc(Cl)c(F)c1,CC(C)(C)S(=O)(=O)C[C@H](C1CC1)N1C(=O)[C@@](C)(CC(=O)O)C[C@H](c2cccc(Cl)c2)[C@H]1c1ccc(Cl)c(F)c1,7.8,8.904834150914855,8.904834150914855,,2,active
CHEMBL3125537,CC(C)(C)S(=O)(=O)C[C@H](C1CC1)N1C(=O)[C@@](C)(CC(=O)O)C[C@H](c2cccc(Cl)c2)[C@H]1c1ccc(Cl)cc1,CC(C)(C)S(=O)(=O)C[C@H](C1CC1)N1C(=O)[C@@](C)(CC(=O)O)C[C@H](c2cccc(Cl)c2)[C@H]1c1ccc(Cl)cc1,0.1,10.0,10.0,,9,active
CHEMBL3407555,CC(C)(C)S(=O)(=O)C[C@H](C1CC1)N1C(=O)[C@@](C)(CC(=O)O)C[C@H](c2cccc(Cl)c2F)[C@H]1c1ccc(Cl)cc1,CC(C)(C)S(=O)(=O)C[C@H](C1CC1)N1C(=O)[C@@](C)(CC(=O)O)C[C@H](c2cccc(Cl)c2F)[C@H]1c1ccc(Cl)cc1,6.4,8.193820026016112,8.193820026016112,,1,active
CHEMBL3236364,CC(C)(C)S(=O)(=O)C[C@H](C1CC1)N1C(=O)[C@@](C)(CC(N)=O)C[C@H](c2cccc(Cl)c2)[C@H]1c1ccc(Cl)cc1,CC(C)(C)S(=O)(=O)C[C@H](C1CC1)N1C(=O)[C@@](C)(CC(N)=O)C[C@H](c2cccc(Cl)c2)[C@H]1c1ccc(Cl)cc1,0.17,9.769551078621726,9.769551078621726,,3,active
CHEMBL3236365,CC(C)(C)S(=O)(=O)C[C@H](C1CC1)N1C(=O)[C@@](C)(CS(N)(=O)=O)C[C@H](c2cccc(Cl)c2)[C@H]1c1ccc(Cl)cc1,CC(C)(C)S(=O)(=O)C[C@H](C1CC1)N1C(=O)[C@@](C)(CS(N)(=O)=O)C[C@H](c2cccc(Cl)c2)[C@H]1c1ccc(Cl)cc1,7.55,8.406239639581768,8.406239639581768,,2,active
CHEMBL3236639,CC(C)(C)S(=O)(=O)C[C@H](C1CC1)N1C(=O)[C@@](C)(Cc2cc(C(=O)O)ccn2)C[C@H](c2cccc(Cl)c2)[C@H]1c1ccc(Cl)cc1,CC(C)(C)S(=O)(=O)C[C@H](C1CC1)N1C(=O)[C@@](C)(Cc2cc(C(=O)O)ccn2)C[C@H](c2cccc(Cl)c2)[C@H]1c1ccc(Cl)cc1,1.4,8.853871964321762,8.853871964321762,,3,active
CHEMBL5777005,CC(C)(C)S(=O)(=O)C[C@H](C1CC1)N1C(=O)[C@@](C)(Cc2ccc(C(=O)O)c[n+]2[O-])O[C@H](c2cccc(Cl)c2)[C@H]1c1ccc(Cl)cc1,CC(C)(C)S(=O)(=O)C[C@H](C1CC1)N1C(=O)[C@@](C)(Cc2ccc(C(=O)O)c[n+]2[O-])O[C@H](c2cccc(Cl)c2)[C@H]1c1ccc(Cl)cc1,1.85,8.732828271596986,8.732828271596986,,1,active
CHEMBL3236650,CC(C)(C)S(=O)(=O)C[C@H](C1CC1)N1C(=O)[C@@](C)(Cc2ccc(C(=O)O)cc2)C[C@H](c2cccc(Cl)c2)[C@H]1c1ccc(Cl)cc1,CC(C)(C)S(=O)(=O)C[C@H](C1CC1)N1C(=O)[C@@](C)(Cc2ccc(C(=O)O)cc2)C[C@H](c2cccc(Cl)c2)[C@H]1c1ccc(Cl)cc1,21.0,7.965907069126919,7.965907069126919,,2,active
CHEMBL3236642,CC(C)(C)S(=O)(=O)C[C@H](C1CC1)N1C(=O)[C@@](C)(Cc2ccc(C(=O)O)cn2)C[C@H](c2cccc(Cl)c2)[C@H]1c1ccc(Cl)c(F)c1,CC(C)(C)S(=O)(=O)C[C@H](C1CC1)N1C(=O)[C@@](C)(Cc2ccc(C(=O)O)cn2)C[C@H](c2cccc(Cl)c2)[C@H]1c1ccc(Cl)c(F)c1,0.3,9.65051499783199,9.65051499783199,,2,active
CHEMBL3236356,CC(C)(C)S(=O)(=O)C[C@H](C1CC1)N1C(=O)[C@@](C)(Cc2ccc(C(=O)O)cn2)C[C@H](c2cccc(Cl)c2)[C@H]1c1ccc(Cl)cc1,CC(C)(C)S(=O)(=O)C[C@H](C1CC1)N1C(=O)[C@@](C)(Cc2ccc(C(=O)O)cn2)C[C@H](c2cccc(Cl)c2)[C@H]1c1ccc(Cl)cc1,0.8,9.096910013008056,9.096910013008056,,3,active
CHEMBL3233049,CC(C)(C)S(=O)(=O)C[C@H](C1CC1)N1C(=O)[C@@](C)(Cc2ccc(C(=O)O)cn2)O[C@H](c2cccc(Cl)c2)[C@H]1c1ccc(Cl)cc1,CC(C)(C)S(=O)(=O)C[C@H](C1CC1)N1C(=O)[C@@](C)(Cc2ccc(C(=O)O)cn2)O[C@H](c2cccc(Cl)c2)[C@H]1c1ccc(Cl)cc1,0.14,9.853871964321762,9.853871964321762,,3,active
CHEMBL3236643,CC(C)(C)S(=O)(=O)C[C@H](C1CC1)N1C(=O)[C@@](C)(Cc2ccc(CC(=O)O)cn2)C[C@H](c2cccc(Cl)c2)[C@H]1c1ccc(Cl)cc1,CC(C)(C)S(=O)(=O)C[C@H](C1CC1)N1C(=O)[C@@](C)(Cc2ccc(CC(=O)O)cn2)C[C@H](c2cccc(Cl)c2)[C@H]1c1ccc(Cl)cc1,1.1,9.198970004336019,9.198970004336019,,2,active
CHEMBL3236641,CC(C)(C)S(=O)(=O)C[C@H](C1CC1)N1C(=O)[C@@](C)(Cc2cccc(C(=O)O)n2)C[C@H](c2cccc(Cl)c2)[C@H]1c1ccc(Cl)cc1,CC(C)(C)S(=O)(=O)C[C@H](C1CC1)N1C(=O)[C@@](C)(Cc2cccc(C(=O)O)n2)C[C@H](c2cccc(Cl)c2)[C@H]1c1ccc(Cl)cc1,12.6,8.270303756120384,8.270303756120384,,2,active
CHEMBL3236638,CC(C)(C)S(=O)(=O)C[C@H](C1CC1)N1C(=O)[C@@](C)(Cc2ccccc2)C[C@H](c2cccc(Cl)c2)[C@H]1c1ccc(Cl)cc1,CC(C)(C)S(=O)(=O)C[C@H](C1CC1)N1C(=O)[C@@](C)(Cc2ccccc2)C[C@H](c2cccc(Cl)c2)[C@H]1c1ccc(Cl)cc1,72.3,7.491232920281401,7.491232920281401,,2,active
CHEMBL3236637,CC(C)(C)S(=O)(=O)C[C@H](C1CC1)N1C(=O)[C@@](C)(Cc2ccccn2)C[C@H](c2cccc(Cl)c2)[C@H]1c1ccc(Cl)cc1,CC(C)(C)S(=O)(=O)C[C@H](C1CC1)N1C(=O)[C@@](C)(Cc2ccccn2)C[C@H](c2cccc(Cl)c2)[C@H]1c1ccc(Cl)cc1,3.5,8.848401971289755,8.848401971289755,,2,active
CHEMBL3236649,CC(C)(C)S(=O)(=O)C[C@H](C1CC1)N1C(=O)[C@@](C)(Cc2cnc(C(=O)O)cn2)C[C@H](c2cccc(Cl)c2)[C@H]1c1ccc(Cl)cc1,CC(C)(C)S(=O)(=O)C[C@H](C1CC1)N1C(=O)[C@@](C)(Cc2cnc(C(=O)O)cn2)C[C@H](c2cccc(Cl)c2)[C@H]1c1ccc(Cl)cc1,0.39999999999999997,9.577450979992872,9.577450979992872,,2,active
CHEMBL3236652,CC(C)(C)S(=O)(=O)C[C@H](C1CC1)N1C(=O)[C@@](C)(Cc2nc(C(=O)O)cs2)C[C@H](c2cccc(Cl)c2)[C@H]1c1ccc(Cl)cc1,CC(C)(C)S(=O)(=O)C[C@H](C1CC1)N1C(=O)[C@@](C)(Cc2nc(C(=O)O)cs2)C[C@H](c2cccc(Cl)c2)[C@H]1c1ccc(Cl)cc1,4.25,8.744727494896694,8.744727494896694,,2,active
CHEMBL3236640,CC(C)(C)S(=O)(=O)C[C@H](C1CC1)N1C(=O)[C@@](C)(Cc2nc(CC(=O)O)cs2)C[C@H](c2cccc(Cl)c2)[C@H]1c1ccc(Cl)cc1,CC(C)(C)S(=O)(=O)C[C@H](C1CC1)N1C(=O)[C@@](C)(Cc2nc(CC(=O)O)cs2)C[C@H](c2cccc(Cl)c2)[C@H]1c1ccc(Cl)cc1,0.65,9.328788659588897,9.328788659588897,,2,active
CHEMBL3236654,CC(C)(C)S(=O)(=O)C[C@H](C1CC1)N1C(=O)[C@@](C)(Cc2ncc(C(=O)CO)s2)C[C@H](c2cccc(Cl)c2)[C@H]1c1ccc(Cl)cc1,CC(C)(C)S(=O)(=O)C[C@H](C1CC1)N1C(=O)[C@@](C)(Cc2ncc(C(=O)CO)s2)C[C@H](c2cccc(Cl)c2)[C@H]1c1ccc(Cl)cc1,0.9,9.384775539310862,9.384775539310862,,2,active
CHEMBL3236648,CC(C)(C)S(=O)(=O)C[C@H](C1CC1)N1C(=O)[C@@](C)(Cc2ncc(C(=O)O)cn2)C[C@H](c2cccc(Cl)c2)[C@H]1c1ccc(Cl)c(F)c1,CC(C)(C)S(=O)(=O)C[C@H](C1CC1)N1C(=O)[C@@](C)(Cc2ncc(C(=O)O)cn2)C[C@H](c2cccc(Cl)c2)[C@H]1c1ccc(Cl)c(F)c1,0.5,9.522878745280337,9.522878745280337,,2,active
CHEMBL3236647,CC(C)(C)S(=O)(=O)C[C@H](C1CC1)N1C(=O)[C@@](C)(Cc2ncc(C(=O)O)cn2)C[C@H](c2cccc(Cl)c2)[C@H]1c1ccc(Cl)cc1,CC(C)(C)S(=O)(=O)C[C@H](C1CC1)N1C(=O)[C@@](C)(Cc2ncc(C(=O)O)cn2)C[C@H](c2cccc(Cl)c2)[C@H]1c1ccc(Cl)cc1,0.45,9.548455006504028,9.548455006504028,,2,active
CHEMBL3236655,CC(C)(C)S(=O)(=O)C[C@H](C1CC1)N1C(=O)[C@@](C)(Cc2ncc(C(=O)O)s2)C[C@H](c2cccc(Cl)c2)[C@H]1c1ccc(Cl)c(F)c1,CC(C)(C)S(=O)(=O)C[C@H](C1CC1)N1C(=O)[C@@](C)(Cc2ncc(C(=O)O)s2)C[C@H](c2cccc(Cl)c2)[C@H]1c1ccc(Cl)c(F)c1,0.39999999999999997,9.577450979992872,9.577450979992872,,2,active
CHEMBL3236653,CC(C)(C)S(=O)(=O)C[C@H](C1CC1)N1C(=O)[C@@](C)(Cc2ncc(C(=O)O)s2)C[C@H](c2cccc(Cl)c2)[C@H]1c1ccc(Cl)cc1,CC(C)(C)S(=O)(=O)C[C@H](C1CC1)N1C(=O)[C@@](C)(Cc2ncc(C(=O)O)s2)C[C@H](c2cccc(Cl)c2)[C@H]1c1ccc(Cl)cc1,0.39999999999999997,9.577450979992872,9.577450979992872,,2,active
CHEMBL5964218,CC(C)(C)S(=O)(=O)C[C@H](C1CC1)N1C(=O)[C@@](C)(Cc2ncc(C(=O)O)s2)O[C@H](c2cccc(Cl)c2)[C@H]1c1ccc(Cl)c(F)c1,CC(C)(C)S(=O)(=O)C[C@H](C1CC1)N1C(=O)[C@@](C)(Cc2ncc(C(=O)O)s2)O[C@H](c2cccc(Cl)c2)[C@H]1c1ccc(Cl)c(F)c1,0.121,9.91721462968355,9.91721462968355,,1,active
CHEMBL3236661,CC(C)(C)S(=O)(=O)C[C@H](C1CC1)N1C(=O)[C@@](C)(Cc2ncc(C(F)(F)C(=O)O)s2)C[C@H](c2cccc(Cl)c2)[C@H]1c1ccc(Cl)c(F)c1,CC(C)(C)S(=O)(=O)C[C@H](C1CC1)N1C(=O)[C@@](C)(Cc2ncc(C(F)(F)C(=O)O)s2)C[C@H](c2cccc(Cl)c2)[C@H]1c1ccc(Cl)c(F)c1,0.7000000000000001,9.443028323846582,9.443028323846582,,2,active
CHEMBL3236660,CC(C)(C)S(=O)(=O)C[C@H](C1CC1)N1C(=O)[C@@](C)(Cc2ncc(C(F)C(=O)O)s2)C[C@H](c2cccc(Cl)c2)[C@H]1c1ccc(Cl)c(F)c1,CC(C)(C)S(=O)(=O)C[C@H](C1CC1)N1C(=O)[C@@](C)(Cc2ncc(C(F)C(=O)O)s2)C[C@H](c2cccc(Cl)c2)[C@H]1c1ccc(Cl)c(F)c1,1.05,9.34948500216801,9.34948500216801,,2,active
CHEMBL3236659,CC(C)(C)S(=O)(=O)C[C@H](C1CC1)N1C(=O)[C@@](C)(Cc2ncc(C3(C(=O)O)CC3)s2)C[C@H](c2cccc(Cl)c2)[C@H]1c1ccc(Cl)cc1,CC(C)(C)S(=O)(=O)C[C@H](C1CC1)N1C(=O)[C@@](C)(Cc2ncc(C3(C(=O)O)CC3)s2)C[C@H](c2cccc(Cl)c2)[C@H]1c1ccc(Cl)cc1,1.25,9.168621084159213,9.168621084159213,,2,active
CHEMBL3236664,CC(C)(C)S(=O)(=O)C[C@H](C1CC1)N1C(=O)[C@@](C)(Cc2ncc(CC(=O)O)[nH]2)C[C@H](c2cccc(Cl)c2)[C@H]1c1ccc(Cl)cc1,CC(C)(C)S(=O)(=O)C[C@H](C1CC1)N1C(=O)[C@@](C)(Cc2ncc(CC(=O)O)[nH]2)C[C@H](c2cccc(Cl)c2)[C@H]1c1ccc(Cl)cc1,0.85,9.261439372640169,9.261439372640169,,2,active
CHEMBL3236662,CC(C)(C)S(=O)(=O)C[C@H](C1CC1)N1C(=O)[C@@](C)(Cc2ncc(CC(=O)O)o2)C[C@H](c2cccc(Cl)c2)[C@H]1c1ccc(Cl)c(F)c1,CC(C)(C)S(=O)(=O)C[C@H](C1CC1)N1C(=O)[C@@](C)(Cc2ncc(CC(=O)O)o2)C[C@H](c2cccc(Cl)c2)[C@H]1c1ccc(Cl)c(F)c1,0.7000000000000001,9.443028323846582,9.443028323846582,,2,active
CHEMBL3236357,CC(C)(C)S(=O)(=O)C[C@H](C1CC1)N1C(=O)[C@@](C)(Cc2ncc(CC(=O)O)s2)C[C@H](c2cccc(Cl)c2)[C@H]1c1ccc(Cl)c(F)c1,CC(C)(C)S(=O)(=O)C[C@H](C1CC1)N1C(=O)[C@@](C)(Cc2ncc(CC(=O)O)s2)C[C@H](c2cccc(Cl)c2)[C@H]1c1ccc(Cl)c(F)c1,0.8,9.096910013008056,9.096910013008056,,3,active
CHEMBL3236657,CC(C)(C)S(=O)(=O)C[C@H](C1CC1)N1C(=O)[C@@](C)(Cc2ncc(CC(=O)O)s2)C[C@H](c2cccc(Cl)c2)[C@H]1c1ccc(Cl)cc1,CC(C)(C)S(=O)(=O)C[C@H](C1CC1)N1C(=O)[C@@](C)(Cc2ncc(CC(=O)O)s2)C[C@H](c2cccc(Cl)c2)[C@H]1c1ccc(Cl)cc1,0.6000000000000001,9.479303657420887,9.479303657420887,,2,active
CHEMBL3236656,CC(C)(C)S(=O)(=O)C[C@H](C1CC1)N1C(=O)[C@@](C)(Cc2nccs2)C[C@H](c2cccc(Cl)c2)[C@H]1c1ccc(Cl)c(F)c1,CC(C)(C)S(=O)(=O)C[C@H](C1CC1)N1C(=O)[C@@](C)(Cc2nccs2)C[C@H](c2cccc(Cl)c2)[C@H]1c1ccc(Cl)c(F)c1,2.9,8.891258027893047,8.891258027893047,,2,active
CHEMBL3236663,CC(C)(C)S(=O)(=O)C[C@H](C1CC1)N1C(=O)[C@@](C)(Cc2nnc(CC(=O)O)[nH]2)C[C@H](c2cccc(Cl)c2)[C@H]1c1ccc(Cl)cc1,CC(C)(C)S(=O)(=O)C[C@H](C1CC1)N1C(=O)[C@@](C)(Cc2nnc(CC(=O)O)[nH]2)C[C@H](c2cccc(Cl)c2)[C@H]1c1ccc(Cl)cc1,0.55,9.5,9.5,,2,active
CHEMBL3236651,CC(C)(C)S(=O)(=O)C[C@H](C1CC1)N1C(=O)[C@@](C)(Cn2cc(C(=O)O)cn2)C[C@H](c2cccc(Cl)c2)[C@H]1c1ccc(Cl)cc1,CC(C)(C)S(=O)(=O)C[C@H](C1CC1)N1C(=O)[C@@](C)(Cn2cc(C(=O)O)cn2)C[C@H](c2cccc(Cl)c2)[C@H]1c1ccc(Cl)cc1,0.55,9.5,9.5,,2,active
CHEMBL5978280,CC(C)(C)S(=O)(=O)C[C@H](C1CC1)N1C(=O)[C@](C)(Cc2ccc(C(=O)O)c[n+]2[O-])O[C@H](c2cccc(Cl)c2)[C@H]1c1ccc(Cl)cc1,CC(C)(C)S(=O)(=O)C[C@H](C1CC1)N1C(=O)[C@](C)(Cc2ccc(C(=O)O)c[n+]2[O-])O[C@H](c2cccc(Cl)c2)[C@H]1c1ccc(Cl)cc1,0.23,9.638272163982407,9.638272163982407,,1,active
CHEMBL3236667,CC(C)(C)S(=O)(=O)C[C@H](C1CC1)N1C(=O)[C@](C)(Cc2ccc(C(=O)O)cn2)C[C@H](c2cccc(Cl)c2)[C@H]1c1ccc(Cl)cc1,CC(C)(C)S(=O)(=O)C[C@H](C1CC1)N1C(=O)[C@](C)(Cc2ccc(C(=O)O)cn2)C[C@H](c2cccc(Cl)c2)[C@H]1c1ccc(Cl)cc1,4.25,8.698970004336019,8.698970004336019,,2,active
CHEMBL3236665,CC(C)(C)S(=O)(=O)C[C@H](C1CC1)N1C(=O)[C@](C)(Cc2ccc(C(=O)O)cn2)O[C@H](c2cccc(Cl)c2)[C@H]1c1ccc(Cl)cc1,CC(C)(C)S(=O)(=O)C[C@H](C1CC1)N1C(=O)[C@](C)(Cc2ccc(C(=O)O)cn2)O[C@H](c2cccc(Cl)c2)[C@H]1c1ccc(Cl)cc1,0.55,9.5,9.5,,2,active
CHEMBL3125538,CC(C)(C)S(=O)(=O)C[C@H](C1CCC1)N1C(=O)[C@@](C)(CC(=O)O)C[C@H](c2cccc(Cl)c2)[C@H]1c1ccc(Cl)cc1,CC(C)(C)S(=O)(=O)C[C@H](C1CCC1)N1C(=O)[C@@](C)(CC(=O)O)C[C@H](c2cccc(Cl)c2)[C@H]1c1ccc(Cl)cc1,0.1,10.0,10.0,,1,active
CHEMBL3233137,CC(C)(C)S(=O)(=O)C[C@H](CC(F)(F)F)N1C(=O)[C@@H](CC(=O)O)O[C@H](c2cccc(Cl)c2)[C@H]1c1ccc(Cl)cc1,CC(C)(C)S(=O)(=O)C[C@H](CC(F)(F)F)N1C(=O)[C@@H](CC(=O)O)O[C@H](c2cccc(Cl)c2)[C@H]1c1ccc(Cl)cc1,1.25,9.037860356969059,9.037860356969059,,2,active
CHEMBL3125533,CC(C)(C)S(=O)(=O)C[C@H](CC(F)(F)F)N1C(=O)[C@@](C)(CC(=O)O)C[C@H](c2cccc(Cl)c2)[C@H]1c1ccc(Cl)cc1,CC(C)(C)S(=O)(=O)C[C@H](CC(F)(F)F)N1C(=O)[C@@](C)(CC(=O)O)C[C@H](c2cccc(Cl)c2)[C@H]1c1ccc(Cl)cc1,0.1,10.0,10.0,,1,active
CHEMBL5777516,CC(C)(C)S(=O)(=O)N(C[C@H](C1CC1)N1C(=O)[C@@](C)(CC(=O)O)C[C@H](c2cccc(Cl)c2)C1c1ccc(Cl)cc1)C(F)F,CC(C)(C)S(=O)(=O)N(C[C@H](C1CC1)N1C(=O)[C@@](C)(CC(=O)O)C[C@H](c2cccc(Cl)c2)C1c1ccc(Cl)cc1)C(F)F,0.3,9.522878745280337,9.522878745280337,,1,active
CHEMBL3233139,CC(C)(C)[C@@H](CS(=O)(=O)C(C)(C)C)N1C(=O)[C@@H](CC(=O)O)O[C@H](c2cccc(Cl)c2)[C@H]1c1ccc(Cl)cc1,CC(C)(C)[C@@H](CS(=O)(=O)C(C)(C)C)N1C(=O)[C@@H](CC(=O)O)O[C@H](c2cccc(Cl)c2)[C@H]1c1ccc(Cl)cc1,2.8,8.796729909783021,8.796729909783021,,2,active
CHEMBL3125536,CC(C)(C)[C@@H](CS(=O)(=O)C(C)(C)C)N1C(=O)[C@@](C)(CC(=O)O)C[C@H](c2cccc(Cl)c2)[C@H]1c1ccc(Cl)cc1,CC(C)(C)[C@@H](CS(=O)(=O)C(C)(C)C)N1C(=O)[C@@](C)(CC(=O)O)C[C@H](c2cccc(Cl)c2)[C@H]1c1ccc(Cl)cc1,0.5,9.301029995663981,9.301029995663981,,1,active
CHEMBL3318778,CC(C)(C)[C@@H](CS(=O)(=O)N1CCC(F)(F)C1)N1C(=O)[C@@](C)(CC(=O)O)C[C@H](c2cccc(Cl)c2)[C@H]1c1ccc(Cl)cc1,CC(C)(C)[C@@H](CS(=O)(=O)N1CCC(F)(F)C1)N1C(=O)[C@@](C)(CC(=O)O)C[C@H](c2cccc(Cl)c2)[C@H]1c1ccc(Cl)cc1,0.47,9.327902142064282,9.327902142064282,,1,active
CHEMBL3318784,CC(C)(C)[C@@H](CS(=O)(=O)N1CCC(F)(F)CC1)N1C(=O)[C@@](C)(CC(=O)O)C[C@H](c2cccc(Cl)c2)[C@H]1c1ccc(Cl)cc1,CC(C)(C)[C@@H](CS(=O)(=O)N1CCC(F)(F)CC1)N1C(=O)[C@@](C)(CC(=O)O)C[C@H](c2cccc(Cl)c2)[C@H]1c1ccc(Cl)cc1,0.37,9.431798275933005,9.431798275933005,,1,active
CHEMBL3318774,CC(C)(C)[C@@H](CS(=O)(=O)N1CCCC1)N1C(=O)[C@@](C)(CC(=O)O)C[C@H](c2cccc(Cl)c2)[C@H]1c1ccc(Cl)cc1,CC(C)(C)[C@@H](CS(=O)(=O)N1CCCC1)N1C(=O)[C@@](C)(CC(=O)O)C[C@H](c2cccc(Cl)c2)[C@H]1c1ccc(Cl)cc1,0.31,9.508638306165727,9.508638306165727,,1,active
CHEMBL3318782,CC(C)(C)[C@@H](CS(=O)(=O)N1CCNCC1)N1C(=O)[C@@](C)(CC(=O)O)C[C@H](c2cccc(Cl)c2)[C@H]1c1ccc(Cl)cc1,CC(C)(C)[C@@H](CS(=O)(=O)N1CCNCC1)N1C(=O)[C@@](C)(CC(=O)O)C[C@H](c2cccc(Cl)c2)[C@H]1c1ccc(Cl)cc1,0.088,10.05551732784983,10.05551732784983,,1,active
CHEMBL3318783,CC(C)(C)[C@@H](CS(=O)(=O)N1CCS(=O)(=O)CC1)N1C(=O)[C@@](C)(CC(=O)O)C[C@H](c2cccc(Cl)c2)[C@H]1c1ccc(Cl)cc1,CC(C)(C)[C@@H](CS(=O)(=O)N1CCS(=O)(=O)CC1)N1C(=O)[C@@](C)(CC(=O)O)C[C@H](c2cccc(Cl)c2)[C@H]1c1ccc(Cl)cc1,0.059,10.229147988357855,10.229147988357855,,1,active
CHEMBL3318787,CC(C)(C)[C@@H](CS(=O)(=O)N1CCc2cc(F)ccc21)N1C(=O)[C@@](C)(CC(=O)O)C[C@H](c2cccc(Cl)c2)[C@H]1c1ccc(Cl)cc1,CC(C)(C)[C@@H](CS(=O)(=O)N1CCc2cc(F)ccc21)N1C(=O)[C@@](C)(CC(=O)O)C[C@H](c2cccc(Cl)c2)[C@H]1c1ccc(Cl)cc1,0.22,9.657577319177793,9.657577319177793,,1,active
CHEMBL3318785,CC(C)(C)[C@@H](CS(=O)(=O)N1CCc2ccccc21)N1C(=O)[C@@](C)(CC(=O)O)C[C@H](c2cccc(Cl)c2)[C@H]1c1ccc(Cl)cc1,CC(C)(C)[C@@H](CS(=O)(=O)N1CCc2ccccc21)N1C(=O)[C@@](C)(CC(=O)O)C[C@H](c2cccc(Cl)c2)[C@H]1c1ccc(Cl)cc1,0.42,9.3767507096021,9.3767507096021,,1,active
CHEMBL4108590,CC(C)(C)[C@@H](CS(C)(=O)=O)N1C(=O)[C@@](C)(CC(=O)O)C[C@H](c2cccc(Cl)c2)[C@H]1c1ccc(Cl)cc1,CC(C)(C)[C@@H](CS(C)(=O)=O)N1C(=O)[C@@](C)(CC(=O)O)C[C@H](c2cccc(Cl)c2)[C@H]1c1ccc(Cl)cc1,0.2,9.698970004336019,9.698970004336019,,1,active
CHEMBL3691719,CC(C)(C)c1[nH]nc2c1C(c1ccc(Cl)cc1)N(c1cccc(Cl)c1F)C2=O,CC(C)(C)c1[nH]nc2c1C(c1ccc(Cl)cc1)N(c1cccc(Cl)c1F)C2=O,110.1,6.9582126810282485,6.9582126810282485,,1,active
CHEMBL3220115,CC(C)(C)c1cc(C=C2C(=O)NC(=S)NC2=O)c(-c2ccccc2)n1-c1ccc(Br)cc1,CC(C)(C)c1cc(C=C2C(=O)NC(=S)NC2=O)c(-c2ccccc2)n1-c1ccc(Br)cc1,760.0,6.119186407719209,6.119186407719209,,1,active
CHEMBL3220116,CC(C)(C)c1cc(C=C2C(=O)NC(=S)NC2=O)c(-c2ccccc2)n1-c1ccc(Cl)cc1,CC(C)(C)c1cc(C=C2C(=O)NC(=S)NC2=O)c(-c2ccccc2)n1-c1ccc(Cl)cc1,1100.0,5.958607314841775,5.958607314841775,,1,intermediate
CHEMBL3220100,CC(C)(C)c1ccc(-n2c(-c3ccccc3)cc(C=C3C(=O)NC(=O)NC3=O)c2-c2ccccc2)cc1,CC(C)(C)c1ccc(-n2c(-c3ccccc3)cc(C=C3C(=O)NC(=O)NC3=O)c2-c2ccccc2)cc1,1900.0,5.721246399047171,5.721246399047171,,1,intermediate
CHEMBL3675209,CC(C)(C)c1ccc2c(c1)C(=O)N(Cc1ccc([N+](=O)[O-])cc1)C2(O)c1ccc(Cl)cc1,CC(C)(C)c1ccc2c(c1)C(=O)N(Cc1ccc([N+](=O)[O-])cc1)C2(O)c1ccc(Cl)cc1,837.0,6.07727454200674,6.07727454200674,,1,active
CHEMBL1834378,CC(C)(C)c1ccc2c(c1)C(=O)N(Cc1ccc([N+](=O)[O-])cc1)C2(OCC1(CO)CC1)c1ccc(Cl)cc1,CC(C)(C)c1ccc2c(c1)C(=O)N(Cc1ccc([N+](=O)[O-])cc1)C2(OCC1(CO)CC1)c1ccc(Cl)cc1,152.0,6.818156412055227,6.818156412055227,,1,active
CHEMBL3675208,CC(C)(C)c1ccc2c(c1)C(O)(c1ccc(Cl)cc1)N(Cc1ccc([N+](=O)[O-])cc1)C2=O,CC(C)(C)c1ccc2c(c1)C(O)(c1ccc(Cl)cc1)N(Cc1ccc([N+](=O)[O-])cc1)C2=O,12700.0,4.896196279044043,4.896196279044043,,1,inactive
CHEMBL1834376,CC(C)(C)c1ccc2c(c1)C(OCC1(CO)CC1)(c1ccc(Cl)cc1)N(Cc1ccc([N+](=O)[O-])cc1)C2=O,CC(C)(C)c1ccc2c(c1)C(OCC1(CO)CC1)(c1ccc(Cl)cc1)N(Cc1ccc([N+](=O)[O-])cc1)C2=O,733.0,6.134896025358872,6.134896025358872,,1,active
CHEMBL1688273,CC(C)(CO)COC1(c2ccc(Cl)cc2)c2ccccc2C(=O)N1Cc1ccc([N+](=O)[O-])cc1,CC(C)(CO)COC1(c2ccc(Cl)cc2)c2ccccc2C(=O)N1Cc1ccc([N+](=O)[O-])cc1,397.5,6.4006714565227885,6.4006714565227885,,2,active
CHEMBL5830857,CC(C)(CO)Nc1nc2nc(-c3noc(=O)[nH]3)nc(-c3cccc(Cl)c3)c2n1C[C@H]1CC[C@H](C)CC1,CC(C)(CO)Nc1nc2nc(-c3noc(=O)[nH]3)nc(-c3cccc(Cl)c3)c2n1C[C@H]1CC[C@H](C)CC1,17.81,7.749336080536756,7.749336080536756,,1,active
CHEMBL4876153,CC(C)(O)CCO[C@]1(c2ccc(Cl)cc2)c2ccc(C(C)(C)O)cc2C(=O)N1Cc1ccc(Cl)cc1,CC(C)(O)CCO[C@]1(c2ccc(Cl)cc2)c2ccc(C(C)(C)O)cc2C(=O)N1Cc1ccc(Cl)cc1,140.0,6.853871964321762,6.853871964321762,,3,active
CHEMBL5974553,CC(C)(O)CNC(=O)c1ccc2c(c1)nc1n2CC[C@H]2[C@@H]1[C@H](c1cccc(Cl)c1F)[C@]1(C(=O)Nc3cc(Cl)ccc31)N2CC1CC1,CC(C)(O)CNC(=O)c1ccc2c(c1)nc1n2CC[C@H]2[C@@H]1[C@H](c1cccc(Cl)c1F)[C@]1(C(=O)Nc3cc(Cl)ccc31)N2CC1CC1,7.0,8.154901959985743,8.154901959985743,,1,active
CHEMBL5766915,CC(C)(O)CNC(=O)c1ccc2c3n(nc2c1)[C@@H]1[C@H](C3)N(CC2CCC2)[C@@]2(C(=O)Nc3cc(Cl)ccc32)[C@H]1c1cccc(Cl)c1F,CC(C)(O)CNC(=O)c1ccc2c3n(nc2c1)[C@@H]1[C@H](C3)N(CC2CCC2)[C@@]2(C(=O)Nc3cc(Cl)ccc32)[C@H]1c1cccc(Cl)c1F,8.0,8.096910013008056,8.096910013008056,,1,active
CHEMBL5029071,CC(C)(O)c1cc(F)c2c(c1)C(=O)N(Cc1ccc(C#N)cc1)[C@@]2(OCC1(CO)CC1)c1ccc(Cl)cc1,CC(C)(O)c1cc(F)c2c(c1)C(=O)N(Cc1ccc(C#N)cc1)[C@@]2(OCC1(CO)CC1)c1ccc(Cl)cc1,7.6,8.119224005717909,8.119224005717909,,2,active
CHEMBL5819820,CC(C)(O)c1cc(F)c2c(c1)C(=O)N(Cc1ccc(C#N)cn1)[C@@]2(OC[C@H]1C[C@H](O)C1)c1ccc(Cl)cc1,CC(C)(O)c1cc(F)c2c(c1)C(=O)N(Cc1ccc(C#N)cn1)[C@@]2(OC[C@H]1C[C@H](O)C1)c1ccc(Cl)cc1,18.0,7.7447274948966935,7.7447274948966935,,1,active
CHEMBL4856390,CC(C)(O)c1cc(F)c2c(c1)C(=O)N(Cc1ccc(Cl)cc1)[C@@]2(OCC1(CO)CC1)c1ccc(Cl)cc1,CC(C)(O)c1cc(F)c2c(c1)C(=O)N(Cc1ccc(Cl)cc1)[C@@]2(OCC1(CO)CC1)c1ccc(Cl)cc1,4.6,8.337242168318426,8.337242168318426,,3,active
CHEMBL5943538,CC(C)(O)c1cc(F)c2c(c1)C(=O)N(Cc1ccc(Cl)cc1C(=O)O)[C@@]2(OCC1(C#N)CC1)c1ccc(Cl)cc1,CC(C)(O)c1cc(F)c2c(c1)C(=O)N(Cc1ccc(Cl)cc1C(=O)O)[C@@]2(OCC1(C#N)CC1)c1ccc(Cl)cc1,2.2,8.657577319177793,8.657577319177793,,3,active
CHEMBL6023101,CC(C)(O)c1cc(F)c2c(c1)C(=O)N(Cc1ccc(Cl)cc1CO)[C@@]2(OCC1(C#N)CC1)c1ccc(Cl)cc1,CC(C)(O)c1cc(F)c2c(c1)C(=O)N(Cc1ccc(Cl)cc1CO)[C@@]2(OCC1(C#N)CC1)c1ccc(Cl)cc1,1.5,8.823908740944319,8.823908740944319,,3,active
CHEMBL5806995,CC(C)(O)c1cc(F)c2c(c1)C(=O)N(Cc1ccc(Cl)cc1P(C)(C)=O)[C@@]2(OCC1(CO)CC1)c1ccc(Cl)cc1,CC(C)(O)c1cc(F)c2c(c1)C(=O)N(Cc1ccc(Cl)cc1P(C)(C)=O)[C@@]2(OCC1(CO)CC1)c1ccc(Cl)cc1,2.5,8.602059991327963,8.602059991327963,,3,active
CHEMBL6033134,CC(C)(O)c1cc(F)c2c(c1)C(=O)N(Cc1ccc(Cl)cc1S(C)(=O)=O)C2(OCC1(C(N)=O)CC1)c1ccc(Cl)cc1,CC(C)(O)c1cc(F)c2c(c1)C(=O)N(Cc1ccc(Cl)cc1S(C)(=O)=O)C2(OCC1(C(N)=O)CC1)c1ccc(Cl)cc1,1.8,8.744727494896694,8.744727494896694,,1,active
CHEMBL6014317,CC(C)(O)c1cc(F)c2c(c1)C(=O)N(Cc1ccc(Cl)cc1S(C)(=O)=O)[C@@]2(OCC1(C(N)=O)CC1)c1ccc(Cl)cc1,CC(C)(O)c1cc(F)c2c(c1)C(=O)N(Cc1ccc(Cl)cc1S(C)(=O)=O)[C@@]2(OCC1(C(N)=O)CC1)c1ccc(Cl)cc1,5.9,8.372363747448347,8.372363747448347,,2,active
CHEMBL6004470,CC(C)(O)c1cc(F)c2c(c1)C(=O)N(Cc1ccc(Cl)cc1S(C)(=O)=O)[C@@]2(OCC1(CO)CC1)c1ccc(Cl)cc1,CC(C)(O)c1cc(F)c2c(c1)C(=O)N(Cc1ccc(Cl)cc1S(C)(=O)=O)[C@@]2(OCC1(CO)CC1)c1ccc(Cl)cc1,0.8,9.096910013008056,9.096910013008056,,3,active
CHEMBL6028805,CC(C)(O)c1cc(F)c2c(c1)C(=O)N(Cc1ccc(Cl)cn1)[C@@]2(OCC1(COCC(=O)O)CC1)c1ccc(Cl)cc1,CC(C)(O)c1cc(F)c2c(c1)C(=O)N(Cc1ccc(Cl)cn1)[C@@]2(OCC1(COCC(=O)O)CC1)c1ccc(Cl)cc1,2.1,8.67778070526608,8.67778070526608,,1,active
CHEMBL5027969,CC(C)(O)c1cc(F)c2c(c1)C(=O)N(Cc1ncc(C#N)cn1)[C@@]2(OCC1(CO)CC1)c1ccc(Cl)cc1,CC(C)(O)c1cc(F)c2c(c1)C(=O)N(Cc1ncc(C#N)cn1)[C@@]2(OCC1(CO)CC1)c1ccc(Cl)cc1,3.1,8.508638306165727,8.508638306165727,,1,active
CHEMBL5967228,CC(C)(O)c1cc(F)c2c(c1)C(=O)N([C@@H](CC(=O)O)c1ccc(Cl)cc1)[C@@]2(O[C@H]1CCOC1)c1ccc(Cl)cc1,CC(C)(O)c1cc(F)c2c(c1)C(=O)N([C@@H](CC(=O)O)c1ccc(Cl)cc1)[C@@]2(O[C@H]1CCOC1)c1ccc(Cl)cc1,2.0,8.698970004336019,8.698970004336019,,3,active
CHEMBL5761071,CC(C)(O)c1cc(F)c2c(c1)C(=O)N([C@@H](CO)c1ccc(Cl)cn1)[C@@]2(OCC1(CO)CC1)c1ccc(Cl)cc1,CC(C)(O)c1cc(F)c2c(c1)C(=O)N([C@@H](CO)c1ccc(Cl)cn1)[C@@]2(OCC1(CO)CC1)c1ccc(Cl)cc1,0.81,9.09151498112135,9.09151498112135,,1,active
CHEMBL6025393,CC(C)(O)c1ccc2c(c1)C(=O)N(Cc1ccc(C#N)cc1)[C@@]2(OCC1(CO)CC1)c1ccc(Cl)cc1,CC(C)(O)c1ccc2c(c1)C(=O)N(Cc1ccc(C#N)cc1)[C@@]2(OCC1(CO)CC1)c1ccc(Cl)cc1,7.2,8.142667503568731,8.142667503568731,,3,active
CHEMBL5779824,CC(C)(O)c1ccc2c(c1)C(=O)N(Cc1ccc(Cl)cc1)C2(OCc1cn[nH]c1)c1ccc(Cl)cc1,CC(C)(O)c1ccc2c(c1)C(=O)N(Cc1ccc(Cl)cc1)C2(OCc1cn[nH]c1)c1ccc(Cl)cc1,63.0,7.200659450546418,7.200659450546418,,1,active
CHEMBL5882542,CC(C)(O)c1ccc2c(c1)C(=O)N(Cc1ccc(Cl)cc1)[C@@]2(OC1CCOC1)c1ccc(Cl)cc1,CC(C)(O)c1ccc2c(c1)C(=O)N(Cc1ccc(Cl)cc1)[C@@]2(OC1CCOC1)c1ccc(Cl)cc1,30.5,7.520479303839453,7.520479303839453,,4,active
CHEMBL5941603,CC(C)(O)c1ccc2c(c1)C(=O)N(Cc1ccc(Cl)cc1)[C@@]2(OCC(F)(F)CO)c1ccc(Cl)cc1,CC(C)(O)c1ccc2c(c1)C(=O)N(Cc1ccc(Cl)cc1)[C@@]2(OCC(F)(F)CO)c1ccc(Cl)cc1,130.0,6.886056647693163,6.886056647693163,,3,active
CHEMBL5801548,CC(C)(O)c1ccc2c(c1)C(=O)N(Cc1ccc(Cl)cc1)[C@@]2(OCC1(C#N)CC1)c1ccc(Cl)cc1,CC(C)(O)c1ccc2c(c1)C(=O)N(Cc1ccc(Cl)cc1)[C@@]2(OCC1(C#N)CC1)c1ccc(Cl)cc1,45.0,7.346787486224656,7.346787486224656,,3,active
CHEMBL5756434,CC(C)(O)c1ccc2c(c1)C(=O)N(Cc1ccc(Cl)cc1)[C@@]2(OCC1(C(=O)O)CC1)c1ccc(Cl)cc1,CC(C)(O)c1ccc2c(c1)C(=O)N(Cc1ccc(Cl)cc1)[C@@]2(OCC1(C(=O)O)CC1)c1ccc(Cl)cc1,140.0,6.853871964321762,6.853871964321762,,3,active
CHEMBL6017196,CC(C)(O)c1ccc2c(c1)C(=O)N(Cc1ccc(Cl)cc1)[C@@]2(OCC1(CNS(C)(=O)=O)CC1)c1ccc(Cl)cc1,CC(C)(O)c1ccc2c(c1)C(=O)N(Cc1ccc(Cl)cc1)[C@@]2(OCC1(CNS(C)(=O)=O)CC1)c1ccc(Cl)cc1,22.0,7.657577319177793,7.657577319177793,,1,active
CHEMBL4860101,CC(C)(O)c1ccc2c(c1)C(=O)N(Cc1ccc(Cl)cc1)[C@@]2(OCC1(CO)CC1)c1ccc(Cl)cc1,CC(C)(O)c1ccc2c(c1)C(=O)N(Cc1ccc(Cl)cc1)[C@@]2(OCC1(CO)CC1)c1ccc(Cl)cc1,9.65,8.02874794691596,8.02874794691596,,6,active
CHEMBL5912559,CC(C)(O)c1ccc2c(c1)C(=O)N(Cc1ccc(Cl)cc1)[C@@]2(OCC1(CO)CCC1)c1ccc(Cl)cc1,CC(C)(O)c1ccc2c(c1)C(=O)N(Cc1ccc(Cl)cc1)[C@@]2(OCC1(CO)CCC1)c1ccc(Cl)cc1,1.2,8.920818753952375,8.920818753952375,,1,active
CHEMBL5974941,CC(C)(O)c1ccc2c(c1)C(=O)N(Cc1ccc(Cl)cc1)[C@@]2(OCC1(CO)COC1)c1ccc(Cl)cc1,CC(C)(O)c1ccc2c(c1)C(=O)N(Cc1ccc(Cl)cc1)[C@@]2(OCC1(CO)COC1)c1ccc(Cl)cc1,43.0,7.366531544420414,7.366531544420414,,3,active
CHEMBL6008987,CC(C)(O)c1ccc2c(c1)C(=O)N(Cc1ccc(Cl)cc1)[C@@]2(OCC1(O)CC1)c1ccc(Cl)cc1,CC(C)(O)c1ccc2c(c1)C(=O)N(Cc1ccc(Cl)cc1)[C@@]2(OCC1(O)CC1)c1ccc(Cl)cc1,110.0,6.958607314841775,6.958607314841775,,3,active
CHEMBL5836627,CC(C)(O)c1ccc2c(c1)C(=O)N(Cc1ccc(Cl)cc1)[C@@]2(OCC1CCOC1)c1ccc(Cl)cc1,CC(C)(O)c1ccc2c(c1)C(=O)N(Cc1ccc(Cl)cc1)[C@@]2(OCC1CCOC1)c1ccc(Cl)cc1,54.5,7.268950809432422,7.268950809432422,,4,active
CHEMBL5852023,CC(C)(O)c1ccc2c(c1)C(=O)N(Cc1ccc(Cl)cc1)[C@@]2(OCCCO)c1ccc(Cl)cc1,CC(C)(O)c1ccc2c(c1)C(=O)N(Cc1ccc(Cl)cc1)[C@@]2(OCCCO)c1ccc(Cl)cc1,82.0,7.086186147616283,7.086186147616283,,3,active
CHEMBL6034718,CC(C)(O)c1ccc2c(c1)C(=O)N(Cc1ccc(Cl)cc1)[C@@]2(OCCO)c1ccc(Cl)cc1,CC(C)(O)c1ccc2c(c1)C(=O)N(Cc1ccc(Cl)cc1)[C@@]2(OCCO)c1ccc(Cl)cc1,93.0,7.031517051446065,7.031517051446065,,3,active
CHEMBL6049730,CC(C)(O)c1ccc2c(c1)C(=O)N(Cc1ccc(Cl)cc1)[C@@]2(OC[C@@H]1CCOC1)c1ccc(Cl)cc1,CC(C)(O)c1ccc2c(c1)C(=O)N(Cc1ccc(Cl)cc1)[C@@]2(OC[C@@H]1CCOC1)c1ccc(Cl)cc1,63.0,7.200659450546418,7.200659450546418,,1,active
CHEMBL5930290,CC(C)(O)c1ccc2c(c1)C(=O)N(Cc1ccc(Cl)cc1)[C@@]2(OC[C@H]1CCOC1)c1ccc(Cl)cc1,CC(C)(O)c1ccc2c(c1)C(=O)N(Cc1ccc(Cl)cc1)[C@@]2(OC[C@H]1CCOC1)c1ccc(Cl)cc1,68.0,7.167491087293763,7.167491087293763,,1,active
CHEMBL5878791,CC(C)(O)c1ccc2c(c1)C(=O)N(Cc1ccc(Cl)cc1)[C@@]2(OC[C@H]1CC[C@@H]1CO)c1ccc(Cl)cc1,CC(C)(O)c1ccc2c(c1)C(=O)N(Cc1ccc(Cl)cc1)[C@@]2(OC[C@H]1CC[C@@H]1CO)c1ccc(Cl)cc1,120.0,6.920818753952375,6.920818753952375,,1,active
CHEMBL6013117,CC(C)(O)c1ccc2c(c1)C(=O)N(Cc1ccc(Cl)cc1)[C@@]2(OC[C@H]1CC[C@H]1CO)c1ccc(Cl)cc1,CC(C)(O)c1ccc2c(c1)C(=O)N(Cc1ccc(Cl)cc1)[C@@]2(OC[C@H]1CC[C@H]1CO)c1ccc(Cl)cc1,135.0,6.872363747448347,6.872363747448347,,4,active
CHEMBL6043654,CC(C)(O)c1ccc2c(c1)C(=O)N(Cc1ccc(Cl)cc1)[C@@]2(OCc1cn[nH]c1)c1ccc(Cl)cc1,CC(C)(O)c1ccc2c(c1)C(=O)N(Cc1ccc(Cl)cc1)[C@@]2(OCc1cn[nH]c1)c1ccc(Cl)cc1,33.4,7.810437926964804,7.810437926964804,,2,active
CHEMBL5923035,CC(C)(O)c1ccc2c(c1)C(=O)N(Cc1ccc(Cl)cc1)[C@@]2(O[C@@H]1CCOC1)c1ccc(Cl)cc1,CC(C)(O)c1ccc2c(c1)C(=O)N(Cc1ccc(Cl)cc1)[C@@]2(O[C@@H]1CCOC1)c1ccc(Cl)cc1,41.0,7.3872161432802645,7.3872161432802645,,1,active
CHEMBL5878659,CC(C)(O)c1ccc2c(c1)C(=O)N(Cc1ccc(Cl)cc1)[C@@]2(O[C@H]1CCOC1)c1ccc(Cl)cc1,CC(C)(O)c1ccc2c(c1)C(=O)N(Cc1ccc(Cl)cc1)[C@@]2(O[C@H]1CCOC1)c1ccc(Cl)cc1,26.0,7.585026652029182,7.585026652029182,,1,active
CHEMBL5870422,CC(C)(O)c1ccc2c(c1)C(=O)N(Cc1ccc(Cl)cc1C(=O)O)[C@@]2(OCC1(CO)CC1)c1ccc(Cl)cc1,CC(C)(O)c1ccc2c(c1)C(=O)N(Cc1ccc(Cl)cc1C(=O)O)[C@@]2(OCC1(CO)CC1)c1ccc(Cl)cc1,1.9,8.721246399047171,8.721246399047171,,3,active
CHEMBL5896884,CC(C)(O)c1ccc2c(c1)C(=O)N(Cc1ccc(Cl)cc1S(=O)(=O)N1CCOCC1)[C@@]2(OCC1(CO)CC1)c1ccc(Cl)cc1,CC(C)(O)c1ccc2c(c1)C(=O)N(Cc1ccc(Cl)cc1S(=O)(=O)N1CCOCC1)[C@@]2(OCC1(CO)CC1)c1ccc(Cl)cc1,4.6,8.337242168318426,8.337242168318426,,3,active
CHEMBL5028339,CC(C)(O)c1ccc2c(c1)C(=O)N(Cc1ccc(Cl)cc1S(C)(=O)=O)[C@@]2(OCC1(CO)CC1)c1ccc(Cl)cc1,CC(C)(O)c1ccc2c(c1)C(=O)N(Cc1ccc(Cl)cc1S(C)(=O)=O)[C@@]2(OCC1(CO)CC1)c1ccc(Cl)cc1,1.9,8.721246399047171,8.721246399047171,,3,active
CHEMBL5774510,CC(C)(O)c1ccc2c(c1)C(=O)N([C@@H](CC(=O)O)c1ccc(Cl)cc1)[C@@]2(OCC1(CO)CC1)c1ccc(Cl)cc1,CC(C)(O)c1ccc2c(c1)C(=O)N([C@@H](CC(=O)O)c1ccc(Cl)cc1)[C@@]2(OCC1(CO)CC1)c1ccc(Cl)cc1,5.0,8.301029995663981,8.301029995663981,,3,active
CHEMBL5758686,CC(C)(O)c1ccnc(-c2nc3nc(-c4noc(=O)[nH]4)nc(-c4cccc(Cl)c4)c3n2C[C@H]2CC[C@H](C)CC2)c1,CC(C)(O)c1ccnc(-c2nc3nc(-c4noc(=O)[nH]4)nc(-c4cccc(Cl)c4)c3n2C[C@H]2CC[C@H](C)CC2)c1,26.17,7.582196277360119,7.582196277360119,,1,active
CHEMBL6049187,CC(C)=CCN1[C@H]2CCn3c(nc4cc(C(=O)O)ccc43)[C@H]2[C@H](c2cccc(Cl)c2F)[C@]12C(=O)Nc1cc(Cl)ccc12,CC(C)=CCN1[C@H]2CCn3c(nc4cc(C(=O)O)ccc43)[C@H]2[C@H](c2cccc(Cl)c2F)[C@]12C(=O)Nc1cc(Cl)ccc12,11.0,7.958607314841775,7.958607314841775,,1,active
CHEMBL5821402,CC(C)=CCN1[C@H]2COc3c4ccc(C(=O)O)cc4nn3[C@H]2[C@H](c2cccc(Cl)c2F)[C@]12C(=O)Nc1cc(Cl)ccc12,CC(C)=CCN1[C@H]2COc3c4ccc(C(=O)O)cc4nn3[C@H]2[C@H](c2cccc(Cl)c2F)[C@]12C(=O)Nc1cc(Cl)ccc12,40.0,7.3979400086720375,7.3979400086720375,,1,active
CHEMBL3687231,CC(C)=CCn1nc2c(c1C(C)C)C(c1ccc(Cl)cc1C)N(c1cccc(Cl)c1F)C2=O,CC(C)=CCn1nc2c(c1C(C)C)C(c1ccc(Cl)cc1C)N(c1cccc(Cl)c1F)C2=O,4.8,8.318758762624412,8.318758762624412,,1,active
CHEMBL3649945,CC(C)C(=O)N1C[C@@H](C)N(c2nc3cc(-c4noc(=O)[nH]4)nc(-c4cncc(Cl)c4)c3n2C[C@H]2CC[C@H](C)CC2)[C@H](C)C1,CC(C)C(=O)N1C[C@@H](C)N(c2nc3cc(-c4noc(=O)[nH]4)nc(-c4cncc(Cl)c4)c3n2C[C@H]2CC[C@H](C)CC2)[C@H](C)C1,3.0,8.522878745280337,8.522878745280337,,1,active
CHEMBL3979460,CC(C)C(=O)N1C[C@H](C)N(c2nc3cc(-c4nc(=O)o[nH]4)nc(-c4cncc(Cl)c4)c3n2C[C@H]2CC[C@H](C)CC2)[C@@H](C)C1,CC(C)C(=O)N1C[C@H](C)N(c2nc3cc(-c4nc(=O)o[nH]4)nc(-c4cncc(Cl)c4)c3n2C[C@H]2CC[C@H](C)CC2)[C@@H](C)C1,3.0,8.522878745280337,8.522878745280337,,1,active
CHEMBL3774508,CC(C)C(=O)Nc1ccccc1SC(=O)C(C)C,CC(C)C(=O)Nc1ccccc1SC(=O)C(C)C,13100.0,4.882728704344236,4.882728704344236,,1,inactive
CHEMBL3653335,CC(C)C(CS(C)(=O)=O)c1nc2cc(-c3noc(=O)[nH]3)nc(-c3cncc(Cl)c3)c2n1C[C@H]1CC[C@H](C)CC1,CC(C)C(CS(C)(=O)=O)c1nc2cc(-c3noc(=O)[nH]3)nc(-c3cncc(Cl)c3)c2n1C[C@H]1CC[C@H](C)CC1,5.0,8.301029995663981,8.301029995663981,,2,active
CHEMBL5989834,CC(C)C(O)c1nc2nc(-c3noc(=O)[nH]3)nc(N[C@H](C)C3CCC3)c2n1C[C@H]1CC[C@H](C)CC1,CC(C)C(O)c1nc2nc(-c3noc(=O)[nH]3)nc(N[C@H](C)C3CCC3)c2n1C[C@H]1CC[C@H](C)CC1,16.946,7.977921756428252,7.977921756428252,,2,active
CHEMBL2152325,CC(C)C1=C(C(=O)N2CCC(C(=O)N(C)C)CC2)SC2=N[C@@H](c3ccc(Cl)cc3)[C@@H](c3ccc(Cl)cc3)N21,CC(C)C1=C(C(=O)N2CCC(C(=O)N(C)C)CC2)SC2=N[C@@H](c3ccc(Cl)cc3)[C@@H](c3ccc(Cl)cc3)N21,4400.0,5.356547323513812,5.356547323513812,,1,intermediate
CHEMBL2152329,CC(C)C1=C(C(=O)N2CCN(C)CC2)SC2=N[C@@H](c3ccc(Cl)cc3)[C@@H](c3ccc(Cl)cc3)N21,CC(C)C1=C(C(=O)N2CCN(C)CC2)SC2=N[C@@H](c3ccc(Cl)cc3)[C@@H](c3ccc(Cl)cc3)N21,1200.0,5.920818753952375,5.920818753952375,,1,intermediate
CHEMBL2152328,CC(C)C1=C(C(=O)N2CCN(CCO)CC2)SC2=N[C@@H](c3ccc(Cl)cc3)[C@@H](c3ccc(Cl)cc3)N21,CC(C)C1=C(C(=O)N2CCN(CCO)CC2)SC2=N[C@@H](c3ccc(Cl)cc3)[C@@H](c3ccc(Cl)cc3)N21,1800.0,5.7447274948966935,5.7447274948966935,,1,intermediate
CHEMBL2152331,CC(C)C1=C(C(=O)N2CCNC(=O)C2)SC2=NC(c3ccc(Cl)cc3)C(c3ccc(Cl)cc3)N21,CC(C)C1=C(C(=O)N2CCNC(=O)C2)SC2=NC(c3ccc(Cl)cc3)C(c3ccc(Cl)cc3)N21,6030.0,5.860166527975772,5.860166527975772,,2,intermediate
CHEMBL2152320,CC(C)C1=C(C(=O)N2CCNC(=O)C2)SC2=N[C@@H](c3ccc(Cl)cc3)[C@@H](c3ccc(Cl)cc3)N21,CC(C)C1=C(C(=O)N2CCNC(=O)C2)SC2=N[C@@H](c3ccc(Cl)cc3)[C@@H](c3ccc(Cl)cc3)N21,260.0,6.585026652029182,6.585026652029182,,1,active
CHEMBL2152327,CC(C)C1=C(C(=O)N2CCNC(=O)CC2)SC2=N[C@@H](c3ccc(Cl)cc3)[C@@H](c3ccc(Cl)cc3)N21,CC(C)C1=C(C(=O)N2CCNC(=O)CC2)SC2=N[C@@H](c3ccc(Cl)cc3)[C@@H](c3ccc(Cl)cc3)N21,1100.0,5.958607314841775,5.958607314841775,,1,intermediate
CHEMBL2152326,CC(C)C1=C(C(=O)N2CCOCC2)SC2=N[C@@H](c3ccc(Cl)cc3)[C@@H](c3ccc(Cl)cc3)N21,CC(C)C1=C(C(=O)N2CCOCC2)SC2=N[C@@H](c3ccc(Cl)cc3)[C@@H](c3ccc(Cl)cc3)N21,340.0,6.468521082957745,6.468521082957745,,1,active
CHEMBL2315846,CC(C)C1=C(C(=O)N2CC[C@H]2C(=O)N(C)C)SC2=N[C@@](C)(c3ccc(Cl)cc3)[C@@H](c3ccc(Cl)cc3)N21,CC(C)C1=C(C(=O)N2CC[C@H]2C(=O)N(C)C)SC2=N[C@@](C)(c3ccc(Cl)cc3)[C@@H](c3ccc(Cl)cc3)N21,140.0,6.853871964321762,6.853871964321762,,1,active
CHEMBL2152330,CC(C)C1=C(C(=O)N2C[C@@H](C)N[C@@H](C)C2)SC2=N[C@@H](c3ccc(Cl)cc3)[C@@H](c3ccc(Cl)cc3)N21,CC(C)C1=C(C(=O)N2C[C@@H](C)N[C@@H](C)C2)SC2=N[C@@H](c3ccc(Cl)cc3)[C@@H](c3ccc(Cl)cc3)N21,140.0,6.853871964321762,6.853871964321762,,1,active
CHEMBL4548050,CC(C)C1=C(C(=O)N2C[C@H](F)C[C@H]2C(=O)N2CC3(CC3)NC[C@@H]2C)SC2=N[C@@](C)(c3ccc(Cl)cc3)[C@@H](c3ccc(Cl)c(F)c3)N21,CC(C)C1=C(C(=O)N2C[C@H](F)C[C@H]2C(=O)N2CC3(CC3)NC[C@@H]2C)SC2=N[C@@](C)(c3ccc(Cl)cc3)[C@@H](c3ccc(Cl)c(F)c3)N21,1.2,8.920818753952375,8.920818753952375,,1,active
CHEMBL3402520,CC(C)C1=C(C(=O)N2C[C@H](F)C[C@H]2C(=O)N2CC3(CC3)NC[C@@H]2C)SC2=N[C@@](C)(c3ccc(Cl)nc3)[C@@H](c3ccc(Cl)c(F)c3)N21,CC(C)C1=C(C(=O)N2C[C@H](F)C[C@H]2C(=O)N2CC3(CC3)NC[C@@H]2C)SC2=N[C@@](C)(c3ccc(Cl)nc3)[C@@H](c3ccc(Cl)c(F)c3)N21,2.2,8.657577319177793,8.657577319177793,,1,active
CHEMBL3402519,CC(C)C1=C(C(=O)N2[C@H](C)CC[C@H]2C(=O)N2CC3(CC3)NC[C@@H]2C)SC2=N[C@@](C)(c3ccc(Cl)nc3)[C@@H](c3ccc(Cl)c(F)c3)N21,CC(C)C1=C(C(=O)N2[C@H](C)CC[C@H]2C(=O)N2CC3(CC3)NC[C@@H]2C)SC2=N[C@@](C)(c3ccc(Cl)nc3)[C@@H](c3ccc(Cl)c(F)c3)N21,11.0,7.958607314841775,7.958607314841775,,1,active
CHEMBL3402515,CC(C)C1=C(C(=O)N2[C@H](C)CC[C@H]2C(=O)N2CCN(C)C3(CC3)C2)SC2=N[C@@](C)(c3ccc(Cl)cc3)[C@@H](c3ccc(Cl)cc3)N21,CC(C)C1=C(C(=O)N2[C@H](C)CC[C@H]2C(=O)N2CCN(C)C3(CC3)C2)SC2=N[C@@](C)(c3ccc(Cl)cc3)[C@@H](c3ccc(Cl)cc3)N21,21.0,7.6777807052660805,7.6777807052660805,,1,active
CHEMBL2398246,CC(C)C1=C(C(=O)N2[C@H](C)CC[C@H]2C(=O)N2CCN(C)[C@H](C)C2)SC2=N[C@@](C)(c3ccc(Cl)cc3)[C@@H](c3ccc(Cl)cc3)N21,CC(C)C1=C(C(=O)N2[C@H](C)CC[C@H]2C(=O)N2CCN(C)[C@H](C)C2)SC2=N[C@@](C)(c3ccc(Cl)cc3)[C@@H](c3ccc(Cl)cc3)N21,15.0,7.823908740944319,7.823908740944319,,1,active
CHEMBL3402517,CC(C)C1=C(C(=O)N2[C@H](C)CC[C@H]2C(=O)N2CCNC3(CC3)C2)SC2=N[C@@](C)(c3ccc(Cl)cc3)[C@@H](c3ccc(Cl)c(F)c3)N21,CC(C)C1=C(C(=O)N2[C@H](C)CC[C@H]2C(=O)N2CCNC3(CC3)C2)SC2=N[C@@](C)(c3ccc(Cl)cc3)[C@@H](c3ccc(Cl)c(F)c3)N21,7.6,8.119186407719209,8.119186407719209,,1,active
CHEMBL3402516,CC(C)C1=C(C(=O)N2[C@H](C)CC[C@H]2C(=O)N2CCNC3(CC3)C2)SC2=N[C@@](C)(c3ccc(Cl)cc3)[C@@H](c3ccc(Cl)cc3)N21,CC(C)C1=C(C(=O)N2[C@H](C)CC[C@H]2C(=O)N2CCNC3(CC3)C2)SC2=N[C@@](C)(c3ccc(Cl)cc3)[C@@H](c3ccc(Cl)cc3)N21,9.5,8.022276394711152,8.022276394711152,,1,active
CHEMBL3402518,CC(C)C1=C(C(=O)N2[C@H](C)CC[C@H]2C(=O)N2CCNC3(CC3)C2)SC2=N[C@@](C)(c3ccc(Cl)nc3)[C@@H](c3ccc(Cl)c(F)c3)N21,CC(C)C1=C(C(=O)N2[C@H](C)CC[C@H]2C(=O)N2CCNC3(CC3)C2)SC2=N[C@@](C)(c3ccc(Cl)nc3)[C@@H](c3ccc(Cl)c(F)c3)N21,15.0,7.823908740944319,7.823908740944319,,1,active
CHEMBL5882510,CC(C)C1CCCCN1c1nc2nc(C(=O)O)nc(N[C@H](C)C3CCC3)c2n1C[C@H]1CC[C@H](C)CC1,CC(C)C1CCCCN1c1nc2nc(C(=O)O)nc(N[C@H](C)C3CCC3)c2n1C[C@H]1CC[C@H](C)CC1,3.309,8.480303232840146,8.480303232840146,,1,active
CHEMBL5916389,CC(C)C1CCCCN1c1nc2nc(C(=O)O)nc(N[C@H](C)C3CCC3)c2n1Cc1ccc(C(F)(F)F)cc1,CC(C)C1CCCCN1c1nc2nc(C(=O)O)nc(N[C@H](C)C3CCC3)c2n1Cc1ccc(C(F)(F)F)cc1,9.158,8.03819936080832,8.03819936080832,,1,active
CHEMBL5886039,CC(C)C1CCCN(c2nc3nc(C(=O)O)nc(N[C@H](C)C4CCC4)c3n2Cc2ccc(C(F)(F)F)cc2)C1,CC(C)C1CCCN(c2nc3nc(C(=O)O)nc(N[C@H](C)C4CCC4)c3n2Cc2ccc(C(F)(F)F)cc2)C1,26.18,7.582030357785263,7.582030357785263,,1,active
CHEMBL3649819,CC(C)C1CCCN1c1nc2cc(-c3noc(=O)[nH]3)nc(-c3cncc(Cl)c3)c2n1C[C@H]1CC[C@H](C)CC1,CC(C)C1CCCN1c1nc2cc(-c3noc(=O)[nH]3)nc(-c3cncc(Cl)c3)c2n1C[C@H]1CC[C@H](C)CC1,1.0,9.0,9.0,,2,active
CHEMBL5751226,CC(C)C1CCCN1c1nc2nc(-c3noc(=O)[nH]3)nc(N[C@H](C)C3CCC3)c2n1C[C@H]1CC[C@H](C)CC1,CC(C)C1CCCN1c1nc2nc(-c3noc(=O)[nH]3)nc(N[C@H](C)C3CCC3)c2n1C[C@H]1CC[C@H](C)CC1,4.455,8.351152291627105,8.351152291627105,,1,active
CHEMBL5882834,CC(C)C1CCCN1c1nc2nc(-c3noc(=O)[nH]3)nc(N[C@H](C)C3CCC3)c2n1Cc1ccc(C(F)(F)F)cc1,CC(C)C1CCCN1c1nc2nc(-c3noc(=O)[nH]3)nc(N[C@H](C)C3CCC3)c2n1Cc1ccc(C(F)(F)F)cc1,10.21,7.99097425791309,7.99097425791309,,1,active
CHEMBL3649862,CC(C)C1C[C@@H](O)CN1c1nc2cc(-c3noc(=O)[nH]3)nc(-c3cncc(Cl)c3)c2n1C[C@H]1CC[C@H](C)CC1,CC(C)C1C[C@@H](O)CN1c1nc2cc(-c3noc(=O)[nH]3)nc(-c3cncc(Cl)c3)c2n1C[C@H]1CC[C@H](C)CC1,1.0,9.0,9.0,,1,active
CHEMBL5895835,CC(C)CC(=O)N(C)c1nc2nc(C(=O)O)nc(N[C@H](C)C3CCC3)c2n1Cc1ccc(C(F)(F)F)cc1,CC(C)CC(=O)N(C)c1nc2nc(C(=O)O)nc(N[C@H](C)C3CCC3)c2n1Cc1ccc(C(F)(F)F)cc1,69.79,7.156206801674087,7.156206801674087,,1,active
CHEMBL5941701,CC(C)CC(=O)Nc1nc2nc(C(=O)O)nc(N[C@H](C)C3CCC3)c2n1Cc1ccc(C(F)(F)F)cc1,CC(C)CC(=O)Nc1nc2nc(C(=O)O)nc(N[C@H](C)C3CCC3)c2n1Cc1ccc(C(F)(F)F)cc1,324.0,6.489454989793388,6.489454989793388,,1,active
CHEMBL5745016,CC(C)CC1CCCCN1c1nc2nc(-c3noc(=O)[nH]3)nc(N[C@H](C)C3CCC3)c2n1C[C@H]1CC[C@H](C)CC1,CC(C)CC1CCCCN1c1nc2nc(-c3noc(=O)[nH]3)nc(N[C@H](C)C3CCC3)c2n1C[C@H]1CC[C@H](C)CC1,6.139,8.211902366619702,8.211902366619702,,1,active
CHEMBL5896208,CC(C)CC1CCCCN1c1nc2nc(C(=O)O)nc(N[C@H](C)C3CCC3)c2n1C[C@H]1CC[C@H](C)CC1,CC(C)CC1CCCCN1c1nc2nc(C(=O)O)nc(N[C@H](C)C3CCC3)c2n1C[C@H]1CC[C@H](C)CC1,1.817,8.740645072691965,8.740645072691965,,1,active
CHEMBL5893969,CC(C)CC1CCCCN1c1nc2nc(C(=O)O)nc(N[C@H](C)C3CCC3)c2n1Cc1ccc(C(F)(F)F)cc1,CC(C)CC1CCCCN1c1nc2nc(C(=O)O)nc(N[C@H](C)C3CCC3)c2n1Cc1ccc(C(F)(F)F)cc1,5.319,8.27417000967942,8.27417000967942,,1,active
CHEMBL6036556,CC(C)CC1CCCN1c1nc2nc(-c3noc(=O)[nH]3)nc(N[C@H](C)C3CCC3)c2n1Cc1ccc(C(F)(F)F)cc1,CC(C)CC1CCCN1c1nc2nc(-c3noc(=O)[nH]3)nc(N[C@H](C)C3CCC3)c2n1Cc1ccc(C(F)(F)F)cc1,19.45,7.711080394338273,7.711080394338273,,1,active
CHEMBL5981653,CC(C)CC1CCN(c2nc3nc(-c4noc(=O)[nH]4)nc(N[C@H](C)C4CCC4)c3n2Cc2ccc(C(F)(F)F)cc2)C1,CC(C)CC1CCN(c2nc3nc(-c4noc(=O)[nH]4)nc(N[C@H](C)C4CCC4)c3n2Cc2ccc(C(F)(F)F)cc2)C1,478.4,6.320208829019645,6.320208829019645,,1,active
CHEMBL6030289,CC(C)CC1COCCN1c1nc2nc(-c3noc(=O)[nH]3)nc(N[C@H](C)C3CCC3)c2n1C[C@H]1CC[C@H](C)CC1,CC(C)CC1COCCN1c1nc2nc(-c3noc(=O)[nH]3)nc(N[C@H](C)C3CCC3)c2n1C[C@H]1CC[C@H](C)CC1,14.67,7.833569886156718,7.833569886156718,,1,active
CHEMBL5779847,CC(C)CC1COCCN1c1nc2nc(-c3noc(=O)[nH]3)nc(N[C@H](C)C3CCC3)c2n1Cc1ccc(C(F)(F)F)cc1,CC(C)CC1COCCN1c1nc2nc(-c3noc(=O)[nH]3)nc(N[C@H](C)C3CCC3)c2n1Cc1ccc(C(F)(F)F)cc1,9.8,8.008773924307505,8.008773924307505,,1,active
CHEMBL5779158,CC(C)CC1COCCN1c1nc2nc(C(=O)O)nc(N[C@H](C)C3CCC3)c2n1Cc1ccc(C(F)(F)F)cc1,CC(C)CC1COCCN1c1nc2nc(C(=O)O)nc(N[C@H](C)C3CCC3)c2n1Cc1ccc(C(F)(F)F)cc1,6.067,8.217026005055951,8.217026005055951,,1,active
CHEMBL4524095,CC(C)CCC(=O)NC(CCC(=O)O)CN(C(=O)NCCCC1CCCCC1)C(CCCCN)CN(C(=O)NCCc1ccc(Br)cc1)C(CCC(=O)O)CN(CCC(N)=O)C(=O)NCCCc1ccc(Br)cc1,CC(C)CCC(=O)NC(CCC(=O)O)CN(C(=O)NCCCC1CCCCC1)C(CCCCN)CN(C(=O)NCCc1ccc(Br)cc1)C(CCC(=O)O)CN(CCC(N)=O)C(=O)NCCCc1ccc(Br)cc1,2800.0,5.552841968657781,5.552841968657781,,1,intermediate
CHEMBL4524109,CC(C)CCC(=O)NC(CCC(=O)O)CN(C(=O)NCCCC1CCCCC1)C(CCCCN)CN(C(=O)NCCc1ccc(Br)cc1)C(CCC(=O)O)CN(CCC(N)=O)C(=O)NCCCc1ccc(F)cc1,CC(C)CCC(=O)NC(CCC(=O)O)CN(C(=O)NCCCC1CCCCC1)C(CCCCN)CN(C(=O)NCCc1ccc(Br)cc1)C(CCC(=O)O)CN(CCC(N)=O)C(=O)NCCCc1ccc(F)cc1,2600.0,5.585026652029182,5.585026652029182,,1,intermediate
CHEMBL4524084,CC(C)CCC(=O)N[C@@H](CCCC(=O)O)CN(C(=O)NCCCC1CCCCC1)[C@@H](CCCCN)CN(C(=O)NCCc1ccc(Br)cc1)[C@@H](CCCC(=O)O)CN(CCC(N)=O)C(=O)NCCCc1ccc(F)cc1,CC(C)CCC(=O)N[C@@H](CCCC(=O)O)CN(C(=O)NCCCC1CCCCC1)[C@@H](CCCCN)CN(C(=O)NCCc1ccc(Br)cc1)[C@@H](CCCC(=O)O)CN(CCC(N)=O)C(=O)NCCCc1ccc(F)cc1,5900.0,5.229147988357855,5.229147988357855,,1,intermediate
CHEMBL593926,CC(C)CCCCNC(=O)N(CC(CCC(=O)O)NC(N)=O)C(CCCCN)CN(C(=O)NCCc1ccc(Br)cc1)C(CCC(=O)O)CN(CCC(N)=O)C(=O)NCCCc1ccc(Br)cc1,CC(C)CCCCNC(=O)N(CC(CCC(=O)O)NC(N)=O)C(CCCCN)CN(C(=O)NCCc1ccc(Br)cc1)C(CCC(=O)O)CN(CCC(N)=O)C(=O)NCCCc1ccc(Br)cc1,13000.0,4.886056647693163,4.886056647693163,,1,inactive
CHEMBL593825,CC(C)CCCNC(=O)N(CC(CCC(=O)O)NC(N)=O)C(CCCCN)CN(C(=O)NCCCc1ccc(Br)cc1)C(CCC(=O)O)CN(CCC(N)=O)C(=O)NCCCc1ccccc1,CC(C)CCCNC(=O)N(CC(CCC(=O)O)NC(N)=O)C(CCCCN)CN(C(=O)NCCCc1ccc(Br)cc1)C(CCC(=O)O)CN(CCC(N)=O)C(=O)NCCCc1ccccc1,20000.0,4.698970004336019,4.698970004336019,,1,inactive
CHEMBL611331,CC(C)CCCNC(=O)N(CC(CCC(=O)O)NC(N)=O)C(CCCCN)CN(C(=O)NCCCc1ccccc1)C(CCC(=O)O)CN(CCC(N)=O)C(=O)NCCc1ccc(Br)cc1,CC(C)CCCNC(=O)N(CC(CCC(=O)O)NC(N)=O)C(CCCCN)CN(C(=O)NCCCc1ccccc1)C(CCC(=O)O)CN(CCC(N)=O)C(=O)NCCc1ccc(Br)cc1,38000.0,4.42021640338319,4.42021640338319,,1,inactive
CHEMBL593074,CC(C)CCCNC(=O)N(CC(CCC(=O)O)NC(N)=O)C(CCCCN)CN(C(=O)NCCc1ccc(Br)cc1)C(CCC(=O)O)CN(CCC(N)=O)C(=O)NCCCc1ccc(Br)cc1,CC(C)CCCNC(=O)N(CC(CCC(=O)O)NC(N)=O)C(CCCCN)CN(C(=O)NCCc1ccc(Br)cc1)C(CCC(=O)O)CN(CCC(N)=O)C(=O)NCCCc1ccc(Br)cc1,9200.0,5.036212172654444,5.036212172654444,,1,intermediate
CHEMBL611333,CC(C)CCCNC(=O)N(CC(CCC(=O)O)NC(N)=O)C(CCCCN)CN(C(=O)NCCc1ccc(Br)cc1)C(CCC(=O)O)CN(CCC(N)=O)C(=O)NCCCc1ccc([N+](=O)[O-])cc1,CC(C)CCCNC(=O)N(CC(CCC(=O)O)NC(N)=O)C(CCCCN)CN(C(=O)NCCc1ccc(Br)cc1)C(CCC(=O)O)CN(CCC(N)=O)C(=O)NCCCc1ccc([N+](=O)[O-])cc1,41000.0,4.3872161432802645,4.3872161432802645,,1,inactive
CHEMBL593807,CC(C)CCCNC(=O)N(CC(CCC(=O)O)NC(N)=O)C(CCCCN)CN(C(=O)NCCc1ccc(Br)cc1)C(CCC(=O)O)CN(CCC(N)=O)C(=O)NCCCc1ccccc1,CC(C)CCCNC(=O)N(CC(CCC(=O)O)NC(N)=O)C(CCCCN)CN(C(=O)NCCc1ccc(Br)cc1)C(CCC(=O)O)CN(CCC(N)=O)C(=O)NCCCc1ccccc1,18000.0,4.7447274948966935,4.7447274948966935,,1,inactive
CHEMBL611332,CC(C)CCCNC(=O)N(CC(CCC(=O)O)NC(N)=O)C(CCCCN)CN(C(=O)NCCc1ccc(Br)cc1)C(CCC(=O)O)CN(CCC(N)=O)C(=O)NCCc1ccc(Br)cc1,CC(C)CCCNC(=O)N(CC(CCC(=O)O)NC(N)=O)C(CCCCN)CN(C(=O)NCCc1ccc(Br)cc1)C(CCC(=O)O)CN(CCC(N)=O)C(=O)NCCc1ccc(Br)cc1,17000.0,4.769551078621726,4.769551078621726,,1,inactive
CHEMBL611330,CC(C)CCCNC(=O)N(CC(CCC(=O)O)NC(N)=O)C(CCCCN)CN(C(=O)NCCc1ccc(Cl)cc1)C(CCC(=O)O)CN(CCC(N)=O)C(=O)NCCCc1ccccc1,CC(C)CCCNC(=O)N(CC(CCC(=O)O)NC(N)=O)C(CCCCN)CN(C(=O)NCCc1ccc(Cl)cc1)C(CCC(=O)O)CN(CCC(N)=O)C(=O)NCCCc1ccccc1,43000.0,4.366531544420414,4.366531544420414,,1,inactive
CHEMBL593921,CC(C)CCCNC(=O)N(CC(CCC(=O)O)NC(N)=O)C(CCCCN)CN(C(=O)NCCc1ccc(Cl)cc1)C(CCC(=O)O)CN(CCC(N)=O)C(=O)NCCc1ccc(Cl)cc1,CC(C)CCCNC(=O)N(CC(CCC(=O)O)NC(N)=O)C(CCCCN)CN(C(=O)NCCc1ccc(Cl)cc1)C(CCC(=O)O)CN(CCC(N)=O)C(=O)NCCc1ccc(Cl)cc1,63000.0,4.200659450546418,4.200659450546418,,1,inactive
CHEMBL611023,CC(C)CCCNC(=O)N(CC(CCC(=O)O)NC(N)=O)C(CCCCN)CN(C(=O)NCCc1ccc(Cl)cc1)C(CCC(=O)O)CN(CCC(N)=O)C(=O)NCCc1ccccc1,CC(C)CCCNC(=O)N(CC(CCC(=O)O)NC(N)=O)C(CCCCN)CN(C(=O)NCCc1ccc(Cl)cc1)C(CCC(=O)O)CN(CCC(N)=O)C(=O)NCCc1ccccc1,85000.0,4.070581074285707,4.070581074285707,,1,inactive
CHEMBL6043714,CC(C)CCN1[C@H]2CCn3c(nc4cc(C(=O)O)ccc43)[C@H]2[C@H](c2cccc(Cl)c2F)[C@]12C(=O)Nc1cc(Cl)ccc12,CC(C)CCN1[C@H]2CCn3c(nc4cc(C(=O)O)ccc43)[C@H]2[C@H](c2cccc(Cl)c2F)[C@]12C(=O)Nc1cc(Cl)ccc12,12.0,7.920818753952375,7.920818753952375,,1,active
CHEMBL5922269,CC(C)CCN1[C@H]2COc3c4ccc(C(=O)O)cc4nn3[C@H]2[C@H](c2cccc(Cl)c2F)[C@]12C(=O)Nc1cc(Cl)ccc12,CC(C)CCN1[C@H]2COc3c4ccc(C(=O)O)cc4nn3[C@H]2[C@H](c2cccc(Cl)c2F)[C@]12C(=O)Nc1cc(Cl)ccc12,48.0,7.318758762624412,7.318758762624412,,1,active
CHEMBL3687236,CC(C)CCn1nc2c(c1C(C)C)C(c1ccc(F)c(F)c1)N(c1cccc(Cl)c1F)C2=O,CC(C)CCn1nc2c(c1C(C)C)C(c1ccc(F)c(F)c1)N(c1cccc(Cl)c1F)C2=O,16.6,7.779891911959945,7.779891911959945,,1,active
CHEMBL3687235,CC(C)CCn1nc2c(c1C(C)C)C(c1ccc(F)cc1)N(c1cccc(Cl)c1F)C2=O,CC(C)CCn1nc2c(c1C(C)C)C(c1ccc(F)cc1)N(c1cccc(Cl)c1F)C2=O,31.4,7.503070351926786,7.503070351926786,,1,active
CHEMBL5988183,CC(C)CN(C)C(C)c1nc2nc(C(=O)O)nc(N[C@H](C)C3CCC3)c2n1Cc1ccc(C(F)(F)F)cc1,CC(C)CN(C)C(C)c1nc2nc(C(=O)O)nc(N[C@H](C)C3CCC3)c2n1Cc1ccc(C(F)(F)F)cc1,21.24,7.6728454875905685,7.6728454875905685,,1,active
CHEMBL5745999,CC(C)CN(C)c1nc2nc(-c3noc(=O)[nH]3)nc(N[C@H](C)C3CCC3)c2n1C[C@H]1CC[C@H](C)CC1,CC(C)CN(C)c1nc2nc(-c3noc(=O)[nH]3)nc(N[C@H](C)C3CCC3)c2n1C[C@H]1CC[C@H](C)CC1,6.708,8.173406946065953,8.173406946065953,,1,active
CHEMBL5756802,CC(C)CN(C)c1nc2nc(-c3noc(=O)[nH]3)nc(N[C@H](C)C3CCC3)c2n1Cc1ccc(C(F)(F)F)cc1,CC(C)CN(C)c1nc2nc(-c3noc(=O)[nH]3)nc(N[C@H](C)C3CCC3)c2n1Cc1ccc(C(F)(F)F)cc1,11.63,7.9344202852715515,7.9344202852715515,,1,active
CHEMBL5926717,CC(C)CN(C)c1nc2nc(C(=O)O)nc(N[C@H](C)C3CCC3)c2n1C[C@H]1CC[C@H](C)CC1,CC(C)CN(C)c1nc2nc(C(=O)O)nc(N[C@H](C)C3CCC3)c2n1C[C@H]1CC[C@H](C)CC1,1.648,8.783042792638904,8.783042792638904,,1,active
CHEMBL3942905,CC(C)CN1C(=O)[C@H](CC(=O)O)CC(c2cccc(Cl)c2)[C@H]1c1ccc(Cl)cc1,CC(C)CN1C(=O)[C@H](CC(=O)O)CC(c2cccc(Cl)c2)[C@H]1c1ccc(Cl)cc1,450.0,6.346787486224656,6.346787486224656,,1,active
CHEMBL5868782,CC(C)CN1C(=O)[C@H](CC(=O)O)O[C@@H](c2cccc(Cl)c2)[C@H]1c1ccc(Cl)cc1,CC(C)CN1C(=O)[C@H](CC(=O)O)O[C@@H](c2cccc(Cl)c2)[C@H]1c1ccc(Cl)cc1,2150.0,5.667561540084394,5.667561540084394,,3,intermediate
CHEMBL5851712,CC(C)CN1CCC(CN(C)c2nc3nc(-c4noc(=O)[nH]4)nc(N[C@H](C)C4CCC4)c3n2Cc2ccc(C(F)(F)F)cc2)C1,CC(C)CN1CCC(CN(C)c2nc3nc(-c4noc(=O)[nH]4)nc(N[C@H](C)C4CCC4)c3n2Cc2ccc(C(F)(F)F)cc2)C1,143.5,6.843148098929989,6.843148098929989,,1,active
CHEMBL6007877,CC(C)CN1[C@@H]2COc3c4ccc(C(=O)O)cc4nn3[C@@H]2[C@@H](c2cccc(Cl)c2F)[C@@]12C(=O)Nc1cc(Cl)ccc12,CC(C)CN1[C@@H]2COc3c4ccc(C(=O)O)cc4nn3[C@@H]2[C@@H](c2cccc(Cl)c2F)[C@@]12C(=O)Nc1cc(Cl)ccc12,797.0,6.098541678603888,6.098541678603888,,1,active
CHEMBL5995729,CC(C)CN1[C@H]2CCn3c(nc4cc(C(=O)O)ccc43)[C@H]2[C@H](c2cccc(Cl)c2F)[C@]12C(=O)Nc1cc(Cl)ccc12,CC(C)CN1[C@H]2CCn3c(nc4cc(C(=O)O)ccc43)[C@H]2[C@H](c2cccc(Cl)c2F)[C@]12C(=O)Nc1cc(Cl)ccc12,5.5,8.309894379144197,8.309894379144197,,2,active
CHEMBL5905986,CC(C)CN1[C@H]2CCn3c(nc4cc(C(N)=O)ccc43)[C@H]2[C@H](c2cccc(Cl)c2F)[C@]12C(=O)Nc1cc(Cl)ccc12,CC(C)CN1[C@H]2CCn3c(nc4cc(C(N)=O)ccc43)[C@H]2[C@H](c2cccc(Cl)c2F)[C@]12C(=O)Nc1cc(Cl)ccc12,3.0,8.522878745280337,8.522878745280337,,1,active
CHEMBL5774501,CC(C)CN1[C@H]2COc3c4ccc(C(=O)O)cc4nn3[C@H]2[C@H](c2cccc(Cl)c2F)[C@]12C(=O)Nc1cc(Cl)ccc12,CC(C)CN1[C@H]2COc3c4ccc(C(=O)O)cc4nn3[C@H]2[C@H](c2cccc(Cl)c2F)[C@]12C(=O)Nc1cc(Cl)ccc12,14.0,7.858349385648225,7.858349385648225,,2,active
CHEMBL5883679,CC(C)CN1[C@H]2Cc3c4ccc(C(=O)O)cc4nn3[C@H]2[C@H](c2cccc(Cl)c2F)[C@]12C(=O)Nc1cc(Cl)ccc12,CC(C)CN1[C@H]2Cc3c4ccc(C(=O)O)cc4nn3[C@H]2[C@H](c2cccc(Cl)c2F)[C@]12C(=O)Nc1cc(Cl)ccc12,2.0,8.698970004336019,8.698970004336019,,1,active
CHEMBL5947517,CC(C)CNC(=O)c1nc2nc(C(=O)O)nc(N[C@H](C)C3CCC3)c2n1Cc1ccc(C(F)(F)F)cc1,CC(C)CNC(=O)c1nc2nc(C(=O)O)nc(N[C@H](C)C3CCC3)c2n1Cc1ccc(C(F)(F)F)cc1,37.05,7.431211787684653,7.431211787684653,,1,active
CHEMBL5958950,CC(C)COC(C)c1nc2nc(C(=O)O)nc(N[C@H](C)C3CCC3)c2n1Cc1ccc(C(F)(F)F)cc1,CC(C)COC(C)c1nc2nc(C(=O)O)nc(N[C@H](C)C3CCC3)c2n1Cc1ccc(C(F)(F)F)cc1,39.42,7.404283380056576,7.404283380056576,,1,active
CHEMBL4206176,CC(C)C[C@@H](NC(=O)[C@@H](C)NC(=O)C(C)(C)NC(=O)[C@@H](Cc1c[nH]c2ccccc12)NC(=O)[C@H](NC(=O)[C@H](N)CC(=O)O)[C@@H](C)O)C(=O)N[C@@H](C(=O)N[C@H](CCC(=O)O)C(=O)N[C@H](CC(=O)O)C(=O)N[C@H](CC(C)C)C(=O)N[C@H](CC(N)=O)C(=O)NCC(=O)NCC(=O)NCC(=O)N[C@@H](CO)C(=O)N[C@@H](Cc1ccc(Br)cc1)C(=O)N[C@@H](CCCNC(=N)N)C(N)=O)C(C)C,CC(C)C[C@@H](NC(=O)[C@@H](C)NC(=O)C(C)(C)NC(=O)[C@@H](Cc1c[nH]c2ccccc12)NC(=O)[C@H](NC(=O)[C@H](N)CC(=O)O)[C@@H](C)O)C(=O)N[C@@H](C(=O)N[C@H](CCC(=O)O)C(=O)N[C@H](CC(=O)O)C(=O)N[C@H](CC(C)C)C(=O)N[C@H](CC(N)=O)C(=O)NCC(=O)NCC(=O)NCC(=O)N[C@@H](CO)C(=O)N[C@@H](Cc1ccc(Br)cc1)C(=O)N[C@@H](CCCNC(=N)N)C(N)=O)C(C)C,13700.0,4.863279432843593,4.863279432843593,,1,inactive
CHEMBL4215860,CC(C)C[C@@H](NC(=O)[C@@H](C)NC(=O)[C@@H](CCC(=O)O)NC(=O)[C@H](NC(=O)[C@@H](CC(C)C)NC(=O)[C@@H](CCC(=O)O)NC(=O)C(C)(C)NC(=O)[C@@H](Cc1c[nH]c2ccccc12)NC(=O)[C@H](NC(=O)[C@H](N)CC(=O)O)[C@@H](C)O)C(C)C)C(=O)N[C@H](CC(N)=O)C(=O)NCC(=O)NCC(=O)NCC(=O)N[C@@H](CO)C(=O)N[C@@H](Cc1ccc(Br)cc1)C(=O)N[C@@H](CCCNC(=N)N)C(N)=O,CC(C)C[C@@H](NC(=O)[C@@H](C)NC(=O)[C@@H](CCC(=O)O)NC(=O)[C@H](NC(=O)[C@@H](CC(C)C)NC(=O)[C@@H](CCC(=O)O)NC(=O)C(C)(C)NC(=O)[C@@H](Cc1c[nH]c2ccccc12)NC(=O)[C@H](NC(=O)[C@H](N)CC(=O)O)[C@@H](C)O)C(C)C)C(=O)N[C@H](CC(N)=O)C(=O)NCC(=O)NCC(=O)NCC(=O)N[C@@H](CO)C(=O)N[C@@H](Cc1ccc(Br)cc1)C(=O)N[C@@H](CCCNC(=N)N)C(N)=O,5400.0,5.267606240177031,5.267606240177031,,1,intermediate
CHEMBL4204416,CC(C)C[C@@H](NC(=O)[C@@H](CC(=O)O)NC(=O)[C@@H](C)NC(=O)[C@H](NC(=O)[C@@H](CC(C)C)NC(=O)[C@@H](CCC(=O)O)NC(=O)C(C)(C)NC(=O)[C@@H](Cc1c[nH]c2ccccc12)NC(=O)[C@H](NC(=O)[C@H](N)CC(=O)O)[C@@H](C)O)C(C)C)C(=O)N[C@H](CC(N)=O)C(=O)NCC(=O)NCC(=O)NCC(=O)N[C@@H](CO)C(=O)N[C@@H](Cc1ccc(Br)cc1)C(=O)N[C@@H](CCCNC(=N)N)C(N)=O,CC(C)C[C@@H](NC(=O)[C@@H](CC(=O)O)NC(=O)[C@@H](C)NC(=O)[C@H](NC(=O)[C@@H](CC(C)C)NC(=O)[C@@H](CCC(=O)O)NC(=O)C(C)(C)NC(=O)[C@@H](Cc1c[nH]c2ccccc12)NC(=O)[C@H](NC(=O)[C@H](N)CC(=O)O)[C@@H](C)O)C(C)C)C(=O)N[C@H](CC(N)=O)C(=O)NCC(=O)NCC(=O)NCC(=O)N[C@@H](CO)C(=O)N[C@@H](Cc1ccc(Br)cc1)C(=O)N[C@@H](CCCNC(=N)N)C(N)=O,7800.0,5.107905397309519,5.107905397309519,,1,intermediate
CHEMBL4208830,CC(C)C[C@@H](NC(=O)[C@@H](CC(=O)O)NC(=O)[C@@H](CCC(=O)O)NC(=O)[C@H](NC(=O)[C@@H](CC(C)C)NC(=O)[C@@H](CCC(=O)O)NC(=O)C(C)(C)NC(=O)[C@@H](Cc1c[nH]c2ccccc12)NC(=O)[C@@H](C)NC(=O)[C@H](N)CC(=O)O)C(C)C)C(=O)N[C@H](CC(N)=O)C(=O)NCC(=O)NCC(=O)NCC(=O)N[C@@H](CO)C(=O)N[C@@H](Cc1ccc(Br)cc1)C(=O)N[C@@H](CCCNC(=N)N)C(N)=O,CC(C)C[C@@H](NC(=O)[C@@H](CC(=O)O)NC(=O)[C@@H](CCC(=O)O)NC(=O)[C@H](NC(=O)[C@@H](CC(C)C)NC(=O)[C@@H](CCC(=O)O)NC(=O)C(C)(C)NC(=O)[C@@H](Cc1c[nH]c2ccccc12)NC(=O)[C@@H](C)NC(=O)[C@H](N)CC(=O)O)C(C)C)C(=O)N[C@H](CC(N)=O)C(=O)NCC(=O)NCC(=O)NCC(=O)N[C@@H](CO)C(=O)N[C@@H](Cc1ccc(Br)cc1)C(=O)N[C@@H](CCCNC(=N)N)C(N)=O,11400.0,4.943095148663527,4.943095148663527,,1,inactive
CHEMBL4213908,CC(C)C[C@@H](NC(=O)[C@@H](CC(=O)O)NC(=O)[C@@H](CCC(=O)O)NC(=O)[C@H](NC(=O)[C@@H](CC(C)C)NC(=O)[C@@H](CCC(=O)O)NC(=O)C(C)(C)NC(=O)[C@@H](Cc1c[nH]c2ccccc12)NC(=O)[C@H](NC(=O)[C@@H](C)N)[C@@H](C)O)C(C)C)C(=O)N[C@H](CC(N)=O)C(=O)NCC(=O)NCC(=O)NCC(=O)N[C@@H](CO)C(=O)N[C@@H](Cc1ccc(Br)cc1)C(=O)N[C@@H](CCCNC(=N)N)C(N)=O,CC(C)C[C@@H](NC(=O)[C@@H](CC(=O)O)NC(=O)[C@@H](CCC(=O)O)NC(=O)[C@H](NC(=O)[C@@H](CC(C)C)NC(=O)[C@@H](CCC(=O)O)NC(=O)C(C)(C)NC(=O)[C@@H](Cc1c[nH]c2ccccc12)NC(=O)[C@H](NC(=O)[C@@H](C)N)[C@@H](C)O)C(C)C)C(=O)N[C@H](CC(N)=O)C(=O)NCC(=O)NCC(=O)NCC(=O)N[C@@H](CO)C(=O)N[C@@H](Cc1ccc(Br)cc1)C(=O)N[C@@H](CCCNC(=N)N)C(N)=O,7300.0,5.136677139879544,5.136677139879544,,1,intermediate
CHEMBL4218896,CC(C)C[C@@H](NC(=O)[C@@H](CC(=O)O)NC(=O)[C@@H](CCC(=O)O)NC(=O)[C@H](NC(=O)[C@@H](CC(C)C)NC(=O)[C@@H](CCC(=O)O)NC(=O)C(C)(C)NC(=O)[C@@H](Cc1c[nH]c2ccccc12)NC(=O)[C@H](NC(=O)[C@H](N)CC(=O)O)[C@@H](C)O)C(C)C)C(=O)N[C@H](C)C(=O)NCC(=O)NCC(=O)NCC(=O)N[C@@H](CO)C(=O)N[C@@H](Cc1ccc(Br)cc1)C(=O)N[C@@H](CCCNC(=N)N)C(N)=O,CC(C)C[C@@H](NC(=O)[C@@H](CC(=O)O)NC(=O)[C@@H](CCC(=O)O)NC(=O)[C@H](NC(=O)[C@@H](CC(C)C)NC(=O)[C@@H](CCC(=O)O)NC(=O)C(C)(C)NC(=O)[C@@H](Cc1c[nH]c2ccccc12)NC(=O)[C@H](NC(=O)[C@H](N)CC(=O)O)[C@@H](C)O)C(C)C)C(=O)N[C@H](C)C(=O)NCC(=O)NCC(=O)NCC(=O)N[C@@H](CO)C(=O)N[C@@H](Cc1ccc(Br)cc1)C(=O)N[C@@H](CCCNC(=N)N)C(N)=O,10500.0,4.978810700930062,4.978810700930062,,1,inactive
CHEMBL4205527,CC(C)C[C@@H](NC(=O)[C@@H](CC(=O)O)NC(=O)[C@@H](CCC(=O)O)NC(=O)[C@H](NC(=O)[C@@H](CC(C)C)NC(=O)[C@@H](CCC(=O)O)NC(=O)C(C)(C)NC(=O)[C@@H](Cc1c[nH]c2ccccc12)NC(=O)[C@H](NC(=O)[C@H](N)CC(=O)O)[C@@H](C)O)C(C)C)C(=O)N[C@H](CC(N)=O)C(=O)NCC(=O)NCC(=O)NCC(=O)N[C@@H](C)C(=O)N[C@@H](Cc1ccc(Br)cc1)C(=O)N[C@@H](CCCNC(=N)N)C(N)=O,CC(C)C[C@@H](NC(=O)[C@@H](CC(=O)O)NC(=O)[C@@H](CCC(=O)O)NC(=O)[C@H](NC(=O)[C@@H](CC(C)C)NC(=O)[C@@H](CCC(=O)O)NC(=O)C(C)(C)NC(=O)[C@@H](Cc1c[nH]c2ccccc12)NC(=O)[C@H](NC(=O)[C@H](N)CC(=O)O)[C@@H](C)O)C(C)C)C(=O)N[C@H](CC(N)=O)C(=O)NCC(=O)NCC(=O)NCC(=O)N[C@@H](C)C(=O)N[C@@H](Cc1ccc(Br)cc1)C(=O)N[C@@H](CCCNC(=N)N)C(N)=O,11800.0,4.928117992693875,4.928117992693875,,1,inactive
CHEMBL4203525,CC(C)C[C@@H](NC(=O)[C@@H](CC(=O)O)NC(=O)[C@@H](CCC(=O)O)NC(=O)[C@H](NC(=O)[C@@H](CC(C)C)NC(=O)[C@@H](CCC(=O)O)NC(=O)C(C)(C)NC(=O)[C@@H](Cc1c[nH]c2ccccc12)NC(=O)[C@H](NC(=O)[C@H](N)CC(=O)O)[C@@H](C)O)C(C)C)C(=O)N[C@H](CC(N)=O)C(=O)NCC(=O)NCC(=O)NCC(=O)N[C@@H](CO)C(=O)N[C@@H](Cc1ccc(Br)cc1)C(=O)N[C@@H](C)C(N)=O,CC(C)C[C@@H](NC(=O)[C@@H](CC(=O)O)NC(=O)[C@@H](CCC(=O)O)NC(=O)[C@H](NC(=O)[C@@H](CC(C)C)NC(=O)[C@@H](CCC(=O)O)NC(=O)C(C)(C)NC(=O)[C@@H](Cc1c[nH]c2ccccc12)NC(=O)[C@H](NC(=O)[C@H](N)CC(=O)O)[C@@H](C)O)C(C)C)C(=O)N[C@H](CC(N)=O)C(=O)NCC(=O)NCC(=O)NCC(=O)N[C@@H](CO)C(=O)N[C@@H](Cc1ccc(Br)cc1)C(=O)N[C@@H](C)C(N)=O,16000.0,4.795880017344075,4.795880017344075,,1,inactive
CHEMBL4217924,CC(C)C[C@@H](NC(=O)[C@@H](CC(=O)O)NC(=O)[C@@H](CCC(=O)O)NC(=O)[C@H](NC(=O)[C@@H](CC(C)C)NC(=O)[C@@H](CCC(=O)O)NC(=O)C(C)(C)NC(=O)[C@@H](Cc1c[nH]c2ccccc12)NC(=O)[C@H](NC(=O)[C@H](N)CC(=O)O)[C@@H](C)O)C(C)C)C(=O)N[C@H](CC(N)=O)C(=O)NCC(=O)NCC(=O)NCC(=O)N[C@@H](CO)C(=O)N[C@@H](Cc1ccc(Br)cc1)C(=O)N[C@@H](CCCNC(=N)N)C(N)=O,CC(C)C[C@@H](NC(=O)[C@@H](CC(=O)O)NC(=O)[C@@H](CCC(=O)O)NC(=O)[C@H](NC(=O)[C@@H](CC(C)C)NC(=O)[C@@H](CCC(=O)O)NC(=O)C(C)(C)NC(=O)[C@@H](Cc1c[nH]c2ccccc12)NC(=O)[C@H](NC(=O)[C@H](N)CC(=O)O)[C@@H](C)O)C(C)C)C(=O)N[C@H](CC(N)=O)C(=O)NCC(=O)NCC(=O)NCC(=O)N[C@@H](CO)C(=O)N[C@@H](Cc1ccc(Br)cc1)C(=O)N[C@@H](CCCNC(=N)N)C(N)=O,11500.0,4.939302159646388,4.939302159646388,,1,inactive
CHEMBL4215007,CC(C)C[C@@H](NC(=O)[C@@H](CC(=O)O)NC(=O)[C@@H](CCC(=O)O)NC(=O)[C@H](NC(=O)[C@@H](CC(C)C)NC(=O)[C@@H](CCC(=O)O)NC(=O)[C@@H](C)NC(=O)[C@@H](Cc1c[nH]c2ccccc12)NC(=O)[C@H](NC(=O)[C@H](N)CC(=O)O)[C@@H](C)O)C(C)C)C(=O)N[C@H](CC(N)=O)C(=O)NCC(=O)NCC(=O)NCC(=O)N[C@@H](CO)C(=O)N[C@@H](Cc1ccc(Br)cc1)C(=O)N[C@@H](CCCNC(=N)N)C(N)=O,CC(C)C[C@@H](NC(=O)[C@@H](CC(=O)O)NC(=O)[C@@H](CCC(=O)O)NC(=O)[C@H](NC(=O)[C@@H](CC(C)C)NC(=O)[C@@H](CCC(=O)O)NC(=O)[C@@H](C)NC(=O)[C@@H](Cc1c[nH]c2ccccc12)NC(=O)[C@H](NC(=O)[C@H](N)CC(=O)O)[C@@H](C)O)C(C)C)C(=O)N[C@H](CC(N)=O)C(=O)NCC(=O)NCC(=O)NCC(=O)N[C@@H](CO)C(=O)N[C@@H](Cc1ccc(Br)cc1)C(=O)N[C@@H](CCCNC(=N)N)C(N)=O,36500.0,4.437707135543525,4.437707135543525,,1,inactive
CHEMBL4208067,CC(C)C[C@@H](NC(=O)[C@@H](CCC(=O)O)NC(=O)C(C)(C)NC(=O)[C@@H](Cc1c[nH]c2ccccc12)NC(=O)[C@H](NC(=O)[C@H](N)CC(=O)O)[C@@H](C)O)C(=O)N[C@@H](C(=O)N[C@H](CCC(=O)O)C(=O)N[C@H](CC(=O)O)C(=O)N[C@H](C)C(=O)N[C@H](CC(N)=O)C(=O)NCC(=O)NCC(=O)NCC(=O)N[C@@H](CO)C(=O)N[C@@H](Cc1ccc(Br)cc1)C(=O)N[C@@H](CCCNC(=N)N)C(N)=O)C(C)C,CC(C)C[C@@H](NC(=O)[C@@H](CCC(=O)O)NC(=O)C(C)(C)NC(=O)[C@@H](Cc1c[nH]c2ccccc12)NC(=O)[C@H](NC(=O)[C@H](N)CC(=O)O)[C@@H](C)O)C(=O)N[C@@H](C(=O)N[C@H](CCC(=O)O)C(=O)N[C@H](CC(=O)O)C(=O)N[C@H](C)C(=O)N[C@H](CC(N)=O)C(=O)NCC(=O)NCC(=O)NCC(=O)N[C@@H](CO)C(=O)N[C@@H](Cc1ccc(Br)cc1)C(=O)N[C@@H](CCCNC(=N)N)C(N)=O)C(C)C,21900.0,4.6595558851598815,4.6595558851598815,,1,inactive
CHEMBL4215179,CC(C)C[C@@H](NC(=O)[C@@H](CCC(=O)O)NC(=O)C(C)(C)NC(=O)[C@@H](Cc1c[nH]c2ccccc12)NC(=O)[C@H](NC(=O)[C@H](N)CC(=O)O)[C@@H](C)O)C(=O)N[C@H](C)C(=O)N[C@H](CCC(=O)O)C(=O)N[C@H](CC(=O)O)C(=O)N[C@H](CC(C)C)C(=O)N[C@H](CC(N)=O)C(=O)NCC(=O)NCC(=O)NCC(=O)N[C@@H](CO)C(=O)N[C@@H](Cc1ccc(Br)cc1)C(=O)N[C@@H](CCCNC(=N)N)C(N)=O,CC(C)C[C@@H](NC(=O)[C@@H](CCC(=O)O)NC(=O)C(C)(C)NC(=O)[C@@H](Cc1c[nH]c2ccccc12)NC(=O)[C@H](NC(=O)[C@H](N)CC(=O)O)[C@@H](C)O)C(=O)N[C@H](C)C(=O)N[C@H](CCC(=O)O)C(=O)N[C@H](CC(=O)O)C(=O)N[C@H](CC(C)C)C(=O)N[C@H](CC(N)=O)C(=O)NCC(=O)NCC(=O)NCC(=O)N[C@@H](CO)C(=O)N[C@@H](Cc1ccc(Br)cc1)C(=O)N[C@@H](CCCNC(=N)N)C(N)=O,20100.0,4.696803942579511,4.696803942579511,,1,inactive
CHEMBL2397471,CC(C)C[C@@H](NC(=O)[C@H]1CSSC[C@H]2NC(=O)[C@@H](CC(N)=O)NC(=O)[C@H](N)CSSC[C@@H](NC(=O)[C@@H](CC(C)C)NC(=O)[C@@H](Cc3ccccc3)NC(=O)[C@@H]([C@H](C)O)NC(=O)[C@@H](CCC(=O)O)NC(=O)[C@H]3CCCN3C(=O)[C@@H](C)NC(=O)[C@@H](CCCCN)NC2=O)C(=O)N[C@H](Cc2ccc(O)cc2)C(=O)N[C@H](Cc2c[nH]c3ccccc23)C(=O)N[C@H](CCCNC(=N)N)C(=O)N1)C(=O)N[C@H](CCC(N)=O)C(=O)N[C@H](Cc1cnc[nH]1)C(=O)O,CC(C)C[C@@H](NC(=O)[C@H]1CSSC[C@H]2NC(=O)[C@@H](CC(N)=O)NC(=O)[C@H](N)CSSC[C@@H](NC(=O)[C@@H](CC(C)C)NC(=O)[C@@H](Cc3ccccc3)NC(=O)[C@@H]([C@H](C)O)NC(=O)[C@@H](CCC(=O)O)NC(=O)[C@H]3CCCN3C(=O)[C@@H](C)NC(=O)[C@@H](CCCCN)NC2=O)C(=O)N[C@H](Cc2ccc(O)cc2)C(=O)N[C@H](Cc2c[nH]c3ccccc23)C(=O)N[C@H](CCCNC(=N)N)C(=O)N1)C(=O)N[C@H](CCC(N)=O)C(=O)N[C@H](Cc1cnc[nH]1)C(=O)O,20300.0,4.692503962086787,4.692503962086787,,1,inactive
CHEMBL5966617,CC(C)C[C@@H]1CCCCN1c1nc2nc(-c3noc(=O)[nH]3)nc(N[C@H](C)C3CCC3)c2n1C[C@H]1CC[C@H](C)CC1,CC(C)C[C@@H]1CCCCN1c1nc2nc(-c3noc(=O)[nH]3)nc(N[C@H](C)C3CCC3)c2n1C[C@H]1CC[C@H](C)CC1,3.066,8.513427849481644,8.513427849481644,,1,active
CHEMBL5913077,CC(C)C[C@@H]1COCCN1c1nc2nc(-c3noc(=O)[nH]3)nc(-c3cccc(Cl)c3)c2n1C[C@H]1CC[C@H](C)CC1,CC(C)C[C@@H]1COCCN1c1nc2nc(-c3noc(=O)[nH]3)nc(-c3cccc(Cl)c3)c2n1C[C@H]1CC[C@H](C)CC1,4.589,8.33828194230534,8.33828194230534,,1,active
CHEMBL5273706,CC(C)C[C@H](N)C(=O)N[C@H](C(=O)N[C@@H](Cc1ccccc1)C(=O)N[C@@H](CCC(=O)O)C(=O)N[C@@H](Cc1c[nH]cn1)C(=O)N[C@@H](Cc1ccc(O)cc1)C(=O)N[C@@H](Cc1c[nH]c2ccccc12)C(=O)N[C@@H](C)C(=O)N[C@@H](CCC(N)=O)C(=O)N[C@@H](CCC(=O)O)C(=O)N[C@H](C(=O)N[C@@H](CO)C(=O)O)[C@@H](C)O)[C@@H](C)O,CC(C)C[C@H](N)C(=O)N[C@H](C(=O)N[C@@H](Cc1ccccc1)C(=O)N[C@@H](CCC(=O)O)C(=O)N[C@@H](Cc1c[nH]cn1)C(=O)N[C@@H](Cc1ccc(O)cc1)C(=O)N[C@@H](Cc1c[nH]c2ccccc12)C(=O)N[C@@H](C)C(=O)N[C@@H](CCC(N)=O)C(=O)N[C@@H](CCC(=O)O)C(=O)N[C@H](C(=O)N[C@@H](CO)C(=O)O)[C@@H](C)O)[C@@H](C)O,44.0,7.356547323513812,7.356547323513812,,1,active
CHEMBL5169788,CC(C)C[C@H](NC(=O)C(=O)c1c(-c2ccccc2)[nH]c2ccccc12)C(=O)N[C@H](Cc1ccccc1)C(=O)O,CC(C)C[C@H](NC(=O)C(=O)c1c(-c2ccccc2)[nH]c2ccccc12)C(=O)N[C@H](Cc1ccccc1)C(=O)O,202.0,6.694648630553376,6.694648630553376,,1,active
CHEMBL4788734,CC(C)C[C@H](NC(=O)CN(C[C@@H]1CCCCNC(=O)CC[C@H](NC(=O)CN(C[C@H](Cc2ccccc2)NC(=O)[C@@H](NC(=O)CCc2ccccc2)[C@@H](C)O)S(C)(=O)=O)C(=O)N[C@@H](Cc2ccc(O)cc2)CN(S(=O)(=O)c2ccc3ccccc3c2)CC(=O)N[C@@H](C)C(=O)N1)S(=O)(=O)CC(C)C)C(=O)N[C@@H](CO)CN(CC(=O)N[C@@H](C)C(N)=O)S(C)(=O)=O,CC(C)C[C@H](NC(=O)CN(C[C@@H]1CCCCNC(=O)CC[C@H](NC(=O)CN(C[C@H](Cc2ccccc2)NC(=O)[C@@H](NC(=O)CCc2ccccc2)[C@@H](C)O)S(C)(=O)=O)C(=O)N[C@@H](Cc2ccc(O)cc2)CN(S(=O)(=O)c2ccc3ccccc3c2)CC(=O)N[C@@H](C)C(=O)N1)S(=O)(=O)CC(C)C)C(=O)N[C@@H](CO)CN(CC(=O)N[C@@H](C)C(N)=O)S(C)(=O)=O,9400.0,5.026872146400301,5.026872146400301,,1,intermediate
CHEMBL4585112,CC(C)C[C@H](NC(=O)COCCOCCNC(=O)CC[C@@H]1NC(=O)[C@@H](CCCNC(=N)N)NC(=O)[C@H](CCCNC(=N)N)NC(=O)[C@@H](CCCNC(=N)N)NC(=O)[C@H](CCCNC(=N)N)NC(=O)[C@H](Cc2ccc3ccccc3c2)NC(=O)[C@@H](Cc2ccccc2)NC1=O)C(=O)N[C@H](C(=O)N[C@@H](Cc1ccccc1)C(=O)N[C@H]1CC(=O)NCCCC[C@@H](C(=O)N[C@@H](CCC(N)=O)C(=O)N[C@@H](CC(C)C)C(=O)N[C@H](C(=O)N[C@@H](CO)C(N)=O)[C@@H](C)O)NC(=O)[C@H](Cc2c[nH]c3ccccc23)NC(=O)[C@H](Cc2ccc(O)cc2)NC(=O)[C@H](Cc2cnc[nH]2)NC1=O)[C@@H](C)O,CC(C)C[C@H](NC(=O)COCCOCCNC(=O)CC[C@@H]1NC(=O)[C@@H](CCCNC(=N)N)NC(=O)[C@H](CCCNC(=N)N)NC(=O)[C@@H](CCCNC(=N)N)NC(=O)[C@H](CCCNC(=N)N)NC(=O)[C@H](Cc2ccc3ccccc3c2)NC(=O)[C@@H](Cc2ccccc2)NC1=O)C(=O)N[C@H](C(=O)N[C@@H](Cc1ccccc1)C(=O)N[C@H]1CC(=O)NCCCC[C@@H](C(=O)N[C@@H](CCC(N)=O)C(=O)N[C@@H](CC(C)C)C(=O)N[C@H](C(=O)N[C@@H](CO)C(N)=O)[C@@H](C)O)NC(=O)[C@H](Cc2c[nH]c3ccccc23)NC(=O)[C@H](Cc2ccc(O)cc2)NC(=O)[C@H](Cc2cnc[nH]2)NC1=O)[C@@H](C)O,24.0,7.619788758288394,7.619788758288394,,1,active
CHEMBL2397470,CC(C)C[C@H](NC(=O)[C@@H]1CSSC[C@@H]2NC(=O)[C@H](CC(N)=O)NC(=O)[C@@H](N)CSSC[C@H](NC(=O)[C@H](CC(C)C)NC(=O)[C@H](Cc3ccccc3)NC(=O)[C@H]([C@@H](C)O)NC(=O)[C@H](CCC(=O)O)NC(=O)[C@@H]3CCCN3C(=O)[C@H](C)NC(=O)[C@H](CCCCN)NC2=O)C(=O)N[C@@H](Cc2ccc(O)cc2)C(=O)N[C@@H](Cc2c[nH]c3ccccc23)C(=O)N[C@@H](CCCNC(=N)N)C(=O)N1)C(=O)N[C@@H](CCC(N)=O)C(=O)N[C@@H](Cc1cnc[nH]1)C(=O)O,CC(C)C[C@H](NC(=O)[C@@H]1CSSC[C@@H]2NC(=O)[C@H](CC(N)=O)NC(=O)[C@@H](N)CSSC[C@H](NC(=O)[C@H](CC(C)C)NC(=O)[C@H](Cc3ccccc3)NC(=O)[C@H]([C@@H](C)O)NC(=O)[C@H](CCC(=O)O)NC(=O)[C@@H]3CCCN3C(=O)[C@H](C)NC(=O)[C@H](CCCCN)NC2=O)C(=O)N[C@@H](Cc2ccc(O)cc2)C(=O)N[C@@H](Cc2c[nH]c3ccccc23)C(=O)N[C@@H](CCCNC(=N)N)C(=O)N1)C(=O)N[C@@H](CCC(N)=O)C(=O)N[C@@H](Cc1cnc[nH]1)C(=O)O,214.0,6.669586226650809,6.669586226650809,,1,active
CHEMBL2371818,CC(C)C[C@H](NC(=O)[C@H](CC(=O)O)NC(=O)[C@H](CO)NC(=O)[C@H](Cc1ccccc1)NC(=O)[C@@H](NC(=O)[C@H](CCC(=O)O)NC(=O)[C@@H](N)CCC(N)=O)[C@@H](C)O)C(=O)N[C@@H](Cc1c[nH]c2ccccc12)C(=O)N[C@@H](CCCCN)C(=O)N[C@@H](CC(C)C)C(=O)N[C@@H](CC(C)C)C(=O)N1CCC[C@H]1C(=O)O,CC(C)C[C@H](NC(=O)[C@H](CC(=O)O)NC(=O)[C@H](CO)NC(=O)[C@H](Cc1ccccc1)NC(=O)[C@@H](NC(=O)[C@H](CCC(=O)O)NC(=O)[C@@H](N)CCC(N)=O)[C@@H](C)O)C(=O)N[C@@H](Cc1c[nH]c2ccccc12)C(=O)N[C@@H](CCCCN)C(=O)N[C@@H](CC(C)C)C(=O)N[C@@H](CC(C)C)C(=O)N1CCC[C@H]1C(=O)O,3000.0,5.522878745280337,5.522878745280337,,1,intermediate
CHEMBL4214750,CC(C)C[C@H](NC(=O)[C@H](CC(=O)O)NC(=O)[C@H](CO)NC(=O)[C@H](Cc1ccccc1)NC(=O)[C@@H](NC(=O)[C@H](CCC(=O)O)NC(=O)[C@H](CCC(N)=O)NC(=O)[C@@H](N)CO)[C@@H](C)O)C(=O)N[C@@H](Cc1c[nH]c2ccccc12)C(=O)N[C@@H](CCCCN)C(=O)N[C@@H](CC(C)C)C(=O)N[C@@H](CC(C)C)C(=O)N1CCC[C@H]1C(=O)N[C@@H](CCC(=O)O)C(=O)N[C@@H](CC(N)=O)C(N)=O,CC(C)C[C@H](NC(=O)[C@H](CC(=O)O)NC(=O)[C@H](CO)NC(=O)[C@H](Cc1ccccc1)NC(=O)[C@@H](NC(=O)[C@H](CCC(=O)O)NC(=O)[C@H](CCC(N)=O)NC(=O)[C@@H](N)CO)[C@@H](C)O)C(=O)N[C@@H](Cc1c[nH]c2ccccc12)C(=O)N[C@@H](CCCCN)C(=O)N[C@@H](CC(C)C)C(=O)N[C@@H](CC(C)C)C(=O)N1CCC[C@H]1C(=O)N[C@@H](CCC(=O)O)C(=O)N[C@@H](CC(N)=O)C(N)=O,4300.0,5.366531544420413,5.366531544420413,,1,intermediate
CHEMBL3627750,CC(C)C[C@H](NC(=O)[C@H](CC(=O)O)NC(=O)[C@H](CO)NC(=O)[C@H](Cc1ccccc1)NC(=O)[C@@H](NC(=O)[C@H](CCC(=O)O)NC(=O)[C@H](CCC(N)=O)NC(=O)[C@@H](N)CO)[C@@H](C)O)C(=O)N[C@@H](Cc1c[nH]c2ccccc12)C(=O)N[C@@H](CCCCN)C(=O)N[C@@H](CC(C)C)C(=O)N[C@@H](CC(C)C)C(=O)N1CCC[C@H]1C(=O)O,CC(C)C[C@H](NC(=O)[C@H](CC(=O)O)NC(=O)[C@H](CO)NC(=O)[C@H](Cc1ccccc1)NC(=O)[C@@H](NC(=O)[C@H](CCC(=O)O)NC(=O)[C@H](CCC(N)=O)NC(=O)[C@@H](N)CO)[C@@H](C)O)C(=O)N[C@@H](Cc1c[nH]c2ccccc12)C(=O)N[C@@H](CCCCN)C(=O)N[C@@H](CC(C)C)C(=O)N[C@@H](CC(C)C)C(=O)N1CCC[C@H]1C(=O)O,14450.0,4.840132152907433,4.840132152907433,,1,inactive
CHEMBL1256072,CC(C)C[C@H](NC(=O)[C@H](CC(C)C)NC(=O)[C@H](CCCCN)NC(=O)[C@H](Cc1c[nH]c2ccccc12)NC(=O)[C@H](CC(C)C)NC(=O)[C@H](CC(=O)O)NC(=O)[C@H](CO)NC(=O)[C@H](Cc1ccccc1)NC(=O)[C@@H](NC(=O)[C@@H](N)CCC(=O)O)[C@@H](C)O)C(=O)O,CC(C)C[C@H](NC(=O)[C@H](CC(C)C)NC(=O)[C@H](CCCCN)NC(=O)[C@H](Cc1c[nH]c2ccccc12)NC(=O)[C@H](CC(C)C)NC(=O)[C@H](CC(=O)O)NC(=O)[C@H](CO)NC(=O)[C@H](Cc1ccccc1)NC(=O)[C@@H](NC(=O)[C@@H](N)CCC(=O)O)[C@@H](C)O)C(=O)O,16000.0,4.795880017344075,4.795880017344075,,1,inactive
CHEMBL3347578,CC(C)C[C@H](NC(=O)[C@H](CC(N)=O)NC(=O)[C@H](Cc1c[nH]c2ccccc12)NC(=O)[C@H](Cc1ccc(O)cc1)NC(=O)[C@H](CCC(=O)O)NC(=O)[C@H](C)NC(=O)[C@H](Cc1ccccc1)NC(=O)[C@H](CO)NC(=O)[C@@H](N)[C@@H](C)O)C(=O)N[C@@H](CC(C)C)C(=O)N[C@@H](CO)C(=O)N1CCC[C@H]1C(=O)O,CC(C)C[C@H](NC(=O)[C@H](CC(N)=O)NC(=O)[C@H](Cc1c[nH]c2ccccc12)NC(=O)[C@H](Cc1ccc(O)cc1)NC(=O)[C@H](CCC(=O)O)NC(=O)[C@H](C)NC(=O)[C@H](Cc1ccccc1)NC(=O)[C@H](CO)NC(=O)[C@@H](N)[C@@H](C)O)C(=O)N[C@@H](CC(C)C)C(=O)N[C@@H](CO)C(=O)N1CCC[C@H]1C(=O)O,20.0,7.698970004336019,7.698970004336019,,1,active
CHEMBL502723,CC(C)C[C@H](NC(=O)[C@H](CCC(N)=O)NC(=O)[C@H](C)NC(=O)[C@H](Cc1c[nH]c2ccccc12)NC(=O)[C@H](Cc1ccc(O)cc1)NC(=O)[C@H](Cc1cnc[nH]1)NC(=O)[C@H](CCC(=O)O)NC(=O)[C@H](Cc1ccccc1)NC(=O)[C@@H](NC(=O)[C@@H](N)CC(C)C)[C@@H](C)O)C(=O)N[C@H](C(=O)N[C@@H](CO)C(=O)O)[C@@H](C)O,CC(C)C[C@H](NC(=O)[C@H](CCC(N)=O)NC(=O)[C@H](C)NC(=O)[C@H](Cc1c[nH]c2ccccc12)NC(=O)[C@H](Cc1ccc(O)cc1)NC(=O)[C@H](Cc1cnc[nH]1)NC(=O)[C@H](CCC(=O)O)NC(=O)[C@H](Cc1ccccc1)NC(=O)[C@@H](NC(=O)[C@@H](N)CC(C)C)[C@@H](C)O)C(=O)N[C@H](C(=O)N[C@@H](CO)C(=O)O)[C@@H](C)O,10.0,8.0,8.0,,1,active
CHEMBL4095506,CC(C)C[C@H](NC(=O)[C@H](CCC(N)=O)NC(=O)[C@H](C)NC(=O)[C@H](Cc1c[nH]c2ccccc12)NC(=O)[C@H](Cc1ccc(O)cc1)NC(=O)[C@H](Cc1cnc[nH]1)NC(=O)[C@H](CCC(=O)O)NC(=O)[C@H](Cc1ccccc1)NC(=O)[C@@H](NC(=O)[C@@H](N)CC(C)C)[C@@H](C)O)C(=O)N[C@H](C(=O)N[C@@H](CO)C(N)=O)[C@@H](C)O,CC(C)C[C@H](NC(=O)[C@H](CCC(N)=O)NC(=O)[C@H](C)NC(=O)[C@H](Cc1c[nH]c2ccccc12)NC(=O)[C@H](Cc1ccc(O)cc1)NC(=O)[C@H](Cc1cnc[nH]1)NC(=O)[C@H](CCC(=O)O)NC(=O)[C@H](Cc1ccccc1)NC(=O)[C@@H](NC(=O)[C@@H](N)CC(C)C)[C@@H](C)O)C(=O)N[C@H](C(=O)N[C@@H](CO)C(N)=O)[C@@H](C)O,52.4,7.280668713016273,7.280668713016273,,1,active
CHEMBL4546186,CC(C)C[C@H](N[C@H](C(=O)NCc1ccccc1)c1c(C(=O)NO)[nH]c2cc(Cl)ccc12)C(=O)NO,CC(C)C[C@H](N[C@H](C(=O)NCc1ccccc1)c1c(C(=O)NO)[nH]c2cc(Cl)ccc12)C(=O)NO,1.2,8.920818753952375,8.920818753952375,,1,active
CHEMBL6010440,CC(C)C[C@H]1CCCCN1c1nc2nc(-c3noc(=O)[nH]3)nc(N[C@H](C)C3CCC3)c2n1C[C@H]1CC[C@H](C)CC1,CC(C)C[C@H]1CCCCN1c1nc2nc(-c3noc(=O)[nH]3)nc(N[C@H](C)C3CCC3)c2n1C[C@H]1CC[C@H](C)CC1,11.47,7.940436582098732,7.940436582098732,,1,active
CHEMBL5770525,CC(C)C[C@H]1COCCN1c1nc2nc(-c3noc(=O)[nH]3)nc(-c3cccc(Cl)c3)c2n1C[C@H]1CC[C@H](C)CC1,CC(C)C[C@H]1COCCN1c1nc2nc(-c3noc(=O)[nH]3)nc(-c3cccc(Cl)c3)c2n1C[C@H]1CC[C@H](C)CC1,47.47,7.32358076828164,7.32358076828164,,1,active
CHEMBL5958516,CC(C)Cc1ccnc(-c2nc3nc(C(=O)O)nc(N[C@H](C)C4CCC4)c3n2Cc2ccc(C(F)(F)F)cc2)c1,CC(C)Cc1ccnc(-c2nc3nc(C(=O)O)nc(N[C@H](C)C4CCC4)c3n2Cc2ccc(C(F)(F)F)cc2)c1,9.685,8.013900374944871,8.013900374944871,,1,active
CHEMBL5961485,CC(C)Cc1cn(C[C@H]2CC[C@H](C)CC2)c2c(-c3cncc(Cl)c3)nc(-c3noc(=O)[nH]3)nc12,CC(C)Cc1cn(C[C@H]2CC[C@H](C)CC2)c2c(-c3cncc(Cl)c3)nc(-c3noc(=O)[nH]3)nc12,35.0,7.455931955649724,7.455931955649724,,1,active
CHEMBL5749158,CC(C)Cc1cn(C[C@H]2CC[C@H](C)CC2)c2c(-c3cncc(Cl)c3)nc(C(=O)O)nc12,CC(C)Cc1cn(C[C@H]2CC[C@H](C)CC2)c2c(-c3cncc(Cl)c3)nc(C(=O)O)nc12,71.0,7.1487416512809245,7.1487416512809245,,1,active
CHEMBL3683123,CC(C)N(CCN(C)C)c1ccc2c(c1)C(c1ccc(Cl)cc1)N(c1ccc(N(C)Cc3ccncc3)cc1)C(=O)C2,CC(C)N(CCN(C)C)c1ccc2c(c1)C(c1ccc(Cl)cc1)N(c1ccc(N(C)Cc3ccncc3)cc1)C(=O)C2,153.8,6.813043664534588,6.813043664534588,,1,active
CHEMBL5905090,CC(C)N1C(=O)CS[C@@H](c2cccc(Cl)c2)[C@H]1c1ccc(Cl)cc1,CC(C)N1C(=O)CS[C@@H](c2cccc(Cl)c2)[C@H]1c1ccc(Cl)cc1,1680.0,5.774690718274137,5.774690718274137,,1,intermediate
CHEMBL4110489,CC(C)N1C(=O)[C@@H](CC(=O)O)C[C@H](c2cccc(Cl)c2)[C@@]1(C)c1ccc(Cl)cc1,CC(C)N1C(=O)[C@@H](CC(=O)O)C[C@H](c2cccc(Cl)c2)[C@@]1(C)c1ccc(Cl)cc1,3.4,8.468521082957745,8.468521082957745,,1,active
CHEMBL5895616,CC(C)N1C(=O)[C@@H]2CCC(=O)N2[C@@H](c2cccc(Cl)c2)[C@H]1c1ccc(Cl)cc1,CC(C)N1C(=O)[C@@H]2CCC(=O)N2[C@@H](c2cccc(Cl)c2)[C@H]1c1ccc(Cl)cc1,3180.0,5.497572880015568,5.497572880015568,,1,intermediate
CHEMBL6016227,CC(C)N1C(=O)[C@@](C)(CC(=O)O)C[C@H](c2cc(F)cc(Cl)c2)[C@H]1c1ccc(Cl)cc1,CC(C)N1C(=O)[C@@](C)(CC(=O)O)C[C@H](c2cc(F)cc(Cl)c2)[C@H]1c1ccc(Cl)cc1,5.0,8.301029995663981,8.301029995663981,,1,active
CHEMBL3329620,CC(C)N1C(=O)[C@@](C)(CC(=O)O)C[C@H](c2cccc(Cl)c2)[C@H]1c1ccc(Cl)cc1,CC(C)N1C(=O)[C@@](C)(CC(=O)O)C[C@H](c2cccc(Cl)c2)[C@H]1c1ccc(Cl)cc1,18.0,7.872363747448347,7.872363747448347,,2,active
CHEMBL4107290,CC(C)N1C(=O)[C@@](C)(Cc2nnn[nH]2)C[C@H](c2cccc(Cl)c2)[C@H]1c1ccc(Cl)cc1,CC(C)N1C(=O)[C@@](C)(Cc2nnn[nH]2)C[C@H](c2cccc(Cl)c2)[C@H]1c1ccc(Cl)cc1,10.0,8.0,8.0,,1,active
CHEMBL4114346,CC(C)N1C(=O)[C@@](C)(Cc2noc(=O)[nH]2)C[C@H](c2cccc(Cl)c2)[C@H]1c1ccc(Cl)cc1,CC(C)N1C(=O)[C@@](C)(Cc2noc(=O)[nH]2)C[C@H](c2cccc(Cl)c2)[C@H]1c1ccc(Cl)cc1,30.0,7.522878745280337,7.522878745280337,,1,active
CHEMBL4114447,CC(C)N1C(=O)[C@@](C)(Cc2nsc(=O)[nH]2)C[C@H](c2cccc(Cl)c2)[C@H]1c1ccc(Cl)cc1,CC(C)N1C(=O)[C@@](C)(Cc2nsc(=O)[nH]2)C[C@H](c2cccc(Cl)c2)[C@H]1c1ccc(Cl)cc1,1980.0,5.703334809738469,5.703334809738469,,1,intermediate
CHEMBL3958512,CC(C)N1C(=O)[C@H](CC(=O)O)C[C@H](c2cccc(Cl)c2)[C@@]1(C)c1ccc(Cl)cc1,CC(C)N1C(=O)[C@H](CC(=O)O)C[C@H](c2cccc(Cl)c2)[C@@]1(C)c1ccc(Cl)cc1,18.3,7.73754891026957,7.73754891026957,,1,active
CHEMBL5847846,CC(C)N1C(=O)[C@H](CC(=O)O)S(=O)(=O)[C@@H](c2cccc(Cl)c2)[C@H]1c1ccc(Cl)cc1,CC(C)N1C(=O)[C@H](CC(=O)O)S(=O)(=O)[C@@H](c2cccc(Cl)c2)[C@H]1c1ccc(Cl)cc1,2410.0,5.617982957425132,5.617982957425132,,1,intermediate
CHEMBL5807442,CC(C)N1C(=O)[C@H]2CCC(=O)N2[C@@H](c2cccc(Cl)c2)[C@H]1c1ccc(Cl)cc1,CC(C)N1C(=O)[C@H]2CCC(=O)N2[C@@H](c2cccc(Cl)c2)[C@H]1c1ccc(Cl)cc1,3630.0,5.440093374963888,5.440093374963888,,1,intermediate
CHEMBL4111372,CC(C)N1C(=O)[C@](C)(CC(=O)O)C[C@H](c2cc(F)cc(Cl)c2)[C@H]1c1ccc(Cl)cc1,CC(C)N1C(=O)[C@](C)(CC(=O)O)C[C@H](c2cc(F)cc(Cl)c2)[C@H]1c1ccc(Cl)cc1,123.0,6.910094888560602,6.910094888560602,,1,active
CHEMBL3908460,CC(C)N1[C@H](c2ccc(Cl)cc2)[C@@H](c2cccc(Cl)c2)C[C@@H](CC(=O)O)S1(=O)=O,CC(C)N1[C@H](c2ccc(Cl)cc2)[C@@H](c2cccc(Cl)c2)C[C@@H](CC(=O)O)S1(=O)=O,650.0,6.187086643357144,6.187086643357144,,1,active
CHEMBL4113101,CC(C)N1[C@H](c2ccc(Cl)cc2)[C@@H](c2cccc(Cl)c2)C[C@@](C)(CC(=O)O)S1(=O)=O,CC(C)N1[C@H](c2ccc(Cl)cc2)[C@@H](c2cccc(Cl)c2)C[C@@](C)(CC(=O)O)S1(=O)=O,560.0,6.251811972993799,6.251811972993799,,1,active
CHEMBL4111242,CC(C)N1[C@H](c2ccc(Cl)cc2)[C@@H](c2cccc(Cl)c2)C[C@H](CC(=O)O)S1(=O)=O,CC(C)N1[C@H](c2ccc(Cl)cc2)[C@@H](c2cccc(Cl)c2)C[C@H](CC(=O)O)S1(=O)=O,710.0,6.1487416512809245,6.1487416512809245,,1,active
CHEMBL4111356,CC(C)N1[C@H](c2ccc(Cl)cc2)[C@@H](c2cccc(Cl)c2)C[C@](C)(CC(=O)O)S1(=O)=O,CC(C)N1[C@H](c2ccc(Cl)cc2)[C@@H](c2cccc(Cl)c2)C[C@](C)(CC(=O)O)S1(=O)=O,120.0,6.920818753952375,6.920818753952375,,1,active
CHEMBL3649942,CC(C)NC(=O)N1C[C@@H](C)N(c2nc3cc(-c4noc(=O)[nH]4)nc(-c4cncc(Cl)c4)c3n2C[C@H]2CC[C@H](C)CC2)[C@H](C)C1,CC(C)NC(=O)N1C[C@@H](C)N(c2nc3cc(-c4noc(=O)[nH]4)nc(-c4cncc(Cl)c4)c3n2C[C@H]2CC[C@H](C)CC2)[C@H](C)C1,3.0,8.522878745280337,8.522878745280337,,1,active
CHEMBL3894749,CC(C)NC(=O)N1C[C@H](C)N(c2nc3cc(-c4nc(=O)o[nH]4)nc(-c4cncc(Cl)c4)c3n2C[C@H]2CC[C@H](C)CC2)[C@@H](C)C1,CC(C)NC(=O)N1C[C@H](C)N(c2nc3cc(-c4nc(=O)o[nH]4)nc(-c4cncc(Cl)c4)c3n2C[C@H]2CC[C@H](C)CC2)[C@@H](C)C1,3.0,8.522878745280337,8.522878745280337,,1,active
CHEMBL3318760,CC(C)NS(=O)(=O)C[C@H](C1CC1)N1C(=O)[C@@](C)(CC(=O)O)C[C@H](c2cccc(Cl)c2)[C@H]1c1ccc(Cl)cc1,CC(C)NS(=O)(=O)C[C@H](C1CC1)N1C(=O)[C@@](C)(CC(=O)O)C[C@H](c2cccc(Cl)c2)[C@H]1c1ccc(Cl)cc1,0.099,10.004386962153752,10.004386962153752,,2,active
CHEMBL2347397,CC(C)N[C@@H]1CC[C@H](c2ccc(Cl)cc2)[C@H](c2ccc(Cl)cc2)C1,CC(C)N[C@@H]1CC[C@H](c2ccc(Cl)cc2)[C@H](c2ccc(Cl)cc2)C1,14100.0,4.85078088734462,4.85078088734462,,1,inactive
CHEMBL3683120,CC(C)Nc1ccc2c(c1)C(c1ccc(Cl)cc1)N(c1ccc(N(C)Cc3ccncc3)cc1)C(=O)C2,CC(C)Nc1ccc2c(c1)C(c1ccc(Cl)cc1)N(c1ccc(N(C)Cc3ccncc3)cc1)C(=O)C2,81.8,7.087246696328677,7.087246696328677,,1,active
CHEMBL3649940,CC(C)OC(=O)N1C[C@@H](C)N(c2nc3cc(-c4noc(=O)[nH]4)nc(-c4cncc(Cl)c4)c3n2C[C@H]2CC[C@H](C)CC2)[C@H](C)C1,CC(C)OC(=O)N1C[C@@H](C)N(c2nc3cc(-c4noc(=O)[nH]4)nc(-c4cncc(Cl)c4)c3n2C[C@H]2CC[C@H](C)CC2)[C@H](C)C1,3.0,8.522878745280337,8.522878745280337,,1,active
CHEMBL3942694,CC(C)OC(=O)N1C[C@H](C)N(c2nc3cc(-c4nc(=O)o[nH]4)nc(-c4cncc(Cl)c4)c3n2C[C@H]2CC[C@H](C)CC2)[C@@H](C)C1,CC(C)OC(=O)N1C[C@H](C)N(c2nc3cc(-c4nc(=O)o[nH]4)nc(-c4cncc(Cl)c4)c3n2C[C@H]2CC[C@H](C)CC2)[C@@H](C)C1,3.0,8.522878745280337,8.522878745280337,,1,active
CHEMBL3649995,CC(C)OCC(C)c1nc2cc(-c3noc(=O)[nH]3)nc(-c3cncc(Cl)c3)c2n1C[C@H]1CC[C@H](C)CC1,CC(C)OCC(C)c1nc2cc(-c3noc(=O)[nH]3)nc(-c3cncc(Cl)c3)c2n1C[C@H]1CC[C@H](C)CC1,8.0,8.096910013008056,8.096910013008056,,2,active
CHEMBL3649840,CC(C)OCC1CCCN1c1nc2cc(-c3noc(=O)[nH]3)nc(-c3cncc(Cl)c3)c2n1C[C@H]1CC[C@H](C)CC1,CC(C)OCC1CCCN1c1nc2cc(-c3noc(=O)[nH]3)nc(-c3cncc(Cl)c3)c2n1C[C@H]1CC[C@H](C)CC1,24.5,8.01343607320015,8.01343607320015,,4,active
CHEMBL5924532,CC(C)OCCN1[C@H]2CCn3c(nc4cc(C(=O)O)ccc43)[C@H]2[C@H](c2cccc(Cl)c2F)[C@]12C(=O)Nc1cc(Cl)ccc12,CC(C)OCCN1[C@H]2CCn3c(nc4cc(C(=O)O)ccc43)[C@H]2[C@H](c2cccc(Cl)c2F)[C@]12C(=O)Nc1cc(Cl)ccc12,10.0,8.0,8.0,,1,active
CHEMBL3799447,CC(C)Oc1ccc(C(=O)Nc2c(C(=O)O)nn(-c3ccc(Oc4ccccc4)cc3)c2-c2ccc(OC(C)C)cc2)cc1,CC(C)Oc1ccc(C(=O)Nc2c(C(=O)O)nn(-c3ccc(Oc4ccccc4)cc3)c2-c2ccc(OC(C)C)cc2)cc1,5000.0,5.301029995663981,5.301029995663981,,1,intermediate
CHEMBL5993316,CC(C)Oc1cccc(-c2nc3nc(C(=O)O)nc(N[C@H](C)C4CCC4)c3n2Cc2ccc(C(F)(F)F)cc2)c1,CC(C)Oc1cccc(-c2nc3nc(C(=O)O)nc(N[C@H](C)C4CCC4)c3n2Cc2ccc(C(F)(F)F)cc2)c1,177.4,6.956232269570755,6.956232269570755,,2,active
CHEMBL5809620,CC(C)Oc1ccnc(-c2nc3nc(C(=O)O)nc(N[C@H](C)C4CCC4)c3n2Cc2ccc(C(F)(F)F)cc2)c1,CC(C)Oc1ccnc(-c2nc3nc(C(=O)O)nc(N[C@H](C)C4CCC4)c3n2Cc2ccc(C(F)(F)F)cc2)c1,7.047,8.151995728502731,8.151995728502731,,1,active
CHEMBL3125540,CC(C)S(=O)(=O)C[C@@H](N1C(=O)[C@@](C)(CC(=O)O)C[C@H](c2cccc(Cl)c2)[C@H]1c1ccc(Cl)cc1)C(C)(C)C,CC(C)S(=O)(=O)C[C@@H](N1C(=O)[C@@](C)(CC(=O)O)C[C@H](c2cccc(Cl)c2)[C@H]1c1ccc(Cl)cc1)C(C)(C)C,0.6000000000000001,9.247425010840047,9.247425010840047,,2,active
CHEMBL3125539,CC(C)S(=O)(=O)C[C@H](C)N1C(=O)[C@@](C)(CC(=O)O)C[C@H](c2cccc(Cl)c2)[C@H]1c1ccc(Cl)cc1,CC(C)S(=O)(=O)C[C@H](C)N1C(=O)[C@@](C)(CC(=O)O)C[C@H](c2cccc(Cl)c2)[C@H]1c1ccc(Cl)cc1,0.2,9.698970004336019,9.698970004336019,,1,active
CHEMBL3125697,CC(C)S(=O)(=O)C[C@H](C1CC1)N1C(=O)[C@@](C)(CC(=O)O)C[C@H](c2cccc(Cl)c2)[C@H]1c1ccc(Cl)cc1,CC(C)S(=O)(=O)C[C@H](C1CC1)N1C(=O)[C@@](C)(CC(=O)O)C[C@H](c2cccc(Cl)c2)[C@H]1c1ccc(Cl)cc1,0.15000000000000002,9.84948500216801,9.84948500216801,,2,active
CHEMBL3125698,CC(C)S(=O)(=O)C[C@H](C1CCC1)N1C(=O)[C@@](C)(CC(=O)O)C[C@H](c2cccc(Cl)c2)[C@H]1c1ccc(Cl)cc1,CC(C)S(=O)(=O)C[C@H](C1CCC1)N1C(=O)[C@@](C)(CC(=O)O)C[C@H](c2cccc(Cl)c2)[C@H]1c1ccc(Cl)cc1,0.1,10.0,10.0,,1,active
CHEMBL5987357,CC(C)S(=O)(=O)N1CCN(c2nc3nc(-c4noc(=O)[nH]4)nc(N[C@H](C)C4CCC4)c3n2C[C@H]2CC[C@H](C)CC2)[C@H](C)C1,CC(C)S(=O)(=O)N1CCN(c2nc3nc(-c4noc(=O)[nH]4)nc(N[C@H](C)C4CCC4)c3n2C[C@H]2CC[C@H](C)CC2)[C@H](C)C1,10.08,7.996539467890494,7.996539467890494,,1,active
CHEMBL4108117,CC(C)S(=O)(=O)NC[C@H](C1CC1)N1C(=O)[C@@](C)(CC(=O)O)C[C@H](c2cccc(Cl)c2)[C@H]1c1ccc(Cl)cc1,CC(C)S(=O)(=O)NC[C@H](C1CC1)N1C(=O)[C@@](C)(CC(=O)O)C[C@H](c2cccc(Cl)c2)[C@H]1c1ccc(Cl)cc1,2.0,8.698970004336019,8.698970004336019,,1,active
CHEMBL5895939,CC(C)S(=O)(=O)c1nc(N[C@H](C)C2CCC2)c2c(n1)nc(N1CCOC[C@H]1c1ccccc1)n2C[C@H]1CC[C@H](C)CC1,CC(C)S(=O)(=O)c1nc(N[C@H](C)C2CCC2)c2c(n1)nc(N1CCOC[C@H]1c1ccccc1)n2C[C@H]1CC[C@H](C)CC1,21.07,7.6763354643919,7.6763354643919,,1,active
CHEMBL3125518,CC(C)[C@@H](CN(C)S(=O)(=O)C1CC1)N1C(=O)[C@@](C)(CC(=O)O)C[C@H](c2cccc(Cl)c2)[C@H]1c1ccc(Cl)cc1,CC(C)[C@@H](CN(C)S(=O)(=O)C1CC1)N1C(=O)[C@@](C)(CC(=O)O)C[C@H](c2cccc(Cl)c2)[C@H]1c1ccc(Cl)cc1,1.0,9.221848749616356,9.221848749616356,,2,active
CHEMBL4113936,CC(C)[C@@H](CNS(=O)(=O)C1CC1)N1C(=O)[C@@](C)(CC(=O)O)C[C@H](c2cccc(Cl)c2)[C@H]1c1ccc(Cl)cc1,CC(C)[C@@H](CNS(=O)(=O)C1CC1)N1C(=O)[C@@](C)(CC(=O)O)C[C@H](c2cccc(Cl)c2)[C@H]1c1ccc(Cl)cc1,4.4,8.356547323513812,8.356547323513812,,1,active
CHEMBL3233138,CC(C)[C@@H](CS(=O)(=O)C(C)(C)C)N1C(=O)[C@@H](CC(=O)O)O[C@H](c2cccc(Cl)c2)[C@H]1c1ccc(Cl)cc1,CC(C)[C@@H](CS(=O)(=O)C(C)(C)C)N1C(=O)[C@@H](CC(=O)O)O[C@H](c2cccc(Cl)c2)[C@H]1c1ccc(Cl)cc1,2.25,8.65051499783199,8.65051499783199,,2,active
CHEMBL3125535,CC(C)[C@@H](CS(=O)(=O)C(C)(C)C)N1C(=O)[C@@](C)(CC(=O)O)C[C@H](c2cccc(Cl)c2)[C@H]1c1ccc(Cl)cc1,CC(C)[C@@H](CS(=O)(=O)C(C)(C)C)N1C(=O)[C@@](C)(CC(=O)O)C[C@H](c2cccc(Cl)c2)[C@H]1c1ccc(Cl)cc1,0.6,9.221848749616356,9.221848749616356,,2,active
CHEMBL3125702,CC(C)[C@@H](CS(=O)(=O)C(C)C)N1C(=O)[C@@](C)(CC(=O)O)C[C@H](c2cccc(Cl)c2)[C@H]1c1ccc(Cl)cc1,CC(C)[C@@H](CS(=O)(=O)C(C)C)N1C(=O)[C@@](C)(CC(=O)O)C[C@H](c2cccc(Cl)c2)[C@H]1c1ccc(Cl)cc1,0.63,9.200659450546418,9.200659450546418,,5,active
CHEMBL3957184,CC(C)[C@@H](CS(=O)(=O)CC(F)(F)F)N1C(=O)[C@@](C)(CC(=O)O)C[C@H](c2cccc(Cl)c2)[C@H]1c1ccc(Cl)cc1,CC(C)[C@@H](CS(=O)(=O)CC(F)(F)F)N1C(=O)[C@@](C)(CC(=O)O)C[C@H](c2cccc(Cl)c2)[C@H]1c1ccc(Cl)cc1,1.8,8.744727494896694,8.744727494896694,,1,active
CHEMBL3318773,CC(C)[C@@H](CS(=O)(=O)N1CCCC1)N1C(=O)[C@@](C)(CC(=O)O)C[C@H](c2cccc(Cl)c2)[C@H]1c1ccc(Cl)cc1,CC(C)[C@@H](CS(=O)(=O)N1CCCC1)N1C(=O)[C@@](C)(CC(=O)O)C[C@H](c2cccc(Cl)c2)[C@H]1c1ccc(Cl)cc1,0.3,9.522878745280337,9.522878745280337,,1,active
CHEMBL3125700,CC(C)[C@@H](CS(C)(=O)=O)N1C(=O)[C@@](C)(CC(=O)O)C[C@H](c2cccc(Cl)c2)[C@H]1c1ccc(Cl)cc1,CC(C)[C@@H](CS(C)(=O)=O)N1C(=O)[C@@](C)(CC(=O)O)C[C@H](c2cccc(Cl)c2)[C@H]1c1ccc(Cl)cc1,0.3,9.522878745280337,9.522878745280337,,2,active
CHEMBL3983226,CC(C)[C@@H]([C@H](C)O)N1C(=O)[C@@](C)(CC(=O)O)C[C@H](c2cccc(Cl)c2)[C@H]1c1ccc(Cl)cc1,CC(C)[C@@H]([C@H](C)O)N1C(=O)[C@@](C)(CC(=O)O)C[C@H](c2cccc(Cl)c2)[C@H]1c1ccc(Cl)cc1,1.0,9.0,9.0,,1,active
CHEMBL5986404,CC(C)[C@@H](c1ccccn1)N1C(=O)[C@@](C)(CC(=O)O)C[C@H](c2cccc(Cl)c2)C1c1ccc(Cl)cc1,CC(C)[C@@H](c1ccccn1)N1C(=O)[C@@](C)(CC(=O)O)C[C@H](c2cccc(Cl)c2)C1c1ccc(Cl)cc1,19.5,7.784318117920506,7.784318117920506,,2,active
CHEMBL5822592,CC(C)[C@@H]1COCCN1c1nc2nc(-c3n[nH]c(=O)o3)nc(-c3cccc(Cl)c3)c2n1C[C@H]1CC[C@H](C)CC1,CC(C)[C@@H]1COCCN1c1nc2nc(-c3n[nH]c(=O)o3)nc(-c3cccc(Cl)c3)c2n1C[C@H]1CC[C@H](C)CC1,14.69,7.832978204209743,7.832978204209743,,1,active
CHEMBL6042888,CC(C)[C@@H]1COCCN1c1nc2nc(-c3noc(=O)[nH]3)nc(-c3cccc(Cl)c3)c2n1C[C@H]1CC[C@H](C)CC1,CC(C)[C@@H]1COCCN1c1nc2nc(-c3noc(=O)[nH]3)nc(-c3cccc(Cl)c3)c2n1C[C@H]1CC[C@H](C)CC1,3.624,8.440811810995225,8.440811810995225,,1,active
CHEMBL3649927,CC(C)[C@@H]1C[C@@H](O)CN1c1nc2cc(-c3noc(=O)[nH]3)nc(-c3cncc(Cl)c3)c2n1C(C)[C@H]1CC[C@H](C)CC1,CC(C)[C@@H]1C[C@@H](O)CN1c1nc2cc(-c3noc(=O)[nH]3)nc(-c3cncc(Cl)c3)c2n1C(C)[C@H]1CC[C@H](C)CC1,1.0,9.0,9.0,,1,active
CHEMBL3654185,CC(C)[C@@H]1C[C@@H](O)CN1c1nc2cc(-c3noc(=O)[nH]3)nc(-c3cncc(Cl)c3)c2n1C[C@H]1CC[C@H](C)CC1,CC(C)[C@@H]1C[C@@H](O)CN1c1nc2cc(-c3noc(=O)[nH]3)nc(-c3cncc(Cl)c3)c2n1C[C@H]1CC[C@H](C)CC1,1.0,9.0,9.0,,1,active
CHEMBL3649891,CC(C)[C@@H]1C[C@](C)(O)CN1c1nc2cc(-c3noc(=O)[nH]3)nc(-c3cncc(Cl)c3)c2n1C[C@H]1CC[C@H](C)CC1,CC(C)[C@@H]1C[C@](C)(O)CN1c1nc2cc(-c3noc(=O)[nH]3)nc(-c3cncc(Cl)c3)c2n1C[C@H]1CC[C@H](C)CC1,1.0,9.0,9.0,,2,active
CHEMBL5425065,CC(C)[C@@H]1NC(=O)Cn2cc(nn2)CC(C(N)=O)NC(=O)[C@@H]2C[C@@H](CN2C(=O)c2ccccc2)NC(=O)[C@H](Cc2cccc(C(F)(F)F)c2)NC(=O)[C@@H](C(C)C)CNC(=O)CNC(=O)[C@H](Cc2ccccc2)NC(=O)[C@H](Cc2c[nH]c3ccccc23)NC1=O,CC(C)[C@@H]1NC(=O)Cn2cc(nn2)CC(C(N)=O)NC(=O)[C@@H]2C[C@@H](CN2C(=O)c2ccccc2)NC(=O)[C@H](Cc2cccc(C(F)(F)F)c2)NC(=O)[C@@H](C(C)C)CNC(=O)CNC(=O)[C@H](Cc2ccccc2)NC(=O)[C@H](Cc2c[nH]c3ccccc23)NC1=O,90.0,7.045757490560675,7.045757490560675,,1,active
CHEMBL5395151,CC(C)[C@@H]1NC(=O)Cn2cc(nn2)C[C@@H](C(N)=O)NC(=O)[C@@H]2C[C@@H](CN2C(=O)c2ccccc2)NC(=O)[C@H](Cc2cccc(C(F)(F)F)c2)NC(=O)[C@@H](C(C)C)CNC(=O)CNC(=O)[C@H](Cc2ccccc2)NC(=O)[C@H](Cc2c[nH]c3ccccc23)NC1=O,CC(C)[C@@H]1NC(=O)Cn2cc(nn2)C[C@@H](C(N)=O)NC(=O)[C@@H]2C[C@@H](CN2C(=O)c2ccccc2)NC(=O)[C@H](Cc2cccc(C(F)(F)F)c2)NC(=O)[C@@H](C(C)C)CNC(=O)CNC(=O)[C@H](Cc2ccccc2)NC(=O)[C@H](Cc2c[nH]c3ccccc23)NC1=O,43.0,7.366531544420414,7.366531544420414,,1,active
CHEMBL5410760,CC(C)[C@@H]1NC(=O)Cn2cc(nn2)C[C@H](C(N)=O)NC(=O)[C@@H]2C[C@@H](CN2C(=O)c2ccccc2)NC(=O)[C@H](Cc2cccc(C(F)(F)F)c2)NC(=O)[C@@H](C(C)C)CNC(=O)CNC(=O)[C@H](Cc2ccccc2)NC(=O)[C@H](Cc2c[nH]c3ccccc23)NC1=O,CC(C)[C@@H]1NC(=O)Cn2cc(nn2)C[C@H](C(N)=O)NC(=O)[C@@H]2C[C@@H](CN2C(=O)c2ccccc2)NC(=O)[C@H](Cc2cccc(C(F)(F)F)c2)NC(=O)[C@@H](C(C)C)CNC(=O)CNC(=O)[C@H](Cc2ccccc2)NC(=O)[C@H](Cc2c[nH]c3ccccc23)NC1=O,9.0,8.045757490560675,8.045757490560675,,1,active
CHEMBL4463050,CC(C)[C@H](N1C(=O)[C@@H](CC(=O)O)C[C@@H](c2cccc(Cl)c2)[C@H]1c1ccc(Cl)cc1)S(=O)(=O)C(C)C,CC(C)[C@H](N1C(=O)[C@@H](CC(=O)O)C[C@@H](c2cccc(Cl)c2)[C@H]1c1ccc(Cl)cc1)S(=O)(=O)C(C)C,9.1,8.040958607678906,8.040958607678906,,1,active
CHEMBL3949967,CC(C)[C@H]1C[C@H](O)CN1c1nc2cc(-c3nc(=O)o[nH]3)nc(-c3cncc(Cl)c3)c2n1C(C)[C@H]1CC[C@H](C)CC1,CC(C)[C@H]1C[C@H](O)CN1c1nc2cc(-c3nc(=O)o[nH]3)nc(-c3cncc(Cl)c3)c2n1C(C)[C@H]1CC[C@H](C)CC1,1.0,9.0,9.0,,1,active
CHEMBL6017225,CC(C)[S+]([O-])c1nc(N[C@H](C)C2CCC2)c2c(n1)nc(N1CCOC[C@H]1c1ccccc1)n2C[C@H]1CC[C@H](C)CC1,CC(C)[S+]([O-])c1nc(N[C@H](C)C2CCC2)c2c(n1)nc(N1CCOC[C@H]1c1ccccc1)n2C[C@H]1CC[C@H](C)CC1,15.46,7.810790510417694,7.810790510417694,,1,active
CHEMBL3687291,CC(C)c1c2c(nn1-c1ccncc1)C(=O)N(c1cccc(Cl)c1F)C2c1ccc(Cl)cc1,CC(C)c1c2c(nn1-c1ccncc1)C(=O)N(c1cccc(Cl)c1F)C2c1ccc(Cl)cc1,107.9,6.966978555317089,6.966978555317089,,1,active
CHEMBL3691716,CC(C)c1c2c(nn1-c1cn[nH]c1)C(=O)N(c1cccc(Cl)c1F)C2c1ccc(Cl)cc1,CC(C)c1c2c(nn1-c1cn[nH]c1)C(=O)N(c1cccc(Cl)c1F)C2c1ccc(Cl)cc1,22.5,7.647817481888637,7.647817481888637,,1,active
CHEMBL3687288,CC(C)c1c2c(nn1CCO)C(=O)N(c1cccc(Cl)c1F)C2c1ccc(Cl)c(F)c1,CC(C)c1c2c(nn1CCO)C(=O)N(c1cccc(Cl)c1F)C2c1ccc(Cl)c(F)c1,7.8,8.10790539730952,8.10790539730952,,1,active
CHEMBL3687283,CC(C)c1c2c(nn1CCO)C(=O)N(c1cccc(Cl)c1F)C2c1ccc(Cl)cc1Cl,CC(C)c1c2c(nn1CCO)C(=O)N(c1cccc(Cl)c1F)C2c1ccc(Cl)cc1Cl,13.2,7.87942606879415,7.87942606879415,,1,active
CHEMBL3687256,CC(C)c1c2c(nn1Cc1ccccc1C#N)C(=O)N(c1ccc(F)c(F)c1)C2c1ccc(Cl)cc1,CC(C)c1c2c(nn1Cc1ccccc1C#N)C(=O)N(c1ccc(F)c(F)c1)C2c1ccc(Cl)cc1,19.3,7.714442690992226,7.714442690992226,,1,active
CHEMBL3687240,CC(C)c1c2c(nn1Cc1ncc[nH]1)C(=O)N(c1cccc(Cl)c1F)C2c1ccc(Cl)cc1,CC(C)c1c2c(nn1Cc1ncc[nH]1)C(=O)N(c1cccc(Cl)c1F)C2c1ccc(Cl)cc1,33.9,7.4698003017969175,7.4698003017969175,,1,active
CHEMBL3687241,CC(C)c1c2c(nn1Cc1nnn[nH]1)C(=O)N(c1cccc(Cl)c1F)C2c1ccc(Cl)cc1,CC(C)c1c2c(nn1Cc1nnn[nH]1)C(=O)N(c1cccc(Cl)c1F)C2c1ccc(Cl)cc1,16.2,7.790484985457369,7.790484985457369,,1,active
CHEMBL6048588,CC(C)c1cc(-c2nc3nc(-c4noc(=O)[nH]4)nc(N[C@H](C)C4CCC4)c3n2C[C@H]2CC[C@H](C)CC2)[nH]c(=O)c1,CC(C)c1cc(-c2nc3nc(-c4noc(=O)[nH]4)nc(N[C@H](C)C4CCC4)c3n2C[C@H]2CC[C@H](C)CC2)[nH]c(=O)c1,6.742,8.171211251815047,8.171211251815047,,1,active
CHEMBL5800567,CC(C)c1cc(-c2nc3nc(-c4noc(=O)[nH]4)nc(N[C@H](C)C4CCC4)c3n2C[C@H]2CC[C@H](C)CC2)ncc1F,CC(C)c1cc(-c2nc3nc(-c4noc(=O)[nH]4)nc(N[C@H](C)C4CCC4)c3n2C[C@H]2CC[C@H](C)CC2)ncc1F,11.77,7.929223537156565,7.929223537156565,,1,active
CHEMBL6016983,CC(C)c1cc(-c2nc3nc(C(=O)O)nc(N[C@H](C)C4CCC4)c3n2C[C@H]2CC[C@H](C)CC2)[nH]c(=O)c1,CC(C)c1cc(-c2nc3nc(C(=O)O)nc(N[C@H](C)C4CCC4)c3n2C[C@H]2CC[C@H](C)CC2)[nH]c(=O)c1,15.55,7.808269606637143,7.808269606637143,,1,active
CHEMBL5829599,CC(C)c1cc(-c2nc3nc(C(=O)O)nc(N[C@H](C)C4CCC4)c3n2C[C@H]2CC[C@H](C)CC2)ncc1F,CC(C)c1cc(-c2nc3nc(C(=O)O)nc(N[C@H](C)C4CCC4)c3n2C[C@H]2CC[C@H](C)CC2)ncc1F,1.139,8.943476275920899,8.943476275920899,,1,active
CHEMBL5765482,CC(C)c1cc(-c2nc3nc(C(=O)O)nc(N[C@H](C)C4CCC4)c3n2Cc2ccc(C(F)(F)F)cc2)ccn1,CC(C)c1cc(-c2nc3nc(C(=O)O)nc(N[C@H](C)C4CCC4)c3n2Cc2ccc(C(F)(F)F)cc2)ccn1,58.76,7.230918212881781,7.230918212881781,,1,active
CHEMBL5820714,CC(C)c1cc(-c2nc3nc(C(=O)O)nc(N[C@H](C)C4CCC4)c3n2Cc2ccc(C(F)(F)F)cc2)ncc1F,CC(C)c1cc(-c2nc3nc(C(=O)O)nc(N[C@H](C)C4CCC4)c3n2Cc2ccc(C(F)(F)F)cc2)ncc1F,3.958,8.402524210129622,8.402524210129622,,1,active
CHEMBL5789587,CC(C)c1cc(F)nc(-c2nc3nc(-c4noc(=O)[nH]4)nc(N[C@H](C)C4CCC4)c3n2C[C@H]2CC[C@H](C)CC2)c1,CC(C)c1cc(F)nc(-c2nc3nc(-c4noc(=O)[nH]4)nc(N[C@H](C)C4CCC4)c3n2C[C@H]2CC[C@H](C)CC2)c1,33.49,7.475084852460133,7.475084852460133,,1,active
CHEMBL5831070,CC(C)c1cc2c(cc1C(=O)O)nc1n2CC[C@H]2[C@@H]1[C@H](c1cccc(Cl)c1F)[C@]1(C(=O)Nc3cc(Cl)ccc31)N2CC1CC1,CC(C)c1cc2c(cc1C(=O)O)nc1n2CC[C@H]2[C@@H]1[C@H](c1cccc(Cl)c1F)[C@]1(C(=O)Nc3cc(Cl)ccc31)N2CC1CC1,6.0,8.221848749616356,8.221848749616356,,1,active
CHEMBL5928735,CC(C)c1ccc(O)c(-c2nc3nc(C(=O)O)nc(N[C@H](C)C4CCC4)c3n2Cc2ccc(C(F)(F)F)cc2)c1,CC(C)c1ccc(O)c(-c2nc3nc(C(=O)O)nc(N[C@H](C)C4CCC4)c3n2Cc2ccc(C(F)(F)F)cc2)c1,50.33,7.298173069602861,7.298173069602861,,1,active
CHEMBL5796860,CC(C)c1ccc(OC(F)(F)F)c(-c2nc3nc(C(=O)O)nc(N[C@H](C)C4CCC4)c3n2Cc2ccc(C(F)(F)F)c(F)c2)c1,CC(C)c1ccc(OC(F)(F)F)c(-c2nc3nc(C(=O)O)nc(N[C@H](C)C4CCC4)c3n2Cc2ccc(C(F)(F)F)c(F)c2)c1,15.25,7.816730156317195,7.816730156317195,,1,active
CHEMBL6023063,CC(C)c1ccc(OC(F)(F)F)c(-c2nc3nc(C(=O)O)nc(N[C@H](C)C4CCC4)c3n2Cc2ccc(C(F)(F)F)cc2)c1,CC(C)c1ccc(OC(F)(F)F)c(-c2nc3nc(C(=O)O)nc(N[C@H](C)C4CCC4)c3n2Cc2ccc(C(F)(F)F)cc2)c1,6.249,8.204189475332592,8.204189475332592,,1,active
CHEMBL5778309,CC(C)c1ccc(OC(F)(F)F)c(-c2nc3nc(C(=O)O)nc(N[C@H](C)C4CCC4)c3n2Cc2ccc(OC(F)(F)F)c(F)c2)c1,CC(C)c1ccc(OC(F)(F)F)c(-c2nc3nc(C(=O)O)nc(N[C@H](C)C4CCC4)c3n2Cc2ccc(OC(F)(F)F)c(F)c2)c1,23.22,7.634137784597445,7.634137784597445,,1,active
CHEMBL6058131,CC(C)c1cccc(-c2nc3nc(C(=O)O)nc(N[C@H](C)C4CC4)c3n2Cc2ccc(C(F)(F)F)cc2)c1,CC(C)c1cccc(-c2nc3nc(C(=O)O)nc(N[C@H](C)C4CC4)c3n2Cc2ccc(C(F)(F)F)cc2)c1,122.9,6.910448117113546,6.910448117113546,,1,active
CHEMBL5070566,CC(C)c1cccc(-c2nc3nc(C(=O)O)nc(N[C@H](C)C4CCC4)c3n2Cc2ccc(C(F)(F)F)cc2)c1,CC(C)c1cccc(-c2nc3nc(C(=O)O)nc(N[C@H](C)C4CCC4)c3n2Cc2ccc(C(F)(F)F)cc2)c1,14.74,7.831502516476967,7.831502516476967,,1,active
CHEMBL5801296,CC(C)c1cccc(-c2nc3nc(C(=O)O)nc(N[C@H](C)C4CCC4)c3n2Cc2ccc(C(F)(F)F)cc2)n1,CC(C)c1cccc(-c2nc3nc(C(=O)O)nc(N[C@H](C)C4CCC4)c3n2Cc2ccc(C(F)(F)F)cc2)n1,46.88,7.329012396989966,7.329012396989966,,1,active
CHEMBL5832350,CC(C)c1ccnc(-c2cc3nc(C(=O)O)nc(N[C@H](C)C4CCC4)c3n2Cc2ccc(C(F)(F)F)cc2)c1,CC(C)c1ccnc(-c2cc3nc(C(=O)O)nc(N[C@H](C)C4CCC4)c3n2Cc2ccc(C(F)(F)F)cc2)c1,26.0,7.585026652029182,7.585026652029182,,1,active
CHEMBL3649999,CC(C)c1ccnc(-c2nc3cc(-c4noc(=O)[nH]4)nc(-c4cncc(Cl)c4)c3n2C[C@H]2CC[C@H](C)CC2)c1,CC(C)c1ccnc(-c2nc3cc(-c4noc(=O)[nH]4)nc(-c4cncc(Cl)c4)c3n2C[C@H]2CC[C@H](C)CC2)c1,4.0,8.397940008672037,8.397940008672037,,2,active
CHEMBL3936690,CC(C)c1ccnc(-c2nc3cc(C(=O)O)nc(N[C@@H](C)C4CCC4)c3n2Cc2ccc(C(F)(F)F)cc2)c1,CC(C)c1ccnc(-c2nc3cc(C(=O)O)nc(N[C@@H](C)C4CCC4)c3n2Cc2ccc(C(F)(F)F)cc2)c1,29.0,7.537602002101044,7.537602002101044,,1,active
CHEMBL3654183,CC(C)c1ccnc(-c2nc3cc(C(=O)O)nc(N[C@H](C)C4CCC4)c3n2C[C@H]2CC[C@H](C)CC2)c1,CC(C)c1ccnc(-c2nc3cc(C(=O)O)nc(N[C@H](C)C4CCC4)c3n2C[C@H]2CC[C@H](C)CC2)c1,4.0,8.397940008672037,8.397940008672037,,1,active
CHEMBL3647043,CC(C)c1ccnc(-c2nc3cc(C(=O)O)nc(N[C@H](C)C4CCC4)c3n2Cc2ccc(C(F)(F)F)cc2)c1,CC(C)c1ccnc(-c2nc3cc(C(=O)O)nc(N[C@H](C)C4CCC4)c3n2Cc2ccc(C(F)(F)F)cc2)c1,29.0,7.537602002101044,7.537602002101044,,1,active
CHEMBL5861447,CC(C)c1ccnc(-c2nc3nc(-c4cnn[nH]4)nc(N[C@H](C)C4CCC4)c3n2Cc2ccc(C(F)(F)F)cc2)c1,CC(C)c1ccnc(-c2nc3nc(-c4cnn[nH]4)nc(N[C@H](C)C4CCC4)c3n2Cc2ccc(C(F)(F)F)cc2)c1,535.1,6.271565049025745,6.271565049025745,,1,active
CHEMBL6057627,CC(C)c1ccnc(-c2nc3nc(-c4nnn[nH]4)nc(N[C@H](C)C4CCC4)c3n2C[C@H]2CC[C@H](C)CC2)c1,CC(C)c1ccnc(-c2nc3nc(-c4nnn[nH]4)nc(N[C@H](C)C4CCC4)c3n2C[C@H]2CC[C@H](C)CC2)c1,1.914,8.718058066559175,8.718058066559175,,1,active
CHEMBL5908592,CC(C)c1ccnc(-c2nc3nc(-c4nnn[nH]4)nc(N[C@H](C)C4CCC4)c3n2Cc2ccc(C(F)(F)F)cc2)c1,CC(C)c1ccnc(-c2nc3nc(-c4nnn[nH]4)nc(N[C@H](C)C4CCC4)c3n2Cc2ccc(C(F)(F)F)cc2)c1,8.348,8.078417559606583,8.078417559606583,,1,active
CHEMBL5991280,CC(C)c1ccnc(-c2nc3nc(-c4noc(=O)[nH]4)nc(-c4cccc(Cl)c4)c3n2C[C@H]2CC[C@H](C)CC2)c1,CC(C)c1ccnc(-c2nc3nc(-c4noc(=O)[nH]4)nc(-c4cccc(Cl)c4)c3n2C[C@H]2CC[C@H](C)CC2)c1,11.44,7.941573975542995,7.941573975542995,,1,active
CHEMBL5815817,CC(C)c1ccnc(-c2nc3nc(-c4noc(=O)[nH]4)nc(N[C@H](C)C4CCC4)c3n2CC2CCC(C)(C)CC2)c1,CC(C)c1ccnc(-c2nc3nc(-c4noc(=O)[nH]4)nc(N[C@H](C)C4CCC4)c3n2CC2CCC(C)(C)CC2)c1,394.1,6.404393565134397,6.404393565134397,,1,active
CHEMBL5781906,CC(C)c1ccnc(-c2nc3nc(-c4noc(=O)[nH]4)nc(N[C@H](C)C4CCC4)c3n2CC2CCC(C)C(F)(F)C2)c1,CC(C)c1ccnc(-c2nc3nc(-c4noc(=O)[nH]4)nc(N[C@H](C)C4CCC4)c3n2CC2CCC(C)C(F)(F)C2)c1,2.79,8.554395796726402,8.554395796726402,,1,active
CHEMBL5742758,CC(C)c1ccnc(-c2nc3nc(-c4noc(=O)[nH]4)nc(N[C@H](C)C4CCC4)c3n2C[C@H]2CC[C@H](C(F)(F)F)CC2)c1,CC(C)c1ccnc(-c2nc3nc(-c4noc(=O)[nH]4)nc(N[C@H](C)C4CCC4)c3n2C[C@H]2CC[C@H](C(F)(F)F)CC2)c1,12.98,7.88672530753565,7.88672530753565,,1,active
CHEMBL6026755,CC(C)c1ccnc(-c2nc3nc(-c4noc(=O)[nH]4)nc(N[C@H](C)C4CCC4)c3n2C[C@H]2CC[C@H](C)CC2)c1F,CC(C)c1ccnc(-c2nc3nc(-c4noc(=O)[nH]4)nc(N[C@H](C)C4CCC4)c3n2C[C@H]2CC[C@H](C)CC2)c1F,5.131,8.289797985344615,8.289797985344615,,1,active
CHEMBL6035852,CC(C)c1ccnc(-c2nc3nc(C(=O)O)nc(-c4ccc(F)cc4)c3n2C[C@H]2CC[C@H](C)CC2)c1,CC(C)c1ccnc(-c2nc3nc(C(=O)O)nc(-c4ccc(F)cc4)c3n2C[C@H]2CC[C@H](C)CC2)c1,401.3,6.396530840266161,6.396530840266161,,1,active
CHEMBL5952389,CC(C)c1ccnc(-c2nc3nc(C(=O)O)nc(N(C)[C@H](C)C4CCC4)c3n2C[C@H]2CC[C@H](C)CC2)c1,CC(C)c1ccnc(-c2nc3nc(C(=O)O)nc(N(C)[C@H](C)C4CCC4)c3n2C[C@H]2CC[C@H](C)CC2)c1,10.46,7.980468315468745,7.980468315468745,,1,active
CHEMBL5939658,CC(C)c1ccnc(-c2nc3nc(C(=O)O)nc(N(C)[C@H](C)C4CCC4)c3n2Cc2ccc(C(F)(F)F)c(F)c2)c1,CC(C)c1ccnc(-c2nc3nc(C(=O)O)nc(N(C)[C@H](C)C4CCC4)c3n2Cc2ccc(C(F)(F)F)c(F)c2)c1,157.7,6.802168306671097,6.802168306671097,,1,active
CHEMBL5917538,CC(C)c1ccnc(-c2nc3nc(C(=O)O)nc(N[C@@H](C)C4CCC4)c3n2Cc2ccc(C(F)(F)F)cc2)c1,CC(C)c1ccnc(-c2nc3nc(C(=O)O)nc(N[C@@H](C)C4CCC4)c3n2Cc2ccc(C(F)(F)F)cc2)c1,127.8,6.893469146177619,6.893469146177619,,1,active
CHEMBL5845971,CC(C)c1ccnc(-c2nc3nc(C(=O)O)nc(N[C@@H](c4ccccc4)C4CCC4)c3n2Cc2ccc(C(F)(F)F)cc2)c1,CC(C)c1ccnc(-c2nc3nc(C(=O)O)nc(N[C@@H](c4ccccc4)C4CCC4)c3n2Cc2ccc(C(F)(F)F)cc2)c1,1061.0,5.974284616098659,5.974284616098659,,1,intermediate
CHEMBL5994668,CC(C)c1ccnc(-c2nc3nc(C(=O)O)nc(N[C@H](C)C(F)(F)F)c3n2C[C@H]2CC[C@H](C)CC2)c1,CC(C)c1ccnc(-c2nc3nc(C(=O)O)nc(N[C@H](C)C(F)(F)F)c3n2C[C@H]2CC[C@H](C)CC2)c1,17.88,7.747632485540101,7.747632485540101,,1,active
CHEMBL5949369,CC(C)c1ccnc(-c2nc3nc(C(=O)O)nc(N[C@H](C)C4CCC4)c3n2CC2CCC(C)(C)CC2)c1,CC(C)c1ccnc(-c2nc3nc(C(=O)O)nc(N[C@H](C)C4CCC4)c3n2CC2CCC(C)(C)CC2)c1,59.47,7.225702061500723,7.225702061500723,,1,active
CHEMBL6062435,CC(C)c1ccnc(-c2nc3nc(C(=O)O)nc(N[C@H](C)C4CCC4)c3n2CC2CCC(F)(F)CC2)c1,CC(C)c1ccnc(-c2nc3nc(C(=O)O)nc(N[C@H](C)C4CCC4)c3n2CC2CCC(F)(F)CC2)c1,57.42,7.2409368118395125,7.2409368118395125,,1,active
CHEMBL6009684,CC(C)c1ccnc(-c2nc3nc(C(=O)O)nc(N[C@H](C)C4CCC4)c3n2C[C@H]2CC[C@H](C(F)(F)F)CC2)c1,CC(C)c1ccnc(-c2nc3nc(C(=O)O)nc(N[C@H](C)C4CCC4)c3n2C[C@H]2CC[C@H](C(F)(F)F)CC2)c1,3.462,8.460672936460625,8.460672936460625,,1,active
CHEMBL5080429,CC(C)c1ccnc(-c2nc3nc(C(=O)O)nc(N[C@H](C)C4CCC4)c3n2C[C@H]2CC[C@H](C)CC2)c1,CC(C)c1ccnc(-c2nc3nc(C(=O)O)nc(N[C@H](C)C4CCC4)c3n2C[C@H]2CC[C@H](C)CC2)c1,1.9235,8.74009571263183,8.74009571263183,,2,active
CHEMBL5955948,CC(C)c1ccnc(-c2nc3nc(C(=O)O)nc(N[C@H](C)C4CCC4)c3n2C[C@H]2CC[C@H](C)CC2)c1F,CC(C)c1ccnc(-c2nc3nc(C(=O)O)nc(N[C@H](C)C4CCC4)c3n2C[C@H]2CC[C@H](C)CC2)c1F,6.016,8.220692172416413,8.220692172416413,,1,active
CHEMBL5893179,CC(C)c1ccnc(-c2nc3nc(C(=O)O)nc(N[C@H](C)C4CCC4)c3n2C[C@H]2CC[C@H](CF)CC2)c1,CC(C)c1ccnc(-c2nc3nc(C(=O)O)nc(N[C@H](C)C4CCC4)c3n2C[C@H]2CC[C@H](CF)CC2)c1,9.384,8.027612000892526,8.027612000892526,,1,active
CHEMBL5858477,CC(C)c1ccnc(-c2nc3nc(C(=O)O)nc(N[C@H](C)C4CCC4)c3n2Cc2ccc(C(F)(F)F)c(F)c2)c1,CC(C)c1ccnc(-c2nc3nc(C(=O)O)nc(N[C@H](C)C4CCC4)c3n2Cc2ccc(C(F)(F)F)c(F)c2)c1,3.521,8.453333974929816,8.453333974929816,,1,active
CHEMBL5076274,CC(C)c1ccnc(-c2nc3nc(C(=O)O)nc(N[C@H](C)C4CCC4)c3n2Cc2ccc(C(F)(F)F)cc2)c1,CC(C)c1ccnc(-c2nc3nc(C(=O)O)nc(N[C@H](C)C4CCC4)c3n2Cc2ccc(C(F)(F)F)cc2)c1,4.217,8.374996398985136,8.374996398985136,,1,active
CHEMBL6031601,CC(C)c1ccnc(-c2nc3nc(C(=O)O)nc(N[C@H](C)C4CCC4)c3n2Cc2ccc(C(F)(F)F)cc2)n1,CC(C)c1ccnc(-c2nc3nc(C(=O)O)nc(N[C@H](C)C4CCC4)c3n2Cc2ccc(C(F)(F)F)cc2)n1,21.97,7.658169943079489,7.658169943079489,,1,active
CHEMBL5760749,CC(C)c1ccnc(-c2nc3nc(C(=O)O)nc(N[C@H](C)C4CCC4)c3n2Cc2ccc(C(F)(F)F)cc2N)c1,CC(C)c1ccnc(-c2nc3nc(C(=O)O)nc(N[C@H](C)C4CCC4)c3n2Cc2ccc(C(F)(F)F)cc2N)c1,1.624,8.789413975094844,8.789413975094844,,1,active
CHEMBL5093756,CC(C)c1ccnc(-c2nc3nc(C(=O)O)nc(N[C@H](C)C4CCC4)c3n2Cc2ccc(C(F)(F)F)s2)c1,CC(C)c1ccnc(-c2nc3nc(C(=O)O)nc(N[C@H](C)C4CCC4)c3n2Cc2ccc(C(F)(F)F)s2)c1,26.95,7.569441230477242,7.569441230477242,,1,active
CHEMBL5981818,CC(C)c1ccnc(-c2nc3nc(C(=O)O)nc(N[C@H](C)C4CCC4)c3n2Cc2ccc(Cl)c(F)c2)c1,CC(C)c1ccnc(-c2nc3nc(C(=O)O)nc(N[C@H](C)C4CCC4)c3n2Cc2ccc(Cl)c(F)c2)c1,2.793,8.553929064298995,8.553929064298995,,1,active
CHEMBL5091392,CC(C)c1ccnc(-c2nc3nc(C(=O)O)nc(N[C@H](C)C4CCC4)c3n2Cc2ccc(OC(F)(F)F)c(F)c2)c1,CC(C)c1ccnc(-c2nc3nc(C(=O)O)nc(N[C@H](C)C4CCC4)c3n2Cc2ccc(OC(F)(F)F)c(F)c2)c1,9.507,8.021956506090037,8.021956506090037,,1,active
CHEMBL5080197,CC(C)c1ccnc(-c2nc3nc(C(=O)O)nc(N[C@H](C)C4CCC4)c3n2Cc2ccc(OC(F)(F)F)cc2)c1,CC(C)c1ccnc(-c2nc3nc(C(=O)O)nc(N[C@H](C)C4CCC4)c3n2Cc2ccc(OC(F)(F)F)cc2)c1,12.28,7.910801633194851,7.910801633194851,,1,active
CHEMBL5762524,CC(C)c1ccnc(-c2nc3nc(C(=O)O)nc(N[C@H](c4ccccc4)C4CCC4)c3n2Cc2ccc(C(F)(F)F)cc2)c1,CC(C)c1ccnc(-c2nc3nc(C(=O)O)nc(N[C@H](c4ccccc4)C4CCC4)c3n2Cc2ccc(C(F)(F)F)cc2)c1,44.894999999999996,7.349836108950983,7.349836108950983,,2,active
CHEMBL5876996,CC(C)c1ccnc(-c2nc3nc(C(=O)O)nc(OC(C)C4CCC4)c3n2C[C@H]2CC[C@H](C)CC2)c1,CC(C)c1ccnc(-c2nc3nc(C(=O)O)nc(OC(C)C4CCC4)c3n2C[C@H]2CC[C@H](C)CC2)c1,10.28,7.988006885340743,7.988006885340743,,1,active
CHEMBL5965092,CC(C)c1ccnc(-c2nc3nc(C(=O)O)nc(OC(C)C4CCC4)c3n2Cc2ccc(C(F)(F)F)c(F)c2)c1,CC(C)c1ccnc(-c2nc3nc(C(=O)O)nc(OC(C)C4CCC4)c3n2Cc2ccc(C(F)(F)F)c(F)c2)c1,14.97,7.824778199656947,7.824778199656947,,1,active
CHEMBL5967112,CC(C)c1ccnc(-c2nc3nc(C(C)(C)O)nc(N[C@H](C)C4CCC4)c3n2C[C@H]2CC[C@H](C)CC2)c1,CC(C)c1ccnc(-c2nc3nc(C(C)(C)O)nc(N[C@H](C)C4CCC4)c3n2C[C@H]2CC[C@H](C)CC2)c1,730.8,6.1362014613195,6.1362014613195,,1,active
CHEMBL5827614,CC(C)c1ccnc(-c2nc3nc(C(C)O)nc(N[C@H](C)C4CCC4)c3n2C[C@H]2CC[C@H](C)CC2)c1,CC(C)c1ccnc(-c2nc3nc(C(C)O)nc(N[C@H](C)C4CCC4)c3n2C[C@H]2CC[C@H](C)CC2)c1,420.5,6.376233999866069,6.376233999866069,,1,active
CHEMBL6003706,CC(C)c1ccnc(-c2nc3nc(CN)nc(N[C@H](C)C4CCC4)c3n2C[C@H]2CC[C@H](C)CC2)c1,CC(C)c1ccnc(-c2nc3nc(CN)nc(N[C@H](C)C4CCC4)c3n2C[C@H]2CC[C@H](C)CC2)c1,39.0,7.4089353929735005,7.4089353929735005,,1,active
CHEMBL5853525,CC(C)c1ccnc(-c2nc3nc(CNC(=O)C(F)(F)F)nc(N[C@H](C)C4CCC4)c3n2C[C@H]2CC[C@H](C)CC2)c1,CC(C)c1ccnc(-c2nc3nc(CNC(=O)C(F)(F)F)nc(N[C@H](C)C4CCC4)c3n2C[C@H]2CC[C@H](C)CC2)c1,30.0,7.522878745280337,7.522878745280337,,1,active
CHEMBL5763401,CC(C)c1ccnc(-c2nc3nc(CNS(C)(=O)=O)nc(N[C@H](C)C4CCC4)c3n2C[C@H]2CC[C@H](C)CC2)c1,CC(C)c1ccnc(-c2nc3nc(CNS(C)(=O)=O)nc(N[C@H](C)C4CCC4)c3n2C[C@H]2CC[C@H](C)CC2)c1,374.0,6.427128397799519,6.427128397799519,,1,active
CHEMBL5930547,CC(C)c1ccnc(-c2nc3nc(CO)nc(N[C@H](C)C4CCC4)c3n2C[C@H]2CC[C@H](C)CC2)c1,CC(C)c1ccnc(-c2nc3nc(CO)nc(N[C@H](C)C4CCC4)c3n2C[C@H]2CC[C@H](C)CC2)c1,300.5,6.522155523661242,6.522155523661242,,1,active
CHEMBL5909998,CC(C)c1ccnc(-c2nc3nc(CO)nc(N[C@H](C)C4CCC4)c3n2Cc2ccc(C(F)(F)F)cc2)c1,CC(C)c1ccnc(-c2nc3nc(CO)nc(N[C@H](C)C4CCC4)c3n2Cc2ccc(C(F)(F)F)cc2)c1,597.3,6.223807485252928,6.223807485252928,,1,active
CHEMBL5995667,CC(C)c1ccnc(-c2nc3nc(S(C)(=O)=O)nc(N[C@H](C)C4CCC4)c3n2C[C@H]2CC[C@H](C)CC2)c1,CC(C)c1ccnc(-c2nc3nc(S(C)(=O)=O)nc(N[C@H](C)C4CCC4)c3n2C[C@H]2CC[C@H](C)CC2)c1,72.44,7.140021558357979,7.140021558357979,,1,active
CHEMBL5760622,CC(C)c1cnc(-c2nc3nc(C(=O)O)nc(N[C@H](C)C4CCC4)c3n2Cc2ccc(C(F)(F)F)cc2)s1,CC(C)c1cnc(-c2nc3nc(C(=O)O)nc(N[C@H](C)C4CCC4)c3n2Cc2ccc(C(F)(F)F)cc2)s1,57.89,7.237396450433197,7.237396450433197,,1,active
CHEMBL5768888,CC(C)c1cncc(-c2nc3nc(C(=O)O)nc(N[C@H](C)C4CCC4)c3n2Cc2ccc(C(F)(F)F)cc2)c1,CC(C)c1cncc(-c2nc3nc(C(=O)O)nc(N[C@H](C)C4CCC4)c3n2Cc2ccc(C(F)(F)F)cc2)c1,74.4,7.128427064454121,7.128427064454121,,1,active
CHEMBL6047667,CC(C)c1csc(-c2nc3nc(C(=O)O)nc(N[C@H](C)C4CCC4)c3n2Cc2ccc(C(F)(F)F)cc2)n1,CC(C)c1csc(-c2nc3nc(C(=O)O)nc(N[C@H](C)C4CCC4)c3n2Cc2ccc(C(F)(F)F)cc2)n1,312.0,6.505845405981557,6.505845405981557,,1,active
CHEMBL3657081,CC(C)n1c(-c2c[nH]c(=O)[nH]c2=O)nc2c1[C@H](c1ccc(Cl)cc1)N(c1cc(Cl)cn(C)c1=O)C2=O,CC(C)n1c(-c2c[nH]c(=O)[nH]c2=O)nc2c1[C@H](c1ccc(Cl)cc1)N(c1cc(Cl)cn(C)c1=O)C2=O,17.24,7.763462738511306,7.763462738511306,,1,active
CHEMBL3657045,CC(C)n1c(-c2ccnc(N)c2)nc2c1C(c1ccc(Cl)cc1)N(c1cccc(Cl)c1F)C2=O,CC(C)n1c(-c2ccnc(N)c2)nc2c1C(c1ccc(Cl)cc1)N(c1cccc(Cl)c1F)C2=O,6.6,8.18045606445813,8.18045606445813,,1,active
CHEMBL4068667,CC(CC(=O)N[C@@H](Cc1ccc(OCCCNc2ccccn2)cc1)C(=O)O)c1ccccc1,CC(CC(=O)N[C@@H](Cc1ccc(OCCCNc2ccccn2)cc1)C(=O)O)c1ccccc1,140.75,6.851557762230726,6.851557762230726,,2,active
CHEMBL5934827,CC(CN1CCCC1)CN(C)c1nc2nc(-c3noc(=O)[nH]3)nc(N[C@H](C)C3CCC3)c2n1Cc1ccc(C(F)(F)F)cc1,CC(CN1CCCC1)CN(C)c1nc2nc(-c3noc(=O)[nH]3)nc(N[C@H](C)C3CCC3)c2n1Cc1ccc(C(F)(F)F)cc1,63.18,7.19942037843087,7.19942037843087,,1,active
CHEMBL3653332,CC(CS(C)(=O)=O)c1nc2cc(-c3noc(=O)[nH]3)nc(-c3cncc(Cl)c3)c2n1C[C@H]1CC[C@H](C)CC1,CC(CS(C)(=O)=O)c1nc2cc(-c3noc(=O)[nH]3)nc(-c3cncc(Cl)c3)c2n1C[C@H]1CC[C@H](C)CC1,37.0,7.431798275933005,7.431798275933005,,2,active
CHEMBL6015227,CC(F)(c1c(F)cccc1F)c1nc2nc(-c3n[nH]c(=O)o3)nc(-c3cncc(Cl)c3)c2n1C[C@H]1CC[C@H](C)CC1,CC(F)(c1c(F)cccc1F)c1nc2nc(-c3n[nH]c(=O)o3)nc(-c3cncc(Cl)c3)c2n1C[C@H]1CC[C@H](C)CC1,5.5145,8.754048937939958,8.754048937939958,,2,active
CHEMBL5825599,CC(F)(c1c(F)cccc1F)c1nc2nc(-c3noc(=O)[nH]3)nc(-c3cncc(Cl)c3)c2n1C[C@H]1CC[C@H](C)CC1,CC(F)(c1c(F)cccc1F)c1nc2nc(-c3noc(=O)[nH]3)nc(-c3cncc(Cl)c3)c2n1C[C@H]1CC[C@H](C)CC1,2.2085,9.088681933722542,9.088681933722542,,2,active
CHEMBL3649981,CC(F)(c1ccc(F)cc1F)c1nc2cc(-c3noc(=O)[nH]3)nc(-c3cncc(Cl)c3)c2n1C[C@H]1CC[C@H](C)CC1,CC(F)(c1ccc(F)cc1F)c1nc2cc(-c3noc(=O)[nH]3)nc(-c3cncc(Cl)c3)c2n1C[C@H]1CC[C@H](C)CC1,2.0,8.698970004336019,8.698970004336019,,2,active
CHEMBL5804339,CC(F)(c1cccc(Cl)c1F)c1nc2nc(-c3n[nH]c(=O)o3)nc(-c3cncc(Cl)c3)c2n1C[C@H]1CC[C@H](C)CC1,CC(F)(c1cccc(Cl)c1F)c1nc2nc(-c3n[nH]c(=O)o3)nc(-c3cncc(Cl)c3)c2n1C[C@H]1CC[C@H](C)CC1,14.948,8.29264699621946,8.29264699621946,,2,active
CHEMBL6019757,CC(F)(c1ccccc1C#N)c1nc2nc(-c3noc(=O)[nH]3)nc(-c3cncc(Cl)c3)c2n1C[C@H]1CC[C@H](C)CC1,CC(F)(c1ccccc1C#N)c1nc2nc(-c3noc(=O)[nH]3)nc(-c3cncc(Cl)c3)c2n1C[C@H]1CC[C@H](C)CC1,0.515,9.288192770958808,9.288192770958808,,1,active
CHEMBL3649980,CC(F)(c1ccccc1F)c1nc2cc(-c3noc(=O)[nH]3)nc(-c3cncc(Cl)c3)c2n1C[C@H]1CC[C@H](C)CC1,CC(F)(c1ccccc1F)c1nc2cc(-c3noc(=O)[nH]3)nc(-c3cncc(Cl)c3)c2n1C[C@H]1CC[C@H](C)CC1,2.0,8.698970004336019,8.698970004336019,,6,active
CHEMBL5962297,CC(F)(c1ccccc1F)c1nc2nc(-c3n[nH]c(=O)o3)nc(-c3cncc(Cl)c3)c2n1C[C@H]1CC[C@H](C)CC1,CC(F)(c1ccccc1F)c1nc2nc(-c3n[nH]c(=O)o3)nc(-c3cncc(Cl)c3)c2n1C[C@H]1CC[C@H](C)CC1,8.2465,8.569348717019512,8.569348717019512,,2,active
CHEMBL5881415,CC(F)(c1ccccc1F)c1nc2nc(-c3noc(=O)[nH]3)nc(-c3cncc(Cl)c3)c2n1C[C@H]1CC[C@H](C)CC1,CC(F)(c1ccccc1F)c1nc2nc(-c3noc(=O)[nH]3)nc(-c3cncc(Cl)c3)c2n1C[C@H]1CC[C@H](C)CC1,4.861,8.7021223007801,8.7021223007801,,2,active
CHEMBL5889062,CC(F)(c1ccccc1F)c1nc2nc(C(=O)O)nc(-c3cncc(Cl)c3)c2n1C[C@H]1CC[C@H](C)CC1,CC(F)(c1ccccc1F)c1nc2nc(C(=O)O)nc(-c3cncc(Cl)c3)c2n1C[C@H]1CC[C@H](C)CC1,2.9985,8.994744866450485,8.994744866450485,,2,active
CHEMBL3649985,CC(F)(c1ccccn1)c1nc2cc(-c3noc(=O)[nH]3)nc(-c3cncc(Cl)c3)c2n1C[C@H]1CC[C@H](C)CC1,CC(F)(c1ccccn1)c1nc2cc(-c3noc(=O)[nH]3)nc(-c3cncc(Cl)c3)c2n1C[C@H]1CC[C@H](C)CC1,2.5,8.610924374808178,8.610924374808178,,4,active
CHEMBL5818529,CC(F)(c1ccccn1)c1nc2nc(-c3n[nH]c(=O)o3)nc(-c3cccc(Cl)c3)c2n1C[C@H]1CC[C@H](C)CC1,CC(F)(c1ccccn1)c1nc2nc(-c3n[nH]c(=O)o3)nc(-c3cccc(Cl)c3)c2n1C[C@H]1CC[C@H](C)CC1,9.667,8.014708616013097,8.014708616013097,,2,active
CHEMBL5966980,CC(F)(c1ccccn1)c1nc2nc(-c3noc(=O)[nH]3)nc(-c3cccc(Cl)c3)c2n1C[C@H]1CC[C@H](C)CC1,CC(F)(c1ccccn1)c1nc2nc(-c3noc(=O)[nH]3)nc(-c3cccc(Cl)c3)c2n1C[C@H]1CC[C@H](C)CC1,5.2145,8.301140595200106,8.301140595200106,,2,active
CHEMBL3649983,CC(F)(c1ccncc1F)c1nc2cc(-c3noc(=O)[nH]3)nc(-c3cncc(Cl)c3)c2n1C[C@H]1CC[C@H](C)CC1,CC(F)(c1ccncc1F)c1nc2cc(-c3noc(=O)[nH]3)nc(-c3cncc(Cl)c3)c2n1C[C@H]1CC[C@H](C)CC1,2.5,8.698970004336019,8.698970004336019,,4,active
CHEMBL5911134,CC(F)(c1nc2nc(-c3n[nH]c(=O)o3)nc(-c3cncc(Cl)c3)c2n1C[C@H]1CC[C@H](C)CC1)C1CCCC1,CC(F)(c1nc2nc(-c3n[nH]c(=O)o3)nc(-c3cncc(Cl)c3)c2n1C[C@H]1CC[C@H](C)CC1)C1CCCC1,1.949,8.710188160882378,8.710188160882378,,1,active
CHEMBL5973031,CC(F)(c1ncccc1F)c1cc2nc(-c3noc(=O)[nH]3)nc(-c3cncc(Cl)c3)c2n1C[C@H]1CC[C@H](C)CC1,CC(F)(c1ncccc1F)c1cc2nc(-c3noc(=O)[nH]3)nc(-c3cncc(Cl)c3)c2n1C[C@H]1CC[C@H](C)CC1,4.5,8.346787486224656,8.346787486224656,,1,active
CHEMBL5758903,CC(F)(c1ncccc1F)c1cc2nc(C(=O)O)nc(-c3cncc(Cl)c3)c2n1C[C@H]1CC[C@H](C)CC1,CC(F)(c1ncccc1F)c1cc2nc(C(=O)O)nc(-c3cncc(Cl)c3)c2n1C[C@H]1CC[C@H](C)CC1,8.0,8.096910013008056,8.096910013008056,,1,active
CHEMBL3649982,CC(F)(c1ncccc1F)c1nc2cc(-c3noc(=O)[nH]3)nc(-c3cncc(Cl)c3)c2n1C[C@H]1CC[C@H](C)CC1,CC(F)(c1ncccc1F)c1nc2cc(-c3noc(=O)[nH]3)nc(-c3cncc(Cl)c3)c2n1C[C@H]1CC[C@H](C)CC1,9.0,8.045757490560675,8.045757490560675,,2,active
CHEMBL5941648,CC(F)(c1ncccc1F)c1nc2nc(-c3n[nH]c(=O)o3)nc(-c3cncc(Cl)c3)c2n1C[C@H]1CC[C@H](C)CC1,CC(F)(c1ncccc1F)c1nc2nc(-c3n[nH]c(=O)o3)nc(-c3cncc(Cl)c3)c2n1C[C@H]1CC[C@H](C)CC1,8.4195,8.613974172030291,8.613974172030291,,2,active
CHEMBL5951948,CC(F)(c1ncccc1F)c1nc2nc(-c3noc(=O)[nH]3)nc(-c3cncc(Cl)c3)c2n1C[C@H]1CC[C@H](C)CC1,CC(F)(c1ncccc1F)c1nc2nc(-c3noc(=O)[nH]3)nc(-c3cncc(Cl)c3)c2n1C[C@H]1CC[C@H](C)CC1,5.027,8.756587540188367,8.756587540188367,,2,active
CHEMBL3649879,CC(Nc1nc2cc(-c3noc(=O)[nH]3)nc(-c3cncc(Cl)c3)c2n1C[C@H]1CC[C@H](C)CC1)c1ccccn1,CC(Nc1nc2cc(-c3noc(=O)[nH]3)nc(-c3cncc(Cl)c3)c2n1C[C@H]1CC[C@H](C)CC1)c1ccccn1,2.0,8.698970004336019,8.698970004336019,,2,active
CHEMBL5968583,CC(Nc1nc2nc(-c3noc(=O)[nH]3)nc(N[C@H](C)C3CCC3)c2n1C[C@H]1CC[C@H](C)CC1)c1ccncn1,CC(Nc1nc2nc(-c3noc(=O)[nH]3)nc(N[C@H](C)C3CCC3)c2n1C[C@H]1CC[C@H](C)CC1)c1ccncn1,13.82,7.85949195696182,7.85949195696182,,1,active
CHEMBL5786679,CC(Nc1nc2nc(-c3noc(=O)[nH]3)nc(N[C@H](C)C3CCC3)c2n1C[C@H]1CC[C@H](C)CC1)c1ccno1,CC(Nc1nc2nc(-c3noc(=O)[nH]3)nc(N[C@H](C)C3CCC3)c2n1C[C@H]1CC[C@H](C)CC1)c1ccno1,105.5,6.976747540366288,6.976747540366288,,1,active
CHEMBL5859864,CC(Nc1nc2nc(-c3noc(=O)[nH]3)nc(N[C@H](C)C3CCC3)c2n1C[C@H]1CC[C@H](C)CC1)c1cnccn1,CC(Nc1nc2nc(-c3noc(=O)[nH]3)nc(N[C@H](C)C3CCC3)c2n1C[C@H]1CC[C@H](C)CC1)c1cnccn1,7.81,8.178983015231877,8.178983015231877,,2,active
CHEMBL5838033,CC(Nc1nc2nc(-c3noc(=O)[nH]3)nc(N[C@H](C)C3CCC3)c2n1C[C@H]1CC[C@H](C)CC1)c1cncnc1,CC(Nc1nc2nc(-c3noc(=O)[nH]3)nc(N[C@H](C)C3CCC3)c2n1C[C@H]1CC[C@H](C)CC1)c1cncnc1,8.3535,8.117118871546591,8.117118871546591,,2,active
CHEMBL5936220,CC(Nc1nc2nc(-c3noc(=O)[nH]3)nc(N[C@H](C)C3CCC3)c2n1C[C@H]1CC[C@H](C)CC1)c1cscn1,CC(Nc1nc2nc(-c3noc(=O)[nH]3)nc(N[C@H](C)C3CCC3)c2n1C[C@H]1CC[C@H](C)CC1)c1cscn1,3.826,8.417255034308724,8.417255034308724,,1,active
CHEMBL5977339,CC(Nc1nc2nc(-c3noc(=O)[nH]3)nc(N[C@H](C)C3CCC3)c2n1Cc1ccc(C(F)(F)F)cc1)c1ccccn1,CC(Nc1nc2nc(-c3noc(=O)[nH]3)nc(N[C@H](C)C3CCC3)c2n1Cc1ccc(C(F)(F)F)cc1)c1ccccn1,8.116,8.090657961638692,8.090657961638692,,1,active
CHEMBL5818878,CC(Nc1nc2nc(C(=O)O)nc(N[C@H](C)C3CCC3)c2n1Cc1ccc(C(F)(F)F)cc1)c1ccccn1,CC(Nc1nc2nc(C(=O)O)nc(N[C@H](C)C3CCC3)c2n1Cc1ccc(C(F)(F)F)cc1)c1ccccn1,0.5259,9.279096829186543,9.279096829186543,,1,active
CHEMBL5849900,CC(Nc1nc2nc(C(=O)O)nc(N[C@H](C)C3CCC3)c2n1Cc1ccc(C(F)(F)F)cc1)c1cccnc1,CC(Nc1nc2nc(C(=O)O)nc(N[C@H](C)C3CCC3)c2n1Cc1ccc(C(F)(F)F)cc1)c1cccnc1,3.054,8.515130967279598,8.515130967279598,,1,active
CHEMBL5782498,CC(O)(C(=O)N1CCCC1)c1ccc2c(c1)C(=O)N(Cc1ccc(Cl)cc1)[C@@]2(OCC1(CO)CC1)c1ccc(Cl)cc1,CC(O)(C(=O)N1CCCC1)c1ccc2c(c1)C(=O)N(Cc1ccc(Cl)cc1)[C@@]2(OCC1(CO)CC1)c1ccc(Cl)cc1,150.0,6.823908740944319,6.823908740944319,,4,active
CHEMBL5746035,CC(O)(CN1CCCC1)c1cc(F)c2c(c1)C(=O)N(Cc1ccc(C#N)cn1)[C@@]2(OCC1(C#N)CC1)c1ccc(Cl)cc1,CC(O)(CN1CCCC1)c1cc(F)c2c(c1)C(=O)N(Cc1ccc(C#N)cn1)[C@@]2(OCC1(C#N)CC1)c1ccc(Cl)cc1,2.4,8.682258126592544,8.682258126592544,,2,active
CHEMBL6028868,CC(O)(CN1CCNCC1)c1cc(F)c2c(c1)C(=O)N(Cc1ccc(Cl)cc1S(C)(=O)=O)[C@@]2(OCC1(CO)CC1)c1ccc(Cl)cc1,CC(O)(CN1CCNCC1)c1cc(F)c2c(c1)C(=O)N(Cc1ccc(Cl)cc1S(C)(=O)=O)[C@@]2(OCC1(CO)CC1)c1ccc(Cl)cc1,15.0,7.823908740944319,7.823908740944319,,3,active
CHEMBL6016039,CC(O)(CO)c1cc(F)c2c(c1)C(=O)N(Cc1ccc(Cl)cc1S(C)(=O)=O)[C@@]2(OCC1(CO)CC1)c1ccc(Cl)cc1,CC(O)(CO)c1cc(F)c2c(c1)C(=O)N(Cc1ccc(Cl)cc1S(C)(=O)=O)[C@@]2(OCC1(CO)CC1)c1ccc(Cl)cc1,6.45,8.263621775341393,8.263621775341393,,4,active
CHEMBL5812733,CC(O)(CO)c1ccc2c(c1)C(=O)N(Cc1ccc(C#N)cc1)[C@@]2(OCC1(CO)CC1)c1ccc(Cl)cc1,CC(O)(CO)c1ccc2c(c1)C(=O)N(Cc1ccc(C#N)cc1)[C@@]2(OCC1(CO)CC1)c1ccc(Cl)cc1,26.0,7.585026652029182,7.585026652029182,,3,active
CHEMBL5877121,CC(O)(CO)c1ccc2c(c1)C(=O)N(Cc1ccc(C#N)cc1)[C@]2(C)OCC1(CO)CC1,CC(O)(CO)c1ccc2c(c1)C(=O)N(Cc1ccc(C#N)cc1)[C@]2(C)OCC1(CO)CC1,26.0,7.585026652029182,7.585026652029182,,1,active
CHEMBL6041502,CC(O)(CO)c1ccc2c(c1)C(=O)N(Cc1ccc(Cl)cc1)[C@@]2(OCC1(CO)CC1)c1ccc(Cl)cc1,CC(O)(CO)c1ccc2c(c1)C(=O)N(Cc1ccc(Cl)cc1)[C@@]2(OCC1(CO)CC1)c1ccc(Cl)cc1,13.0,7.891258027893047,7.891258027893047,,4,active
CHEMBL5805431,CC(O)(c1cc(F)c2c(c1)C(=O)N(Cc1ccc(C#N)cn1)[C@@]2(OCC1(C#N)CC1)c1ccc(Cl)cc1)C1CCOCC1,CC(O)(c1cc(F)c2c(c1)C(=O)N(Cc1ccc(C#N)cn1)[C@@]2(OCC1(C#N)CC1)c1ccc(Cl)cc1)C1CCOCC1,2.1,8.67778070526608,8.67778070526608,,1,active
CHEMBL5772971,CC(O)(c1cc(F)c2c(c1)C(=O)N(Cc1ccc(C#N)cn1)[C@@]2(OCC1(C(N)=O)CC1)c1ccc(Cl)cc1)C1CCOCC1,CC(O)(c1cc(F)c2c(c1)C(=O)N(Cc1ccc(C#N)cn1)[C@@]2(OCC1(C(N)=O)CC1)c1ccc(Cl)cc1)C1CCOCC1,6.3,8.200659450546418,8.200659450546418,,1,active
CHEMBL5816071,CC(O)(c1cc(F)c2c(c1)C(=O)N(Cc1ccc(C#N)cn1)[C@@]2(OCC1(CO)CC1)c1ccc(Cl)cc1)C(F)(F)F,CC(O)(c1cc(F)c2c(c1)C(=O)N(Cc1ccc(C#N)cn1)[C@@]2(OCC1(CO)CC1)c1ccc(Cl)cc1)C(F)(F)F,3.1500000000000004,8.621301985603488,8.621301985603488,,2,active
CHEMBL5830378,CC(O)(c1cc(F)c2c(c1)C(=O)N(Cc1ccc(C#N)cn1)[C@@]2(OCC1(CO)CC1)c1ccc(Cl)cc1)C1CC1,CC(O)(c1cc(F)c2c(c1)C(=O)N(Cc1ccc(C#N)cn1)[C@@]2(OCC1(CO)CC1)c1ccc(Cl)cc1)C1CC1,0.84,9.075720713938118,9.075720713938118,,1,active
CHEMBL5829510,CC(O)(c1cc(F)c2c(c1)C(=O)N(Cc1ccc(C#N)cn1)[C@@]2(OCC1(CO)CC1)c1ccc(Cl)cc1)C1CCNCC1,CC(O)(c1cc(F)c2c(c1)C(=O)N(Cc1ccc(C#N)cn1)[C@@]2(OCC1(CO)CC1)c1ccc(Cl)cc1)C1CCNCC1,7.25,8.261439372640169,8.261439372640169,,2,active
CHEMBL5994723,CC(O)(c1cc(F)c2c(c1)C(=O)N(Cc1ccc(C#N)cn1)[C@@]2(OCC1(CO)CC1)c1ccc(Cl)cc1)c1ccccn1,CC(O)(c1cc(F)c2c(c1)C(=O)N(Cc1ccc(C#N)cn1)[C@@]2(OCC1(CO)CC1)c1ccc(Cl)cc1)c1ccccn1,2.3,8.638272163982407,8.638272163982407,,1,active
CHEMBL6020208,CC(O)(c1cc(F)c2c(c1)C(=O)N(Cc1ccc(C#N)cn1)[C@@]2(OCCO)c1ccc(Cl)cc1)C1CCC1,CC(O)(c1cc(F)c2c(c1)C(=O)N(Cc1ccc(C#N)cn1)[C@@]2(OCCO)c1ccc(Cl)cc1)C1CCC1,10.0,8.0,8.0,,1,active
CHEMBL6058225,CC(O)(c1cc(F)c2c(c1)C(=O)N(Cc1ccc(C#N)cn1)[C@@]2(O[C@H]1CCOC1)c1ccc(Cl)cc1)C1(F)CCOCC1,CC(O)(c1cc(F)c2c(c1)C(=O)N(Cc1ccc(C#N)cn1)[C@@]2(O[C@H]1CCOC1)c1ccc(Cl)cc1)C1(F)CCOCC1,2.1,8.67778070526608,8.67778070526608,,1,active
CHEMBL5913993,CC(O)(c1cc(F)c2c(c1)C(=O)N(Cc1ccc(Cl)cc1S(C)(=O)=O)[C@@]2(OCC1(C(N)=O)CC1)c1ccc(Cl)cc1)C1CCOCC1,CC(O)(c1cc(F)c2c(c1)C(=O)N(Cc1ccc(Cl)cc1S(C)(=O)=O)[C@@]2(OCC1(C(N)=O)CC1)c1ccc(Cl)cc1)C1CCOCC1,1.7,8.769551078621726,8.769551078621726,,3,active
CHEMBL5814426,CC(O)(c1cc(F)c2c(c1)C(=O)N(Cc1ccc(Cl)cc1S(C)(=O)=O)[C@@]2(OCC1(CO)CC1)c1ccc(Cl)cc1)C1CCOCC1,CC(O)(c1cc(F)c2c(c1)C(=O)N(Cc1ccc(Cl)cc1S(C)(=O)=O)[C@@]2(OCC1(CO)CC1)c1ccc(Cl)cc1)C1CCOCC1,10.0,8.0,8.0,,3,active
CHEMBL5847432,CC(O)(c1cc(F)c2c(c1)C(=O)N(Cc1ccc(Cl)cn1)[C@@]2(OCC1(C(N)=O)CC1)c1ccc(Cl)cc1)c1cscn1,CC(O)(c1cc(F)c2c(c1)C(=O)N(Cc1ccc(Cl)cn1)[C@@]2(OCC1(C(N)=O)CC1)c1ccc(Cl)cc1)c1cscn1,2.035,8.797497667474815,8.797497667474815,,2,active
CHEMBL5846554,CC(O)(c1cc(F)c2c(c1)C(=O)N(Cc1ccc(Cl)cn1)[C@@]2(OCC1(O)CC1)c1ccc(Cl)cc1)c1ncccn1,CC(O)(c1cc(F)c2c(c1)C(=O)N(Cc1ccc(Cl)cn1)[C@@]2(OCC1(O)CC1)c1ccc(Cl)cc1)c1ncccn1,4.4,8.356547323513812,8.356547323513812,,1,active
CHEMBL5911725,CC(O)(c1cc(F)c2c(c1)C(=O)N(Cc1ccc(Cl)cn1)[C@@]2(OCCO)c1ccc(Cl)cc1)C1CCS(=O)(=O)CC1,CC(O)(c1cc(F)c2c(c1)C(=O)N(Cc1ccc(Cl)cn1)[C@@]2(OCCO)c1ccc(Cl)cc1)C1CCS(=O)(=O)CC1,2.8,8.55284196865778,8.55284196865778,,1,active
CHEMBL5827580,CC(O)(c1cc(F)c2c(c1)C(=O)N(Cc1ncc(Cl)cn1)[C@@]2(OCC1(C(N)=O)CC1)c1ccc(Cl)cc1)C1CCC1,CC(O)(c1cc(F)c2c(c1)C(=O)N(Cc1ncc(Cl)cn1)[C@@]2(OCC1(C(N)=O)CC1)c1ccc(Cl)cc1)C1CCC1,1.8,8.744727494896694,8.744727494896694,,1,active
CHEMBL6063337,CC(O)(c1cc(F)c2c(c1)C(=O)N(Cc1ncc(Cl)cn1)[C@@]2(OCC1(C(N)=O)CC1)c1ccc(Cl)cc1)C1CCOCC1,CC(O)(c1cc(F)c2c(c1)C(=O)N(Cc1ncc(Cl)cn1)[C@@]2(OCC1(C(N)=O)CC1)c1ccc(Cl)cc1)C1CCOCC1,2.5,8.602059991327963,8.602059991327963,,1,active
CHEMBL5912151,CC(O)(c1cc(F)c2c(c1)C(=O)N(Cc1ncc(Cl)cn1)[C@@]2(OCC1(CO)CC1)c1ccc(Cl)cc1)[C@H]1CC[C@H](O)CC1,CC(O)(c1cc(F)c2c(c1)C(=O)N(Cc1ncc(Cl)cn1)[C@@]2(OCC1(CO)CC1)c1ccc(Cl)cc1)[C@H]1CC[C@H](O)CC1,4.3,8.366531544420413,8.366531544420413,,1,active
CHEMBL5758436,CC(O)(c1cc(F)c2c(c1)C(=O)N(Cc1ncc(Cl)cn1)[C@@]2(OCC1(O)CC1)c1ccc(Cl)cc1)C1(F)CCOCC1,CC(O)(c1cc(F)c2c(c1)C(=O)N(Cc1ncc(Cl)cn1)[C@@]2(OCC1(O)CC1)c1ccc(Cl)cc1)C1(F)CCOCC1,3.375,8.700878404173189,8.700878404173189,,2,active
CHEMBL6035830,CC(O)(c1cc(F)c2c(c1)C(=O)N(Cc1ncc(Cl)cn1)[C@@]2(OCC1(O)CC1)c1ccc(Cl)cc1)C1CCS(=O)(=O)CC1,CC(O)(c1cc(F)c2c(c1)C(=O)N(Cc1ncc(Cl)cn1)[C@@]2(OCC1(O)CC1)c1ccc(Cl)cc1)C1CCS(=O)(=O)CC1,2.3,8.638272163982407,8.638272163982407,,1,active
CHEMBL5883923,CC(O)(c1cc(F)c2c(c1)C(=O)N(Cc1ncc(Cl)cn1)[C@@]2(OCCO)c1ccc(Cl)cc1)C1(F)CCOCC1,CC(O)(c1cc(F)c2c(c1)C(=O)N(Cc1ncc(Cl)cn1)[C@@]2(OCCO)c1ccc(Cl)cc1)C1(F)CCOCC1,2.0,8.698970004336019,8.698970004336019,,1,active
CHEMBL5977864,CC(O)(c1cc(F)c2c(c1)C(=O)N(Cc1ncc(Cl)cn1)[C@@]2(O[C@H]1CCOC1)c1ccc(Cl)cc1)C1(F)CCOCC1,CC(O)(c1cc(F)c2c(c1)C(=O)N(Cc1ncc(Cl)cn1)[C@@]2(O[C@H]1CCOC1)c1ccc(Cl)cc1)C1(F)CCOCC1,1.2,8.920818753952375,8.920818753952375,,3,active
CHEMBL5986938,CC(O)(c1cc(F)c2c(c1)C(=O)N(Cc1ncc(Cl)cn1)[C@@]2(O[C@H]1C[C@@H](O)C1)c1ccc(Cl)cc1)[C@H]1CC[C@H](O)CC1,CC(O)(c1cc(F)c2c(c1)C(=O)N(Cc1ncc(Cl)cn1)[C@@]2(O[C@H]1C[C@@H](O)C1)c1ccc(Cl)cc1)[C@H]1CC[C@H](O)CC1,1.1,8.958607314841775,8.958607314841775,,1,active
CHEMBL6052872,CC(O)(c1nc2nc(-c3n[nH]c(=O)o3)nc(-c3cccc(Cl)c3)c2n1C[C@H]1CC[C@H](C)CC1)C1CCCCC1,CC(O)(c1nc2nc(-c3n[nH]c(=O)o3)nc(-c3cccc(Cl)c3)c2n1C[C@H]1CC[C@H](C)CC1)C1CCCCC1,213.9,6.669789215428472,6.669789215428472,,1,active
CHEMBL6011723,CC(O)(c1nc2nc(-c3n[nH]c(=O)o3)nc(-c3cccc(Cl)c3)c2n1C[C@H]1CC[C@H](C)CC1)C1CCOCC1,CC(O)(c1nc2nc(-c3n[nH]c(=O)o3)nc(-c3cccc(Cl)c3)c2n1C[C@H]1CC[C@H](C)CC1)C1CCOCC1,22.66,7.644740094472621,7.644740094472621,,1,active
CHEMBL5857141,CC(O)(c1nc2nc(-c3noc(=O)[nH]3)nc(-c3cccc(Cl)c3)c2n1C[C@H]1CC[C@H](C)CC1)C1CCCCC1,CC(O)(c1nc2nc(-c3noc(=O)[nH]3)nc(-c3cccc(Cl)c3)c2n1C[C@H]1CC[C@H](C)CC1)C1CCCCC1,15.63,7.806041021980813,7.806041021980813,,1,active
CHEMBL5783432,CC(O)(c1nc2nc(-c3noc(=O)[nH]3)nc(-c3cccc(Cl)c3)c2n1C[C@H]1CC[C@H](C)CC1)C1CCOCC1,CC(O)(c1nc2nc(-c3noc(=O)[nH]3)nc(-c3cccc(Cl)c3)c2n1C[C@H]1CC[C@H](C)CC1)C1CCOCC1,19.23,7.71602071576152,7.71602071576152,,1,active
CHEMBL5862755,CC(O)C1(CO[C@]2(c3ccc(Cl)cc3)c3c(F)cc(C(C)(C)O)cc3C(=O)N2Cc2ccc(C#N)cn2)CC1,CC(O)C1(CO[C@]2(c3ccc(Cl)cc3)c3c(F)cc(C(C)(C)O)cc3C(=O)N2Cc2ccc(C#N)cn2)CC1,14.5,7.83889035263304,7.83889035263304,,2,active
CHEMBL5969002,CC(O)c1ccc(-c2nc3nc(C(=O)O)nc(N[C@H](C)C4CCC4)c3n2Cc2ccc(C(F)(F)F)cc2)cc1,CC(O)c1ccc(-c2nc3nc(C(=O)O)nc(N[C@H](C)C4CCC4)c3n2Cc2ccc(C(F)(F)F)cc2)cc1,34.21,7.465846925814938,7.465846925814938,,1,active
CHEMBL5911153,CC(O)c1ccnc(-c2nc3nc(C(=O)O)nc(N[C@H](C)C4CCC4)c3n2Cc2ccc(C(F)(F)F)cc2)c1,CC(O)c1ccnc(-c2nc3nc(C(=O)O)nc(N[C@H](C)C4CCC4)c3n2Cc2ccc(C(F)(F)F)cc2)c1,12.36,7.907981529247203,7.907981529247203,,1,active
CHEMBL5848976,CC(O)c1nc2nc(-c3noc(=O)[nH]3)nc(N[C@H](C)C3CCC3)c2n1C[C@H]1CC[C@H](C)CC1,CC(O)c1nc2nc(-c3noc(=O)[nH]3)nc(N[C@H](C)C3CCC3)c2n1C[C@H]1CC[C@H](C)CC1,63.089999999999996,7.218497619207387,7.218497619207387,,2,active
CHEMBL5942750,CC(O)c1nc2nc(C(=O)O)nc(N[C@H](C)C3CCC3)c2n1Cc1ccc(C(F)(F)F)cc1,CC(O)c1nc2nc(C(=O)O)nc(N[C@H](C)C3CCC3)c2n1Cc1ccc(C(F)(F)F)cc1,139.6,6.855114581712858,6.855114581712858,,1,active
CHEMBL5753055,CC(OCc1ccccc1)c1nc2nc(C(=O)O)nc(N[C@H](C)C3CCC3)c2n1Cc1ccc(C(F)(F)F)cc1,CC(OCc1ccccc1)c1nc2nc(C(=O)O)nc(N[C@H](C)C3CCC3)c2n1Cc1ccc(C(F)(F)F)cc1,19.27,7.715118285344547,7.715118285344547,,1,active
CHEMBL5989009,CC(Oc1ccccc1)c1nc2nc(C(=O)O)nc(N[C@H](C)C3CCC3)c2n1Cc1ccc(C(F)(F)F)cc1,CC(Oc1ccccc1)c1nc2nc(C(=O)O)nc(N[C@H](C)C3CCC3)c2n1Cc1ccc(C(F)(F)F)cc1,28.95,7.538351431936545,7.538351431936545,,1,active
CHEMBL3653338,CC(Oc1nc(-c2noc(=O)[nH]2)cc2nc(N3CCOC[C@H]3c3ccccc3)n(C[C@H]3CC[C@H](C)CC3)c12)C1CCC1,CC(Oc1nc(-c2noc(=O)[nH]2)cc2nc(N3CCOC[C@H]3c3ccccc3)n(C[C@H]3CC[C@H](C)CC3)c12)C1CCC1,28.0,7.552841968657781,7.552841968657781,,2,active
CHEMBL3957580,CC([C@H]1CC[C@H](C)CC1)n1c(N2CC(=O)N(C)C[C@@H]2C)nc2cc(-c3nc(=O)o[nH]3)nc(-c3cncc(Cl)c3)c21,CC([C@H]1CC[C@H](C)CC1)n1c(N2CC(=O)N(C)C[C@@H]2C)nc2cc(-c3nc(=O)o[nH]3)nc(-c3cncc(Cl)c3)c21,8.5,8.1419983281826,8.1419983281826,,2,active
CHEMBL3649925,CC([C@H]1CC[C@H](C)CC1)n1c(N2CC(=O)N(C)C[C@H]2C)nc2cc(-c3noc(=O)[nH]3)nc(-c3cncc(Cl)c3)c21,CC([C@H]1CC[C@H](C)CC1)n1c(N2CC(=O)N(C)C[C@H]2C)nc2cc(-c3noc(=O)[nH]3)nc(-c3cncc(Cl)c3)c21,8.5,8.1419983281826,8.1419983281826,,2,active
CHEMBL5987351,CC([C@H]1CC[C@H](C)CC1)n1c(N2CCC[C@H]2C(F)(F)F)nc2nc(-c3noc(=O)[nH]3)nc(-c3cncc(Cl)c3)c21,CC([C@H]1CC[C@H](C)CC1)n1c(N2CCC[C@H]2C(F)(F)F)nc2nc(-c3noc(=O)[nH]3)nc(-c3cncc(Cl)c3)c21,0.67,9.173925197299173,9.173925197299173,,1,active
CHEMBL5800679,CC([C@H]1CC[C@H](C)CC1)n1c(N2CCC[C@H]2CF)nc2nc(-c3n[nH]c(=O)o3)nc(-c3cncc(Cl)c3)c21,CC([C@H]1CC[C@H](C)CC1)n1c(N2CCC[C@H]2CF)nc2nc(-c3n[nH]c(=O)o3)nc(-c3cncc(Cl)c3)c21,6.6295,8.189751674575849,8.189751674575849,,2,active
CHEMBL5967871,CC([C@H]1CC[C@H](C)CC1)n1c(N2CCC[C@H]2CF)nc2nc(-c3noc(=O)[nH]3)nc(-c3cncc(Cl)c3)c21,CC([C@H]1CC[C@H](C)CC1)n1c(N2CCC[C@H]2CF)nc2nc(-c3noc(=O)[nH]3)nc(-c3cncc(Cl)c3)c21,3.9555000000000002,8.438367052226944,8.438367052226944,,2,active
CHEMBL3959820,CC([C@H]1CC[C@H](C)CC1)n1c(N2CCN(C(=O)C3(F)CC3)C[C@@H]2C)nc2cc(-c3nc(=O)o[nH]3)nc(-c3cncc(Cl)c3)c21,CC([C@H]1CC[C@H](C)CC1)n1c(N2CCN(C(=O)C3(F)CC3)C[C@@H]2C)nc2cc(-c3nc(=O)o[nH]3)nc(-c3cncc(Cl)c3)c21,1.0,9.0,9.0,,1,active
CHEMBL3650022,CC([C@H]1CC[C@H](C)CC1)n1c(N2CCN(C(=O)C3(F)CC3)C[C@H]2C)nc2cc(-c3noc(=O)[nH]3)nc(-c3cncc(Cl)c3)c21,CC([C@H]1CC[C@H](C)CC1)n1c(N2CCN(C(=O)C3(F)CC3)C[C@H]2C)nc2cc(-c3noc(=O)[nH]3)nc(-c3cncc(Cl)c3)c21,1.0,9.0,9.0,,1,active
CHEMBL5817030,CC([C@H]1CC[C@H](C)CC1)n1c(N2CCOC3CCCC32)nc2nc(-c3n[nH]c(=O)o3)nc(-c3cccc(Cl)c3)c21,CC([C@H]1CC[C@H](C)CC1)n1c(N2CCOC3CCCC32)nc2nc(-c3n[nH]c(=O)o3)nc(-c3cccc(Cl)c3)c21,8.848,8.141780371662797,8.141780371662797,,2,active
CHEMBL5862723,CC([C@H]1CC[C@H](C)CC1)n1c(N2CCOC3CCCC32)nc2nc(-c3n[nH]c(=O)o3)nc(N[C@H](C)C3CCC3)c21,CC([C@H]1CC[C@H](C)CC1)n1c(N2CCOC3CCCC32)nc2nc(-c3n[nH]c(=O)o3)nc(N[C@H](C)C3CCC3)c21,5.374,8.269702337902851,8.269702337902851,,1,active
CHEMBL5929512,CC([C@H]1CC[C@H](C)CC1)n1c(N2CCOC3CCCC32)nc2nc(-c3noc(=O)[nH]3)nc(-c3cccc(Cl)c3)c21,CC([C@H]1CC[C@H](C)CC1)n1c(N2CCOC3CCCC32)nc2nc(-c3noc(=O)[nH]3)nc(-c3cccc(Cl)c3)c21,5.038,8.379644671986613,8.379644671986613,,2,active
CHEMBL6051720,CC([C@H]1CC[C@H](C)CC1)n1c(N2CCOC3CCCC32)nc2nc(-c3noc(=O)[nH]3)nc(-c3cncc(Cl)c3)c21,CC([C@H]1CC[C@H](C)CC1)n1c(N2CCOC3CCCC32)nc2nc(-c3noc(=O)[nH]3)nc(-c3cncc(Cl)c3)c21,6.3985,8.198891867103953,8.198891867103953,,2,active
CHEMBL6053147,CC([C@H]1CC[C@H](C)CC1)n1c(N2CCOC3CCCC32)nc2nc(-c3noc(=O)[nH]3)nc(N[C@H](C)C3CCC3)c21,CC([C@H]1CC[C@H](C)CC1)n1c(N2CCOC3CCCC32)nc2nc(-c3noc(=O)[nH]3)nc(N[C@H](C)C3CCC3)c21,5.766,8.239125361947812,8.239125361947812,,3,active
CHEMBL3966472,CC([C@H]1CC[C@H](C)CC1)n1c(N2CCOC[C@@H]2C)nc2cc(-c3nc(=O)o[nH]3)nc(-c3cncc(Cl)c3)c21,CC([C@H]1CC[C@H](C)CC1)n1c(N2CCOC[C@@H]2C)nc2cc(-c3nc(=O)o[nH]3)nc(-c3cncc(Cl)c3)c21,2.0,8.761439372640169,8.761439372640169,,2,active
CHEMBL3649924,CC([C@H]1CC[C@H](C)CC1)n1c(N2CCOC[C@H]2C)nc2cc(-c3noc(=O)[nH]3)nc(-c3cncc(Cl)c3)c21,CC([C@H]1CC[C@H](C)CC1)n1c(N2CCOC[C@H]2C)nc2cc(-c3noc(=O)[nH]3)nc(-c3cncc(Cl)c3)c21,2.0,8.761439372640169,8.761439372640169,,2,active
CHEMBL5954267,CC([C@H]1CC[C@H](C)CC1)n1c(N2CCOC[C@H]2C)nc2nc(-c3n[nH]c(=O)o3)nc(-c3cccc(Cl)c3)c21,CC([C@H]1CC[C@H](C)CC1)n1c(N2CCOC[C@H]2C)nc2nc(-c3n[nH]c(=O)o3)nc(-c3cccc(Cl)c3)c21,6.9595,8.174509702523267,8.174509702523267,,2,active
CHEMBL5972649,CC([C@H]1CC[C@H](C)CC1)n1c(N2CCOC[C@H]2C)nc2nc(-c3noc(=O)[nH]3)nc(-c3cccc(Cl)c3)c21,CC([C@H]1CC[C@H](C)CC1)n1c(N2CCOC[C@H]2C)nc2nc(-c3noc(=O)[nH]3)nc(-c3cccc(Cl)c3)c21,4.3835,8.376335646256322,8.376335646256322,,2,active
CHEMBL5903312,CC([C@H]1CC[C@H](C)CC1)n1c(N2CCOC[C@H]2C)nc2nc(-c3noc(=O)[nH]3)nc(N[C@H](C)C3CCC3)c21,CC([C@H]1CC[C@H](C)CC1)n1c(N2CCOC[C@H]2C)nc2nc(-c3noc(=O)[nH]3)nc(N[C@H](C)C3CCC3)c21,2.545,8.596843894954333,8.596843894954333,,2,active
CHEMBL5831197,CC([C@H]1CC[C@H](C)CC1)n1c(N2CCOC[C@H]2c2ccccc2)nc2nc(-c3n[nH]c(=O)o3)nc(-c3cncc(Cl)c3)c21,CC([C@H]1CC[C@H](C)CC1)n1c(N2CCOC[C@H]2c2ccccc2)nc2nc(-c3n[nH]c(=O)o3)nc(-c3cncc(Cl)c3)c21,0.62,9.207608310501746,9.207608310501746,,1,active
CHEMBL3649923,CC([C@H]1CC[C@H](C)CC1)n1c(N2CCO[C@@H]3CCC[C@H]32)nc2cc(-c3noc(=O)[nH]3)nc(-c3cncc(Cl)c3)c21,CC([C@H]1CC[C@H](C)CC1)n1c(N2CCO[C@@H]3CCC[C@H]32)nc2cc(-c3noc(=O)[nH]3)nc(-c3cncc(Cl)c3)c21,1.5,8.84948500216801,8.84948500216801,,2,active
CHEMBL3971736,CC([C@H]1CC[C@H](C)CC1)n1c(N2CCO[C@H]3CCC[C@@H]32)nc2cc(-c3nc(=O)o[nH]3)nc(-c3cncc(Cl)c3)c21,CC([C@H]1CC[C@H](C)CC1)n1c(N2CCO[C@H]3CCC[C@@H]32)nc2cc(-c3nc(=O)o[nH]3)nc(-c3cncc(Cl)c3)c21,1.5,8.84948500216801,8.84948500216801,,2,active
CHEMBL3945283,CC([C@H]1CC[C@H](C)CC1)n1c(N2C[C@@H](O)C[C@@H]2C)nc2cc(-c3nc(=O)o[nH]3)nc(-c3cncc(Cl)c3)c21,CC([C@H]1CC[C@H](C)CC1)n1c(N2C[C@@H](O)C[C@@H]2C)nc2cc(-c3nc(=O)o[nH]3)nc(-c3cncc(Cl)c3)c21,3.5,8.460409376976187,8.460409376976187,,2,active
CHEMBL3649929,CC([C@H]1CC[C@H](C)CC1)n1c(N2C[C@H](O)C[C@H]2C)nc2cc(-c3noc(=O)[nH]3)nc(-c3cncc(Cl)c3)c21,CC([C@H]1CC[C@H](C)CC1)n1c(N2C[C@H](O)C[C@H]2C)nc2cc(-c3noc(=O)[nH]3)nc(-c3cncc(Cl)c3)c21,3.5,8.460409376976187,8.460409376976187,,2,active
CHEMBL5922543,CC(c1c(F)cccc1F)c1nc2nc(-c3noc(=O)[nH]3)nc(-c3cncc(Cl)c3)c2n1C[C@H]1CC[C@H](C)CC1,CC(c1c(F)cccc1F)c1nc2nc(-c3noc(=O)[nH]3)nc(-c3cncc(Cl)c3)c2n1C[C@H]1CC[C@H](C)CC1,2.229,8.651889931519761,8.651889931519761,,1,active
CHEMBL379293,CC(c1ccc(Cl)cc1)N1C(=O)c2cc(I)ccc2N(CCCCC(=O)O)C(=O)[C@@H]1c1ccc(Cl)cc1,CC(c1ccc(Cl)cc1)N1C(=O)c2cc(I)ccc2N(CCCCC(=O)O)C(=O)[C@@H]1c1ccc(Cl)cc1,850.0,6.070581074285707,6.070581074285707,,1,active
CHEMBL3675220,CC(c1ccc(Cl)cc1)N1C(=O)c2ccccc2C1(OCC1(CO)CC1)c1ccc(Cl)cc1,CC(c1ccc(Cl)cc1)N1C(=O)c2ccccc2C1(OCC1(CO)CC1)c1ccc(Cl)cc1,8800.0,5.055517327849831,5.055517327849831,,1,intermediate
CHEMBL207332,CC(c1ccc(Cl)cc1N)N1C(=O)c2cc(I)ccc2N(CCCCC(=O)O)C(=O)[C@@H]1c1ccc(Cl)cc1,CC(c1ccc(Cl)cc1N)N1C(=O)c2cc(I)ccc2N(CCCCC(=O)O)C(=O)[C@@H]1c1ccc(Cl)cc1,250.0,6.6020599913279625,6.6020599913279625,,1,active
CHEMBL5929948,CC(c1ccc(F)cc1)c1nc2nc(-c3noc(=O)[nH]3)nc(N[C@H](C)C3CCC3)c2n1C[C@H]1CC[C@H](C)CC1,CC(c1ccc(F)cc1)c1nc2nc(-c3noc(=O)[nH]3)nc(N[C@H](C)C3CCC3)c2n1C[C@H]1CC[C@H](C)CC1,10.47,7.980053318321158,7.980053318321158,,1,active
CHEMBL5912986,CC(c1cccc(F)c1)N(C)c1nc2nc(-c3noc(=O)[nH]3)nc(N[C@H](C)C3CCC3)c2n1Cc1ccc(C(F)(F)F)c(F)c1,CC(c1cccc(F)c1)N(C)c1nc2nc(-c3noc(=O)[nH]3)nc(N[C@H](C)C3CCC3)c2n1Cc1ccc(C(F)(F)F)c(F)c1,16.15,7.791827473332878,7.791827473332878,,1,active
CHEMBL5928762,CC(c1ccccc1)c1nc2nc(-c3noc(=O)[nH]3)nc(N[C@H](C)C3CCC3)c2n1C[C@H]1CC[C@H](C)CC1,CC(c1ccccc1)c1nc2nc(-c3noc(=O)[nH]3)nc(N[C@H](C)C3CCC3)c2n1C[C@H]1CC[C@H](C)CC1,10.92,8.196852321156285,8.196852321156285,,2,active
CHEMBL5767163,CC(c1ccccc1C#N)c1nc2nc(-c3noc(=O)[nH]3)nc(-c3cncc(Cl)c3)c2n1C[C@H]1CC[C@H](C)CC1,CC(c1ccccc1C#N)c1nc2nc(-c3noc(=O)[nH]3)nc(-c3cncc(Cl)c3)c2n1C[C@H]1CC[C@H](C)CC1,2.378,8.623788149717328,8.623788149717328,,1,active
CHEMBL5998523,CC(c1ccccc1F)c1nc2nc(-c3n[nH]c(=O)o3)nc(-c3cncc(Cl)c3)c2n1C[C@H]1CC[C@H](C)CC1,CC(c1ccccc1F)c1nc2nc(-c3n[nH]c(=O)o3)nc(-c3cncc(Cl)c3)c2n1C[C@H]1CC[C@H](C)CC1,2.126,8.672436739812722,8.672436739812722,,1,active
CHEMBL5935674,CC(c1ccccc1F)c1nc2nc(-c3noc(=O)[nH]3)nc(-c3cncc(Cl)c3)c2n1C[C@H]1CC[C@H](C)CC1,CC(c1ccccc1F)c1nc2nc(-c3noc(=O)[nH]3)nc(-c3cncc(Cl)c3)c2n1C[C@H]1CC[C@H](C)CC1,1.388,8.857610533881164,8.857610533881164,,1,active
CHEMBL6022985,CC(c1ccccc1F)c1nc2nc(-c3noc(=O)[nH]3)nc(N[C@H](C)C3CCC3)c2n1C[C@H]1CC[C@H](C)CC1,CC(c1ccccc1F)c1nc2nc(-c3noc(=O)[nH]3)nc(N[C@H](C)C3CCC3)c2n1C[C@H]1CC[C@H](C)CC1,5.671,8.246340352714002,8.246340352714002,,3,active
CHEMBL5914849,CC(c1ccccn1)N(C)c1nc2nc(-c3noc(=O)[nH]3)nc(N[C@H](C)C3CCC3)c2n1C[C@H]1CC[C@H](C)CC1,CC(c1ccccn1)N(C)c1nc2nc(-c3noc(=O)[nH]3)nc(N[C@H](C)C3CCC3)c2n1C[C@H]1CC[C@H](C)CC1,11.035,7.95779766454712,7.95779766454712,,2,active
CHEMBL5927271,CC(c1ccccn1)N(C)c1nc2nc(-c3noc(=O)[nH]3)nc(N[C@H](C)C3CCC3)c2n1Cc1ccc(C(F)(F)F)c(F)c1,CC(c1ccccn1)N(C)c1nc2nc(-c3noc(=O)[nH]3)nc(N[C@H](C)C3CCC3)c2n1Cc1ccc(C(F)(F)F)c(F)c1,4.639,8.33357562748124,8.33357562748124,,1,active
CHEMBL5941005,CC(c1ccccn1)c1nc2nc(-c3noc(=O)[nH]3)nc(N[C@H](C)C3CCC3)c2n1C[C@H]1CC[C@H](C)CC1,CC(c1ccccn1)c1nc2nc(-c3noc(=O)[nH]3)nc(N[C@H](C)C3CCC3)c2n1C[C@H]1CC[C@H](C)CC1,6.486,8.188023055663045,8.188023055663045,,1,active
CHEMBL5906349,CC(c1cscn1)c1nc2nc(-c3noc(=O)[nH]3)nc(N[C@H](C)C3CCC3)c2n1C[C@H]1CC[C@H](C)CC1,CC(c1cscn1)c1nc2nc(-c3noc(=O)[nH]3)nc(N[C@H](C)C3CCC3)c2n1C[C@H]1CC[C@H](C)CC1,7.865,8.344663962534938,8.344663962534938,,2,active
CHEMBL5744465,CC(c1nc2nc(-c3noc(=O)[nH]3)nc(-c3cccc(Cl)c3)c2n1C[C@H]1CC[C@H](C)CC1)C1CCOCC1,CC(c1nc2nc(-c3noc(=O)[nH]3)nc(-c3cccc(Cl)c3)c2n1C[C@H]1CC[C@H](C)CC1)C1CCOCC1,14.24,7.846490010699163,7.846490010699163,,1,active
CHEMBL5831083,CC(c1nc2nc(-c3noc(=O)[nH]3)nc(N[C@H](C)C3CCC3)c2n1C[C@H]1CC[C@H](C)CC1)C1CCCCC1,CC(c1nc2nc(-c3noc(=O)[nH]3)nc(N[C@H](C)C3CCC3)c2n1C[C@H]1CC[C@H](C)CC1)C1CCCCC1,4.8105,8.42425562420825,8.42425562420825,,2,active
CHEMBL5997342,CC(c1nc2nc(-c3noc(=O)[nH]3)nc(N[C@H](C)C3CCC3)c2n1C[C@H]1CC[C@H](C)CC1)C1CCOCC1,CC(c1nc2nc(-c3noc(=O)[nH]3)nc(N[C@H](C)C3CCC3)c2n1C[C@H]1CC[C@H](C)CC1)C1CCOCC1,7.166,8.144723196169908,8.144723196169908,,1,active
CHEMBL5812141,CC(c1nc2nc(C(=O)O)nc(N[C@H](C)C3CCC3)c2n1Cc1ccc(C(F)(F)F)cc1)N(C)C1CCCCC1,CC(c1nc2nc(C(=O)O)nc(N[C@H](C)C3CCC3)c2n1Cc1ccc(C(F)(F)F)cc1)N(C)C1CCCCC1,22.1,7.655607726314889,7.655607726314889,,1,active
CHEMBL5994974,CC(c1nc2nc(C(=O)O)nc(N[C@H](C)C3CCC3)c2n1Cc1ccc(C(F)(F)F)cc1)N(C)Cc1ccccc1,CC(c1nc2nc(C(=O)O)nc(N[C@H](C)C3CCC3)c2n1Cc1ccc(C(F)(F)F)cc1)N(C)Cc1ccccc1,138.8,6.857610533881164,6.857610533881164,,1,active
CHEMBL5809949,CC(c1nc2nc(C(=O)O)nc(N[C@H](C)C3CCC3)c2n1Cc1ccc(C(F)(F)F)cc1)N(C)c1ccccc1,CC(c1nc2nc(C(=O)O)nc(N[C@H](C)C3CCC3)c2n1Cc1ccc(C(F)(F)F)cc1)N(C)c1ccccc1,68.76,7.162664131984985,7.162664131984985,,1,active
CHEMBL3649987,CC(c1ncccc1F)c1nc2cc(-c3noc(=O)[nH]3)nc(-c3cncc(Cl)c3)c2n1C[C@H]1CC[C@H](C)CC1,CC(c1ncccc1F)c1nc2cc(-c3noc(=O)[nH]3)nc(-c3cncc(Cl)c3)c2n1C[C@H]1CC[C@H](C)CC1,4.0,8.397940008672037,8.397940008672037,,2,active
CHEMBL3407571,CC1(C(=O)O)CCN(C(=O)C[C@@]2(C)C[C@H](c3cccc(Cl)c3)[C@@H](c3ccc(Cl)cc3)N([C@H](CS(=O)(=O)C(C)(C)C)C3CC3)C2=O)CC1,CC1(C(=O)O)CCN(C(=O)C[C@@]2(C)C[C@H](c3cccc(Cl)c3)[C@@H](c3ccc(Cl)cc3)N([C@H](CS(=O)(=O)C(C)(C)C)C3CC3)C2=O)CC1,0.49,9.309803919971486,9.309803919971486,,1,active
CHEMBL5857312,CC1(C)C(=O)N(CC2CC2)[C@H](c2ccc(Cl)cc2)[C@H](c2cccc(Cl)c2)S1(=O)=O,CC1(C)C(=O)N(CC2CC2)[C@H](c2ccc(Cl)cc2)[C@H](c2cccc(Cl)c2)S1(=O)=O,1603.0,5.946931760244806,5.946931760244806,,2,intermediate
CHEMBL4100233,CC1(C)CC2(C1)N[C@@H](C(=O)N[C@H]1CC[C@H](O)CC1)[C@H](c1cccc(Cl)c1F)[C@]21C(=O)Nc2cc(Cl)ccc21,CC1(C)CC2(C1)N[C@@H](C(=O)N[C@H]1CC[C@H](O)CC1)[C@H](c1cccc(Cl)c1F)[C@]21C(=O)Nc2cc(Cl)ccc21,14.0,7.853871964321762,7.853871964321762,,1,active
CHEMBL4292264,CC1(C)CCC2(CC1)N[C@@H](C(=O)N[C@@H]1CC[C@@H](C(N)=O)OC1)[C@H](c1ccnc(Cl)c1F)[C@]21C(=O)Nc2cc(Cl)ccc21,CC1(C)CCC2(CC1)N[C@@H](C(=O)N[C@@H]1CC[C@@H](C(N)=O)OC1)[C@H](c1ccnc(Cl)c1F)[C@]21C(=O)Nc2cc(Cl)ccc21,5.57,8.254144804826272,8.254144804826272,,1,active
CHEMBL4064790,CC1(C)CCC2(CC1)N[C@@H](C(=O)N[C@H]1CC[C@H](O)CC1)[C@H](c1cccc(Cl)c1F)[C@]21C(=O)Nc2cc(Cl)ccc21,CC1(C)CCC2(CC1)N[C@@H](C(=O)N[C@H]1CC[C@H](O)CC1)[C@H](c1cccc(Cl)c1F)[C@]21C(=O)Nc2cc(Cl)ccc21,6.5,8.187086643357144,8.187086643357144,,1,active
CHEMBL4083298,CC1(C)CCC2(CC1)N[C@@H](C(=O)Nc1ccc(C(=O)O)cc1)[C@H](c1cccc(Cl)c1F)[C@]21C(=O)Nc2cc(Cl)ccc21,CC1(C)CCC2(CC1)N[C@@H](C(=O)Nc1ccc(C(=O)O)cc1)[C@H](c1cccc(Cl)c1F)[C@]21C(=O)Nc2cc(Cl)ccc21,2.4,8.619788758288394,8.619788758288394,,1,active
CHEMBL3935760,CC1(C)CCCC1CN1C(=O)[C@@H](CC(=O)O)C[C@H](c2cccc(Cl)c2)[C@H]1c1ccc(Cl)cc1,CC1(C)CCCC1CN1C(=O)[C@@H](CC(=O)O)C[C@H](c2cccc(Cl)c2)[C@H]1c1ccc(Cl)cc1,300.0,6.522878745280337,6.522878745280337,,1,active
CHEMBL3318786,CC1(C)CN(S(=O)(=O)C[C@@H](N2C(=O)[C@@](C)(CC(=O)O)C[C@H](c3cccc(Cl)c3)[C@H]2c2ccc(Cl)cc2)C(C)(C)C)c2ccccc21,CC1(C)CN(S(=O)(=O)C[C@@H](N2C(=O)[C@@](C)(CC(=O)O)C[C@H](c3cccc(Cl)c3)[C@H]2c2ccc(Cl)cc2)C(C)(C)C)c2ccccc21,0.12,9.920818753952375,9.920818753952375,,1,active
CHEMBL6018549,CC1(C)COCCN1c1nc2nc(-c3noc(=O)[nH]3)nc(-c3cccc(Cl)c3)c2n1C[C@H]1CC[C@H](C)CC1,CC1(C)COCCN1c1nc2nc(-c3noc(=O)[nH]3)nc(-c3cccc(Cl)c3)c2n1C[C@H]1CC[C@H](C)CC1,5.199,8.28408018256642,8.28408018256642,,1,active
CHEMBL3971528,CC1(C)NC(=O)N(C[C@H](C2CC2)N2C(=O)[C@@](C)(CC(=O)O)C[C@H](c3cccc(Cl)c3)[C@H]2c2ccc(Cl)cc2)C1=O,CC1(C)NC(=O)N(C[C@H](C2CC2)N2C(=O)[C@@](C)(CC(=O)O)C[C@H](c3cccc(Cl)c3)[C@H]2c2ccc(Cl)cc2)C1=O,7.0,8.154901959985743,8.154901959985743,,1,active
CHEMBL3955477,CC1(C)N[C@@H](C(=O)NC2CCC(O)CC2)[C@H](c2cccc(Cl)c2F)[C@]12C(=O)Nc1cc(Cl)ccc12,CC1(C)N[C@@H](C(=O)NC2CCC(O)CC2)[C@H](c2cccc(Cl)c2F)[C@]12C(=O)Nc1cc(Cl)ccc12,201.0,6.6968039425795105,6.6968039425795105,,1,active
CHEMBL3355410,CC1(C)N[C@@H](C(=O)N[C@H]2CC[C@H](O)CC2)[C@H](c2cccc(Cl)c2F)[C@]12C(=O)Nc1cc(Cl)ccc12,CC1(C)N[C@@H](C(=O)N[C@H]2CC[C@H](O)CC2)[C@H](c2cccc(Cl)c2F)[C@]12C(=O)Nc1cc(Cl)ccc12,151.0,6.821023052706831,6.821023052706831,,1,active
CHEMBL3220107,CC1(C)OC(=O)C(=Cc2cc(-c3ccccc3)n(-c3ccc(Br)cc3)c2-c2ccccc2)C(=O)O1,CC1(C)OC(=O)C(=Cc2cc(-c3ccccc3)n(-c3ccc(Br)cc3)c2-c2ccccc2)C(=O)O1,17000.0,4.769551078621726,4.769551078621726,,1,inactive
CHEMBL3220108,CC1(C)OC(=O)C(Cc2cc(-c3ccccc3)n(-c3ccc(Br)cc3)c2-c2ccccc2)C(=O)O1,CC1(C)OC(=O)C(Cc2cc(-c3ccccc3)n(-c3ccc(Br)cc3)c2-c2ccccc2)C(=O)O1,2900.0,5.537602002101044,5.537602002101044,,1,intermediate
CHEMBL5983032,CC1(CNC(=O)c2ccc3c(c2)nc2n3CC[C@H]3[C@@H]2[C@H](c2cccc(Cl)c2F)[C@]2(C(=O)Nc4cc(Cl)ccc42)N3CC2CC2)COC1,CC1(CNC(=O)c2ccc3c(c2)nc2n3CC[C@H]3[C@@H]2[C@H](c2cccc(Cl)c2F)[C@]2(C(=O)Nc4cc(Cl)ccc42)N3CC2CC2)COC1,5.0,8.301029995663981,8.301029995663981,,1,active
CHEMBL5948799,CC1(CO[C@]2(c3ccc(Cl)cc3)c3ccc(C(C)(C)O)cc3C(=O)N2Cc2ccc(Cl)cc2)COC1,CC1(CO[C@]2(c3ccc(Cl)cc3)c3ccc(C(C)(C)O)cc3C(=O)N2Cc2ccc(Cl)cc2)COC1,32.0,7.494850021680094,7.494850021680094,,3,active
CHEMBL3986408,CC1(CS(=O)(=O)C[C@H](C2CC2)N2C(=O)[C@@](C)(CC(=O)O)C[C@H](c3cccc(Cl)c3)[C@H]2c2ccc(Cl)cc2)COC1,CC1(CS(=O)(=O)C[C@H](C2CC2)N2C(=O)[C@@](C)(CC(=O)O)C[C@H](c3cccc(Cl)c3)[C@H]2c2ccc(Cl)cc2)COC1,0.1,10.0,10.0,,1,active
CHEMBL5861654,CC1(NC(=O)c2ccc3c(c2)nc2n3CC[C@H]3[C@@H]2[C@H](c2cccc(Cl)c2F)[C@]2(C(=O)Nc4cc(Cl)ccc42)N3CC2CC2)COC1,CC1(NC(=O)c2ccc3c(c2)nc2n3CC[C@H]3[C@@H]2[C@H](c2cccc(Cl)c2F)[C@]2(C(=O)Nc4cc(Cl)ccc42)N3CC2CC2)COC1,5.0,8.301029995663981,8.301029995663981,,1,active
CHEMBL2152318,CC1=C(C(=O)N2CCNC(=O)C2)SC2=N[C@@H](c3ccc(Cl)cc3)[C@@H](c3ccc(Cl)cc3)N21,CC1=C(C(=O)N2CCNC(=O)C2)SC2=N[C@@H](c3ccc(Cl)cc3)[C@@H](c3ccc(Cl)cc3)N21,2700.0,5.568636235841012,5.568636235841012,,1,intermediate
CHEMBL5975571,CC1=CCC(Cn2c(-c3cc(C(C)C)ccn3)nc3nc(C(=O)O)nc(N[C@H](C)C4CCC4)c32)CC1,CC1=CCC(Cn2c(-c3cc(C(C)C)ccn3)nc3nc(C(=O)O)nc(N[C@H](C)C4CCC4)c32)CC1,6.481,8.188357978546849,8.188357978546849,,1,active
CHEMBL3649944,CC1C(C)N(c2nc3cc(-c4noc(=O)[nH]4)nc(-c4cncc(Cl)c4)c3n2C[C@H]2CC[C@H](C)CC2)CCN1C(=O)C1CC1,CC1C(C)N(c2nc3cc(-c4noc(=O)[nH]4)nc(-c4cncc(Cl)c4)c3n2C[C@H]2CC[C@H](C)CC2)CCN1C(=O)C1CC1,68.0,7.167491087293763,7.167491087293763,,2,active
CHEMBL5919490,CC1CC1CN1[C@H]2COc3c4ccc(C(=O)O)cc4nn3[C@H]2[C@H](c2cccc(Cl)c2F)[C@]12C(=O)Nc1cc(Cl)ccc12,CC1CC1CN1[C@H]2COc3c4ccc(C(=O)O)cc4nn3[C@H]2[C@H](c2cccc(Cl)c2F)[C@]12C(=O)Nc1cc(Cl)ccc12,97.0,7.013228265733755,7.013228265733755,,1,active
CHEMBL3929391,CC1CCC(Cn2c(N3CCCC4COCCC43)nc3cc(-c4noc(=O)[nH]4)nc(-c4cncc(Cl)c4)c32)CC1,CC1CCC(Cn2c(N3CCCC4COCCC43)nc3cc(-c4noc(=O)[nH]4)nc(-c4cncc(Cl)c4)c32)CC1,18.5,7.81725600755455,7.81725600755455,,2,active
CHEMBL5898860,CC1CCC(Cn2c(N3CCOC[C@H]3C)nc3nc(-c4noc(=O)[nH]4)nc(N[C@H](C)C4CCC4)c32)CC1(F)F,CC1CCC(Cn2c(N3CCOC[C@H]3C)nc3nc(-c4noc(=O)[nH]4)nc(N[C@H](C)C4CCC4)c32)CC1(F)F,9.6765,8.019951895252099,8.019951895252099,,2,active
CHEMBL4107347,CC1CCC(Cn2c(N3CCO[C@@H]4CN(C(=O)OCc5ccccc5)CC[C@H]43)nc3cc(-c4noc(=O)[nH]4)nc(-c4cncc(Cl)c4)c32)CC1,CC1CCC(Cn2c(N3CCO[C@@H]4CN(C(=O)OCc5ccccc5)CC[C@H]43)nc3cc(-c4noc(=O)[nH]4)nc(-c4cncc(Cl)c4)c32)CC1,250.0,6.6020599913279625,6.6020599913279625,,1,active
CHEMBL4113308,CC1CCC(Cn2c(N3CCO[C@@H]4CN(Cc5ccccc5)CC[C@H]43)nc3cc(-c4noc(=O)[nH]4)nc(-c4cncc(Cl)c4)c32)CC1,CC1CCC(Cn2c(N3CCO[C@@H]4CN(Cc5ccccc5)CC[C@H]43)nc3cc(-c4noc(=O)[nH]4)nc(-c4cncc(Cl)c4)c32)CC1,129.0,6.889410289700751,6.889410289700751,,1,active
CHEMBL4111957,CC1CCC(Cn2c(N3CCO[C@@H]4CNCC[C@H]43)nc3cc(-c4noc(=O)[nH]4)nc(-c4cncc(Cl)c4)c32)CC1,CC1CCC(Cn2c(N3CCO[C@@H]4CNCC[C@H]43)nc3cc(-c4noc(=O)[nH]4)nc(-c4cncc(Cl)c4)c32)CC1,512.0,6.290730039024169,6.290730039024169,,1,active
CHEMBL5953309,CC1CCCC(c2nc(-c3n[nH]c(=O)o3)nc3nc(N4CCOC[C@H]4c4ccccc4)n(C[C@H]4CC[C@H](C)CC4)c23)C1,CC1CCCC(c2nc(-c3n[nH]c(=O)o3)nc3nc(N4CCOC[C@H]4c4ccccc4)n(C[C@H]4CC[C@H](C)CC4)c23)C1,8.296,8.081131256619015,8.081131256619015,,1,active
CHEMBL6047235,CC1CCCC(c2nc(-c3noc(=O)[nH]3)nc3nc(N4CCOC[C@H]4c4ccccc4)n(C[C@H]4CC[C@H](C)CC4)c23)C1,CC1CCCC(c2nc(-c3noc(=O)[nH]3)nc3nc(N4CCOC[C@H]4c4ccccc4)n(C[C@H]4CC[C@H](C)CC4)c23)C1,2.529,8.597051170655595,8.597051170655595,,1,active
CHEMBL5945254,CC1CCCCC1(F)c1nc2nc(-c3n[nH]c(=O)o3)nc(-c3cncc(Cl)c3)c2n1C[C@H]1CC[C@H](C)CC1,CC1CCCCC1(F)c1nc2nc(-c3n[nH]c(=O)o3)nc(-c3cncc(Cl)c3)c2n1C[C@H]1CC[C@H](C)CC1,6.967499999999999,8.15889518556801,8.15889518556801,,2,active
CHEMBL5822110,CC1CCCCC1(F)c1nc2nc(-c3noc(=O)[nH]3)nc(-c3cncc(Cl)c3)c2n1C[C@H]1CC[C@H](C)CC1,CC1CCCCC1(F)c1nc2nc(-c3noc(=O)[nH]3)nc(-c3cncc(Cl)c3)c2n1C[C@H]1CC[C@H](C)CC1,6.634,8.178224532816536,8.178224532816536,,1,active
CHEMBL5815089,CC1CCCCN1c1nc2nc(-c3noc(=O)[nH]3)nc(N[C@H](C)C3CCC3)c2n1C[C@H]1CC[C@H](C)CC1,CC1CCCCN1c1nc2nc(-c3noc(=O)[nH]3)nc(N[C@H](C)C3CCC3)c2n1C[C@H]1CC[C@H](C)CC1,7.272,8.13834612978609,8.13834612978609,,3,active
CHEMBL5940710,CC1CCCCN1c1nc2nc(-c3noc(=O)[nH]3)nc(N[C@H](C)C3CCC3)c2n1Cc1ccc(C(F)(F)F)cc1,CC1CCCCN1c1nc2nc(-c3noc(=O)[nH]3)nc(N[C@H](C)C3CCC3)c2n1Cc1ccc(C(F)(F)F)cc1,10.32,7.986320302708807,7.986320302708807,,1,active
CHEMBL6001461,CC1CCCCN1c1nc2nc(C(=O)O)nc(N[C@H](C)C3CCC3)c2n1C[C@H]1CC[C@H](C)CC1,CC1CCCCN1c1nc2nc(C(=O)O)nc(N[C@H](C)C3CCC3)c2n1C[C@H]1CC[C@H](C)CC1,2.231,8.651500429716162,8.651500429716162,,1,active
CHEMBL5778090,CC1CCCN(c2nc3nc(-c4noc(=O)[nH]4)nc(N[C@H](C)C4CCC4)c3n2C[C@H]2CC[C@H](C)CC2)C1c1ccccc1,CC1CCCN(c2nc3nc(-c4noc(=O)[nH]4)nc(N[C@H](C)C4CCC4)c3n2C[C@H]2CC[C@H](C)CC2)C1c1ccccc1,6.337,8.19811629287476,8.19811629287476,,1,active
CHEMBL5756380,CC1CCCN(c2nc3nc(C(=O)O)nc(N[C@H](C)C4CCC4)c3n2C[C@H]2CC[C@H](C)CC2)C1C,CC1CCCN(c2nc3nc(C(=O)O)nc(N[C@H](C)C4CCC4)c3n2C[C@H]2CC[C@H](C)CC2)C1C,4.547,8.342275045794892,8.342275045794892,,1,active
CHEMBL5769427,CC1CCCN(c2nc3nc(C(=O)O)nc(N[C@H](C)C4CCC4)c3n2C[C@H]2CC[C@H](C)CC2)C1c1ccccc1,CC1CCCN(c2nc3nc(C(=O)O)nc(N[C@H](C)C4CCC4)c3n2C[C@H]2CC[C@H](C)CC2)C1c1ccccc1,1.818,8.740406121114052,8.740406121114052,,1,active
CHEMBL6062469,CC1CCCN(c2nc3nc(C(=O)O)nc(N[C@H](C)C4CCC4)c3n2Cc2ccc(C(F)(F)F)cc2)C1,CC1CCCN(c2nc3nc(C(=O)O)nc(N[C@H](C)C4CCC4)c3n2Cc2ccc(C(F)(F)F)cc2)C1,12.23,7.912573542963715,7.912573542963715,,1,active
CHEMBL6024824,CC1CCCN1c1nc2nc(-c3noc(=O)[nH]3)nc(N[C@H](C)C3CCC3)c2n1C[C@H]1CC[C@H](C)CC1,CC1CCCN1c1nc2nc(-c3noc(=O)[nH]3)nc(N[C@H](C)C3CCC3)c2n1C[C@H]1CC[C@H](C)CC1,25.37,7.595679532778269,7.595679532778269,,1,active
CHEMBL5951180,CC1CCN(C)C(c2nc3nc(C(=O)O)nc(N[C@H](C)C4CCC4)c3n2C[C@H]2CC[C@H](C)CC2)C1,CC1CCN(C)C(c2nc3nc(C(=O)O)nc(N[C@H](C)C4CCC4)c3n2C[C@H]2CC[C@H](C)CC2)C1,17.74,7.751046384504292,7.751046384504292,,1,active
CHEMBL3649824,CC1CCN(c2nc3cc(-c4noc(=O)[nH]4)nc(-c4cncc(Cl)c4)c3n2C[C@H]2CC[C@H](C)CC2)C1C,CC1CCN(c2nc3cc(-c4noc(=O)[nH]4)nc(-c4cncc(Cl)c4)c3n2C[C@H]2CC[C@H](C)CC2)C1C,9.0,8.045757490560675,8.045757490560675,,2,active
CHEMBL6034295,CC1CCN(c2nc3nc(-c4noc(=O)[nH]4)nc(N[C@H](C)C4CCC4)c3n2C[C@H]2CC[C@H](C)CC2)C(c2ccccc2)C1,CC1CCN(c2nc3nc(-c4noc(=O)[nH]4)nc(N[C@H](C)C4CCC4)c3n2C[C@H]2CC[C@H](C)CC2)C(c2ccccc2)C1,9.6895,8.225766840540834,8.225766840540834,,2,active
CHEMBL5882645,CC1CN(C)CCN1c1nc2nc(-c3noc(=O)[nH]3)nc(-c3cccc(Cl)c3)c2n1C[C@H]1CC[C@H](C)CC1,CC1CN(C)CCN1c1nc2nc(-c3noc(=O)[nH]3)nc(-c3cccc(Cl)c3)c2n1C[C@H]1CC[C@H](C)CC1,42.84,7.368150537840182,7.368150537840182,,1,active
CHEMBL5743184,CC1CN(c2nc(-c3noc(=O)[nH]3)nc3nc(N4CCOC[C@H]4c4ccccc4)n(C[C@H]4CC[C@H](C)CC4)c23)CCO1,CC1CN(c2nc(-c3noc(=O)[nH]3)nc3nc(N4CCOC[C@H]4c4ccccc4)n(C[C@H]4CC[C@H](C)CC4)c23)CCO1,14.49,7.838931614528826,7.838931614528826,,1,active
CHEMBL3933957,CC1CN(c2nc3cc(-c4nc(=O)o[nH]4)nc(-c4cncc(Cl)c4)c3n2C[C@H]2CC[C@H](C)CC2)[C@@H](C)[C@H](C)O1,CC1CN(c2nc3cc(-c4nc(=O)o[nH]4)nc(-c4cncc(Cl)c4)c3n2C[C@H]2CC[C@H](C)CC2)[C@@H](C)[C@H](C)O1,9.0,8.384775539310862,8.384775539310862,,2,active
CHEMBL3649817,CC1CN(c2nc3cc(-c4noc(=O)[nH]4)nc(-c4cncc(Cl)c4)c3n2C[C@H]2CC[C@H](C)CC2)C(C)CO1,CC1CN(c2nc3cc(-c4noc(=O)[nH]4)nc(-c4cncc(Cl)c4)c3n2C[C@H]2CC[C@H](C)CC2)C(C)CO1,88.0,7.252922702990778,7.252922702990778,,4,active
CHEMBL3649834,CC1CN(c2nc3cc(-c4noc(=O)[nH]4)nc(-c4cncc(Cl)c4)c3n2C[C@H]2CC[C@H](C)CC2)C(c2ccccc2)CO1,CC1CN(c2nc3cc(-c4noc(=O)[nH]4)nc(-c4cncc(Cl)c4)c3n2C[C@H]2CC[C@H](C)CC2)C(c2ccccc2)CO1,2.0,8.698970004336019,8.698970004336019,,6,active
CHEMBL3649915,CC1CN(c2nc3cc(-c4noc(=O)[nH]4)nc(-c4cncc(Cl)c4)c3n2C[C@H]2CC[C@H](C)CC2)C2CCCC2O1,CC1CN(c2nc3cc(-c4noc(=O)[nH]4)nc(-c4cncc(Cl)c4)c3n2C[C@H]2CC[C@H](C)CC2)C2CCCC2O1,4.5,8.548455006504028,8.548455006504028,,4,active
CHEMBL3649911,CC1CN(c2nc3cc(-c4noc(=O)[nH]4)nc(-c4cncc(Cl)c4)c3n2C[C@H]2CC[C@H](C)CC2)C2CCCCC2O1,CC1CN(c2nc3cc(-c4noc(=O)[nH]4)nc(-c4cncc(Cl)c4)c3n2C[C@H]2CC[C@H](C)CC2)C2CCCCC2O1,3.0,8.522878745280337,8.522878745280337,,2,active
CHEMBL3639487,CC1CN(c2nc3cc(-c4noc(=O)[nH]4)nc(-c4cncc(Cl)c4)c3n2C[C@H]2CC[C@H](C)CC2)C2COCCC2O1,CC1CN(c2nc3cc(-c4noc(=O)[nH]4)nc(-c4cncc(Cl)c4)c3n2C[C@H]2CC[C@H](C)CC2)C2COCCC2O1,40.5,7.472693472721556,7.472693472721556,,4,active
CHEMBL3649916,CC1CN(c2nc3cc(-c4noc(=O)[nH]4)nc(-c4cncc(Cl)c4)c3n2C[C@H]2CC[C@H](C)CC2)[C@H](C)[C@@H](C)O1,CC1CN(c2nc3cc(-c4noc(=O)[nH]4)nc(-c4cncc(Cl)c4)c3n2C[C@H]2CC[C@H](C)CC2)[C@H](C)[C@@H](C)O1,9.0,8.384775539310862,8.384775539310862,,2,active
CHEMBL5949005,CC1CN(c2nc3nc(C(=O)O)nc(N[C@H](C)C4CCC4)c3n2Cc2ccc(C(F)(F)F)cc2)CCO1,CC1CN(c2nc3nc(C(=O)O)nc(N[C@H](C)C4CCC4)c3n2Cc2ccc(C(F)(F)F)cc2)CCO1,63.1,7.199970640755866,7.199970640755866,,1,active
CHEMBL6063985,CC1COCCC1(F)c1nc2nc(-c3noc(=O)[nH]3)nc(-c3cncc(Cl)c3)c2n1C[C@H]1CC[C@H](C)CC1,CC1COCCC1(F)c1nc2nc(-c3noc(=O)[nH]3)nc(-c3cncc(Cl)c3)c2n1C[C@H]1CC[C@H](C)CC1,13.8705,7.9970052012867665,7.9970052012867665,,2,active
CHEMBL3649818,CC1COCCCN1c1nc2cc(-c3noc(=O)[nH]3)nc(-c3cncc(Cl)c3)c2n1C[C@H]1CC[C@H](C)CC1,CC1COCCCN1c1nc2cc(-c3noc(=O)[nH]3)nc(-c3cncc(Cl)c3)c2n1C[C@H]1CC[C@H](C)CC1,16.0,7.795880017344075,7.795880017344075,,2,active
CHEMBL3649902,CC1CO[C@@H]2CCC[C@H]2N1c1nc2cc(-c3noc(=O)[nH]3)nc(-c3cncc(Cl)c3)c2n1C[C@H]1CC[C@H](C)CC1,CC1CO[C@@H]2CCC[C@H]2N1c1nc2cc(-c3noc(=O)[nH]3)nc(-c3cncc(Cl)c3)c2n1C[C@H]1CC[C@H](C)CC1,1.0,9.0,9.0,,1,active
CHEMBL6017281,CC1CO[C@@H]2CCC[C@H]2N1c1nc2nc(-c3noc(=O)[nH]3)nc(-c3cncc(Cl)c3)c2n1C[C@H]1CC[C@H](C)CC1,CC1CO[C@@H]2CCC[C@H]2N1c1nc2nc(-c3noc(=O)[nH]3)nc(-c3cncc(Cl)c3)c2n1C[C@H]1CC[C@H](C)CC1,1.697,8.770318157682324,8.770318157682324,,1,active
CHEMBL3971691,CC1CO[C@H]2CCC[C@@H]2N1c1nc2cc(-c3nc(=O)o[nH]3)nc(-c3cncc(Cl)c3)c2n1C[C@H]1CC[C@H](C)CC1,CC1CO[C@H]2CCC[C@@H]2N1c1nc2cc(-c3nc(=O)o[nH]3)nc(-c3cncc(Cl)c3)c2n1C[C@H]1CC[C@H](C)CC1,1.0,9.0,9.0,,1,active
CHEMBL3649859,CC1CS(=O)(=O)CCN1c1nc2cc(-c3noc(=O)[nH]3)nc(-c3cncc(Cl)c3)c2n1C[C@H]1CC[C@H](C)CC1,CC1CS(=O)(=O)CCN1c1nc2cc(-c3noc(=O)[nH]3)nc(-c3cncc(Cl)c3)c2n1C[C@H]1CC[C@H](C)CC1,8.0,8.096910013008056,8.096910013008056,,2,active
CHEMBL5778714,CC1CS(=O)(=O)CCN1c1nc2nc(-c3noc(=O)[nH]3)nc(N[C@H](C)C3CCC3)c2n1C[C@H]1CC[C@H](C)CC1,CC1CS(=O)(=O)CCN1c1nc2nc(-c3noc(=O)[nH]3)nc(N[C@H](C)C3CCC3)c2n1C[C@H]1CC[C@H](C)CC1,9.616,8.017005545341336,8.017005545341336,,1,active
CHEMBL3649896,CC1CSCCN1c1nc2cc(-c3noc(=O)[nH]3)nc(-c3cncc(Cl)c3)c2n1C[C@H]1CC[C@H](C)CC1,CC1CSCCN1c1nc2cc(-c3noc(=O)[nH]3)nc(-c3cncc(Cl)c3)c2n1C[C@H]1CC[C@H](C)CC1,9.0,8.045757490560675,8.045757490560675,,2,active
CHEMBL5786322,CC1CSCCN1c1nc2nc(-c3noc(=O)[nH]3)nc(N[C@H](C)C3CCC3)c2n1C[C@H]1CC[C@H](C)CC1,CC1CSCCN1c1nc2nc(-c3noc(=O)[nH]3)nc(N[C@H](C)C3CCC3)c2n1C[C@H]1CC[C@H](C)CC1,4.392,8.357337668557964,8.357337668557964,,1,active
CHEMBL3649910,CC1N(c2nc3cc(-c4noc(=O)[nH]4)nc(-c4cncc(Cl)c4)c3n2C[C@H]2CC[C@H](C)CC2)CCOC1(C)C,CC1N(c2nc3cc(-c4noc(=O)[nH]4)nc(-c4cncc(Cl)c4)c3n2C[C@H]2CC[C@H](C)CC2)CCOC1(C)C,17.0,7.769551078621726,7.769551078621726,,2,active
CHEMBL3649845,CC1OCCN(c2nc3cc(-c4noc(=O)[nH]4)nc(-c4cncc(Cl)c4)c3n2C[C@H]2CC[C@H](C)CC2)C1C,CC1OCCN(c2nc3cc(-c4noc(=O)[nH]4)nc(-c4cncc(Cl)c4)c3n2C[C@H]2CC[C@H](C)CC2)C1C,5.0,8.301029995663981,8.301029995663981,,6,active
CHEMBL5875994,CC1OCCN(c2nc3nc(-c4n[nH]c(=O)o4)nc(N[C@H](C)C4CCC4)c3n2C[C@H]2CC[C@H](C)CC2)C1C,CC1OCCN(c2nc3nc(-c4n[nH]c(=O)o4)nc(N[C@H](C)C4CCC4)c3n2C[C@H]2CC[C@H](C)CC2)C1C,12.93,7.888401475119606,7.888401475119606,,3,active
CHEMBL5946230,CC1OCCN(c2nc3nc(-c4noc(=O)[nH]4)nc(N[C@H](C)C4CCC4)c3n2C[C@H]2CC[C@H](C)CC2)C1C,CC1OCCN(c2nc3nc(-c4noc(=O)[nH]4)nc(N[C@H](C)C4CCC4)c3n2C[C@H]2CC[C@H](C)CC2)C1C,14.626999999999999,7.867082285950655,7.867082285950655,,2,active
CHEMBL3649936,CCC(=O)N1C[C@@H](C)N(c2nc3cc(-c4noc(=O)[nH]4)nc(-c4cncc(Cl)c4)c3n2C[C@H]2CC[C@H](C)CC2)[C@H](C)C1,CCC(=O)N1C[C@@H](C)N(c2nc3cc(-c4noc(=O)[nH]4)nc(-c4cncc(Cl)c4)c3n2C[C@H]2CC[C@H](C)CC2)[C@H](C)C1,3.0,8.522878745280337,8.522878745280337,,1,active
CHEMBL3954453,CCC(=O)N1C[C@H](C)N(c2nc3cc(-c4nc(=O)o[nH]4)nc(-c4cncc(Cl)c4)c3n2C[C@H]2CC[C@H](C)CC2)[C@@H](C)C1,CCC(=O)N1C[C@H](C)N(c2nc3cc(-c4nc(=O)o[nH]4)nc(-c4cncc(Cl)c4)c3n2C[C@H]2CC[C@H](C)CC2)[C@@H](C)C1,3.0,8.522878745280337,8.522878745280337,,1,active
CHEMBL1369893,CCC(=O)NC(c1cccs1)c1cc([N+](=O)[O-])c2cccnc2c1O,CCC(=O)NC(c1cccs1)c1cc([N+](=O)[O-])c2cccnc2c1O,17000.0,4.769551078621726,4.769551078621726,,1,inactive
CHEMBL3683121,CCC(=O)Nc1ccc2c(c1)C(c1ccc(Cl)cc1)N(c1ccc(N(C)Cc3ccncc3)cc1)C(=O)C2,CCC(=O)Nc1ccc2c(c1)C(c1ccc(Cl)cc1)N(c1ccc(N(C)Cc3ccncc3)cc1)C(=O)C2,331.6,6.479385478121764,6.479385478121764,,1,active
CHEMBL5790202,CCC(C(=O)OC(C)(C)C)N1C(=O)[C@@](C)(Cc2nnn[nH]2)C[C@H](c2cccc(Cl)c2)[C@H]1c1ccc(Cl)cc1,CCC(C(=O)OC(C)(C)C)N1C(=O)[C@@](C)(Cc2nnn[nH]2)C[C@H](c2cccc(Cl)c2)[C@H]1c1ccc(Cl)cc1,5.5,8.5,8.5,,2,active
CHEMBL3649828,CCC(C)(C)C1CCCN1c1nc2cc(-c3noc(=O)[nH]3)nc(-c3cncc(Cl)c3)c2n1C[C@H]1CC[C@H](C)CC1,CCC(C)(C)C1CCCN1c1nc2cc(-c3noc(=O)[nH]3)nc(-c3cncc(Cl)c3)c2n1C[C@H]1CC[C@H](C)CC1,2.0,8.698970004336019,8.698970004336019,,2,active
CHEMBL3977180,CCC(C)(C)S(=O)(=O)C[C@H](C1CC1)N1C(=O)[C@@](C)(CC(=O)O)C[C@H](c2cccc(Cl)c2)[C@H]1c1ccc(Cl)cc1,CCC(C)(C)S(=O)(=O)C[C@H](C1CC1)N1C(=O)[C@@](C)(CC(=O)O)C[C@H](c2cccc(Cl)c2)[C@H]1c1ccc(Cl)cc1,0.6,9.221848749616356,9.221848749616356,,1,active
CHEMBL5840866,CCC(C)(O)c1cc(F)c2c(c1)C(=O)N(Cc1ccc(C#N)cn1)[C@@]2(OCC1(CO)CC1)c1ccc(Cl)cc1,CCC(C)(O)c1cc(F)c2c(c1)C(=O)N(Cc1ccc(C#N)cn1)[C@@]2(OCC1(CO)CC1)c1ccc(Cl)cc1,1.5650000000000002,8.844547185311928,8.844547185311928,,2,active
CHEMBL6031635,CCC(C)(O)c1cc(F)c2c(c1)C(=O)N(Cc1ncc(C#N)cn1)[C@@]2(OCC1(CO)CC1)c1ccc(Cl)cc1,CCC(C)(O)c1cc(F)c2c(c1)C(=O)N(Cc1ncc(C#N)cn1)[C@@]2(OCC1(CO)CC1)c1ccc(Cl)cc1,0.93,9.031517051446064,9.031517051446064,,1,active
CHEMBL5918897,CCC(C)(O)c1cc(F)c2c(c1)C(=O)N([C@@H](CC(=O)O)c1ccc(Cl)cc1)[C@@]2(OCC1(F)COC1)c1ccc(Cl)cc1,CCC(C)(O)c1cc(F)c2c(c1)C(=O)N([C@@H](CC(=O)O)c1ccc(Cl)cc1)[C@@]2(OCC1(F)COC1)c1ccc(Cl)cc1,15.0,7.823908740944319,7.823908740944319,,3,active
CHEMBL5748341,CCC(C)CN(C)c1nc(C(=O)O)nc2nc(-c3cccc(C)c3)n(Cc3ccc(C(F)(F)F)cc3)c12,CCC(C)CN(C)c1nc(C(=O)O)nc2nc(-c3cccc(C)c3)n(Cc3ccc(C(F)(F)F)cc3)c12,729.9,6.13673663634952,6.13673663634952,,1,active
CHEMBL5882931,CCC(C)CNc1nc(C(=O)O)nc2nc(-c3cccc(C)c3)n(Cc3ccc(C(F)(F)F)cc3)c12,CCC(C)CNc1nc(C(=O)O)nc2nc(-c3cccc(C)c3)n(Cc3ccc(C(F)(F)F)cc3)c12,719.0,6.1432711096171175,6.1432711096171175,,1,active
CHEMBL5886001,CCC(C)c1ccnc(-c2nc3nc(C(=O)O)nc(N[C@H](C)C4CCC4)c3n2Cc2ccc(C(F)(F)F)cc2)c1,CCC(C)c1ccnc(-c2nc3nc(C(=O)O)nc(N[C@H](C)C4CCC4)c3n2Cc2ccc(C(F)(F)F)cc2)c1,3.4855,8.458201610787071,8.458201610787071,,2,active
CHEMBL3907720,CCC(CC)CN1C(=O)[C@@H](CC(=O)O)C[C@H](c2cccc(Cl)c2)[C@H]1c1ccc(Cl)cc1,CCC(CC)CN1C(=O)[C@@H](CC(=O)O)C[C@H](c2cccc(Cl)c2)[C@H]1c1ccc(Cl)cc1,60.0,7.221848749616356,7.221848749616356,,1,active
CHEMBL4109543,CCC(CC)N1C(=O)[C@@](C)(CC(=O)NS(=O)(=O)C(F)(F)F)C[C@H](c2cccc(Cl)c2)[C@H]1c1ccc(Cl)cc1,CCC(CC)N1C(=O)[C@@](C)(CC(=O)NS(=O)(=O)C(F)(F)F)C[C@H](c2cccc(Cl)c2)[C@H]1c1ccc(Cl)cc1,530.0,6.275724130399211,6.275724130399211,,1,active
CHEMBL4111833,CCC(CC)N1C(=O)[C@@](C)(CC(=O)O)CC(c2cccc(Cl)c2)[C@H]1c1ccc(Cl)cc1,CCC(CC)N1C(=O)[C@@](C)(CC(=O)O)CC(c2cccc(Cl)c2)[C@H]1c1ccc(Cl)cc1,11.5,8.110924374808178,8.110924374808178,,2,active
CHEMBL4113137,CCC(CC)N1C(=O)[C@@](C)(CC(=O)O)C[C@H](c2cccc(Cl)c2)[C@H]1c1ccc(Cl)cn1,CCC(CC)N1C(=O)[C@@](C)(CC(=O)O)C[C@H](c2cccc(Cl)c2)[C@H]1c1ccc(Cl)cn1,30.5,7.629818655252878,7.629818655252878,,2,active
CHEMBL4108531,CCC(CC)N1C(=O)[C@@](C)(CC2OC(=O)NC2=O)C[C@H](c2cccc(Cl)c2)[C@H]1c1ccc(Cl)cc1,CCC(CC)N1C(=O)[C@@](C)(CC2OC(=O)NC2=O)C[C@H](c2cccc(Cl)c2)[C@H]1c1ccc(Cl)cc1,490.0,6.309803919971486,6.309803919971486,,1,active
CHEMBL4107240,CCC(CC)N1C(=O)[C@@](C)(CS(C)(=O)=O)C[C@H](c2cccc(Cl)c2)[C@H]1c1ccc(Cl)cc1,CCC(CC)N1C(=O)[C@@](C)(CS(C)(=O)=O)C[C@H](c2cccc(Cl)c2)[C@H]1c1ccc(Cl)cc1,840.0,6.075720713938118,6.075720713938118,,1,active
CHEMBL4108935,CCC(CC)N1C(=O)[C@@](C)(Cc2cc(O)n[nH]2)C[C@H](c2cccc(Cl)c2)[C@H]1c1ccc(Cl)cc1,CCC(CC)N1C(=O)[C@@](C)(Cc2cc(O)n[nH]2)C[C@H](c2cccc(Cl)c2)[C@H]1c1ccc(Cl)cc1,580.0,6.236572006437063,6.236572006437063,,1,active
CHEMBL4110925,CCC(CC)N1C(=O)[C@@](C)(Cc2cc(O)no2)C[C@H](c2cccc(Cl)c2)[C@H]1c1ccc(Cl)cc1,CCC(CC)N1C(=O)[C@@](C)(Cc2cc(O)no2)C[C@H](c2cccc(Cl)c2)[C@H]1c1ccc(Cl)cc1,80.0,7.096910013008056,7.096910013008056,,1,active
CHEMBL4109978,CCC(CC)N1C(=O)[C@@](C)(Cc2n[nH]c(=O)[nH]2)C[C@H](c2cccc(Cl)c2)[C@H]1c1ccc(Cl)cc1,CCC(CC)N1C(=O)[C@@](C)(Cc2n[nH]c(=O)[nH]2)C[C@H](c2cccc(Cl)c2)[C@H]1c1ccc(Cl)cc1,220.0,6.657577319177793,6.657577319177793,,1,active
CHEMBL4114646,CCC(CC)N1C(=O)[C@@](C)(Cc2n[nH]c(=O)o2)C[C@H](c2cccc(Cl)c2)[C@H]1c1ccc(Cl)cc1,CCC(CC)N1C(=O)[C@@](C)(Cc2n[nH]c(=O)o2)C[C@H](c2cccc(Cl)c2)[C@H]1c1ccc(Cl)cc1,260.0,6.585026652029182,6.585026652029182,,1,active
CHEMBL4109795,CCC(CC)N1C(=O)[C@@](C)(Cc2nnn[nH]2)C[C@H](c2cccc(Cl)c2)[C@H]1c1ccc(Cl)cc1,CCC(CC)N1C(=O)[C@@](C)(Cc2nnn[nH]2)C[C@H](c2cccc(Cl)c2)[C@H]1c1ccc(Cl)cc1,11.5,8.110924374808178,8.110924374808178,,2,active
CHEMBL4107285,CCC(CC)N1C(=O)[C@@](C)(Cc2noc(=O)[nH]2)C[C@H](c2cccc(Cl)c2)[C@H]1c1ccc(Cl)cc1,CCC(CC)N1C(=O)[C@@](C)(Cc2noc(=O)[nH]2)C[C@H](c2cccc(Cl)c2)[C@H]1c1ccc(Cl)cc1,20.0,7.698970004336019,7.698970004336019,,1,active
CHEMBL4112284,CCC(CC)N1C(=O)[C@@](C)(Cc2nsc(=O)[nH]2)C[C@H](c2cccc(Cl)c2)[C@H]1c1ccc(Cl)cc1,CCC(CC)N1C(=O)[C@@](C)(Cc2nsc(=O)[nH]2)C[C@H](c2cccc(Cl)c2)[C@H]1c1ccc(Cl)cc1,1760.0,5.75448733218585,5.75448733218585,,1,intermediate
CHEMBL4108954,CCC(CC)N1C(=O)[C@@](CC)(CC(=O)O)C[C@H](c2cccc(Cl)c2)[C@H]1c1ccc(Cl)cc1,CCC(CC)N1C(=O)[C@@](CC)(CC(=O)O)C[C@H](c2cccc(Cl)c2)[C@H]1c1ccc(Cl)cc1,20.0,7.698970004336019,7.698970004336019,,1,active
CHEMBL3919602,CCC(CC)N1C(=O)[C@H](CC(=O)O)C[C@H](c2cccc(Cl)c2)[C@H]1c1ccc(Cl)cc1,CCC(CC)N1C(=O)[C@H](CC(=O)O)C[C@H](c2cccc(Cl)c2)[C@H]1c1ccc(Cl)cc1,270.0,6.568636235841012,6.568636235841012,,1,active
CHEMBL4109214,CCC(CC)N1C(=O)[C@](C)(CC(=O)O)C[C@H](c2cccc(Cl)c2)[C@H]1c1ccc(Cl)cn1,CCC(CC)N1C(=O)[C@](C)(CC(=O)O)C[C@H](c2cccc(Cl)c2)[C@H]1c1ccc(Cl)cn1,920.0,6.036212172654444,6.036212172654444,,1,active
CHEMBL4112965,CCC(CC)S(=O)(=O)C[C@H](C1CC1)N1C(=O)[C@@](C)(CC(=O)O)C[C@H](c2cccc(Cl)c2)[C@H]1c1ccc(Cl)cc1,CCC(CC)S(=O)(=O)C[C@H](C1CC1)N1C(=O)[C@@](C)(CC(=O)O)C[C@H](c2cccc(Cl)c2)[C@H]1c1ccc(Cl)cc1,0.1,10.0,10.0,,1,active
CHEMBL4108608,CCC(CN(C)S(=O)(=O)C1CC1)N1C(=O)[C@@](C)(CC(=O)NS(C)(=O)=O)C[C@H](c2cccc(Cl)c2)[C@H]1c1ccc(Cl)cc1,CCC(CN(C)S(=O)(=O)C1CC1)N1C(=O)[C@@](C)(CC(=O)NS(C)(=O)=O)C[C@H](c2cccc(Cl)c2)[C@H]1c1ccc(Cl)cc1,6.0,8.221848749616356,8.221848749616356,,1,active
CHEMBL5968100,CCC(CN(C)S(=O)(=O)C1CC1)N1C(=O)[C@H](C(C)C(=O)O)C[C@H](c2cccc(Cl)c2)[C@H]1c1ccc(Cl)cc1,CCC(CN(C)S(=O)(=O)C1CC1)N1C(=O)[C@H](C(C)C(=O)O)C[C@H](c2cccc(Cl)c2)[C@H]1c1ccc(Cl)cc1,20.0,7.698970004336019,7.698970004336019,,1,active
CHEMBL3922286,CCC(CN(C)S(=O)(=O)C1CC1)N1C(=O)[C@H](CC(=O)O)C[C@H](c2cccc(Cl)c2)[C@H]1c1ccc(Cl)cc1,CCC(CN(C)S(=O)(=O)C1CC1)N1C(=O)[C@H](CC(=O)O)C[C@H](c2cccc(Cl)c2)[C@H]1c1ccc(Cl)cc1,12.0,7.920818753952375,7.920818753952375,,1,active
CHEMBL5941157,CCC(CN1CCCC1=O)N1C(=O)C(CC(=O)O)CC(c2cccc(Cl)c2)C1c1ccc(Cl)cc1,CCC(CN1CCCC1=O)N1C(=O)C(CC(=O)O)CC(c2cccc(Cl)c2)C1c1ccc(Cl)cc1,140.0,6.853871964321762,6.853871964321762,,1,active
CHEMBL5777914,CCC(CO)c1nc2nc(-c3noc(=O)[nH]3)nc(N[C@H](C)C3CCC3)c2n1C[C@H]1CC[C@H](C)CC1,CCC(CO)c1nc2nc(-c3noc(=O)[nH]3)nc(N[C@H](C)C3CCC3)c2n1C[C@H]1CC[C@H](C)CC1,10.1,7.995678626217357,7.995678626217357,,1,active
CHEMBL3649996,CCC(COC)c1nc2cc(-c3noc(=O)[nH]3)nc(-c3cncc(Cl)c3)c2n1C[C@H]1CC[C@H](C)CC1,CCC(COC)c1nc2cc(-c3noc(=O)[nH]3)nc(-c3cncc(Cl)c3)c2n1C[C@H]1CC[C@H](C)CC1,6.0,8.221848749616356,8.221848749616356,,2,active
CHEMBL3653334,CCC(CS(C)(=O)=O)c1nc2cc(-c3noc(=O)[nH]3)nc(-c3cncc(Cl)c3)c2n1C[C@H]1CC[C@H](C)CC1,CCC(CS(C)(=O)=O)c1nc2cc(-c3noc(=O)[nH]3)nc(-c3cncc(Cl)c3)c2n1C[C@H]1CC[C@H](C)CC1,7.0,8.154901959985743,8.154901959985743,,2,active
CHEMBL3653333,CCC(CSC)c1nc2cc(-c3noc(=O)[nH]3)nc(-c3cncc(Cl)c3)c2n1C[C@H]1CC[C@H](C)CC1,CCC(CSC)c1nc2cc(-c3noc(=O)[nH]3)nc(-c3cncc(Cl)c3)c2n1C[C@H]1CC[C@H](C)CC1,2.0,8.698970004336019,8.698970004336019,,2,active
CHEMBL5993309,CCC(O)(CN(C)C)c1cc(F)c2c(c1)C(=O)N(Cc1ncc(Cl)cn1)[C@@]2(O[C@H]1CCOC1)c1ccc(Cl)cc1,CCC(O)(CN(C)C)c1cc(F)c2c(c1)C(=O)N(Cc1ncc(Cl)cn1)[C@@]2(O[C@H]1CCOC1)c1ccc(Cl)cc1,15.45,8.045221985379413,8.045221985379413,,2,active
CHEMBL5937887,CCC(O)(CN1CCN(C)CC1)c1cc(F)c2c(c1)C(=O)N(Cc1ncc(Cl)cn1)[C@@]2(OCC1(C#N)CC1)c1ccc(Cl)cc1,CCC(O)(CN1CCN(C)CC1)c1cc(F)c2c(c1)C(=O)N(Cc1ncc(Cl)cn1)[C@@]2(OCC1(C#N)CC1)c1ccc(Cl)cc1,8.8,8.05551732784983,8.05551732784983,,1,active
CHEMBL5888374,CCC(O)(CN1CCN(C)CC1)c1cc(F)c2c(c1)C(=O)N(Cc1ncc(Cl)cn1)[C@@]2(OCCO)c1ccc(Cl)cc1,CCC(O)(CN1CCN(C)CC1)c1cc(F)c2c(c1)C(=O)N(Cc1ncc(Cl)cn1)[C@@]2(OCCO)c1ccc(Cl)cc1,3.1,8.508638306165727,8.508638306165727,,1,active
CHEMBL5862586,CCC(O)(CN1CCN(C)CC1)c1cc(F)c2c(c1)C(=O)N(Cc1ncc(Cl)cn1)[C@@]2(O[C@H]1CCOC1)c1ccc(Cl)cc1,CCC(O)(CN1CCN(C)CC1)c1cc(F)c2c(c1)C(=O)N(Cc1ncc(Cl)cn1)[C@@]2(O[C@H]1CCOC1)c1ccc(Cl)cc1,0.7,9.154901959985743,9.154901959985743,,1,active
CHEMBL6054803,CCC(O)(CN1CCNCC1)c1cc(F)c2c(c1)C(=O)N(Cc1ncc(Cl)cn1)[C@@]2(OCCO)c1ccc(Cl)cc1,CCC(O)(CN1CCNCC1)c1cc(F)c2c(c1)C(=O)N(Cc1ncc(Cl)cn1)[C@@]2(OCCO)c1ccc(Cl)cc1,3.1,8.508638306165727,8.508638306165727,,1,active
CHEMBL6024519,CCC(O)(CN1CCNCC1)c1cc(F)c2c(c1)C(=O)N(Cc1ncc(Cl)cn1)[C@@]2(O[C@H]1CCOC1)c1ccc(Cl)cc1,CCC(O)(CN1CCNCC1)c1cc(F)c2c(c1)C(=O)N(Cc1ncc(Cl)cn1)[C@@]2(O[C@H]1CCOC1)c1ccc(Cl)cc1,21.0,7.6777807052660805,7.6777807052660805,,1,active
CHEMBL6037408,CCC(O)(CN1CC[C@@H](O)C1)c1cc(F)c2c(c1)C(=O)N(Cc1ncc(Cl)cn1)[C@@]2(O[C@H]1CCOC1)c1ccc(Cl)cc1,CCC(O)(CN1CC[C@@H](O)C1)c1cc(F)c2c(c1)C(=O)N(Cc1ncc(Cl)cn1)[C@@]2(O[C@H]1CCOC1)c1ccc(Cl)cc1,9.15,8.327803863157445,8.327803863157445,,2,active
CHEMBL5871301,CCC(O)(c1cc(F)c2c(c1)C(=O)N(Cc1ccc(C#N)cc1)[C@@]2(OCC1(CO)CC1)c1ccc(Cl)cc1)c1cn(C)cn1,CCC(O)(c1cc(F)c2c(c1)C(=O)N(Cc1ccc(C#N)cc1)[C@@]2(OCC1(CO)CC1)c1ccc(Cl)cc1)c1cn(C)cn1,80.0,7.110924374808178,7.110924374808178,,2,active
CHEMBL6010968,CCC(O)(c1cc(F)c2c(c1)C(=O)N(Cc1ccc(C#N)cc1)[C@@]2(O[C@H]1CCOC1)c1ccc(Cl)cc1)c1cn(C)cn1,CCC(O)(c1cc(F)c2c(c1)C(=O)N(Cc1ccc(C#N)cc1)[C@@]2(O[C@H]1CCOC1)c1ccc(Cl)cc1)c1cn(C)cn1,13.0,7.886056647693163,7.886056647693163,,3,active
CHEMBL5774264,CCC(O)(c1cc(F)c2c(c1)C(=O)N(Cc1ccc(C#N)cc1CO)[C@@]2(O[C@H]1CCOC1)c1ccc(Cl)cc1)c1cn(C)cn1,CCC(O)(c1cc(F)c2c(c1)C(=O)N(Cc1ccc(C#N)cc1CO)[C@@]2(O[C@H]1CCOC1)c1ccc(Cl)cc1)c1cn(C)cn1,17.95,7.876013366819096,7.876013366819096,,2,active
CHEMBL5794562,CCC(O)(c1cc(F)c2c(c1)C(=O)N(Cc1ccc(C#N)cn1)[C@@]2(OCC1(CO)CC1)c1ccc(Cl)cc1)c1cn(C)cn1,CCC(O)(c1cc(F)c2c(c1)C(=O)N(Cc1ccc(C#N)cn1)[C@@]2(OCC1(CO)CC1)c1ccc(Cl)cc1)c1cn(C)cn1,12.0,7.920818753952375,7.920818753952375,,1,active
CHEMBL6013916,CCC(O)(c1cc(F)c2c(c1)C(=O)N(Cc1ccc(C#N)cn1)[C@@]2(OCCO)c1ccc(Cl)cc1)c1cn(C)cn1,CCC(O)(c1cc(F)c2c(c1)C(=O)N(Cc1ccc(C#N)cn1)[C@@]2(OCCO)c1ccc(Cl)cc1)c1cn(C)cn1,5.5,8.259637310505756,8.259637310505756,,1,active
CHEMBL5844980,CCC(O)(c1cc(F)c2c(c1)C(=O)N(Cc1ccc(C#N)cn1)[C@@]2(OCCO)c1ccc(Cl)cc1)c1cscn1,CCC(O)(c1cc(F)c2c(c1)C(=O)N(Cc1ccc(C#N)cn1)[C@@]2(OCCO)c1ccc(Cl)cc1)c1cscn1,4.4,8.356547323513812,8.356547323513812,,1,active
CHEMBL6008319,CCC(O)(c1cc(F)c2c(c1)C(=O)N(Cc1ccc(C#N)cn1)[C@@]2(OC[C@@H](C)O)c1ccc(Cl)cc1)c1cn(C)cn1,CCC(O)(c1cc(F)c2c(c1)C(=O)N(Cc1ccc(C#N)cn1)[C@@]2(OC[C@@H](C)O)c1ccc(Cl)cc1)c1cn(C)cn1,1.6,8.795880017344075,8.795880017344075,,1,active
CHEMBL5908898,CCC(O)(c1cc(F)c2c(c1)C(=O)N(Cc1ccc(C#N)cn1)[C@@]2(O[C@@H]1CCOC1)c1ccc(Cl)cc1)c1cn(C)cn1,CCC(O)(c1cc(F)c2c(c1)C(=O)N(Cc1ccc(C#N)cn1)[C@@]2(O[C@@H]1CCOC1)c1ccc(Cl)cc1)c1cn(C)cn1,0.72,9.142667503568731,9.142667503568731,,1,active
CHEMBL5755602,CCC(O)(c1cc(F)c2c(c1)C(=O)N(Cc1ccc(C#N)cn1)[C@@]2(O[C@H]1CCOC1)c1ccc(Cl)cc1)c1ccn(C)c(=O)c1,CCC(O)(c1cc(F)c2c(c1)C(=O)N(Cc1ccc(C#N)cn1)[C@@]2(O[C@H]1CCOC1)c1ccc(Cl)cc1)c1ccn(C)c(=O)c1,0.9,9.045757490560675,9.045757490560675,,1,active
CHEMBL5968630,CCC(O)(c1cc(F)c2c(c1)C(=O)N(Cc1ccc(C#N)cn1)[C@@]2(O[C@H]1CCOC1)c1ccc(Cl)cc1)c1cn(C)cn1,CCC(O)(c1cc(F)c2c(c1)C(=O)N(Cc1ccc(C#N)cn1)[C@@]2(O[C@H]1CCOC1)c1ccc(Cl)cc1)c1cn(C)cn1,95.55,7.839926856944473,7.839926856944473,,2,active
CHEMBL5933596,CCC(O)(c1cc(F)c2c(c1)C(=O)N(Cc1ccc(C#N)cn1)[C@@]2(O[C@H]1C[C@@H](O)C1)c1ccc(Cl)cc1)c1cnn(C)c1,CCC(O)(c1cc(F)c2c(c1)C(=O)N(Cc1ccc(C#N)cn1)[C@@]2(O[C@H]1C[C@@H](O)C1)c1ccc(Cl)cc1)c1cnn(C)c1,0.51,9.292429823902063,9.292429823902063,,1,active
CHEMBL5970325,CCC(O)(c1cc(F)c2c(c1)C(=O)N(Cc1ccc(Cl)cc1S(C)(=O)=O)[C@@]2(OC)c1ccc(Cl)cc1)C1(F)CCNCC1,CCC(O)(c1cc(F)c2c(c1)C(=O)N(Cc1ccc(Cl)cc1S(C)(=O)=O)[C@@]2(OC)c1ccc(Cl)cc1)C1(F)CCNCC1,45002.35,6.186829816312478,6.186829816312478,,2,inactive
CHEMBL5953952,CCC(O)(c1cc(F)c2c(c1)C(=O)N(Cc1ccc(Cl)nc1)[C@@]2(OCCO)c1ccc(Cl)cc1)c1cn(C)cn1,CCC(O)(c1cc(F)c2c(c1)C(=O)N(Cc1ccc(Cl)nc1)[C@@]2(OCCO)c1ccc(Cl)cc1)c1cn(C)cn1,2.6,8.585026652029182,8.585026652029182,,1,active
CHEMBL5998710,CCC(O)(c1cc(F)c2c(c1)C(=O)N(Cc1ncc(C#N)cn1)[C@@]2(OC1CCC(O)C1)c1ccc(Cl)cc1)c1cn(C)cn1,CCC(O)(c1cc(F)c2c(c1)C(=O)N(Cc1ncc(C#N)cn1)[C@@]2(OC1CCC(O)C1)c1ccc(Cl)cc1)c1cn(C)cn1,0.565,9.248786440007784,9.248786440007784,,2,active
CHEMBL6028578,CCC(O)(c1cc(F)c2c(c1)C(=O)N(Cc1ncc(C#N)cn1)[C@@]2(OCC1(F)COC1)c1ccc(Cl)cc1)c1cn(C)cn1,CCC(O)(c1cc(F)c2c(c1)C(=O)N(Cc1ncc(C#N)cn1)[C@@]2(OCC1(F)COC1)c1ccc(Cl)cc1)c1cn(C)cn1,1.0,9.0,9.0,,1,active
CHEMBL5857298,CCC(O)(c1cc(F)c2c(c1)C(=O)N(Cc1ncc(C#N)cn1)[C@@]2(OC[C@@H](C)O)c1ccc(Cl)cc1)[C@H]1CC[C@H](O)CC1,CCC(O)(c1cc(F)c2c(c1)C(=O)N(Cc1ncc(C#N)cn1)[C@@]2(OC[C@@H](C)O)c1ccc(Cl)cc1)[C@H]1CC[C@H](O)CC1,0.48,9.318758762624412,9.318758762624412,,1,active
CHEMBL5889058,CCC(O)(c1cc(F)c2c(c1)C(=O)N(Cc1ncc(C#N)cn1)[C@@]2(O[C@H]1CCOC1)c1ccc(Cl)cc1)c1ccn(C)n1,CCC(O)(c1cc(F)c2c(c1)C(=O)N(Cc1ncc(C#N)cn1)[C@@]2(O[C@H]1CCOC1)c1ccc(Cl)cc1)c1ccn(C)n1,2.3,8.638272163982407,8.638272163982407,,1,active
CHEMBL5934480,CCC(O)(c1cc(F)c2c(c1)C(=O)N(Cc1ncc(C#N)cn1)[C@@]2(O[C@H]1CCOC1)c1ccc(Cl)cc1)c1cn(C)cn1,CCC(O)(c1cc(F)c2c(c1)C(=O)N(Cc1ncc(C#N)cn1)[C@@]2(O[C@H]1CCOC1)c1ccc(Cl)cc1)c1cn(C)cn1,0.61,9.214670164989233,9.214670164989233,,1,active
CHEMBL5987719,CCC(O)(c1cc(F)c2c(c1)C(=O)N(Cc1ncc(C#N)cn1)[C@@]2(O[C@H]1C[C@H](CO)C1)c1ccc(Cl)cc1)c1cn(C)cn1,CCC(O)(c1cc(F)c2c(c1)C(=O)N(Cc1ncc(C#N)cn1)[C@@]2(O[C@H]1C[C@H](CO)C1)c1ccc(Cl)cc1)c1cn(C)cn1,1.4,8.853871964321762,8.853871964321762,,1,active
CHEMBL5945263,CCC(O)(c1cc(F)c2c(c1)C(=O)N(Cc1ncc(Cl)cc1OC)[C@@]2(OCCO)c1ccc(Cl)cc1)c1cn(C)cn1,CCC(O)(c1cc(F)c2c(c1)C(=O)N(Cc1ncc(Cl)cc1OC)[C@@]2(OCCO)c1ccc(Cl)cc1)c1cn(C)cn1,8.9,8.050609993355087,8.050609993355087,,1,active
CHEMBL6029305,CCC(O)(c1cc(F)c2c(c1)C(=O)N(Cc1ncc(Cl)cn1)[C@@]2(O[C@H]1C[C@@H](O)C1)c1ccc(Cl)cc1)c1cn(C)cn1,CCC(O)(c1cc(F)c2c(c1)C(=O)N(Cc1ncc(Cl)cn1)[C@@]2(O[C@H]1C[C@@H](O)C1)c1ccc(Cl)cc1)c1cn(C)cn1,1.9,8.721246399047171,8.721246399047171,,1,active
CHEMBL5814879,CCC(O)(c1cc(F)c2c(c1)C(=O)N([C@@H](CC(=O)O)c1ccc(Cl)cc1)C2(OC)c1ccc(Cl)cc1)C1(F)CCN(C)CC1,CCC(O)(c1cc(F)c2c(c1)C(=O)N([C@@H](CC(=O)O)c1ccc(Cl)cc1)C2(OC)c1ccc(Cl)cc1)C1(F)CCN(C)CC1,92.0,7.036212172654444,7.036212172654444,,1,active
CHEMBL5942474,CCC(O)(c1cc(F)c2c(c1)C(=O)N([C@@H](CC(=O)O)c1ccc(Cl)cc1)[C@@]2(OC)c1ccc(Cl)cc1)C1(F)CCN(C)CC1,CCC(O)(c1cc(F)c2c(c1)C(=O)N([C@@H](CC(=O)O)c1ccc(Cl)cc1)[C@@]2(OC)c1ccc(Cl)cc1)C1(F)CCN(C)CC1,89000.0,4.050609993355088,4.050609993355088,,1,inactive
CHEMBL5786307,CCC(O)(c1cc(F)c2c(c1)C(=O)N([C@@H](CC(=O)O)c1ccc(Cl)cc1)[C@@]2(OC)c1ccc(Cl)cc1)C1(F)CCOCC1,CCC(O)(c1cc(F)c2c(c1)C(=O)N([C@@H](CC(=O)O)c1ccc(Cl)cc1)[C@@]2(OC)c1ccc(Cl)cc1)C1(F)CCOCC1,15.0,7.8278038631574445,7.8278038631574445,,2,active
CHEMBL5843114,CCC(O)(c1cc(F)c2c(c1)C(=O)N([C@@H](CC(=O)O)c1ccc(Cl)cc1)[C@@]2(OC)c1ccc(Cl)cc1)c1ccccn1,CCC(O)(c1cc(F)c2c(c1)C(=O)N([C@@H](CC(=O)O)c1ccc(Cl)cc1)[C@@]2(OC)c1ccc(Cl)cc1)c1ccccn1,57.25,7.652697400533215,7.652697400533215,,2,active
CHEMBL5782248,CCC(O)(c1cc(F)c2c(c1)C(=O)N([C@@H](CCC(=O)O)c1ccc(Cl)cc1)[C@@]2(OC)c1ccc(Cl)cc1)[C@H]1CC[C@H](O)CC1,CCC(O)(c1cc(F)c2c(c1)C(=O)N([C@@H](CCC(=O)O)c1ccc(Cl)cc1)[C@@]2(OC)c1ccc(Cl)cc1)[C@H]1CC[C@H](O)CC1,40560.0,5.506166867536862,5.506166867536862,,2,inactive
CHEMBL5926054,CCC(O)(c1cc(F)c2c(c1)C(=O)N([C@@H](CCC(=O)O)c1ccc(Cl)cc1)[C@@]2(OC)c1ccc(Cl)cc1)c1ccn(C)n1,CCC(O)(c1cc(F)c2c(c1)C(=O)N([C@@H](CCC(=O)O)c1ccc(Cl)cc1)[C@@]2(OC)c1ccc(Cl)cc1)c1ccn(C)n1,6.3,8.200659450546418,8.200659450546418,,3,active
CHEMBL5784742,CCC(O)(c1cc(F)c2c(c1)C(=O)N([C@@H](CO)c1ccc(C#N)cc1)[C@@]2(O[C@H]1CCOC1)c1ccc(Cl)cc1)c1cn(C)cn1,CCC(O)(c1cc(F)c2c(c1)C(=O)N([C@@H](CO)c1ccc(C#N)cc1)[C@@]2(O[C@H]1CCOC1)c1ccc(Cl)cc1)c1cn(C)cn1,0.64,9.193820026016112,9.193820026016112,,1,active
CHEMBL3650073,CCC(O)(c1cccc(F)c1)C1CCC(N2C(=O)Cc3cc(OC)c(OC(C)C)cc3C2c2ccc(Cl)cc2)CC1,CCC(O)(c1cccc(F)c1)C1CCC(N2C(=O)Cc3cc(OC)c(OC(C)C)cc3C2c2ccc(Cl)cc2)CC1,266.0,6.575118363368933,6.575118363368933,,1,active
CHEMBL3649963,CCC(OCC(F)(F)F)c1nc2cc(-c3noc(=O)[nH]3)nc(-c3cncc(Cl)c3)c2n1C[C@H]1CC[C@H](C)CC1,CCC(OCC(F)(F)F)c1nc2cc(-c3noc(=O)[nH]3)nc(-c3cncc(Cl)c3)c2n1C[C@H]1CC[C@H](C)CC1,3.5,8.5,8.5,,4,active
CHEMBL5814888,CCC(c1ccccc1)N(C)c1nc2nc(-c3noc(=O)[nH]3)nc(N[C@H](C)C3CCC3)c2n1Cc1ccc(C(F)(F)F)c(F)c1,CCC(c1ccccc1)N(C)c1nc2nc(-c3noc(=O)[nH]3)nc(N[C@H](C)C3CCC3)c2n1Cc1ccc(C(F)(F)F)c(F)c1,18.14,7.741362717275924,7.741362717275924,,1,active
CHEMBL3355418,CCC1(CC)N[C@@H](C(=O)NCCN2CCOCC2)[C@H](c2cccc(Cl)c2F)[C@]12C(=O)Nc1cc(Cl)ccc12,CCC1(CC)N[C@@H](C(=O)NCCN2CCOCC2)[C@H](c2cccc(Cl)c2F)[C@]12C(=O)Nc1cc(Cl)ccc12,167.0,6.777283528852417,6.777283528852417,,1,active
CHEMBL3355422,CCC1(CC)N[C@@H](C(=O)NCC[C@H](O)CO)[C@H](c2cccc(Cl)c2F)[C@]12C(=O)Nc1cc(Cl)ccc12,CCC1(CC)N[C@@H](C(=O)NCC[C@H](O)CO)[C@H](c2cccc(Cl)c2F)[C@]12C(=O)Nc1cc(Cl)ccc12,175.0,6.756961951313706,6.756961951313706,,1,active
CHEMBL3355411,CCC1(CC)N[C@@H](C(=O)N[C@H]2CC[C@H](O)CC2)[C@H](c2cccc(Cl)c2F)[C@]12C(=O)Nc1cc(Cl)ccc12,CCC1(CC)N[C@@H](C(=O)N[C@H]2CC[C@H](O)CC2)[C@H](c2cccc(Cl)c2F)[C@]12C(=O)Nc1cc(Cl)ccc12,33.0,7.481486060122112,7.481486060122112,,1,active
CHEMBL3355426,CCC1(CC)N[C@@H](C(=O)N[C@H]2C[C@@](C)(O)C2)[C@H](c2cccc(Cl)c2F)[C@]12C(=O)Nc1cc(Cl)ccc12,CCC1(CC)N[C@@H](C(=O)N[C@H]2C[C@@](C)(O)C2)[C@H](c2cccc(Cl)c2F)[C@]12C(=O)Nc1cc(Cl)ccc12,118.0,6.928117992693874,6.928117992693874,,1,active
CHEMBL6039398,CCC1(CO[C@]2(c3ccc(Cl)cc3)c3ccc(C(C)(C)O)cc3C(=O)N2Cc2ccc(Cl)cc2)CC1,CCC1(CO[C@]2(c3ccc(Cl)cc3)c3ccc(C(C)(C)O)cc3C(=O)N2Cc2ccc(Cl)cc2)CC1,12.35,8.113106777509403,8.113106777509403,,2,active
CHEMBL2152319,CCC1=C(C(=O)N2CCNC(=O)C2)SC2=N[C@@H](c3ccc(Cl)cc3)[C@@H](c3ccc(Cl)cc3)N21,CCC1=C(C(=O)N2CCNC(=O)C2)SC2=N[C@@H](c3ccc(Cl)cc3)[C@@H](c3ccc(Cl)cc3)N21,1800.0,5.7447274948966935,5.7447274948966935,,1,intermediate
CHEMBL5835986,CCC1=CCC(Cn2c(-c3cc(C(C)C)ccn3)nc3nc(-c4noc(=O)[nH]4)nc(N[C@H](C)C4CCC4)c32)CC1,CCC1=CCC(Cn2c(-c3cc(C(C)C)ccn3)nc3nc(-c4noc(=O)[nH]4)nc(N[C@H](C)C4CCC4)c32)CC1,43.97,7.356843534380294,7.356843534380294,,1,active
CHEMBL5988282,CCC1=CCC(Cn2c(-c3cc(C(C)C)ccn3)nc3nc(C(=O)O)nc(N[C@H](C)C4CCC4)c32)CC1,CCC1=CCC(Cn2c(-c3cc(C(C)C)ccn3)nc3nc(C(=O)O)nc(N[C@H](C)C4CCC4)c32)CC1,15.86,7.799696817018415,7.799696817018415,,1,active
CHEMBL5748032,CCC1CC=C(Cn2c(-c3cc(C(C)C)ccn3)nc3nc(C(=O)O)nc(N[C@H](C)C4CCC4)c32)CC1,CCC1CC=C(Cn2c(-c3cc(C(C)C)ccn3)nc3nc(C(=O)O)nc(N[C@H](C)C4CCC4)c32)CC1,26.39,7.5785606097799505,7.5785606097799505,,1,active
CHEMBL5814779,CCC1CCC(Cn2c(-c3cc(C(C)C)ccn3)nc3nc(-c4noc(=O)[nH]4)nc(N[C@H](C)C4CCC4)c32)C1,CCC1CCC(Cn2c(-c3cc(C(C)C)ccn3)nc3nc(-c4noc(=O)[nH]4)nc(N[C@H](C)C4CCC4)c32)C1,131.3,6.88173527391052,6.88173527391052,,1,active
CHEMBL3653313,CCC1CCC(Cn2c(N3CCO[C@@H]4CCC[C@H]43)nc3cc(-c4noc(=O)[nH]4)nc(-c4cncc(Cl)c4)c32)C1,CCC1CCC(Cn2c(N3CCO[C@@H]4CCC[C@H]43)nc3cc(-c4noc(=O)[nH]4)nc(-c4cncc(Cl)c4)c32)C1,16.0,7.795880017344075,7.795880017344075,,1,active
CHEMBL3914761,CCC1CCC(Cn2c(N3CCO[C@H]4CCC[C@@H]43)nc3cc(-c4nc(=O)o[nH]4)nc(-c4cncc(Cl)c4)c32)C1,CCC1CCC(Cn2c(N3CCO[C@H]4CCC[C@@H]43)nc3cc(-c4nc(=O)o[nH]4)nc(-c4cncc(Cl)c4)c32)C1,16.0,7.795880017344075,7.795880017344075,,1,active
CHEMBL5783104,CCC1CCCCN1c1nc2nc(C(=O)O)nc(N[C@H](C)C3CCC3)c2n1C[C@H]1CC[C@H](C)CC1,CCC1CCCCN1c1nc2nc(C(=O)O)nc(N[C@H](C)C3CCC3)c2n1C[C@H]1CC[C@H](C)CC1,3.427,8.465085895570134,8.465085895570134,,1,active
CHEMBL5770927,CCC1CCCN1c1nc2nc(-c3noc(=O)[nH]3)nc(N[C@H](C)C3CCC3)c2n1C[C@H]1CC[C@H](C)CC1,CCC1CCCN1c1nc2nc(-c3noc(=O)[nH]3)nc(N[C@H](C)C3CCC3)c2n1C[C@H]1CC[C@H](C)CC1,5.368,8.270187492839064,8.270187492839064,,1,active
CHEMBL3649885,CCC1CN(C)C(=O)CN1c1nc2cc(-c3noc(=O)[nH]3)nc(-c3cncc(Cl)c3)c2n1C[C@H]1CC[C@H](C)CC1,CCC1CN(C)C(=O)CN1c1nc2cc(-c3noc(=O)[nH]3)nc(-c3cncc(Cl)c3)c2n1C[C@H]1CC[C@H](C)CC1,9.0,8.045757490560675,8.045757490560675,,6,active
CHEMBL3649815,CCC1COCCN1c1nc2cc(-c3noc(=O)[nH]3)nc(-c3cncc(Cl)c3)c2n1C[C@H]1CC[C@H](C)CC1,CCC1COCCN1c1nc2cc(-c3noc(=O)[nH]3)nc(-c3cncc(Cl)c3)c2n1C[C@H]1CC[C@H](C)CC1,3.0,8.522878745280337,8.522878745280337,,2,active
CHEMBL3649938,CCCC(=O)N1C[C@@H](C)N(c2nc3cc(-c4noc(=O)[nH]4)nc(-c4cncc(Cl)c4)c3n2C[C@H]2CC[C@H](C)CC2)[C@H](C)C1,CCCC(=O)N1C[C@@H](C)N(c2nc3cc(-c4noc(=O)[nH]4)nc(-c4cncc(Cl)c4)c3n2C[C@H]2CC[C@H](C)CC2)[C@H](C)C1,3.0,8.522878745280337,8.522878745280337,,1,active
CHEMBL3949194,CCCC(=O)N1C[C@H](C)N(c2nc3cc(-c4nc(=O)o[nH]4)nc(-c4cncc(Cl)c4)c3n2C[C@H]2CC[C@H](C)CC2)[C@@H](C)C1,CCCC(=O)N1C[C@H](C)N(c2nc3cc(-c4nc(=O)o[nH]4)nc(-c4cncc(Cl)c4)c3n2C[C@H]2CC[C@H](C)CC2)[C@@H](C)C1,3.0,8.522878745280337,8.522878745280337,,1,active
CHEMBL5878889,CCCC(C#N)N1C(=O)[C@@H](CC(=O)O)O[C@H](c2cccc(Cl)c2)[C@@H]1c1ccc(Cl)cc1,CCCC(C#N)N1C(=O)[C@@H](CC(=O)O)O[C@H](c2cccc(Cl)c2)[C@@H]1c1ccc(Cl)cc1,707.5,6.150321388829845,6.150321388829845,,2,active
CHEMBL3650078,CCCC(C)(O)C1CCC(N2C(=O)Cc3cc(OC)c(OC(C)C)cc3C2c2ccc(Cl)cc2)CC1,CCCC(C)(O)C1CCC(N2C(=O)Cc3cc(OC)c(OC(C)C)cc3C2c2ccc(Cl)cc2)CC1,7.7,8.113509274827518,8.113509274827518,,1,active
CHEMBL5848653,CCCC(CCC)Nc1nc(C(=O)O)nc2nc(-c3cccc(C)c3)n(Cc3ccc(C(F)(F)F)cc3)c12,CCCC(CCC)Nc1nc(C(=O)O)nc2nc(-c3cccc(C)c3)n(Cc3ccc(C(F)(F)F)cc3)c12,920.3,6.036070577973442,6.036070577973442,,1,active
CHEMBL3649991,CCCC(COC)c1nc2cc(-c3noc(=O)[nH]3)nc(-c3cncc(Cl)c3)c2n1C[C@H]1CC[C@H](C)CC1,CCCC(COC)c1nc2cc(-c3noc(=O)[nH]3)nc(-c3cncc(Cl)c3)c2n1C[C@H]1CC[C@H](C)CC1,2.5,8.610924374808178,8.610924374808178,,4,active
CHEMBL3355412,CCCC1(CCC)N[C@@H](C(=O)N[C@H]2CC[C@H](O)CC2)[C@H](c2cccc(Cl)c2F)[C@]12C(=O)Nc1cc(Cl)ccc12,CCCC1(CCC)N[C@@H](C(=O)N[C@H]2CC[C@H](O)CC2)[C@H](c2cccc(Cl)c2F)[C@]12C(=O)Nc1cc(Cl)ccc12,775.0,6.110698297493689,6.110698297493689,,1,active
CHEMBL2152321,CCCC1=C(C(=O)N2CCNC(=O)C2)SC2=N[C@@H](c3ccc(Cl)cc3)[C@@H](c3ccc(Cl)cc3)N21,CCCC1=C(C(=O)N2CCNC(=O)C2)SC2=N[C@@H](c3ccc(Cl)cc3)[C@@H](c3ccc(Cl)cc3)N21,3100.0,5.508638306165727,5.508638306165727,,1,intermediate
CHEMBL6001656,CCCC1CCCN1c1nc(C(=O)O)nc2nc(-c3cccc(C)c3)n(Cc3ccc(C(F)(F)F)cc3)c12,CCCC1CCCN1c1nc(C(=O)O)nc2nc(-c3cccc(C)c3)n(Cc3ccc(C(F)(F)F)cc3)c12,754.2,6.122513471930398,6.122513471930398,,1,active
CHEMBL5805886,CCCC1CCCN1c1nc2nc(-c3noc(=O)[nH]3)nc(N[C@H](C)C3CCC3)c2n1C[C@H]1CC[C@H](C)CC1,CCCC1CCCN1c1nc2nc(-c3noc(=O)[nH]3)nc(N[C@H](C)C3CCC3)c2n1C[C@H]1CC[C@H](C)CC1,4.396,8.356942316248547,8.356942316248547,,1,active
CHEMBL3650075,CCCCC(C)(O)C1CCC(N2C(=O)Cc3cc(OC)c(OC(C)C)cc3C2c2ccc(Cl)cc2)CC1,CCCCC(C)(O)C1CCC(N2C(=O)Cc3cc(OC)c(OC(C)C)cc3C2c2ccc(Cl)cc2)CC1,6.3,8.200659450546418,8.200659450546418,,1,active
CHEMBL5859863,CCCCCN(C)c1nc(C(=O)O)nc2nc(-c3cccc(C)c3)n(Cc3ccc(C(F)(F)F)cc3)c12,CCCCCN(C)c1nc(C(=O)O)nc2nc(-c3cccc(C)c3)n(Cc3ccc(C(F)(F)F)cc3)c12,731.2,6.1359638172742255,6.1359638172742255,,1,active
CHEMBL5958310,CCCCCN1[C@H]2CCn3c(nc4cc(C(=O)O)ccc43)[C@H]2[C@H](c2cccc(Cl)c2F)[C@]12C(=O)Nc1cc(Cl)ccc12,CCCCCN1[C@H]2CCn3c(nc4cc(C(=O)O)ccc43)[C@H]2[C@H](c2cccc(Cl)c2F)[C@]12C(=O)Nc1cc(Cl)ccc12,8.0,8.096910013008056,8.096910013008056,,1,active
CHEMBL3650058,CCCCN(C(C)=O)C1CCC(N2C(=O)Cc3cc(OC)c(OC(C)C)cc3C2c2ccc(Cl)cc2)CC1,CCCCN(C(C)=O)C1CCC(N2C(=O)Cc3cc(OC)c(OC(C)C)cc3C2c2ccc(Cl)cc2)CC1,257.0,6.590066876668706,6.590066876668706,,1,active
CHEMBL3108937,CCCCN(C)C(=O)O[C@@H](C)/C=C\C(=O)N[C@H]1CO[C@@H](C/C=C(C)/C=C/[C@@H]2C[C@]3(CO3)CC(C)(C)O2)OC1,CCCCN(C)C(=O)O[C@@H](C)/C=C\C(=O)N[C@H]1CO[C@@H](C/C=C(C)/C=C/[C@@H]2C[C@]3(CO3)CC(C)(C)O2)OC1,3200.0,5.494850021680094,5.494850021680094,,2,intermediate
CHEMBL5876687,CCCCN(C)c1nc(C(=O)O)nc2nc(-c3cccc(C)c3)n(Cc3ccc(C(F)(F)F)cc3)c12,CCCCN(C)c1nc(C(=O)O)nc2nc(-c3cccc(C)c3)n(Cc3ccc(C(F)(F)F)cc3)c12,833.7,6.078990198502966,6.078990198502966,,1,active
CHEMBL6005686,CCCCN(CCC)c1nc(C(=O)O)nc2nc(-c3cccc(C)c3)n(Cc3ccc(C(F)(F)F)cc3)c12,CCCCN(CCC)c1nc(C(=O)O)nc2nc(-c3cccc(C)c3)n(Cc3ccc(C(F)(F)F)cc3)c12,681.2,6.166725360709437,6.166725360709437,,1,active
CHEMBL5923167,CCCCN1[C@H]2CCn3c(nc4cc(C(=O)O)ccc43)[C@H]2[C@H](c2cccc(Cl)c2F)[C@]12C(=O)Nc1cc(Cl)ccc12,CCCCN1[C@H]2CCn3c(nc4cc(C(=O)O)ccc43)[C@H]2[C@H](c2cccc(Cl)c2F)[C@]12C(=O)Nc1cc(Cl)ccc12,7.0,8.154901959985743,8.154901959985743,,1,active
CHEMBL3943183,CCCCS(=O)(=O)C[C@H](C1CC1)N1C(=O)[C@@](CC)(CC(=O)O)C[C@H](c2cccc(Cl)c2)[C@H]1c1ccc(Cl)cc1,CCCCS(=O)(=O)C[C@H](C1CC1)N1C(=O)[C@@](CC)(CC(=O)O)C[C@H](c2cccc(Cl)c2)[C@H]1c1ccc(Cl)cc1,0.2,9.698970004336019,9.698970004336019,,1,active
CHEMBL3650056,CCCN(C(C)=O)C1CCC(N2C(=O)Cc3cc(OC)c(OC(C)C)cc3C2c2ccc(Cl)cc2)CC1,CCCN(C(C)=O)C1CCC(N2C(=O)Cc3cc(OC)c(OC(C)C)cc3C2c2ccc(Cl)cc2)CC1,79.0,7.102372908709558,7.102372908709558,,1,active
CHEMBL3108935,CCCN(C)C(=O)O[C@@H](C)/C=C\C(=O)N[C@H]1CO[C@@H](C/C=C(C)/C=C/[C@@H]2C[C@]3(CO3)CC(C)(C)O2)OC1,CCCN(C)C(=O)O[C@@H](C)/C=C\C(=O)N[C@H]1CO[C@@H](C/C=C(C)/C=C/[C@@H]2C[C@]3(CO3)CC(C)(C)O2)OC1,3200.0,5.494850021680094,5.494850021680094,,2,intermediate
CHEMBL5988855,CCCN(C)c1nc2nc(-c3noc(=O)[nH]3)nc(N[C@H](C)C3CCC3)c2n1C[C@H]1CC[C@H](C)CC1,CCCN(C)c1nc2nc(-c3noc(=O)[nH]3)nc(N[C@H](C)C3CCC3)c2n1C[C@H]1CC[C@H](C)CC1,9.974,8.001130636117656,8.001130636117656,,1,active
CHEMBL3650057,CCCN(C=O)C1CCC(N2C(=O)Cc3cc(OC)c(OC(C)C)cc3C2c2ccc(Cl)cc2)CC1,CCCN(C=O)C1CCC(N2C(=O)Cc3cc(OC)c(OC(C)C)cc3C2c2ccc(Cl)cc2)CC1,189.0,6.723538195826755,6.723538195826755,,1,active
CHEMBL5792695,CCCN(CC)c1nc(C(=O)O)nc2nc(-c3cccc(C)c3)n(Cc3ccc(C(F)(F)F)cc3)c12,CCCN(CC)c1nc(C(=O)O)nc2nc(-c3cccc(C)c3)n(Cc3ccc(C(F)(F)F)cc3)c12,620.6,6.207188228751853,6.207188228751853,,1,active
CHEMBL3649878,CCCN(CCOC)c1nc2cc(-c3noc(=O)[nH]3)nc(-c3cncc(Cl)c3)c2n1C[C@H]1CC[C@H](C)CC1,CCCN(CCOC)c1nc2cc(-c3noc(=O)[nH]3)nc(-c3cncc(Cl)c3)c2n1C[C@H]1CC[C@H](C)CC1,9.0,8.045757490560675,8.045757490560675,,2,active
CHEMBL3683122,CCCN(c1ccc2c(c1)C(c1ccc(Cl)cc1)N(c1ccc(N(C)Cc3ccncc3)cc1)C(=O)C2)C(C)C,CCCN(c1ccc2c(c1)C(c1ccc(Cl)cc1)N(c1ccc(N(C)Cc3ccncc3)cc1)C(=O)C2)C(C)C,158.5,6.79997073344623,6.79997073344623,,1,active
CHEMBL6003014,CCCN(c1nc2nc(-c3noc(=O)[nH]3)nc(N[C@H](C)C3CCC3)c2n1Cc1ccc(C(F)(F)F)cc1)C1CCCCC1,CCCN(c1nc2nc(-c3noc(=O)[nH]3)nc(N[C@H](C)C3CCC3)c2n1Cc1ccc(C(F)(F)F)cc1)C1CCCCC1,16.2,7.790484985457369,7.790484985457369,,1,active
CHEMBL5941651,CCCN(c1nc2nc(C(=O)O)nc(N[C@H](C)C3CCC3)c2n1Cc1ccc(C(F)(F)F)cc1)C(C)c1ccccn1,CCCN(c1nc2nc(C(=O)O)nc(N[C@H](C)C3CCC3)c2n1Cc1ccc(C(F)(F)F)cc1)C(C)c1ccccn1,3.719,8.429573821641027,8.429573821641027,,1,active
CHEMBL5983674,CCCN(c1nc2nc(C(=O)O)nc(N[C@H](C)C3CCC3)c2n1Cc1ccc(C(F)(F)F)cc1)[C@@H](C)c1cccc(F)c1,CCCN(c1nc2nc(C(=O)O)nc(N[C@H](C)C3CCC3)c2n1Cc1ccc(C(F)(F)F)cc1)[C@@H](C)c1cccc(F)c1,1.937,8.71287037928089,8.71287037928089,,1,active
CHEMBL5917968,CCCN(c1nc2nc(C(=O)O)nc(N[C@H](C)C3CCC3)c2n1Cc1ccc(C(F)(F)F)cc1)[C@@H](C)c1ccccc1,CCCN(c1nc2nc(C(=O)O)nc(N[C@H](C)C3CCC3)c2n1Cc1ccc(C(F)(F)F)cc1)[C@@H](C)c1ccccc1,22.81,7.641874714723351,7.641874714723351,,1,active
CHEMBL5940383,CCCN1C(=O)[C@H](CC(=O)O)C[C@H](c2cccc(Cl)c2)[C@H]1c1ccc(Cl)cc1,CCCN1C(=O)[C@H](CC(=O)O)C[C@H](c2cccc(Cl)c2)[C@H]1c1ccc(Cl)cc1,410.0,6.3872161432802645,6.3872161432802645,,1,active
CHEMBL1688136,CCCN1C(=O)c2ccccc2C1(O)c1ccc(Cl)cc1,CCCN1C(=O)c2ccccc2C1(O)c1ccc(Cl)cc1,69000.0,4.161150909262744,4.161150909262744,,1,inactive
CHEMBL3675199,CCCN1C(=O)c2ccccc2C1(O[C@H]1C=C[C@@H](O)C1)c1ccc(Cl)cc1,CCCN1C(=O)c2ccccc2C1(O[C@H]1C=C[C@@H](O)C1)c1ccc(Cl)cc1,15100.0,4.82102305270683,4.82102305270683,,1,inactive
CHEMBL5988269,CCCN1[C@H]2CCn3c(nc4cc(C(=O)O)ccc43)[C@H]2[C@H](c2cccc(Cl)c2F)[C@]12C(=O)Nc1cc(Cl)ccc12,CCCN1[C@H]2CCn3c(nc4cc(C(=O)O)ccc43)[C@H]2[C@H](c2cccc(Cl)c2F)[C@]12C(=O)Nc1cc(Cl)ccc12,4.0,8.397940008672037,8.397940008672037,,1,active
CHEMBL5746504,CCCN1[C@H]2Cc3c4ccc(C(=O)O)cc4nn3[C@H]2[C@H](c2cccc(Cl)c2F)[C@]12C(=O)Nc1cc(Cl)ccc12,CCCN1[C@H]2Cc3c4ccc(C(=O)O)cc4nn3[C@H]2[C@H](c2cccc(Cl)c2F)[C@]12C(=O)Nc1cc(Cl)ccc12,2.0,8.698970004336019,8.698970004336019,,1,active
CHEMBL3649941,CCCNC(=O)N1C[C@@H](C)N(c2nc3cc(-c4noc(=O)[nH]4)nc(-c4cncc(Cl)c4)c3n2C[C@H]2CC[C@H](C)CC2)[C@H](C)C1,CCCNC(=O)N1C[C@@H](C)N(c2nc3cc(-c4noc(=O)[nH]4)nc(-c4cncc(Cl)c4)c3n2C[C@H]2CC[C@H](C)CC2)[C@H](C)C1,2.0,8.698970004336019,8.698970004336019,,1,active
CHEMBL3966104,CCCNC(=O)N1C[C@H](C)N(c2nc3cc(-c4nc(=O)o[nH]4)nc(-c4cncc(Cl)c4)c3n2C[C@H]2CC[C@H](C)CC2)[C@@H](C)C1,CCCNC(=O)N1C[C@H](C)N(c2nc3cc(-c4nc(=O)o[nH]4)nc(-c4cncc(Cl)c4)c3n2C[C@H]2CC[C@H](C)CC2)[C@@H](C)C1,2.0,8.698970004336019,8.698970004336019,,1,active
CHEMBL3318757,CCCNS(=O)(=O)C[C@H](C1CC1)N1C(=O)[C@@](C)(CC(=O)O)C[C@H](c2cccc(Cl)c2)[C@H]1c1ccc(Cl)cc1,CCCNS(=O)(=O)C[C@H](C1CC1)N1C(=O)[C@@](C)(CC(=O)O)C[C@H](c2cccc(Cl)c2)[C@H]1c1ccc(Cl)cc1,0.11,9.958607314841775,9.958607314841775,,1,active
CHEMBL3649964,CCCOC(CC)c1nc2cc(-c3noc(=O)[nH]3)nc(-c3cncc(Cl)c3)c2n1C[C@H]1CC[C@H](C)CC1,CCCOC(CC)c1nc2cc(-c3noc(=O)[nH]3)nc(-c3cncc(Cl)c3)c2n1C[C@H]1CC[C@H](C)CC1,3.0,8.522878745280337,8.522878745280337,,2,active
CHEMBL3683117,CCCOc1cc2c(cc1OC)CC(=O)N(c1ccc(OC)cc1)C2c1ccc(Cl)cc1,CCCOc1cc2c(cc1OC)CC(=O)N(c1ccc(OC)cc1)C2c1ccc(Cl)cc1,424.2,6.372429335819457,6.372429335819457,,1,active
CHEMBL3915213,CCCS(=O)(=O)C[C@H](C1CC1)N1C(=O)[C@@](CC)(CC(=O)O)C[C@H](c2cccc(Cl)c2)[C@H]1c1ccc(Cl)cc1,CCCS(=O)(=O)C[C@H](C1CC1)N1C(=O)[C@@](CC)(CC(=O)O)C[C@H](c2cccc(Cl)c2)[C@H]1c1ccc(Cl)cc1,0.2,9.698970004336019,9.698970004336019,,1,active
CHEMBL3968648,CCCS(=O)(=O)C[C@H](CC)N1C(=O)[C@@](C)(CC(=O)O)C[C@H](c2cccc(Cl)c2)[C@H]1c1ccc(Cl)cc1,CCCS(=O)(=O)C[C@H](CC)N1C(=O)[C@@](C)(CC(=O)O)C[C@H](c2cccc(Cl)c2)[C@H]1c1ccc(Cl)cc1,0.4,9.397940008672037,9.397940008672037,,1,active
CHEMBL5985399,CCCS(=O)(=O)NC[C@H](C1CC1)N1C(=O)[C@@](C)(CC(=O)O)C[C@H](c2cccc(Cl)c2)C1c1ccc(Cl)cc1,CCCS(=O)(=O)NC[C@H](C1CC1)N1C(=O)[C@@](C)(CC(=O)O)C[C@H](c2cccc(Cl)c2)C1c1ccc(Cl)cc1,0.5,9.301029995663981,9.301029995663981,,1,active
CHEMBL6002332,CCC[C@@H](C(=O)NCC(N)=O)N1C(=O)[C@@H](Cc2ccc(C#N)cc2)O[C@H](c2ccc(Cl)cc2)[C@@H]1c1ccc(Cl)cc1,CCC[C@@H](C(=O)NCC(N)=O)N1C(=O)[C@@H](Cc2ccc(C#N)cc2)O[C@H](c2ccc(Cl)cc2)[C@@H]1c1ccc(Cl)cc1,615.5,6.220603728994707,6.220603728994707,,2,active
CHEMBL5753176,CCC[C@@H](C(=O)OCC)N1C(=O)[C@@H](CC(=O)O)C[C@H](c2cccc(Cl)c2)[C@H]1c1ccc(Cl)cc1,CCC[C@@H](C(=O)OCC)N1C(=O)[C@@H](CC(=O)O)C[C@H](c2cccc(Cl)c2)[C@H]1c1ccc(Cl)cc1,270.0,6.568636235841012,6.568636235841012,,1,active
CHEMBL6052207,CCC[C@@H](C(N)=O)N1C(=O)[C@@H](CC(=O)O)O[C@H](c2cccc(Cl)c2)[C@@H]1c1ccc(Cl)cc1,CCC[C@@H](C(N)=O)N1C(=O)[C@@H](CC(=O)O)O[C@H](c2cccc(Cl)c2)[C@@H]1c1ccc(Cl)cc1,361.0,6.442492798094342,6.442492798094342,,1,active
CHEMBL5897206,CCC[C@@H](CCC(=O)O)N1C(=O)[C@@H](Cc2ccc(F)cc2)O[C@@H](c2ccc(Cl)cc2)[C@H]1c1ccc(Cl)cc1,CCC[C@@H](CCC(=O)O)N1C(=O)[C@@H](Cc2ccc(F)cc2)O[C@@H](c2ccc(Cl)cc2)[C@H]1c1ccc(Cl)cc1,1330.0,5.876148359032914,5.876148359032914,,1,intermediate
CHEMBL5967029,CCC[C@@H](Nc1nc(C(=O)O)nc2nc(-c3cccc(C)c3)n(Cc3ccc(C(F)(F)F)cc3)c12)C1CCC1,CCC[C@@H](Nc1nc(C(=O)O)nc2nc(-c3cccc(C)c3)n(Cc3ccc(C(F)(F)F)cc3)c12)C1CCC1,141.7,6.848630149752539,6.848630149752539,,1,active
CHEMBL3329612,CCC[C@@H](c1ccccn1)N1C(=O)[C@@](C)(CC(=O)O)C[C@H](c2cccc(Cl)c2)[C@H]1c1ccc(Cl)cc1,CCC[C@@H](c1ccccn1)N1C(=O)[C@@](C)(CC(=O)O)C[C@H](c2cccc(Cl)c2)[C@H]1c1ccc(Cl)cc1,80.0,7.096910013008056,7.096910013008056,,1,active
CHEMBL5832423,CCC[C@@H](c1nnn[nH]1)N1C(=O)[C@@H](Cc2ccc(I)cc2)O[C@H](c2ccc(Cl)cc2)[C@@H]1c1ccc(Cl)cc1,CCC[C@@H](c1nnn[nH]1)N1C(=O)[C@@H](Cc2ccc(I)cc2)O[C@H](c2ccc(Cl)cc2)[C@@H]1c1ccc(Cl)cc1,613.0,6.218278443683934,6.218278443683934,,2,active
CHEMBL5853238,CCC[C@H](C(=O)N1CC(C(=O)O)C1)N1C(=O)[C@H](Cc2ccc(F)cc2)O[C@@H](c2ccc(Cl)cc2)[C@H]1c1ccc(Cl)cc1,CCC[C@H](C(=O)N1CC(C(=O)O)C1)N1C(=O)[C@H](Cc2ccc(F)cc2)O[C@@H](c2ccc(Cl)cc2)[C@H]1c1ccc(Cl)cc1,524.0,6.280668713016274,6.280668713016274,,1,active
CHEMBL5926948,CCC[C@H](C(=O)NCCCC(=O)O)N1C(=O)[C@H](Cc2ccc(C#N)cc2)O[C@@H](c2ccc(Cl)cc2)[C@H]1c1ccc(Cl)cc1,CCC[C@H](C(=O)NCCCC(=O)O)N1C(=O)[C@H](Cc2ccc(C#N)cc2)O[C@@H](c2ccc(Cl)cc2)[C@H]1c1ccc(Cl)cc1,160.5,6.795456315276082,6.795456315276082,,4,active
CHEMBL5922804,CCC[C@H](C(=O)O)N1C(=O)CO[C@@H](c2ccc(Cl)cc2)[C@H]1c1cc2ccccc2[nH]1,CCC[C@H](C(=O)O)N1C(=O)CO[C@@H](c2ccc(Cl)cc2)[C@H]1c1cc2ccccc2[nH]1,1290.0,5.889410289700751,5.889410289700751,,1,intermediate
CHEMBL5932703,CCC[C@H](C(=O)O)N1C(=O)CO[C@@H](c2ccc(Cl)cc2)[C@H]1c1ccc(Cl)cc1,CCC[C@H](C(=O)O)N1C(=O)CO[C@@H](c2ccc(Cl)cc2)[C@H]1c1ccc(Cl)cc1,8870.0,5.052076380168273,5.052076380168273,,3,intermediate
CHEMBL5777218,CCC[C@H](C(=O)O)N1C(=O)[C@@H](Cc2ccc(F)cc2)O[C@H](c2ccc(Cl)c(F)c2)[C@@H]1c1ccc(Cl)cc1,CCC[C@H](C(=O)O)N1C(=O)[C@@H](Cc2ccc(F)cc2)O[C@H](c2ccc(Cl)c(F)c2)[C@@H]1c1ccc(Cl)cc1,827.5,6.105262527119969,6.105262527119969,,2,active
CHEMBL5799012,CCC[C@H](C(=O)O)N1C(=O)[C@@H](Cc2ccc(F)cc2)O[C@H](c2ccc(Cl)cc2C)[C@@H]1c1ccc(Cl)cc1,CCC[C@H](C(=O)O)N1C(=O)[C@@H](Cc2ccc(F)cc2)O[C@H](c2ccc(Cl)cc2C)[C@@H]1c1ccc(Cl)cc1,701.5,6.154237355307381,6.154237355307381,,2,active
CHEMBL5939456,CCC[C@H](C(=O)O)N1C(=O)[C@H](CCCN2CCOCC2)O[C@@H](c2ccc(Cl)cc2)[C@H]1c1ccc(Cl)cc1,CCC[C@H](C(=O)O)N1C(=O)[C@H](CCCN2CCOCC2)O[C@@H](c2ccc(Cl)cc2)[C@H]1c1ccc(Cl)cc1,391.0,6.407823242604133,6.407823242604133,,1,active
CHEMBL2347383,CCC[C@H](C(=O)O)N1C(=O)[C@H](Cc2ccc(F)cc2)O[C@@H](c2ccc(Cl)cc2)[C@H]1c1ccc(Cl)cc1,CCC[C@H](C(=O)O)N1C(=O)[C@H](Cc2ccc(F)cc2)O[C@@H](c2ccc(Cl)cc2)[C@H]1c1ccc(Cl)cc1,557.0,6.2541448048262716,6.2541448048262716,,7,active
CHEMBL5827615,CCC[C@H](C(=O)O)N1C(=O)[C@H](Cc2ccc(F)cc2C#N)O[C@@H](c2ccc(Cl)cc2)[C@H]1c1ccc(Cl)cc1,CCC[C@H](C(=O)O)N1C(=O)[C@H](Cc2ccc(F)cc2C#N)O[C@@H](c2ccc(Cl)cc2)[C@H]1c1ccc(Cl)cc1,466.0,6.33161408331,6.33161408331,,1,active
CHEMBL5752936,CCC[C@H](C(=O)O)N1C(=O)[C@H](Cc2ccc(F)cc2S(C)(=O)=O)O[C@@H](c2ccc(Cl)cc2)[C@H]1c1ccc(Cl)cc1,CCC[C@H](C(=O)O)N1C(=O)[C@H](Cc2ccc(F)cc2S(C)(=O)=O)O[C@@H](c2ccc(Cl)cc2)[C@H]1c1ccc(Cl)cc1,279.0,6.554395796726403,6.554395796726403,,1,active
CHEMBL6021167,CCC[C@H](C(=O)O)N1C(=O)[C@H](Cc2ccc(S(=O)(=O)C(F)(F)F)cc2)O[C@@H](c2ccc(Cl)cc2)[C@H]1c1ccc(Cl)cc1,CCC[C@H](C(=O)O)N1C(=O)[C@H](Cc2ccc(S(=O)(=O)C(F)(F)F)cc2)O[C@@H](c2ccc(Cl)cc2)[C@H]1c1ccc(Cl)cc1,453.0,6.343901797987169,6.343901797987169,,1,active
CHEMBL5749143,CCC[C@H](C(=O)O)N1C(=O)[C@H](Cc2ccc(S(C)(=O)=O)c(F)c2)O[C@@H](c2ccc(Cl)cc2)[C@H]1c1ccc(Cl)cc1,CCC[C@H](C(=O)O)N1C(=O)[C@H](Cc2ccc(S(C)(=O)=O)c(F)c2)O[C@@H](c2ccc(Cl)cc2)[C@H]1c1ccc(Cl)cc1,276.0,6.559090917934782,6.559090917934782,,1,active
CHEMBL5920720,CCC[C@H](C(=O)O)N1C(=O)[C@H](Cc2ccc(S(C)(=O)=O)cc2)O[C@@H](c2ccc(Cl)cc2)[C@H]1c1ccc(Cl)cc1,CCC[C@H](C(=O)O)N1C(=O)[C@H](Cc2ccc(S(C)(=O)=O)cc2)O[C@@H](c2ccc(Cl)cc2)[C@H]1c1ccc(Cl)cc1,196.0,6.707743928643524,6.707743928643524,,1,active
CHEMBL5881759,CCC[C@H](C(=O)O)N1C(=O)[C@H](Cc2ccc(S(C)(=O)=O)cc2C#N)O[C@@H](c2ccc(Cl)cc2)[C@H]1c1ccc(Cl)cc1,CCC[C@H](C(=O)O)N1C(=O)[C@H](Cc2ccc(S(C)(=O)=O)cc2C#N)O[C@@H](c2ccc(Cl)cc2)[C@H]1c1ccc(Cl)cc1,179.0,6.747146969020107,6.747146969020107,,1,active
CHEMBL5882027,CCC[C@H](C(=O)O)N1C(=O)[C@H](Cc2cccc(C#N)c2)O[C@@H](c2ccc(Cl)cc2)[C@H]1c1ccc(Cl)cc1,CCC[C@H](C(=O)O)N1C(=O)[C@H](Cc2cccc(C#N)c2)O[C@@H](c2ccc(Cl)cc2)[C@H]1c1ccc(Cl)cc1,561.0,6.251037138743838,6.251037138743838,,1,active
CHEMBL5881383,CCC[C@H](C(=O)O)N1C(=O)[C@H](Cc2cccc(F)c2)O[C@@H](c2ccc(Cl)cc2)[C@H]1c1ccc(Cl)cc1,CCC[C@H](C(=O)O)N1C(=O)[C@H](Cc2cccc(F)c2)O[C@@H](c2ccc(Cl)cc2)[C@H]1c1ccc(Cl)cc1,420.0,6.376750709602099,6.376750709602099,,1,active
CHEMBL5964376,CCC[C@H](C(=O)O)N1C(=O)[C@H](Cc2cccc(S(C)(=O)=O)c2)O[C@@H](c2ccc(Cl)cc2)[C@H]1c1ccc(Cl)cc1,CCC[C@H](C(=O)O)N1C(=O)[C@H](Cc2cccc(S(C)(=O)=O)c2)O[C@@H](c2ccc(Cl)cc2)[C@H]1c1ccc(Cl)cc1,568.0,6.245651664288982,6.245651664288982,,1,active
CHEMBL6035042,CCC[C@H](C(=O)O)N1C(=O)[C@H](Cc2ccccc2)O[C@@H](c2ccc(Cl)cc2)[C@H]1c1ccc(Cl)cc1,CCC[C@H](C(=O)O)N1C(=O)[C@H](Cc2ccccc2)O[C@@H](c2ccc(Cl)cc2)[C@H]1c1ccc(Cl)cc1,757.0,6.120904120499928,6.120904120499928,,1,active
CHEMBL5931888,CCC[C@H](C(=O)O)N1C(=O)[C@H](Cc2ccccc2C#N)O[C@@H](c2ccc(Cl)cc2)[C@H]1c1ccc(Cl)cc1,CCC[C@H](C(=O)O)N1C(=O)[C@H](Cc2ccccc2C#N)O[C@@H](c2ccc(Cl)cc2)[C@H]1c1ccc(Cl)cc1,259.0,6.586700235918748,6.586700235918748,,1,active
CHEMBL5773123,CCC[C@H](C(=O)O)N1C(=O)[C@H](Cc2ccccc2F)O[C@@H](c2ccc(Cl)cc2)[C@H]1c1ccc(Cl)cc1,CCC[C@H](C(=O)O)N1C(=O)[C@H](Cc2ccccc2F)O[C@@H](c2ccc(Cl)cc2)[C@H]1c1ccc(Cl)cc1,400.0,6.3979400086720375,6.3979400086720375,,1,active
CHEMBL6026586,CCC[C@H](C(=O)O)N1C(=O)[C@H](Cc2ccccc2S(C)(=O)=O)O[C@@H](c2ccc(Cl)cc2)[C@H]1c1ccc(Cl)cc1,CCC[C@H](C(=O)O)N1C(=O)[C@H](Cc2ccccc2S(C)(=O)=O)O[C@@H](c2ccc(Cl)cc2)[C@H]1c1ccc(Cl)cc1,676.0,6.170053304058364,6.170053304058364,,1,active
CHEMBL5960858,CCC[C@H](C(=O)O)N1C(=O)[C@H](Cc2ccncc2)O[C@@H](c2ccccc2)[C@H]1c1ccc(Cl)cc1,CCC[C@H](C(=O)O)N1C(=O)[C@H](Cc2ccncc2)O[C@@H](c2ccccc2)[C@H]1c1ccc(Cl)cc1,743.0,6.146030627904993,6.146030627904993,,2,active
CHEMBL5815345,CCC[C@H](c1nnc(C)o1)N1C(=O)[C@@H](CC(=O)O)O[C@H](c2cccc(Cl)c2)[C@@H]1c1ccc(Cl)cc1,CCC[C@H](c1nnc(C)o1)N1C(=O)[C@@H](CC(=O)O)O[C@H](c2cccc(Cl)c2)[C@@H]1c1ccc(Cl)cc1,573.5,6.246347381701639,6.246347381701639,,2,active
CHEMBL5864237,CCC[C@H](c1nnn[nH]1)N1C(=O)[C@@H](CC(=O)O)O[C@H](c2cccc(Cl)c2)[C@@H]1c1ccc(Cl)cc1,CCC[C@H](c1nnn[nH]1)N1C(=O)[C@@H](CC(=O)O)O[C@H](c2cccc(Cl)c2)[C@@H]1c1ccc(Cl)cc1,425.5,6.371100735423485,6.371100735423485,,2,active
CHEMBL5755945,CCC[C@H](c1nnn[nH]1)N1C(=O)[C@H](Cc2ccc(C#N)c(F)c2)O[C@@H](c2ccc(Cl)cc2)[C@H]1c1ccc(Cl)cc1,CCC[C@H](c1nnn[nH]1)N1C(=O)[C@H](Cc2ccc(C#N)c(F)c2)O[C@@H](c2ccc(Cl)cc2)[C@H]1c1ccc(Cl)cc1,438.0,6.359916906560539,6.359916906560539,,2,active
CHEMBL3800540,CCC[C@H]1N(C(=O)c2cnccc2C(F)(F)F)CCC[C@@]1(Oc1ccc(C(F)(F)F)cc1)C(=O)N1CCC(Cc2ccc(C)cc2)CC1,CCC[C@H]1N(C(=O)c2cnccc2C(F)(F)F)CCC[C@@]1(Oc1ccc(C(F)(F)F)cc1)C(=O)N1CCC(Cc2ccc(C)cc2)CC1,25801.0,4.588363461243531,4.588363461243531,,1,inactive
CHEMBL3799179,CCC[C@H]1N(C(=O)c2cnccc2C(F)(F)F)CCC[C@@]1(Oc1ccc(C(F)(F)F)cc1)C(=O)N1CCC(Cc2ccccc2)CC1,CCC[C@H]1N(C(=O)c2cnccc2C(F)(F)F)CCC[C@@]1(Oc1ccc(C(F)(F)F)cc1)C(=O)N1CCC(Cc2ccccc2)CC1,5831.0,5.234256958578955,5.234256958578955,,1,intermediate
CHEMBL3798271,CCC[C@H]1N(C(=O)c2cnccc2C(F)(F)F)CCC[C@@]1(Oc1ccc(C(F)(F)F)cc1)C(=O)N1CCC(Oc2cc(C#N)ccn2)CC1,CCC[C@H]1N(C(=O)c2cnccc2C(F)(F)F)CCC[C@@]1(Oc1ccc(C(F)(F)F)cc1)C(=O)N1CCC(Oc2cc(C#N)ccn2)CC1,293.0,6.53313237964589,6.53313237964589,,1,active
CHEMBL3797454,CCC[C@H]1N(C(=O)c2cnccc2C(F)(F)F)CCC[C@@]1(Oc1ccc(C(F)(F)F)cc1)C(=O)N1CCC(Oc2cc(C(N)=O)ccn2)CC1,CCC[C@H]1N(C(=O)c2cnccc2C(F)(F)F)CCC[C@@]1(Oc1ccc(C(F)(F)F)cc1)C(=O)N1CCC(Oc2cc(C(N)=O)ccn2)CC1,8721.0,5.059433713509909,5.059433713509909,,1,intermediate
CHEMBL3800088,CCC[C@H]1N(C(=O)c2cnccc2C(F)(F)F)CCC[C@@]1(Oc1ccc(C(F)(F)F)cc1)C(=O)N1CCC(Oc2cc(CN)ccn2)CC1,CCC[C@H]1N(C(=O)c2cnccc2C(F)(F)F)CCC[C@@]1(Oc1ccc(C(F)(F)F)cc1)C(=O)N1CCC(Oc2cc(CN)ccn2)CC1,4026.0,5.395126229447364,5.395126229447364,,1,intermediate
CHEMBL3798021,CCC[C@H]1N(C(=O)c2cnccc2C(F)(F)F)CCC[C@@]1(Oc1ccc(C(F)(F)F)cc1)C(=O)N1CCC(Oc2ccc(C#N)cc2)CC1,CCC[C@H]1N(C(=O)c2cnccc2C(F)(F)F)CCC[C@@]1(Oc1ccc(C(F)(F)F)cc1)C(=O)N1CCC(Oc2ccc(C#N)cc2)CC1,1919.0,5.716925025264528,5.716925025264528,,1,intermediate
CHEMBL3798889,CCC[C@H]1N(C(=O)c2cnccc2C(F)(F)F)CCC[C@@]1(Oc1ccc(C(F)(F)F)cc1)C(=O)N1CCC(Oc2ccc(C#N)cn2)CC1,CCC[C@H]1N(C(=O)c2cnccc2C(F)(F)F)CCC[C@@]1(Oc1ccc(C(F)(F)F)cc1)C(=O)N1CCC(Oc2ccc(C#N)cn2)CC1,492.0,6.308034897232639,6.308034897232639,,1,active
CHEMBL3800127,CCC[C@H]1N(C(=O)c2cnccc2C(F)(F)F)CCC[C@@]1(Oc1ccc(C(F)(F)F)cc1)C(=O)N1CCC(Oc2ccc(C(N)=O)cn2)CC1,CCC[C@H]1N(C(=O)c2cnccc2C(F)(F)F)CCC[C@@]1(Oc1ccc(C(F)(F)F)cc1)C(=O)N1CCC(Oc2ccc(C(N)=O)cn2)CC1,144.0,6.84163750790475,6.84163750790475,,1,active
CHEMBL3800573,CCC[C@H]1N(C(=O)c2cnccc2C(F)(F)F)CCC[C@@]1(Oc1ccc(C(F)(F)F)cc1)C(=O)N1CCC(Oc2ccc(C)cc2)CC1,CCC[C@H]1N(C(=O)c2cnccc2C(F)(F)F)CCC[C@@]1(Oc1ccc(C(F)(F)F)cc1)C(=O)N1CCC(Oc2ccc(C)cc2)CC1,8766.0,5.05719853368206,5.05719853368206,,1,intermediate
CHEMBL3798867,CCC[C@H]1N(C(=O)c2cnccc2C(F)(F)F)CCC[C@@]1(Oc1ccc(C(F)(F)F)cc1)C(=O)N1CCC(Oc2ccc(CN)cn2)CC1,CCC[C@H]1N(C(=O)c2cnccc2C(F)(F)F)CCC[C@@]1(Oc1ccc(C(F)(F)F)cc1)C(=O)N1CCC(Oc2ccc(CN)cn2)CC1,801.0,6.096367483915762,6.096367483915762,,1,active
CHEMBL3799970,CCC[C@H]1N(C(=O)c2cnccc2C(F)(F)F)CCC[C@@]1(Oc1ccc(C(F)(F)F)cc1)C(=O)N1CCC(Oc2ccc(Cl)cc2)CC1,CCC[C@H]1N(C(=O)c2cnccc2C(F)(F)F)CCC[C@@]1(Oc1ccc(C(F)(F)F)cc1)C(=O)N1CCC(Oc2ccc(Cl)cc2)CC1,4112.0,5.385946894012781,5.385946894012781,,1,intermediate
CHEMBL3799367,CCC[C@H]1N(C(=O)c2cnccc2C(F)(F)F)CCC[C@@]1(Oc1ccc(C(F)(F)F)cc1)C(=O)N1CCC(Oc2cccc(Br)n2)CC1,CCC[C@H]1N(C(=O)c2cnccc2C(F)(F)F)CCC[C@@]1(Oc1ccc(C(F)(F)F)cc1)C(=O)N1CCC(Oc2cccc(Br)n2)CC1,1863.0,5.729787145103757,5.729787145103757,,1,intermediate
CHEMBL3798014,CCC[C@H]1N(C(=O)c2cnccc2C(F)(F)F)CCC[C@@]1(Oc1ccc(C(F)(F)F)cc1)C(=O)N1CCC(Oc2cccc(C#N)c2)CC1,CCC[C@H]1N(C(=O)c2cnccc2C(F)(F)F)CCC[C@@]1(Oc1ccc(C(F)(F)F)cc1)C(=O)N1CCC(Oc2cccc(C#N)c2)CC1,399.0,6.399027104313252,6.399027104313252,,1,active
CHEMBL3799050,CCC[C@H]1N(C(=O)c2cnccc2C(F)(F)F)CCC[C@@]1(Oc1ccc(C(F)(F)F)cc1)C(=O)N1CCC(Oc2cccc(C#N)n2)CC1,CCC[C@H]1N(C(=O)c2cnccc2C(F)(F)F)CCC[C@@]1(Oc1ccc(C(F)(F)F)cc1)C(=O)N1CCC(Oc2cccc(C#N)n2)CC1,686.0,6.163675884293248,6.163675884293248,,1,active
CHEMBL3799374,CCC[C@H]1N(C(=O)c2cnccc2C(F)(F)F)CCC[C@@]1(Oc1ccc(C(F)(F)F)cc1)C(=O)N1CCC(Oc2cccc(C(=O)NC)n2)CC1,CCC[C@H]1N(C(=O)c2cnccc2C(F)(F)F)CCC[C@@]1(Oc1ccc(C(F)(F)F)cc1)C(=O)N1CCC(Oc2cccc(C(=O)NC)n2)CC1,114.0,6.943095148663527,6.943095148663527,,1,active
CHEMBL3797513,CCC[C@H]1N(C(=O)c2cnccc2C(F)(F)F)CCC[C@@]1(Oc1ccc(C(F)(F)F)cc1)C(=O)N1CCC(Oc2cccc(C(=O)O)n2)CC1,CCC[C@H]1N(C(=O)c2cnccc2C(F)(F)F)CCC[C@@]1(Oc1ccc(C(F)(F)F)cc1)C(=O)N1CCC(Oc2cccc(C(=O)O)n2)CC1,42.0,7.376750709602099,7.376750709602099,,1,active
CHEMBL3799031,CCC[C@H]1N(C(=O)c2cnccc2C(F)(F)F)CCC[C@@]1(Oc1ccc(C(F)(F)F)cc1)C(=O)N1CCC(Oc2cccc(C(=O)OC)n2)CC1,CCC[C@H]1N(C(=O)c2cnccc2C(F)(F)F)CCC[C@@]1(Oc1ccc(C(F)(F)F)cc1)C(=O)N1CCC(Oc2cccc(C(=O)OC)n2)CC1,392.0,6.406713932979542,6.406713932979542,,1,active
CHEMBL3798150,CCC[C@H]1N(C(=O)c2cnccc2C(F)(F)F)CCC[C@@]1(Oc1ccc(C(F)(F)F)cc1)C(=O)N1CCC(Oc2cccc(C(F)(F)F)n2)CC1,CCC[C@H]1N(C(=O)c2cnccc2C(F)(F)F)CCC[C@@]1(Oc1ccc(C(F)(F)F)cc1)C(=O)N1CCC(Oc2cccc(C(F)(F)F)n2)CC1,2039.0,5.69058277422186,5.69058277422186,,1,intermediate
CHEMBL3798136,CCC[C@H]1N(C(=O)c2cnccc2C(F)(F)F)CCC[C@@]1(Oc1ccc(C(F)(F)F)cc1)C(=O)N1CCC(Oc2cccc(C(N)=O)n2)CC1,CCC[C@H]1N(C(=O)c2cnccc2C(F)(F)F)CCC[C@@]1(Oc1ccc(C(F)(F)F)cc1)C(=O)N1CCC(Oc2cccc(C(N)=O)n2)CC1,111.0,6.954677021213342,6.954677021213342,,1,active
CHEMBL3798182,CCC[C@H]1N(C(=O)c2cnccc2C(F)(F)F)CCC[C@@]1(Oc1ccc(C(F)(F)F)cc1)C(=O)N1CCC(Oc2cccc(C)c2)CC1,CCC[C@H]1N(C(=O)c2cnccc2C(F)(F)F)CCC[C@@]1(Oc1ccc(C(F)(F)F)cc1)C(=O)N1CCC(Oc2cccc(C)c2)CC1,668.0,6.175223537524454,6.175223537524454,,1,active
CHEMBL3800561,CCC[C@H]1N(C(=O)c2cnccc2C(F)(F)F)CCC[C@@]1(Oc1ccc(C(F)(F)F)cc1)C(=O)N1CCC(Oc2cccc(C)n2)CC1,CCC[C@H]1N(C(=O)c2cnccc2C(F)(F)F)CCC[C@@]1(Oc1ccc(C(F)(F)F)cc1)C(=O)N1CCC(Oc2cccc(C)n2)CC1,5027.0,5.298691114771925,5.298691114771925,,1,intermediate
CHEMBL3799552,CCC[C@H]1N(C(=O)c2cnccc2C(F)(F)F)CCC[C@@]1(Oc1ccc(C(F)(F)F)cc1)C(=O)N1CCC(Oc2cccc(CN)n2)CC1,CCC[C@H]1N(C(=O)c2cnccc2C(F)(F)F)CCC[C@@]1(Oc1ccc(C(F)(F)F)cc1)C(=O)N1CCC(Oc2cccc(CN)n2)CC1,173.0,6.761953896871205,6.761953896871205,,1,active
CHEMBL3797962,CCC[C@H]1N(C(=O)c2cnccc2C(F)(F)F)CCC[C@@]1(Oc1ccc(C(F)(F)F)cc1)C(=O)N1CCC(Oc2cccc(Cl)c2)CC1,CCC[C@H]1N(C(=O)c2cnccc2C(F)(F)F)CCC[C@@]1(Oc1ccc(C(F)(F)F)cc1)C(=O)N1CCC(Oc2cccc(Cl)c2)CC1,2095.0,5.678815972697686,5.678815972697686,,1,intermediate
CHEMBL3798126,CCC[C@H]1N(C(=O)c2cnccc2C(F)(F)F)CCC[C@@]1(Oc1ccc(C(F)(F)F)cc1)C(=O)N1CCC(Oc2cccc(Cl)n2)CC1,CCC[C@H]1N(C(=O)c2cnccc2C(F)(F)F)CCC[C@@]1(Oc1ccc(C(F)(F)F)cc1)C(=O)N1CCC(Oc2cccc(Cl)n2)CC1,2359.0,5.6272720591144045,5.6272720591144045,,1,intermediate
CHEMBL3797577,CCC[C@H]1N(C(=O)c2cnccc2C(F)(F)F)CCC[C@@]1(Oc1ccc(C(F)(F)F)cc1)C(=O)N1CCC(Oc2cccc(OC)n2)CC1,CCC[C@H]1N(C(=O)c2cnccc2C(F)(F)F)CCC[C@@]1(Oc1ccc(C(F)(F)F)cc1)C(=O)N1CCC(Oc2cccc(OC)n2)CC1,1146.0,5.940815382368629,5.940815382368629,,1,intermediate
CHEMBL3800543,CCC[C@H]1N(C(=O)c2cnccc2C(F)(F)F)CCC[C@@]1(Oc1ccc(C(F)(F)F)cc1)C(=O)N1CCC(Oc2ccccc2)CC1,CCC[C@H]1N(C(=O)c2cnccc2C(F)(F)F)CCC[C@@]1(Oc1ccc(C(F)(F)F)cc1)C(=O)N1CCC(Oc2ccccc2)CC1,2400.0,5.619788758288394,5.619788758288394,,1,intermediate
CHEMBL3797254,CCC[C@H]1N(C(=O)c2cnccc2C(F)(F)F)CCC[C@@]1(Oc1ccc(C(F)(F)F)cc1)C(=O)N1CCC(Oc2ccccc2C#N)CC1,CCC[C@H]1N(C(=O)c2cnccc2C(F)(F)F)CCC[C@@]1(Oc1ccc(C(F)(F)F)cc1)C(=O)N1CCC(Oc2ccccc2C#N)CC1,8714.0,5.059782444400264,5.059782444400264,,1,intermediate
CHEMBL3799712,CCC[C@H]1N(C(=O)c2cnccc2C(F)(F)F)CCC[C@@]1(Oc1ccc(C(F)(F)F)cc1)C(=O)N1CCC(Oc2ccccc2C)CC1,CCC[C@H]1N(C(=O)c2cnccc2C(F)(F)F)CCC[C@@]1(Oc1ccc(C(F)(F)F)cc1)C(=O)N1CCC(Oc2ccccc2C)CC1,6599.0,5.180521871637877,5.180521871637877,,1,intermediate
CHEMBL3800119,CCC[C@H]1N(C(=O)c2cnccc2C(F)(F)F)CCC[C@@]1(Oc1ccc(C(F)(F)F)cc1)C(=O)N1CCC(Oc2ccccc2Cl)CC1,CCC[C@H]1N(C(=O)c2cnccc2C(F)(F)F)CCC[C@@]1(Oc1ccc(C(F)(F)F)cc1)C(=O)N1CCC(Oc2ccccc2Cl)CC1,2764.0,5.558461961297839,5.558461961297839,,1,intermediate
CHEMBL3799375,CCC[C@H]1N(C(=O)c2cnccc2C(F)(F)F)CCC[C@@]1(Oc1ccc(C(F)(F)F)cc1)C(=O)N1CCC(Oc2ccccn2)CC1,CCC[C@H]1N(C(=O)c2cnccc2C(F)(F)F)CCC[C@@]1(Oc1ccc(C(F)(F)F)cc1)C(=O)N1CCC(Oc2ccccn2)CC1,150.0,6.823908740944319,6.823908740944319,,1,active
CHEMBL3798260,CCC[C@H]1N(C(=O)c2cnccc2C(F)(F)F)CCC[C@@]1(Oc1ccc(C(F)(F)F)cc1)C(=O)N1CCC(Oc2cccnc2)CC1,CCC[C@H]1N(C(=O)c2cnccc2C(F)(F)F)CCC[C@@]1(Oc1ccc(C(F)(F)F)cc1)C(=O)N1CCC(Oc2cccnc2)CC1,267.0,6.573488738635424,6.573488738635424,,1,active
CHEMBL3797331,CCC[C@H]1N(C(=O)c2cnccc2C(F)(F)F)CCC[C@@]1(Oc1ccc(C(F)(F)F)cc1)C(=O)N1CCC(Oc2ccncc2)CC1,CCC[C@H]1N(C(=O)c2cnccc2C(F)(F)F)CCC[C@@]1(Oc1ccc(C(F)(F)F)cc1)C(=O)N1CCC(Oc2ccncc2)CC1,224.0,6.649751981665837,6.649751981665837,,1,active
CHEMBL3797521,CCC[C@H]1N(C(=O)c2cnccc2C(F)(F)F)CCC[C@@]1(Oc1ccc(C(F)(F)F)cc1)C(=O)N1CCC(Oc2ccncn2)CC1,CCC[C@H]1N(C(=O)c2cnccc2C(F)(F)F)CCC[C@@]1(Oc1ccc(C(F)(F)F)cc1)C(=O)N1CCC(Oc2ccncn2)CC1,376.0,6.424812155072339,6.424812155072339,,1,active
CHEMBL3799390,CCC[C@H]1N(C(=O)c2cnccc2C(F)(F)F)CCC[C@@]1(Oc1ccc(C(F)(F)F)cc1)C(=O)N1CCC(Oc2cnccn2)CC1,CCC[C@H]1N(C(=O)c2cnccc2C(F)(F)F)CCC[C@@]1(Oc1ccc(C(F)(F)F)cc1)C(=O)N1CCC(Oc2cnccn2)CC1,1065.0,5.972650392225244,5.972650392225244,,1,intermediate
CHEMBL3800178,CCC[C@H]1N(C(=O)c2cnccc2C(F)(F)F)CCC[C@@]1(Oc1ccc(C(F)(F)F)cc1)C(=O)N1CCC(Oc2cncnc2)CC1,CCC[C@H]1N(C(=O)c2cnccc2C(F)(F)F)CCC[C@@]1(Oc1ccc(C(F)(F)F)cc1)C(=O)N1CCC(Oc2cncnc2)CC1,525.0,6.279840696594043,6.279840696594043,,1,active
CHEMBL3797694,CCC[C@H]1N(C(=O)c2cnccc2C(F)(F)F)CCC[C@@]1(Oc1ccc(C(F)(F)F)cc1)C(=O)N1CCC(Oc2ncccc2C#N)CC1,CCC[C@H]1N(C(=O)c2cnccc2C(F)(F)F)CCC[C@@]1(Oc1ccc(C(F)(F)F)cc1)C(=O)N1CCC(Oc2ncccc2C#N)CC1,2399.0,5.619969752032169,5.619969752032169,,1,intermediate
CHEMBL3798875,CCC[C@H]1N(C(=O)c2cnccc2C(F)(F)F)CCC[C@@]1(Oc1ccc(C(F)(F)F)cc1)C(=O)N1CCC(Oc2ncccc2C(N)=O)CC1,CCC[C@H]1N(C(=O)c2cnccc2C(F)(F)F)CCC[C@@]1(Oc1ccc(C(F)(F)F)cc1)C(=O)N1CCC(Oc2ncccc2C(N)=O)CC1,4276.0,5.36896230346326,5.36896230346326,,1,intermediate
CHEMBL3797705,CCC[C@H]1N(C(=O)c2cnccc2C(F)(F)F)CCC[C@@]1(Oc1ccc(C(F)(F)F)cc1)C(=O)N1CCC(Oc2ncccc2CN)CC1,CCC[C@H]1N(C(=O)c2cnccc2C(F)(F)F)CCC[C@@]1(Oc1ccc(C(F)(F)F)cc1)C(=O)N1CCC(Oc2ncccc2CN)CC1,7744.0,5.111034655699663,5.111034655699663,,1,intermediate
CHEMBL3798706,CCC[C@H]1N(C(=O)c2cnccc2C(F)(F)F)CCC[C@@]1(Oc1ccc(C(F)(F)F)cc1)C(=O)N1CCC(Oc2ncccn2)CC1,CCC[C@H]1N(C(=O)c2cnccc2C(F)(F)F)CCC[C@@]1(Oc1ccc(C(F)(F)F)cc1)C(=O)N1CCC(Oc2ncccn2)CC1,334.0,6.476253533188435,6.476253533188435,,1,active
CHEMBL3797816,CCC[C@H]1N(C(=O)c2cnccc2C(F)(F)F)CCC[C@@]1(Oc1ccc(C(F)(F)F)cc1)C(=O)N1CCC(Sc2ccc(C)cc2)CC1,CCC[C@H]1N(C(=O)c2cnccc2C(F)(F)F)CCC[C@@]1(Oc1ccc(C(F)(F)F)cc1)C(=O)N1CCC(Sc2ccc(C)cc2)CC1,9359.0,5.028770552723759,5.028770552723759,,1,intermediate
CHEMBL3797879,CCC[C@H]1N(C(=O)c2cnccc2C(F)(F)F)CCC[C@@]1(Oc1ccc(C(F)(F)F)cc1)C(=O)N1CCC(Sc2ccccc2)CC1,CCC[C@H]1N(C(=O)c2cnccc2C(F)(F)F)CCC[C@@]1(Oc1ccc(C(F)(F)F)cc1)C(=O)N1CCC(Sc2ccccc2)CC1,1981.0,5.703115524461452,5.703115524461452,,1,intermediate
CHEMBL3288449,CCC[C@H]1N(C(=O)c2cnccc2C(F)(F)F)CCC[C@@]1(Oc1ccc(C(F)(F)F)cc1)C(=O)N1CCN(c2ccccc2OCCOC)CC1.Cl,CCC[C@H]1N(C(=O)c2cnccc2C(F)(F)F)CCC[C@@]1(Oc1ccc(C(F)(F)F)cc1)C(=O)N1CCN(c2ccccc2OCCOC)CC1.Cl,24.0,7.619788758288394,7.619788758288394,,1,active
CHEMBL5747560,CCCc1ccnc(-c2nc3nc(C(=O)O)nc(N[C@H](C)C4CCC4)c3n2Cc2ccc(C(F)(F)F)c(F)c2)c1,CCCc1ccnc(-c2nc3nc(C(=O)O)nc(N[C@H](C)C4CCC4)c3n2Cc2ccc(C(F)(F)F)c(F)c2)c1,7.445,8.128135297911806,8.128135297911806,,1,active
CHEMBL5917838,CCCc1ccnc(-c2nc3nc(C(=O)O)nc(N[C@H](C)C4CCC4)c3n2Cc2ccc(C(F)(F)F)cc2)c1,CCCc1ccnc(-c2nc3nc(C(=O)O)nc(N[C@H](C)C4CCC4)c3n2Cc2ccc(C(F)(F)F)cc2)c1,5.618,8.25041826513444,8.25041826513444,,1,active
CHEMBL3699943,CCN(C(=O)OC(C)OC(=O)c1ccc(NC(=O)[C@@H]2N[C@@H](CC(C)(C)C)[C@](C#N)(c3ccc(Cl)cc3F)[C@H]2c2cccc(Cl)c2F)c(OC)c1)C(C)C,CCN(C(=O)OC(C)OC(=O)c1ccc(NC(=O)[C@@H]2N[C@@H](CC(C)(C)C)[C@](C#N)(c3ccc(Cl)cc3F)[C@H]2c2cccc(Cl)c2F)c(OC)c1)C(C)C,29.6,7.528708288941061,7.528708288941061,,1,active
CHEMBL3650049,CCN(C(C)=O)C1CCC(N2C(=O)Cc3cc(OC)c(OC(C)C)cc3C2c2ccc(Cl)cc2)CC1,CCN(C(C)=O)C1CCC(N2C(=O)Cc3cc(OC)c(OC(C)C)cc3C2c2ccc(Cl)cc2)CC1,183.0,6.73754891026957,6.73754891026957,,1,active
CHEMBL3649951,CCN(C)C(=O)N1C[C@@H](C)N(c2nc3cc(-c4noc(=O)[nH]4)nc(-c4cncc(Cl)c4)c3n2C[C@H]2CC[C@H](C)CC2)[C@H](C)C1,CCN(C)C(=O)N1C[C@@H](C)N(c2nc3cc(-c4noc(=O)[nH]4)nc(-c4cncc(Cl)c4)c3n2C[C@H]2CC[C@H](C)CC2)[C@H](C)C1,1.0,9.0,9.0,,1,active
CHEMBL3939191,CCN(C)C(=O)N1C[C@H](C)N(c2nc3cc(-c4nc(=O)o[nH]4)nc(-c4cncc(Cl)c4)c3n2C[C@H]2CC[C@H](C)CC2)[C@@H](C)C1,CCN(C)C(=O)N1C[C@H](C)N(c2nc3cc(-c4nc(=O)o[nH]4)nc(-c4cncc(Cl)c4)c3n2C[C@H]2CC[C@H](C)CC2)[C@@H](C)C1,1.0,9.0,9.0,,1,active
CHEMBL3654187,CCN(C)C(=O)[C@@H]1CCCN1c1nc2cc(-c3noc(=O)[nH]3)nc(-c3cncc(Cl)c3)c2n1C[C@H]1CC[C@H](C)CC1,CCN(C)C(=O)[C@@H]1CCCN1c1nc2cc(-c3noc(=O)[nH]3)nc(-c3cncc(Cl)c3)c2n1C[C@H]1CC[C@H](C)CC1,21.0,7.805416957817734,7.805416957817734,,2,active
CHEMBL3649838,CCN(C)C(=O)[C@H]1CCCN1c1nc2cc(-c3noc(=O)[nH]3)nc(-c3cncc(Cl)c3)c2n1C[C@H]1CC[C@H](C)CC1,CCN(C)C(=O)[C@H]1CCCN1c1nc2cc(-c3noc(=O)[nH]3)nc(-c3cncc(Cl)c3)c2n1C[C@H]1CC[C@H](C)CC1,35.0,7.455931955649724,7.455931955649724,,1,active
CHEMBL3318776,CCN(C)S(=O)(=O)C[C@@H](N1C(=O)[C@@](C)(CC(=O)O)C[C@H](c2cccc(Cl)c2)[C@H]1c1ccc(Cl)cc1)C(C)(C)C,CCN(C)S(=O)(=O)C[C@@H](N1C(=O)[C@@](C)(CC(=O)O)C[C@H](c2cccc(Cl)c2)[C@H]1c1ccc(Cl)cc1)C(C)(C)C,0.4,9.397940008672037,9.397940008672037,,1,active
CHEMBL5805400,CCN(C)c1nc(C(=O)O)nc2nc(-c3cccc(C)c3)n(Cc3ccc(C(F)(F)F)cc3)c12,CCN(C)c1nc(C(=O)O)nc2nc(-c3cccc(C)c3)n(Cc3ccc(C(F)(F)F)cc3)c12,1000.0,6.0,6.0,,1,active
CHEMBL5876810,CCN(C)c1nc2nc(-c3noc(=O)[nH]3)nc(N[C@H](C)C3CCC3)c2n1C[C@H]1CC[C@H](C)CC1,CCN(C)c1nc2nc(-c3noc(=O)[nH]3)nc(N[C@H](C)C3CCC3)c2n1C[C@H]1CC[C@H](C)CC1,8.132,8.089802630033999,8.089802630033999,,1,active
CHEMBL382389,CCN(CC)C(=O)C(c1ccc(Cl)cc1)N1C(=O)c2cc(I)ccc2N(CCCCC(=O)O)C(=O)[C@@H]1c1ccc(Cl)cc1,CCN(CC)C(=O)C(c1ccc(Cl)cc1)N1C(=O)c2cc(I)ccc2N(CCCCC(=O)O)C(=O)[C@@H]1c1ccc(Cl)cc1,9000.0,5.045757490560675,5.045757490560675,,3,intermediate
CHEMBL5778707,CCN(CC)C(=O)c1ccc2c3n(nc2c1)[C@@H]1[C@H](CO3)N(CC2CC2)[C@@]2(C(=O)Nc3cc(Cl)ccc32)[C@H]1c1cccc(Cl)c1F,CCN(CC)C(=O)c1ccc2c3n(nc2c1)[C@@H]1[C@H](CO3)N(CC2CC2)[C@@]2(C(=O)Nc3cc(Cl)ccc32)[C@H]1c1cccc(Cl)c1F,95.0,7.022276394711152,7.022276394711152,,1,active
CHEMBL4109614,CCN(CC)N1C(=O)[C@@](C)(CC(=O)O)C[C@H](c2cccc(Cl)c2)[C@H]1c1ccc(Cl)cc1,CCN(CC)N1C(=O)[C@@](C)(CC(=O)O)C[C@H](c2cccc(Cl)c2)[C@H]1c1ccc(Cl)cc1,6.2,8.309894379144197,8.309894379144197,,2,active
CHEMBL3318765,CCN(CC)S(=O)(=O)C[C@H](C1CC1)N1C(=O)[C@@](C)(CC(=O)O)C[C@H](c2cccc(Cl)c2)[C@H]1c1ccc(Cl)cc1,CCN(CC)S(=O)(=O)C[C@H](C1CC1)N1C(=O)[C@@](C)(CC(=O)O)C[C@H](c2cccc(Cl)c2)[C@H]1c1ccc(Cl)cc1,0.15,9.823908740944319,9.823908740944319,,1,active
CHEMBL5917121,CCN(CC)c1nc(C(=O)O)nc2nc(-c3cccc(C)c3)n(Cc3ccc(C(F)(F)F)cc3)c12,CCN(CC)c1nc(C(=O)O)nc2nc(-c3cccc(C)c3)n(Cc3ccc(C(F)(F)F)cc3)c12,4596.0,5.337619979983753,5.337619979983753,,1,intermediate
CHEMBL5759781,CCN(CC1CCCCC1)c1nc2nc(-c3noc(=O)[nH]3)nc(N[C@H](C)C3CCC3)c2n1Cc1ccc(C(F)(F)F)cc1,CCN(CC1CCCCC1)c1nc2nc(-c3noc(=O)[nH]3)nc(N[C@H](C)C3CCC3)c2n1Cc1ccc(C(F)(F)F)cc1,27.18,7.565750547603525,7.565750547603525,,1,active
CHEMBL5899851,CCN(CCN1CCCC1)c1nc2nc(-c3noc(=O)[nH]3)nc(N[C@H](C)C3CCC3)c2n1Cc1ccc(C(F)(F)F)cc1,CCN(CCN1CCCC1)c1nc2nc(-c3noc(=O)[nH]3)nc(N[C@H](C)C3CCC3)c2n1Cc1ccc(C(F)(F)F)cc1,23.87,7.6221475809932455,7.6221475809932455,,1,active
CHEMBL3649877,CCN(CCOC)c1nc2cc(-c3noc(=O)[nH]3)nc(-c3cncc(Cl)c3)c2n1C[C@H]1CC[C@H](C)CC1,CCN(CCOC)c1nc2cc(-c3noc(=O)[nH]3)nc(-c3cncc(Cl)c3)c2n1C[C@H]1CC[C@H](C)CC1,11.0,7.958607314841775,7.958607314841775,,2,active
CHEMBL3683156,CCN(C[C@H]1CC[C@H](N(C)C)CC1)c1ccc(N2C(=O)Cc3cc(OC)c(OC(C)C)cc3[C@@H]2c2ccc(Cl)cc2)cc1,CCN(C[C@H]1CC[C@H](N(C)C)CC1)c1ccc(N2C(=O)Cc3cc(OC)c(OC(C)C)cc3[C@@H]2c2ccc(Cl)cc2)cc1,2.7,8.568636235841012,8.568636235841012,,1,active
CHEMBL3318771,CCN(c1ccccc1)S(=O)(=O)C[C@H](C1CC1)N1C(=O)[C@@](C)(CC(=O)O)C[C@H](c2cccc(Cl)c2)[C@H]1c1ccc(Cl)cc1,CCN(c1ccccc1)S(=O)(=O)C[C@H](C1CC1)N1C(=O)[C@@](C)(CC(=O)O)C[C@H](c2cccc(Cl)c2)[C@H]1c1ccc(Cl)cc1,0.075,10.1249387366083,10.1249387366083,,1,active
CHEMBL5820152,CCN(c1nc(-c2noc(=O)[nH]2)nc2nc(-c3cc(C(C)C)ccn3)n(C[C@H]3CC[C@H](C)CC3)c12)[C@H](C)C1CCC1,CCN(c1nc(-c2noc(=O)[nH]2)nc2nc(-c3cc(C(C)C)ccn3)n(C[C@H]3CC[C@H](C)CC3)c12)[C@H](C)C1CCC1,715.5,6.145390361904205,6.145390361904205,,1,active
CHEMBL3220105,CCN1C(=O)C(=Cc2cc(-c3ccccc3)n(-c3ccc(Br)cc3)c2-c2ccccc2)C(=O)N(CC)C1=O,CCN1C(=O)C(=Cc2cc(-c3ccccc3)n(-c3ccc(Br)cc3)c2-c2ccccc2)C(=O)N(CC)C1=O,890.0,6.050609993355087,6.050609993355087,,1,active
CHEMBL3220106,CCN1C(=O)C(=Cc2cc(-c3ccccc3)n(-c3ccc(Br)cc3)c2-c2ccccc2)C(=O)N(CC)C1=S,CCN1C(=O)C(=Cc2cc(-c3ccccc3)n(-c3ccc(Br)cc3)c2-c2ccccc2)C(=O)N(CC)C1=S,260.0,6.585026652029182,6.585026652029182,,1,active
CHEMBL3220104,CCN1C(=O)C(=Cc2cc(-c3ccccc3)n(-c3ccc(Cl)cc3)c2-c2ccccc2)C(=O)N(CC)C1=S,CCN1C(=O)C(=Cc2cc(-c3ccccc3)n(-c3ccc(Cl)cc3)c2-c2ccccc2)C(=O)N(CC)C1=S,300.0,6.522878745280337,6.522878745280337,,1,active
CHEMBL3895119,CCN1C(=O)CN(c2nc3cc(-c4nc(=O)o[nH]4)nc(-c4cncc(Cl)c4)c3n2C[C@H]2CC[C@H](C)CC2)[C@H]2CCC[C@@H]21,CCN1C(=O)CN(c2nc3cc(-c4nc(=O)o[nH]4)nc(-c4cncc(Cl)c4)c3n2C[C@H]2CC[C@H](C)CC2)[C@H]2CCC[C@@H]21,4.0,8.397940008672037,8.397940008672037,,1,active
CHEMBL3649899,CCN1C(=O)CN(c2nc3cc(-c4noc(=O)[nH]4)nc(-c4cncc(Cl)c4)c3n2C[C@H]2CC[C@H](C)CC2)[C@@H]2CCC[C@H]21,CCN1C(=O)CN(c2nc3cc(-c4noc(=O)[nH]4)nc(-c4cncc(Cl)c4)c3n2C[C@H]2CC[C@H](C)CC2)[C@@H]2CCC[C@H]21,4.0,8.397940008672037,8.397940008672037,,1,active
CHEMBL5891570,CCN1CCC(C)CC1c1nc2nc(C(=O)O)nc(N[C@H](C)C3CCC3)c2n1C[C@H]1CC[C@H](C)CC1,CCN1CCC(C)CC1c1nc2nc(C(=O)O)nc(N[C@H](C)C3CCC3)c2n1C[C@H]1CC[C@H](C)CC1,5.983,8.223080997157954,8.223080997157954,,1,active
CHEMBL6044249,CCN1CCCCC1c1nc2nc(C(=O)O)nc(N[C@H](C)C3CCC3)c2n1Cc1ccc(C(F)(F)F)cc1,CCN1CCCCC1c1nc2nc(C(=O)O)nc(N[C@H](C)C3CCC3)c2n1Cc1ccc(C(F)(F)F)cc1,35.38,7.451242171426296,7.451242171426296,,1,active
CHEMBL3687237,CCN1CCN(CCn2nc3c(c2C(C)C)C(c2ccc(Cl)cc2)N(c2cccc(Cl)c2F)C3=O)C1=O,CCN1CCN(CCn2nc3c(c2C(C)C)C(c2ccc(Cl)cc2)N(c2cccc(Cl)c2F)C3=O)C1=O,8.9,8.050609993355087,8.050609993355087,,1,active
CHEMBL3683177,CCN1CN([C@H]2CC[C@H](CN(C)c3ccc(N4C(=O)Cc5cc(OC)c(OC(C)C)cc5[C@@H]4c4ccc(Cl)cc4)cn3)CC2)CC1=O,CCN1CN([C@H]2CC[C@H](CN(C)c3ccc(N4C(=O)Cc5cc(OC)c(OC(C)C)cc5[C@@H]4c4ccc(Cl)cc4)cn3)CC2)CC1=O,4.1,8.387216143280265,8.387216143280265,,1,active
CHEMBL4091801,CCN1[C@@H](C(=O)NC23CCC(C(=O)O)(CC2)CC3)[C@H](c2cccc(Cl)c2F)[C@]2(C(=O)Nc3cc(Cl)ccc32)C12CCCCC2,CCN1[C@@H](C(=O)NC23CCC(C(=O)O)(CC2)CC3)[C@H](c2cccc(Cl)c2F)[C@]2(C(=O)Nc3cc(Cl)ccc32)C12CCCCC2,3.8,8.42021640338319,8.42021640338319,,2,active
CHEMBL6032054,CCN1[C@H]2CCn3c(nc4cc(C(=O)O)ccc43)[C@H]2[C@H](c2cccc(Cl)c2F)[C@]12C(=O)Nc1cc(Cl)ccc12,CCN1[C@H]2CCn3c(nc4cc(C(=O)O)ccc43)[C@H]2[C@H](c2cccc(Cl)c2F)[C@]12C(=O)Nc1cc(Cl)ccc12,7.0,8.154901959985743,8.154901959985743,,1,active
CHEMBL5743299,CCN1[C@H]2Cc3c4ccc(C(=O)N5CCCCC5)cc4nn3[C@H]2[C@H](c2cccc(Cl)c2F)[C@]12C(=O)Nc1cc(Cl)ccc12,CCN1[C@H]2Cc3c4ccc(C(=O)N5CCCCC5)cc4nn3[C@H]2[C@H](c2cccc(Cl)c2F)[C@]12C(=O)Nc1cc(Cl)ccc12,69.0,7.161150909262744,7.161150909262744,,1,active
CHEMBL6037427,CCN1[C@H]2Cc3c4ccc(C(=O)NC5(C)COC5)cc4nn3[C@H]2[C@H](c2cccc(Cl)c2F)[C@]12C(=O)Nc1cc(Cl)ccc12,CCN1[C@H]2Cc3c4ccc(C(=O)NC5(C)COC5)cc4nn3[C@H]2[C@H](c2cccc(Cl)c2F)[C@]12C(=O)Nc1cc(Cl)ccc12,7.0,8.154901959985743,8.154901959985743,,1,active
CHEMBL5878494,CCN1[C@H]2Cc3c4ccc(C(=O)NCCN(C)C)cc4nn3[C@H]2[C@H](c2cccc(Cl)c2F)[C@]12C(=O)Nc1cc(Cl)ccc12,CCN1[C@H]2Cc3c4ccc(C(=O)NCCN(C)C)cc4nn3[C@H]2[C@H](c2cccc(Cl)c2F)[C@]12C(=O)Nc1cc(Cl)ccc12,7.0,8.154901959985743,8.154901959985743,,1,active
CHEMBL5892336,CCN1[C@H]2Cc3c4ccc(C(=O)NCCO)cc4nn3[C@H]2[C@H](c2cccc(Cl)c2F)[C@]12C(=O)Nc1cc(Cl)ccc12,CCN1[C@H]2Cc3c4ccc(C(=O)NCCO)cc4nn3[C@H]2[C@H](c2cccc(Cl)c2F)[C@]12C(=O)Nc1cc(Cl)ccc12,4.0,8.397940008672037,8.397940008672037,,1,active
CHEMBL4789374,CCN1[C@H]2Cc3c4ccc(C(=O)O)cc4nn3[C@H]2[C@H](c2cccc(Cl)c2F)[C@]12C(=O)Nc1cc(Cl)ccc12,CCN1[C@H]2Cc3c4ccc(C(=O)O)cc4nn3[C@H]2[C@H](c2cccc(Cl)c2F)[C@]12C(=O)Nc1cc(Cl)ccc12,2.0,8.698970004336019,8.698970004336019,,1,active
CHEMBL5999579,CCN1[C@H]2Cn3c(nc4cc(C(=O)O)c(C)cc43)[C@H]2[C@H](c2cccc(Cl)c2F)[C@]12C(=O)Nc1cc(Cl)ccc12,CCN1[C@H]2Cn3c(nc4cc(C(=O)O)c(C)cc43)[C@H]2[C@H](c2cccc(Cl)c2F)[C@]12C(=O)Nc1cc(Cl)ccc12,6.0,8.221848749616356,8.221848749616356,,1,active
CHEMBL5922836,CCNC(=O)C(C)(O)c1ccc2c(c1)C(=O)N(Cc1ccc(Cl)cn1)[C@@]2(OC)c1ccc(Cl)cc1,CCNC(=O)C(C)(O)c1ccc2c(c1)C(=O)N(Cc1ccc(Cl)cn1)[C@@]2(OC)c1ccc(Cl)cc1,35.0,7.455931955649724,7.455931955649724,,1,active
CHEMBL3649935,CCNC(=O)N1C[C@@H](C)N(c2nc3cc(-c4noc(=O)[nH]4)nc(-c4cncc(Cl)c4)c3n2C[C@H]2CC[C@H](C)CC2)[C@H](C)C1,CCNC(=O)N1C[C@@H](C)N(c2nc3cc(-c4noc(=O)[nH]4)nc(-c4cncc(Cl)c4)c3n2C[C@H]2CC[C@H](C)CC2)[C@H](C)C1,3.0,8.522878745280337,8.522878745280337,,1,active
CHEMBL3986537,CCNC(=O)N1C[C@H](C)N(c2nc3cc(-c4nc(=O)o[nH]4)nc(-c4cncc(Cl)c4)c3n2C[C@H]2CC[C@H](C)CC2)[C@@H](C)C1,CCNC(=O)N1C[C@H](C)N(c2nc3cc(-c4nc(=O)o[nH]4)nc(-c4cncc(Cl)c4)c3n2C[C@H]2CC[C@H](C)CC2)[C@@H](C)C1,3.0,8.522878745280337,8.522878745280337,,1,active
CHEMBL3649880,CCNC(=O)[C@@H]1CCCN1c1nc2cc(-c3noc(=O)[nH]3)nc(-c3cncc(Cl)c3)c2n1C[C@H]1CC[C@H](C)CC1,CCNC(=O)[C@@H]1CCCN1c1nc2cc(-c3noc(=O)[nH]3)nc(-c3cncc(Cl)c3)c2n1C[C@H]1CC[C@H](C)CC1,50.0,7.301029995663981,7.301029995663981,,3,active
CHEMBL4113910,CCNC(=O)[C@H](CC)N1C(=O)[C@@H](CC(=O)O)C[C@H](c2cccc(Cl)c2)[C@H]1c1ccc(Cl)cc1,CCNC(=O)[C@H](CC)N1C(=O)[C@@H](CC(=O)O)C[C@H](c2cccc(Cl)c2)[C@H]1c1ccc(Cl)cc1,410.0,6.3872161432802645,6.3872161432802645,,1,active
CHEMBL3649856,CCNC(=O)[C@H]1CCCN1c1nc2cc(-c3noc(=O)[nH]3)nc(-c3cncc(Cl)c3)c2n1C[C@H]1CC[C@H](C)CC1,CCNC(=O)[C@H]1CCCN1c1nc2cc(-c3noc(=O)[nH]3)nc(-c3cncc(Cl)c3)c2n1C[C@H]1CC[C@H](C)CC1,144.0,6.84163750790475,6.84163750790475,,1,active
CHEMBL5748153,CCNC(=O)c1nc(N[C@H](C)C2CCC2)c2c(n1)nc(N1CCOC[C@H]1c1ccccc1)n2C[C@H]1CC[C@H](C)CC1,CCNC(=O)c1nc(N[C@H](C)C2CCC2)c2c(n1)nc(N1CCOC[C@H]1c1ccccc1)n2C[C@H]1CC[C@H](C)CC1,1.632,8.787279845582157,8.787279845582157,,1,active
CHEMBL5820098,CCNCC(CC)N1C(=O)C(CC(=O)O)CC(c2cccc(Cl)c2)C1c1ccc(Cl)cc1,CCNCC(CC)N1C(=O)C(CC(=O)O)CC(c2cccc(Cl)c2)C1c1ccc(Cl)cc1,490.0,6.309803919971486,6.309803919971486,,1,active
CHEMBL3318756,CCNS(=O)(=O)C[C@H](C1CC1)N1C(=O)[C@@](C)(CC(=O)O)C[C@H](c2cccc(Cl)c2)[C@H]1c1ccc(Cl)cc1,CCNS(=O)(=O)C[C@H](C1CC1)N1C(=O)[C@@](C)(CC(=O)O)C[C@H](c2cccc(Cl)c2)[C@H]1c1ccc(Cl)cc1,0.079,10.102372908709558,10.102372908709558,,1,active
CHEMBL3683138,CCN[C@H]1CC[C@H](CN(C)c2ccc(N3C(=O)Cc4cc(OC)c(O[C@H](C)CC)cc4C3c3ccc(Cl)cc3)cc2)CC1,CCN[C@H]1CC[C@H](CN(C)c2ccc(N3C(=O)Cc4cc(OC)c(O[C@H](C)CC)cc4C3c3ccc(Cl)cc3)cc2)CC1,5.8,8.236572006437063,8.236572006437063,,1,active
CHEMBL3687313,CCOC(=O)C1(c2ccc(Cl)cc2)c2c(nn(-c3ccccc3OC)c2C(C)C)C(=O)N1c1ccc(F)c(Cl)c1,CCOC(=O)C1(c2ccc(Cl)cc2)c2c(nn(-c3ccccc3OC)c2C(C)C)C(=O)N1c1ccc(F)c(Cl)c1,5.2,8.2839966563652,8.2839966563652,,1,active
CHEMBL3653270,CCOC(=O)C1(c2ccc(Cl)cc2C)c2c(nc(-c3cnc(OC)nc3OC)n2C(C)C)C(=O)N1c1cc(Cl)ccc1C,CCOC(=O)C1(c2ccc(Cl)cc2C)c2c(nc(-c3cnc(OC)nc3OC)n2C(C)C)C(=O)N1c1cc(Cl)ccc1C,2.3,8.638272163982407,8.638272163982407,,1,active
CHEMBL5593446,CCOC(=O)C1=NN(C2CCCCC2)[C@]2(C(=O)Nc3cc(Cl)ccc32)[C@H]1c1cccc(Cl)c1F,CCOC(=O)C1=NN(C2CCCCC2)[C@]2(C(=O)Nc3cc(Cl)ccc32)[C@H]1c1cccc(Cl)c1F,20.0,7.698970004336019,7.698970004336019,,1,active
CHEMBL5592473,CCOC(=O)C1=NN(c2ccc(Cl)cc2)[C@]2(C(=O)Nc3cc(Cl)ccc32)[C@H]1c1cccc(Cl)c1F,CCOC(=O)C1=NN(c2ccc(Cl)cc2)[C@]2(C(=O)Nc3cc(Cl)ccc32)[C@H]1c1cccc(Cl)c1F,70.0,7.154901959985743,7.154901959985743,,1,active
CHEMBL4106930,CCOC(=O)CNC(=O)C[C@H]1C[C@H](c2cccc(Cl)c2)[C@@H](c2ccc(Cl)cc2)N(CC2CC2)C1=O,CCOC(=O)CNC(=O)C[C@H]1C[C@H](c2cccc(Cl)c2)[C@@H](c2ccc(Cl)cc2)N(CC2CC2)C1=O,2380.0,5.623423042943488,5.623423042943488,,1,intermediate
CHEMBL3653290,CCOC(=O)Cc1cnc(OC)c(-c2nc3c(n2C(C)C)C(c2ccc(C#N)cc2)N(c2cc(Cl)ccc2C)C3=O)c1,CCOC(=O)Cc1cnc(OC)c(-c2nc3c(n2C(C)C)C(c2ccc(C#N)cc2)N(c2cc(Cl)ccc2C)C3=O)c1,1.62,8.790484985457368,8.790484985457368,,1,active
CHEMBL3653302,CCOC(=O)Cc1cnc(OC)c(-c2nc3c(n2C(C)C)C(c2ccc(C#N)cc2)N(c2cccc(Cl)c2F)C3=O)c1,CCOC(=O)Cc1cnc(OC)c(-c2nc3c(n2C(C)C)C(c2ccc(C#N)cc2)N(c2cccc(Cl)c2F)C3=O)c1,2.18,8.661543506395395,8.661543506395395,,1,active
CHEMBL3653304,CCOC(=O)Cc1cnc(OC)c(-c2nc3c(n2C(C)C)C(c2ccc(Cl)cc2)N(c2cccc(Cl)c2F)C3=O)c1,CCOC(=O)Cc1cnc(OC)c(-c2nc3c(n2C(C)C)C(c2ccc(Cl)cc2)N(c2cccc(Cl)c2F)C3=O)c1,1.01,8.995678626217357,8.995678626217357,,1,active
CHEMBL3649934,CCOC(=O)N1C[C@@H](C)N(c2nc3cc(-c4noc(=O)[nH]4)nc(-c4cncc(Cl)c4)c3n2C[C@H]2CC[C@H](C)CC2)[C@H](C)C1,CCOC(=O)N1C[C@@H](C)N(c2nc3cc(-c4noc(=O)[nH]4)nc(-c4cncc(Cl)c4)c3n2C[C@H]2CC[C@H](C)CC2)[C@H](C)C1,2.0,8.698970004336019,8.698970004336019,,1,active
CHEMBL3965668,CCOC(=O)N1C[C@H](C)N(c2nc3cc(-c4nc(=O)o[nH]4)nc(-c4cncc(Cl)c4)c3n2C[C@H]2CC[C@H](C)CC2)[C@@H](C)C1,CCOC(=O)N1C[C@H](C)N(c2nc3cc(-c4nc(=O)o[nH]4)nc(-c4cncc(Cl)c4)c3n2C[C@H]2CC[C@H](C)CC2)[C@@H](C)C1,2.0,8.698970004336019,8.698970004336019,,1,active
CHEMBL5179024,CCOC(=O)[C@@H](Cc1ccccc1)NC(=O)[C@H](CC(C)C)NC(=O)C(=O)c1c(-c2ccccc2)[nH]c2ccc(N=C=S)cc12,CCOC(=O)[C@@H](Cc1ccccc1)NC(=O)[C@H](CC(C)C)NC(=O)C(=O)c1c(-c2ccccc2)[nH]c2ccc(N=C=S)cc12,6.81,8.166852888087215,8.166852888087215,,1,active
CHEMBL5172740,CCOC(=O)[C@@H](Cc1ccccc1)NC(=O)[C@H](CC(C)C)NC(=O)C(=O)c1c(-c2ccccc2)[nH]c2ccccc12,CCOC(=O)[C@@H](Cc1ccccc1)NC(=O)[C@H](CC(C)C)NC(=O)C(=O)c1c(-c2ccccc2)[nH]c2ccccc12,11.65,7.933674074637962,7.933674074637962,,1,active
CHEMBL4114861,CCOC(=O)[C@H](C1CC1)N1C(=O)[C@@H](CC(=O)O)C[C@H](c2cccc(Cl)c2)[C@H]1c1ccc(Cl)cc1,CCOC(=O)[C@H](C1CC1)N1C(=O)[C@@H](CC(=O)O)C[C@H](c2cccc(Cl)c2)[C@H]1c1ccc(Cl)cc1,40.0,7.3979400086720375,7.3979400086720375,,1,active
CHEMBL4107995,CCOC(=O)[C@H](C1CC1)N1C(=O)[C@@](C)(CC(=O)O)C[C@H](c2cccc(Cl)c2)C1c1ccc(Cl)cc1,CCOC(=O)[C@H](C1CC1)N1C(=O)[C@@](C)(CC(=O)O)C[C@H](c2cccc(Cl)c2)C1c1ccc(Cl)cc1,5.5,8.5,8.5,,2,active
CHEMBL5867363,CCOC(=O)[C@H](CC(C)C)N1C(=O)[C@@H](CC(=O)O)C[C@H](c2cccc(Cl)c2)[C@H]1c1ccc(Cl)cc1,CCOC(=O)[C@H](CC(C)C)N1C(=O)[C@@H](CC(=O)O)C[C@H](c2cccc(Cl)c2)[C@H]1c1ccc(Cl)cc1,190.0,6.721246399047171,6.721246399047171,,1,active
CHEMBL4109586,CCOC(=O)[C@H](CC)N1C(=O)[C@@H](CC(=O)NCCCN2CCOCC2)C[C@H](c2cccc(Cl)c2)[C@H]1c1ccc(Cl)cc1,CCOC(=O)[C@H](CC)N1C(=O)[C@@H](CC(=O)NCCCN2CCOCC2)C[C@H](c2cccc(Cl)c2)[C@H]1c1ccc(Cl)cc1,2090.0,5.679853713888946,5.679853713888946,,1,intermediate
CHEMBL4109575,CCOC(=O)[C@H](CC)N1C(=O)[C@@H](CC(=O)NS(C)(=O)=O)C[C@H](c2cccc(Cl)c2)[C@H]1c1ccc(Cl)cc1,CCOC(=O)[C@H](CC)N1C(=O)[C@@H](CC(=O)NS(C)(=O)=O)C[C@H](c2cccc(Cl)c2)[C@H]1c1ccc(Cl)cc1,130.0,6.886056647693163,6.886056647693163,,1,active
CHEMBL2177186,CCOC(=O)[C@H](CC)N1C(=O)[C@@H](CC(=O)O)C[C@H](c2cccc(Cl)c2)[C@H]1c1ccc(Cl)cc1,CCOC(=O)[C@H](CC)N1C(=O)[C@@H](CC(=O)O)C[C@H](c2cccc(Cl)c2)[C@H]1c1ccc(Cl)cc1,35.0,7.610924374808178,7.610924374808178,,2,active
CHEMBL5982038,CCOC(=O)[C@H](CC)N1C(=O)[C@@](C)(CC(=O)O)C[C@H](c2cccc(Cl)c2)C1c1ccc(Cl)cc1,CCOC(=O)[C@H](CC)N1C(=O)[C@@](C)(CC(=O)O)C[C@H](c2cccc(Cl)c2)C1c1ccc(Cl)cc1,11.5,8.110924374808178,8.110924374808178,,2,active
CHEMBL3819416,CCOC(=O)[C@H](Cc1ccccc1)NC(=O)[C@H](CC(C)C)NC(=O)C(=O)c1c(-c2ccccc2)[nH]c2ccccc12,CCOC(=O)[C@H](Cc1ccccc1)NC(=O)[C@H](CC(C)C)NC(=O)C(=O)c1c(-c2ccccc2)[nH]c2ccccc12,11.65,7.933674074637962,7.933674074637962,,1,active
CHEMBL3943959,CCOC(=O)c1cc2nc(N3CCOC[C@H]3c3ccccc3)n(CC3CCC(C)CC3)c2c(-c2cncc(Cl)c2)n1,CCOC(=O)c1cc2nc(N3CCOC[C@H]3c3ccccc3)n(CC3CCC(C)CC3)c2c(-c2cncc(Cl)c2)n1,53.0,7.275724130399211,7.275724130399211,,1,active
CHEMBL3654193,CCOC(=O)c1cc2nc(N3CCOC[C@H]3c3ccccc3)n(C[C@H]3CC[C@H](C)CC3)c2c(-c2cncc(Cl)c2)n1,CCOC(=O)c1cc2nc(N3CCOC[C@H]3c3ccccc3)n(C[C@H]3CC[C@H](C)CC3)c2c(-c2cncc(Cl)c2)n1,53.0,7.275724130399211,7.275724130399211,,1,active
CHEMBL3291438,CCOC(=O)c1ccc(-c2c(C)[nH]c(-c3ccccc3)c2-c2ccccc2)[nH]c1=O,CCOC(=O)c1ccc(-c2c(C)[nH]c(-c3ccccc3)c2-c2ccccc2)[nH]c1=O,550.0,6.259637310505756,6.259637310505756,,1,active
CHEMBL3291436,CCOC(=O)c1ccc(-c2c(C)[nH]c(-c3ccccc3)c2-c2ccccc2)nc1-c1ccccc1,CCOC(=O)c1ccc(-c2c(C)[nH]c(-c3ccccc3)c2-c2ccccc2)nc1-c1ccccc1,610.0,6.214670164989233,6.214670164989233,,1,active
CHEMBL3291435,CCOC(=O)c1ccc(-c2c(C)[nH]c(-c3ccccc3)c2-c2ccccc2)nc1C,CCOC(=O)c1ccc(-c2c(C)[nH]c(-c3ccccc3)c2-c2ccccc2)nc1C,780.0,6.107905397309519,6.107905397309519,,1,active
CHEMBL3220096,CCOC(=O)c1ccc(-n2c(-c3ccccc3)cc(C=C3C(=O)NC(=S)NC3=O)c2-c2ccccc2)cc1,CCOC(=O)c1ccc(-n2c(-c3ccccc3)cc(C=C3C(=O)NC(=S)NC3=O)c2-c2ccccc2)cc1,700.0,6.154901959985743,6.154901959985743,,1,active
CHEMBL5866783,CCOC(=O)c1ccc(NC(=O)[C@@H]2N[C@@H](C[C@@H](C)C(F)(F)F)[C@@]3(C(=O)Nc4cc(Cl)ccc43)C2c2cccc(Cl)c2F)c(OC)c1,CCOC(=O)c1ccc(NC(=O)[C@@H]2N[C@@H](C[C@@H](C)C(F)(F)F)[C@@]3(C(=O)Nc4cc(Cl)ccc43)C2c2cccc(Cl)c2F)c(OC)c1,7.2,8.142667503568731,8.142667503568731,,1,active
CHEMBL3650019,CCOC(C)c1nc2cc(-c3noc(=O)[nH]3)nc(-c3cncc(Cl)c3)c2n1C(C)[C@H]1CC[C@H](C)CC1,CCOC(C)c1nc2cc(-c3noc(=O)[nH]3)nc(-c3cncc(Cl)c3)c2n1C(C)[C@H]1CC[C@H](C)CC1,4.5,8.34948500216801,8.34948500216801,,4,active
CHEMBL3649961,CCOC(C)c1nc2cc(-c3noc(=O)[nH]3)nc(-c3cncc(Cl)c3)c2n1C[C@H]1CC[C@H](C)CC1,CCOC(C)c1nc2cc(-c3noc(=O)[nH]3)nc(-c3cncc(Cl)c3)c2n1C[C@H]1CC[C@H](C)CC1,13.5,7.895242492728684,7.895242492728684,,4,active
CHEMBL3649962,CCOC(CC)c1nc2cc(-c3noc(=O)[nH]3)nc(-c3cncc(Cl)c3)c2n1C[C@H]1CC[C@H](C)CC1,CCOC(CC)c1nc2cc(-c3noc(=O)[nH]3)nc(-c3cncc(Cl)c3)c2n1C[C@H]1CC[C@H](C)CC1,6.0,8.247425010840047,8.247425010840047,,4,active
CHEMBL3649965,CCOC(CO)c1nc2cc(-c3noc(=O)[nH]3)nc(-c3cncc(Cl)c3)c2n1C[C@H]1CC[C@H](C)CC1,CCOC(CO)c1nc2cc(-c3noc(=O)[nH]3)nc(-c3cncc(Cl)c3)c2n1C[C@H]1CC[C@H](C)CC1,15.0,7.823908740944319,7.823908740944319,,2,active
CHEMBL3650020,CCOC(COC)c1nc2cc(-c3noc(=O)[nH]3)nc(-c3cncc(Cl)c3)c2n1C(C)[C@H]1CC[C@H](C)CC1,CCOC(COC)c1nc2cc(-c3noc(=O)[nH]3)nc(-c3cncc(Cl)c3)c2n1C(C)[C@H]1CC[C@H](C)CC1,5.0,8.301029995663981,8.301029995663981,,3,active
CHEMBL3649966,CCOC(COC)c1nc2cc(-c3noc(=O)[nH]3)nc(-c3cncc(Cl)c3)c2n1C[C@H]1CC[C@H](C)CC1,CCOC(COC)c1nc2cc(-c3noc(=O)[nH]3)nc(-c3cncc(Cl)c3)c2n1C[C@H]1CC[C@H](C)CC1,9.0,8.045757490560675,8.045757490560675,,2,active
CHEMBL3649970,CCOC(c1ccccc1)c1nc2cc(-c3noc(=O)[nH]3)nc(-c3cncc(Cl)c3)c2n1C[C@H]1CC[C@H](C)CC1,CCOC(c1ccccc1)c1nc2cc(-c3noc(=O)[nH]3)nc(-c3cncc(Cl)c3)c2n1C[C@H]1CC[C@H](C)CC1,2.5,8.698970004336019,8.698970004336019,,4,active
CHEMBL3649974,CCOC(c1ccccn1)c1nc2cc(-c3noc(=O)[nH]3)nc(-c3cncc(Cl)c3)c2n1C[C@H]1CC[C@H](C)CC1,CCOC(c1ccccn1)c1nc2cc(-c3noc(=O)[nH]3)nc(-c3cncc(Cl)c3)c2n1C[C@H]1CC[C@H](C)CC1,4.0,8.460409376976187,8.460409376976187,,4,active
CHEMBL3649975,CCOC(c1cccnc1)c1nc2cc(-c3noc(=O)[nH]3)nc(-c3cncc(Cl)c3)c2n1C[C@H]1CC[C@H](C)CC1,CCOC(c1cccnc1)c1nc2cc(-c3noc(=O)[nH]3)nc(-c3cncc(Cl)c3)c2n1C[C@H]1CC[C@H](C)CC1,5.0,8.301029995663981,8.301029995663981,,2,active
CHEMBL3649977,CCOC(c1ccn(C)n1)c1nc2cc(-c3noc(=O)[nH]3)nc(-c3cncc(Cl)c3)c2n1C[C@H]1CC[C@H](C)CC1,CCOC(c1ccn(C)n1)c1nc2cc(-c3noc(=O)[nH]3)nc(-c3cncc(Cl)c3)c2n1C[C@H]1CC[C@H](C)CC1,3.0,8.522878745280337,8.522878745280337,,2,active
CHEMBL3649976,CCOC(c1cscn1)c1nc2cc(-c3noc(=O)[nH]3)nc(-c3cncc(Cl)c3)c2n1C[C@H]1CC[C@H](C)CC1,CCOC(c1cscn1)c1nc2cc(-c3noc(=O)[nH]3)nc(-c3cncc(Cl)c3)c2n1C[C@H]1CC[C@H](C)CC1,3.0,8.522878745280337,8.522878745280337,,6,active
CHEMBL3654192,CCOC(c1nc2cc(-c3n[nH]c(=O)[nH]3)nc(-c3cncc(Cl)c3)c2n1C[C@H]1CC[C@H](C)CC1)C1CCCC1,CCOC(c1nc2cc(-c3n[nH]c(=O)[nH]3)nc(-c3cncc(Cl)c3)c2n1C[C@H]1CC[C@H](C)CC1)C1CCCC1,3.0,8.522878745280337,8.522878745280337,,1,active
CHEMBL3649960,CCOC(c1nc2cc(-c3n[nH]c(=O)o3)nc(-c3cncc(Cl)c3)c2n1C[C@H]1CC[C@H](C)CC1)C1CCCC1,CCOC(c1nc2cc(-c3n[nH]c(=O)o3)nc(-c3cncc(Cl)c3)c2n1C[C@H]1CC[C@H](C)CC1)C1CCCC1,8.0,8.110924374808178,8.110924374808178,,4,active
CHEMBL3650018,CCOC(c1nc2cc(-c3noc(=O)[nH]3)nc(-c3cncc(Cl)c3)c2n1C(C)[C@H]1CC[C@H](C)CC1)C1CC1,CCOC(c1nc2cc(-c3noc(=O)[nH]3)nc(-c3cncc(Cl)c3)c2n1C(C)[C@H]1CC[C@H](C)CC1)C1CC1,4.0,8.397940008672037,8.397940008672037,,6,active
CHEMBL3649967,CCOC(c1nc2cc(-c3noc(=O)[nH]3)nc(-c3cncc(Cl)c3)c2n1C[C@H]1CC[C@H](C)CC1)C1CC1,CCOC(c1nc2cc(-c3noc(=O)[nH]3)nc(-c3cncc(Cl)c3)c2n1C[C@H]1CC[C@H](C)CC1)C1CC1,2.0,8.698970004336019,8.698970004336019,,6,active
CHEMBL3649959,CCOC(c1nc2cc(-c3noc(=O)[nH]3)nc(-c3cncc(Cl)c3)c2n1C[C@H]1CC[C@H](C)CC1)C1CCCC1,CCOC(c1nc2cc(-c3noc(=O)[nH]3)nc(-c3cncc(Cl)c3)c2n1C[C@H]1CC[C@H](C)CC1)C1CCCC1,2.0,8.698970004336019,8.698970004336019,,3,active
CHEMBL3649968,CCOC(c1nc2cc(-c3noc(=O)[nH]3)nc(-c3cncc(Cl)c3)c2n1C[C@H]1CC[C@H](C)CC1)C1CCOCC1,CCOC(c1nc2cc(-c3noc(=O)[nH]3)nc(-c3cncc(Cl)c3)c2n1C[C@H]1CC[C@H](C)CC1)C1CCOCC1,3.0,8.522878745280337,8.522878745280337,,6,active
CHEMBL5923914,CCOC1(c2nc3nc(-c4noc(=O)[nH]4)nc(N[C@H](C)C4CCC4)c3n2C[C@H]2CC[C@H](C)CC2)CCC1,CCOC1(c2nc3nc(-c4noc(=O)[nH]4)nc(N[C@H](C)C4CCC4)c3n2C[C@H]2CC[C@H](C)CC2)CCC1,4.218,8.374893424596532,8.374893424596532,,1,active
CHEMBL5836424,CCOCC(C)(O)c1cc(F)c2c(c1)C(=O)N(Cc1ccc(Cl)cn1)[C@@]2(O[C@H]1CCOC1)c1ccc(Cl)cc1,CCOCC(C)(O)c1cc(F)c2c(c1)C(=O)N(Cc1ccc(Cl)cn1)[C@@]2(O[C@H]1CCOC1)c1ccc(Cl)cc1,8.85,8.462226519303734,8.462226519303734,,2,active
CHEMBL5769851,CCOCC(C)(O)c1ccc2c(c1)C(=O)N(Cc1ccc(Cl)cn1)[C@@]2(OC)c1ccc(Cl)cc1,CCOCC(C)(O)c1ccc2c(c1)C(=O)N(Cc1ccc(Cl)cn1)[C@@]2(OC)c1ccc(Cl)cc1,41.0,7.3872161432802645,7.3872161432802645,,1,active
CHEMBL3649994,CCOCC(C)c1nc2cc(-c3noc(=O)[nH]3)nc(-c3cncc(Cl)c3)c2n1C[C@H]1CC[C@H](C)CC1,CCOCC(C)c1nc2cc(-c3noc(=O)[nH]3)nc(-c3cncc(Cl)c3)c2n1C[C@H]1CC[C@H](C)CC1,8.0,8.096910013008056,8.096910013008056,,2,active
CHEMBL6012407,CCOCC1CCCN1c1nc2nc(-c3noc(=O)[nH]3)nc(N[C@H](C)C3CCC3)c2n1C[C@H]1CC[C@H](C)CC1,CCOCC1CCCN1c1nc2nc(-c3noc(=O)[nH]3)nc(N[C@H](C)C3CCC3)c2n1C[C@H]1CC[C@H](C)CC1,7.995,8.097181531917746,8.097181531917746,,1,active
CHEMBL3650021,CCON(COC)c1nc2cc(-c3noc(=O)[nH]3)nc(-c3cncc(Cl)c3)c2n1C(C)[C@H]1CC[C@H](C)CC1,CCON(COC)c1nc2cc(-c3noc(=O)[nH]3)nc(-c3cncc(Cl)c3)c2n1C(C)[C@H]1CC[C@H](C)CC1,3.0,8.522878745280337,8.522878745280337,,1,active
CHEMBL3649898,CCO[C@@H]1C[C@@H](CF)N(c2nc3cc(-c4noc(=O)[nH]4)nc(-c4cncc(Cl)c4)c3n2C[C@H]2CC[C@H](C)CC2)C1,CCO[C@@H]1C[C@@H](CF)N(c2nc3cc(-c4noc(=O)[nH]4)nc(-c4cncc(Cl)c4)c3n2C[C@H]2CC[C@H](C)CC2)C1,1.0,9.0,9.0,,2,active
CHEMBL5837806,CCO[C@]1(c2ccc(Cl)cc2)c2c(F)cc([C@](O)(CC)C3(F)CCOCC3)cc2C(=O)N1[C@@H](CC(=O)O)c1ccc(Cl)cc1,CCO[C@]1(c2ccc(Cl)cc2)c2c(F)cc([C@](O)(CC)C3(F)CCOCC3)cc2C(=O)N1[C@@H](CC(=O)O)c1ccc(Cl)cc1,30529.5,5.721909076673544,5.721909076673544,,2,inactive
CHEMBL5886228,CCO[C@]1(c2ccc(Cl)cc2)c2c(F)cc([C@](O)(CC)C3CCOCC3)cc2C(=O)N1Cc1ccc(Cl)cc1C(=O)O,CCO[C@]1(c2ccc(Cl)cc2)c2c(F)cc([C@](O)(CC)C3CCOCC3)cc2C(=O)N1Cc1ccc(Cl)cc1C(=O)O,43517.0,5.764500915169563,5.764500915169563,,2,inactive
CHEMBL2386167,CCOc1cc(C(C)(C)C)ccc1C1=N[C@@](C)(c2ccc(Cl)cc2)[C@@H](c2ccc(Cl)cc2)N1C(=O)N1CCN(CCCS(C)(=O)=O)CC1,CCOc1cc(C(C)(C)C)ccc1C1=N[C@@](C)(c2ccc(Cl)cc2)[C@@H](c2ccc(Cl)cc2)N1C(=O)N1CCN(CCCS(C)(=O)=O)CC1,232.0,6.634512015109101,6.634512015109101,,1,active
CHEMBL2386170,CCOc1cc(C(C)(C)C)ccc1C1=N[C@@](C)(c2ccc(Cl)cc2)[C@@](C)(c2ccc(Cl)cc2)N1C(=O)N1CCCCC1,CCOc1cc(C(C)(C)C)ccc1C1=N[C@@](C)(c2ccc(Cl)cc2)[C@@](C)(c2ccc(Cl)cc2)N1C(=O)N1CCCCC1,209.0,6.679853713888946,6.679853713888946,,1,active
CHEMBL2386343,CCOc1cc(C(C)(C)C)ccc1C1=N[C@@](C)(c2ccc(Cl)cc2)[C@@](C)(c2ccc(Cl)cc2)N1C(=O)N1CCN(C(C)=O)CC1,CCOc1cc(C(C)(C)C)ccc1C1=N[C@@](C)(c2ccc(Cl)cc2)[C@@](C)(c2ccc(Cl)cc2)N1C(=O)N1CCN(C(C)=O)CC1,23.0,7.638272163982407,7.638272163982407,,1,active
CHEMBL2386349,CCOc1cc(C(C)(C)C)ccc1C1=N[C@@](C)(c2ccc(Cl)cc2)[C@@](C)(c2ccc(Cl)cc2)N1C(=O)N1CCN(CC(=O)N2CCCC2)CC1,CCOc1cc(C(C)(C)C)ccc1C1=N[C@@](C)(c2ccc(Cl)cc2)[C@@](C)(c2ccc(Cl)cc2)N1C(=O)N1CCN(CC(=O)N2CCCC2)CC1,14.0,7.853871964321762,7.853871964321762,,1,active
CHEMBL2386350,CCOc1cc(C(C)(C)C)ccc1C1=N[C@@](C)(c2ccc(Cl)cc2)[C@@](C)(c2ccc(Cl)cc2)N1C(=O)N1CCN(CC(=O)N2CCOCC2)CC1,CCOc1cc(C(C)(C)C)ccc1C1=N[C@@](C)(c2ccc(Cl)cc2)[C@@](C)(c2ccc(Cl)cc2)N1C(=O)N1CCN(CC(=O)N2CCOCC2)CC1,18.0,7.7447274948966935,7.7447274948966935,,1,active
CHEMBL2386344,CCOc1cc(C(C)(C)C)ccc1C1=N[C@@](C)(c2ccc(Cl)cc2)[C@@](C)(c2ccc(Cl)cc2)N1C(=O)N1CCN(CCC(F)(F)F)CC1,CCOc1cc(C(C)(C)C)ccc1C1=N[C@@](C)(c2ccc(Cl)cc2)[C@@](C)(c2ccc(Cl)cc2)N1C(=O)N1CCN(CCC(F)(F)F)CC1,22.0,7.657577319177793,7.657577319177793,,1,active
CHEMBL2386346,CCOc1cc(C(C)(C)C)ccc1C1=N[C@@](C)(c2ccc(Cl)cc2)[C@@](C)(c2ccc(Cl)cc2)N1C(=O)N1CCN(CCCS(C)(=O)=O)CC1,CCOc1cc(C(C)(C)C)ccc1C1=N[C@@](C)(c2ccc(Cl)cc2)[C@@](C)(c2ccc(Cl)cc2)N1C(=O)N1CCN(CCCS(C)(=O)=O)CC1,18.0,7.7447274948966935,7.7447274948966935,,4,active
CHEMBL2386348,CCOc1cc(C(C)(C)C)ccc1C1=N[C@@](C)(c2ccc(Cl)cc2)[C@@](C)(c2ccc(Cl)cc2)N1C(=O)N1CCN(CCNC(C)=O)CC1,CCOc1cc(C(C)(C)C)ccc1C1=N[C@@](C)(c2ccc(Cl)cc2)[C@@](C)(c2ccc(Cl)cc2)N1C(=O)N1CCN(CCNC(C)=O)CC1,33.0,7.481486060122112,7.481486060122112,,1,active
CHEMBL2386347,CCOc1cc(C(C)(C)C)ccc1C1=N[C@@](C)(c2ccc(Cl)cc2)[C@@](C)(c2ccc(Cl)cc2)N1C(=O)N1CCN(CCNS(C)(=O)=O)CC1,CCOc1cc(C(C)(C)C)ccc1C1=N[C@@](C)(c2ccc(Cl)cc2)[C@@](C)(c2ccc(Cl)cc2)N1C(=O)N1CCN(CCNS(C)(=O)=O)CC1,46.0,7.337242168318426,7.337242168318426,,1,active
CHEMBL2386345,CCOc1cc(C(C)(C)C)ccc1C1=N[C@@](C)(c2ccc(Cl)cc2)[C@@](C)(c2ccc(Cl)cc2)N1C(=O)N1CCN(CCO)CC1,CCOc1cc(C(C)(C)C)ccc1C1=N[C@@](C)(c2ccc(Cl)cc2)[C@@](C)(c2ccc(Cl)cc2)N1C(=O)N1CCN(CCO)CC1,26.0,7.585026652029182,7.585026652029182,,1,active
CHEMBL2386168,CCOc1cc(C(C)(C)C)ccc1C1=N[C@@](C)(c2ccc(Cl)cc2)[C@@](C)(c2ccc(Cl)cc2)N1C(=O)N1CCNC(=O)C1,CCOc1cc(C(C)(C)C)ccc1C1=N[C@@](C)(c2ccc(Cl)cc2)[C@@](C)(c2ccc(Cl)cc2)N1C(=O)N1CCNC(=O)C1,52.0,7.2839966563652006,7.2839966563652006,,1,active
CHEMBL2386169,CCOc1cc(C(C)(C)C)ccc1C1=N[C@@](C)(c2ccc(Cl)cc2)[C@@](C)(c2ccc(Cl)cc2)N1C(=O)N1CCNCC1,CCOc1cc(C(C)(C)C)ccc1C1=N[C@@](C)(c2ccc(Cl)cc2)[C@@](C)(c2ccc(Cl)cc2)N1C(=O)N1CCNCC1,30.0,7.522878745280337,7.522878745280337,,1,active
CHEMBL2386351,CCOc1cc(C(C)(C)C)ccc1C1=N[C@@](CC)(c2ccc(Cl)cc2)[C@@](CC)(c2ccc(Cl)cc2)N1C(=O)N1CCN(CCCS(C)(=O)=O)CC1,CCOc1cc(C(C)(C)C)ccc1C1=N[C@@](CC)(c2ccc(Cl)cc2)[C@@](CC)(c2ccc(Cl)cc2)N1C(=O)N1CCN(CCCS(C)(=O)=O)CC1,2163.0,5.6649434805609085,5.6649434805609085,,1,intermediate
CHEMBL5991667,CCOc1cc(C(C)C)cc(-c2nc3nc(C(=O)O)nc(N[C@H](C)C4CCC4)c3n2C[C@H]2CC[C@H](C)CC2)n1,CCOc1cc(C(C)C)cc(-c2nc3nc(C(=O)O)nc(N[C@H](C)C4CCC4)c3n2C[C@H]2CC[C@H](C)CC2)n1,4.438,8.35281270210401,8.35281270210401,,1,active
CHEMBL5954209,CCOc1cc(C(F)(F)F)ccc1Cn1c(-c2cccc(C)c2)nc2nc(C(=O)O)nc(N[C@H](C)C3CCC3)c21,CCOc1cc(C(F)(F)F)ccc1Cn1c(-c2cccc(C)c2)nc2nc(C(=O)O)nc(N[C@H](C)C3CCC3)c21,206.7,6.684659523372712,6.684659523372712,,1,active
CHEMBL2381406,CCOc1cc(OC)ccc1C1=NC(c2ccc(Br)cc2)C(c2ccc(Br)cc2)N1C(=O)N1CCN(CCO)CC1,CCOc1cc(OC)ccc1C1=NC(c2ccc(Br)cc2)C(c2ccc(Br)cc2)N1C(=O)N1CCN(CCO)CC1,120.0,6.926935982160881,6.926935982160881,,2,active
CHEMBL407632,CCOc1cc(OC)ccc1C1=N[C@@H](c2ccc(Br)cc2)[C@@H](c2ccc(Br)cc2)N1C(=O)N1CCN(CCO)CC1,CCOc1cc(OC)ccc1C1=N[C@@H](c2ccc(Br)cc2)[C@@H](c2ccc(Br)cc2)N1C(=O)N1CCN(CCO)CC1,140.0,6.853871964321762,6.853871964321762,,3,active
CHEMBL3683109,CCOc1cc2c(cc1OCC)C(c1ccc(Cl)cc1)N(c1ccc(C)cc1OCC(=O)O)C(=O)C2,CCOc1cc2c(cc1OCC)C(c1ccc(Cl)cc1)N(c1ccc(C)cc1OCC(=O)O)C(=O)C2,1677.5,5.77533747115897,5.77533747115897,,1,intermediate
CHEMBL3683108,CCOc1cc2c(cc1OCC)C(c1ccc(Cl)cc1)N(c1ccc(C)cc1OCCCN1CCOCC1)C(=O)C2,CCOc1cc2c(cc1OCC)C(c1ccc(Cl)cc1)N(c1ccc(C)cc1OCCCN1CCOCC1)C(=O)C2,884.3,6.053400374984868,6.053400374984868,,1,active
CHEMBL3604660,CCOc1cc2c(cc1OCC)C(c1ccc(Cl)cc1)N(c1ccc(C)cc1OCc1nn[nH]n1)C(=O)C2,CCOc1cc2c(cc1OCC)C(c1ccc(Cl)cc1)N(c1ccc(C)cc1OCc1nn[nH]n1)C(=O)C2,388.9,6.41016205685254,6.41016205685254,,1,active
CHEMBL3683115,CCOc1cc2c(cc1O[C@H](C)CC)C(c1ccc(Cl)cc1)N(c1ccc(OC)cc1)C(=O)C2,CCOc1cc2c(cc1O[C@H](C)CC)C(c1ccc(Cl)cc1)N(c1ccc(OC)cc1)C(=O)C2,245.8,6.609418121449565,6.609418121449565,,1,active
CHEMBL5901307,CCOc1ccc(-c2nc3nc(C(=O)O)nc(N[C@H](C)C4CC4)c3n2Cc2ccc(C(F)(F)F)cc2)cn1,CCOc1ccc(-c2nc3nc(C(=O)O)nc(N[C@H](C)C4CC4)c3n2Cc2ccc(C(F)(F)F)cc2)cn1,612.9,6.21261037864789,6.21261037864789,,1,active
CHEMBL5938993,CCOc1ccc(C(C)C)cc1-c1nc2nc(C(=O)O)nc(N[C@H](C)C3CCC3)c2n1Cc1ccc(C(F)(F)F)cc1,CCOc1ccc(C(C)C)cc1-c1nc2nc(C(=O)O)nc(N[C@H](C)C3CCC3)c2n1Cc1ccc(C(F)(F)F)cc1,29.43,7.531209737900389,7.531209737900389,,1,active
CHEMBL5848835,CCOc1ccc(C(F)(F)F)cc1-c1nc2nc(C(=O)O)nc(N[C@H](C)C3CCC3)c2n1Cc1ccc(C(F)(F)F)cc1,CCOc1ccc(C(F)(F)F)cc1-c1nc2nc(C(=O)O)nc(N[C@H](C)C3CCC3)c2n1Cc1ccc(C(F)(F)F)cc1,19.8,7.703334809738469,7.703334809738469,,1,active
CHEMBL5984580,CCOc1ccc(C)cc1-c1nc2nc(C(=O)O)nc(N[C@H](C)C3CC3)c2n1Cc1ccc(Cl)cc1,CCOc1ccc(C)cc1-c1nc2nc(C(=O)O)nc(N[C@H](C)C3CC3)c2n1Cc1ccc(Cl)cc1,123.3,6.909036923404269,6.909036923404269,,1,active
CHEMBL6032464,CCOc1ccc(C)cc1-c1nc2nc(C(=O)O)nc(N[C@H](C)C3CCC3)c2n1Cc1ccc(C(F)(F)F)cc1,CCOc1ccc(C)cc1-c1nc2nc(C(=O)O)nc(N[C@H](C)C3CCC3)c2n1Cc1ccc(C(F)(F)F)cc1,15.81,7.801068130067791,7.801068130067791,,1,active
CHEMBL6041333,CCOc1ccc(C)cc1-c1nc2nc(C(=O)O)nc(N[C@H](C)C3CCC3)c2n1Cc1ccc(Cl)cc1,CCOc1ccc(C)cc1-c1nc2nc(C(=O)O)nc(N[C@H](C)C3CCC3)c2n1Cc1ccc(Cl)cc1,32.05,7.494171966145164,7.494171966145164,,1,active
CHEMBL5774148,CCOc1ccc(CC)cc1-c1nc2nc(C(=O)O)nc(N[C@H](C)C3CCC3)c2n1Cc1ccc(C(F)(F)F)cc1,CCOc1ccc(CC)cc1-c1nc2nc(C(=O)O)nc(N[C@H](C)C3CCC3)c2n1Cc1ccc(C(F)(F)F)cc1,23.62,7.6267201067225034,7.6267201067225034,,1,active
CHEMBL6036688,CCOc1cccc(-c2nc3nc(C(=O)O)nc(N[C@H](C)C4CC4)c3n2Cc2ccc(C(F)(F)F)cc2)c1,CCOc1cccc(-c2nc3nc(C(=O)O)nc(N[C@H](C)C4CC4)c3n2Cc2ccc(C(F)(F)F)cc2)c1,304.0,6.517126416391246,6.517126416391246,,1,active
CHEMBL5865371,CCOc1cccc(-c2nc3nc(C(=O)O)nc(N[C@H](C)C4CCC4)c3n2Cc2ccc(C(F)(F)F)cc2)c1,CCOc1cccc(-c2nc3nc(C(=O)O)nc(N[C@H](C)C4CCC4)c3n2Cc2ccc(C(F)(F)F)cc2)c1,40.16,7.396206295863037,7.396206295863037,,1,active
CHEMBL6057682,CCOc1cccc(CN2[C@@H]3CCn4c(nc5cc(C(=O)O)ccc54)[C@@H]3[C@@H](c3cccc(Cl)c3F)[C@@]23C(=O)Nc2cc(Cl)ccc23)c1,CCOc1cccc(CN2[C@@H]3CCn4c(nc5cc(C(=O)O)ccc54)[C@@H]3[C@@H](c3cccc(Cl)c3F)[C@@]23C(=O)Nc2cc(Cl)ccc23)c1,48.0,7.318758762624412,7.318758762624412,,1,active
CHEMBL6064720,CCOc1cccc(CN2[C@@H]3COc4c5ccc(C(=O)O)cc5nn4[C@@H]3[C@@H](c3cccc(Cl)c3F)[C@@]23C(=O)Nc2cc(Cl)ccc23)c1,CCOc1cccc(CN2[C@@H]3COc4c5ccc(C(=O)O)cc5nn4[C@@H]3[C@@H](c3cccc(Cl)c3F)[C@@]23C(=O)Nc2cc(Cl)ccc23)c1,2144.0,5.668775218979268,5.668775218979268,,1,intermediate
CHEMBL6056167,CCOc1cccc(CN2[C@@H]3Cn4c(nc5cc(C(N)=O)ccc54)[C@@H]3[C@@H](c3cccc(Cl)c3F)[C@@]23C(=O)Nc2cc(Cl)ccc23)c1,CCOc1cccc(CN2[C@@H]3Cn4c(nc5cc(C(N)=O)ccc54)[C@@H]3[C@@H](c3cccc(Cl)c3F)[C@@]23C(=O)Nc2cc(Cl)ccc23)c1,99.0,7.00436480540245,7.00436480540245,,1,active
CHEMBL4760166,CCOc1cccc(CN2[C@H]3CCn4c(nc5cc(C(=O)O)ccc54)[C@H]3[C@H](c3cccc(Cl)c3F)[C@]23C(=O)Nc2cc(Cl)ccc23)c1,CCOc1cccc(CN2[C@H]3CCn4c(nc5cc(C(=O)O)ccc54)[C@H]3[C@H](c3cccc(Cl)c3F)[C@]23C(=O)Nc2cc(Cl)ccc23)c1,3.0,8.548455006504028,8.548455006504028,,2,active
CHEMBL4779757,CCOc1cccc(CN2[C@H]3CCn4c(nc5cc(C(=O)O)ccc54)[C@H]3[C@H](c3cccc(Cl)c3F)[C@]23C(=O)Nc2nc(Cl)ccc23)c1,CCOc1cccc(CN2[C@H]3CCn4c(nc5cc(C(=O)O)ccc54)[C@H]3[C@H](c3cccc(Cl)c3F)[C@]23C(=O)Nc2nc(Cl)ccc23)c1,7.0,8.154901959985743,8.154901959985743,,1,active
CHEMBL5857094,CCOc1cccc(CN2[C@H]3COc4c5cc(C(=O)O)ccc5nn4[C@H]3[C@H](c3cccc(Cl)c3F)[C@]23C(=O)Nc2cc(Cl)ccc23)c1,CCOc1cccc(CN2[C@H]3COc4c5cc(C(=O)O)ccc5nn4[C@H]3[C@H](c3cccc(Cl)c3F)[C@]23C(=O)Nc2cc(Cl)ccc23)c1,4.0,8.397940008672037,8.397940008672037,,1,active
CHEMBL6029739,CCOc1cccc(CN2[C@H]3COc4c5ccc(C(=O)O)cc5nn4[C@H]3[C@H](c3cccc(Cl)c3F)[C@]23C(=O)Nc2cc(Cl)ccc23)c1,CCOc1cccc(CN2[C@H]3COc4c5ccc(C(=O)O)cc5nn4[C@H]3[C@H](c3cccc(Cl)c3F)[C@]23C(=O)Nc2cc(Cl)ccc23)c1,5.0,8.33889035263304,8.33889035263304,,2,active
CHEMBL5820967,CCOc1cccc(CN2[C@H]3Cc4c(nc5c(C)c(C(=O)O)ccn45)[C@H]3[C@H](c3ccnc(Cl)c3F)[C@]23C(=O)Nc2cc(Cl)ccc23)c1,CCOc1cccc(CN2[C@H]3Cc4c(nc5c(C)c(C(=O)O)ccn45)[C@H]3[C@H](c3ccnc(Cl)c3F)[C@]23C(=O)Nc2cc(Cl)ccc23)c1,13.0,7.886056647693163,7.886056647693163,,1,active
CHEMBL6063528,CCOc1cccc(CN2[C@H]3Cc4c5cc(C)c(C(=O)N(C)C)cc5nn4[C@H]3[C@H](c3cccc(Cl)c3F)[C@]23C(=O)Nc2cc(Cl)ccc23)c1,CCOc1cccc(CN2[C@H]3Cc4c5cc(C)c(C(=O)N(C)C)cc5nn4[C@H]3[C@H](c3cccc(Cl)c3F)[C@]23C(=O)Nc2cc(Cl)ccc23)c1,13.0,7.886056647693163,7.886056647693163,,1,active
CHEMBL5759106,CCOc1cccc(CN2[C@H]3Cc4c5cc(C)c(C(=O)N6CCOCC6)cc5nn4[C@H]3[C@H](c3cccc(Cl)c3F)[C@]23C(=O)Nc2cc(Cl)ccc23)c1,CCOc1cccc(CN2[C@H]3Cc4c5cc(C)c(C(=O)N6CCOCC6)cc5nn4[C@H]3[C@H](c3cccc(Cl)c3F)[C@]23C(=O)Nc2cc(Cl)ccc23)c1,13.0,7.886056647693163,7.886056647693163,,1,active
CHEMBL5907195,CCOc1cccc(CN2[C@H]3Cc4c5cc(C)c(C(=O)NC)cc5nn4[C@H]3[C@H](c3cccc(Cl)c3F)[C@]23C(=O)Nc2cc(Cl)ccc23)c1,CCOc1cccc(CN2[C@H]3Cc4c5cc(C)c(C(=O)NC)cc5nn4[C@H]3[C@H](c3cccc(Cl)c3F)[C@]23C(=O)Nc2cc(Cl)ccc23)c1,5.0,8.301029995663981,8.301029995663981,,1,active
CHEMBL5863465,CCOc1cccc(CN2[C@H]3Cc4c5cc(C)c(C(=O)NCCOC)cc5nn4[C@H]3[C@H](c3cccc(Cl)c3F)[C@]23C(=O)Nc2cc(Cl)ccc23)c1,CCOc1cccc(CN2[C@H]3Cc4c5cc(C)c(C(=O)NCCOC)cc5nn4[C@H]3[C@H](c3cccc(Cl)c3F)[C@]23C(=O)Nc2cc(Cl)ccc23)c1,6.0,8.221848749616356,8.221848749616356,,1,active
CHEMBL5781522,CCOc1cccc(CN2[C@H]3Cc4c5cc(C)c(C(=O)O)cc5nn4[C@H]3[C@H](c3cccc(Cl)c3F)[C@]23C(=O)Nc2cc(Cl)ccc23)c1,CCOc1cccc(CN2[C@H]3Cc4c5cc(C)c(C(=O)O)cc5nn4[C@H]3[C@H](c3cccc(Cl)c3F)[C@]23C(=O)Nc2cc(Cl)ccc23)c1,2.0,8.698970004336019,8.698970004336019,,1,active
CHEMBL5844105,CCOc1cccc(CN2[C@H]3Cc4c5ccc(C(=O)O)cc5nn4[C@H]3[C@H](c3cccc(Cl)c3F)[C@]23C(=O)Nc2cc(Cl)ccc23)c1,CCOc1cccc(CN2[C@H]3Cc4c5ccc(C(=O)O)cc5nn4[C@H]3[C@H](c3cccc(Cl)c3F)[C@]23C(=O)Nc2cc(Cl)ccc23)c1,2.0,8.698970004336019,8.698970004336019,,1,active
CHEMBL6020554,CCOc1cccc(CN2[C@H]3Cn4c(nc5cc(C(=O)NO)ccc54)[C@H]3[C@H](c3cccc(Cl)c3F)[C@]23C(=O)Nc2cc(Cl)ccc23)c1,CCOc1cccc(CN2[C@H]3Cn4c(nc5cc(C(=O)NO)ccc54)[C@H]3[C@H](c3cccc(Cl)c3F)[C@]23C(=O)Nc2cc(Cl)ccc23)c1,3.0,8.522878745280337,8.522878745280337,,1,active
CHEMBL5842547,CCOc1cccc(CN2[C@H]3Cn4c(nc5cc(C(=O)OC)ccc54)[C@H]3[C@H](c3cccc(Cl)c3F)[C@]23C(=O)Nc2cc(Cl)ccc23)c1,CCOc1cccc(CN2[C@H]3Cn4c(nc5cc(C(=O)OC)ccc54)[C@H]3[C@H](c3cccc(Cl)c3F)[C@]23C(=O)Nc2cc(Cl)ccc23)c1,5.0,8.301029995663981,8.301029995663981,,1,active
CHEMBL5872126,CCOc1cccc(CN2[C@H]3Cn4c(nc5cc(C(N)=O)ccc54)[C@H]3[C@H](c3cccc(Cl)c3F)[C@]23C(=O)Nc2cc(Cl)ccc23)c1,CCOc1cccc(CN2[C@H]3Cn4c(nc5cc(C(N)=O)ccc54)[C@H]3[C@H](c3cccc(Cl)c3F)[C@]23C(=O)Nc2cc(Cl)ccc23)c1,3.0,8.548455006504028,8.548455006504028,,2,active
CHEMBL5803837,CCOc1ccccc1Cn1c(-c2cccc(C)c2)nc2nc(C(=O)O)nc(N[C@H](C)C3CCC3)c21,CCOc1ccccc1Cn1c(-c2cccc(C)c2)nc2nc(C(=O)O)nc(N[C@H](C)C3CCC3)c21,1836.0,5.7361273231347765,5.7361273231347765,,1,intermediate
CHEMBL5964676,CCOc1ccnc(-c2nc3nc(C(=O)O)nc(N[C@H](C)C4CCC4)c3n2Cc2ccc(C(F)(F)F)cc2)c1,CCOc1ccnc(-c2nc3nc(C(=O)O)nc(N[C@H](C)C4CCC4)c3n2Cc2ccc(C(F)(F)F)cc2)c1,11.77,7.929223537156565,7.929223537156565,,1,active
CHEMBL5919698,CCOc1nc(C(=O)O)nc2nc(-c3cccc(C)c3)n(Cc3ccc(C(F)(F)F)cc3)c12,CCOc1nc(C(=O)O)nc2nc(-c3cccc(C)c3)n(Cc3ccc(C(F)(F)F)cc3)c12,5899.0,5.229221603830853,5.229221603830853,,1,intermediate
CHEMBL4115157,CCS(=O)(=O)C[C@@H](N1C(=O)[C@@](C)(CC(=O)O)C[C@H](c2cccc(Cl)c2)[C@H]1c1ccc(Cl)cc1)C(C)(C)C,CCS(=O)(=O)C[C@@H](N1C(=O)[C@@](C)(CC(=O)O)C[C@H](c2cccc(Cl)c2)[C@H]1c1ccc(Cl)cc1)C(C)(C)C,0.3,9.522878745280337,9.522878745280337,,1,active
CHEMBL4110053,CCS(=O)(=O)C[C@H](C(C)C)N1C(=O)[C@@](C)(CC(=O)O)C[C@H](c2cccc(Cl)c2)[C@H]1c1ccc(Cl)cc1,CCS(=O)(=O)C[C@H](C(C)C)N1C(=O)[C@@](C)(CC(=O)O)C[C@H](c2cccc(Cl)c2)[C@H]1c1ccc(Cl)cc1,0.5,9.301029995663981,9.301029995663981,,1,active
CHEMBL4111077,CCS(=O)(=O)C[C@H](C1CC1)N1C(=O)[C@@](C)(CC(=O)CO)C[C@H](c2cccc(Cl)c2)[C@H]1c1ccc(Cl)cc1,CCS(=O)(=O)C[C@H](C1CC1)N1C(=O)[C@@](C)(CC(=O)CO)C[C@H](c2cccc(Cl)c2)[C@H]1c1ccc(Cl)cc1,4.1,8.387216143280265,8.387216143280265,,1,active
CHEMBL4106749,CCS(=O)(=O)C[C@H](C1CC1)N1C(=O)[C@@](C)(CC(=O)O)C[C@H](c2cccc(Cl)c2)[C@H]1c1ccc(Cl)cc1,CCS(=O)(=O)C[C@H](C1CC1)N1C(=O)[C@@](C)(CC(=O)O)C[C@H](c2cccc(Cl)c2)[C@H]1c1ccc(Cl)cc1,0.1,10.0,10.0,,1,active
CHEMBL6005050,CCS(=O)(=O)N(C[C@H](C1CC1)N1C(=O)[C@@](C)(CC(=O)O)C[C@H](c2cccc(Cl)c2)C1c1ccc(Cl)cc1)c1cccc(F)c1,CCS(=O)(=O)N(C[C@H](C1CC1)N1C(=O)[C@@](C)(CC(=O)O)C[C@H](c2cccc(Cl)c2)C1c1ccc(Cl)cc1)c1cccc(F)c1,0.2,9.698970004336019,9.698970004336019,,1,active
CHEMBL5812462,CCS(=O)(=O)N(C[C@H](C1CC1)N1C(=O)[C@@](C)(CC(=O)O)C[C@H](c2cccc(Cl)c2)C1c1ccc(Cl)cc1)c1ccccc1,CCS(=O)(=O)N(C[C@H](C1CC1)N1C(=O)[C@@](C)(CC(=O)O)C[C@H](c2cccc(Cl)c2)C1c1ccc(Cl)cc1)c1ccccc1,0.3,9.522878745280337,9.522878745280337,,1,active
CHEMBL5857235,CCS(=O)(=O)N(C[C@H](C1CC1)N1C(=O)[C@@](C)(CC(=O)O)C[C@H](c2cccc(Cl)c2)C1c1ccc(Cl)cc1)c1ccccc1F,CCS(=O)(=O)N(C[C@H](C1CC1)N1C(=O)[C@@](C)(CC(=O)O)C[C@H](c2cccc(Cl)c2)C1c1ccc(Cl)cc1)c1ccccc1F,0.1,10.0,10.0,,1,active
CHEMBL3965232,CCS(=O)(=O)N(C[C@H](C1CC1)N1C(=O)[C@@](C)(CC(=O)O)C[C@H](c2cccc(Cl)c2)[C@H]1c1ccc(Cl)cc1)C(F)F,CCS(=O)(=O)N(C[C@H](C1CC1)N1C(=O)[C@@](C)(CC(=O)O)C[C@H](c2cccc(Cl)c2)[C@H]1c1ccc(Cl)cc1)C(F)F,0.1,10.0,10.0,,1,active
CHEMBL4108939,CCS(=O)(=O)NC[C@H](C(C)C)N1C(=O)[C@@](C)(CC(=O)O)C[C@H](c2cccc(Cl)c2)[C@H]1c1ccc(Cl)cc1,CCS(=O)(=O)NC[C@H](C(C)C)N1C(=O)[C@@](C)(CC(=O)O)C[C@H](c2cccc(Cl)c2)[C@H]1c1ccc(Cl)cc1,16.1,7.79317412396815,7.79317412396815,,1,active
CHEMBL5932603,CCS(=O)(=O)NC[C@H](C1CC1)N1C(=O)[C@@](C)(CC(=O)O)C[C@H](c2cccc(Cl)c2)C1c1ccc(Cl)cc1,CCS(=O)(=O)NC[C@H](C1CC1)N1C(=O)[C@@](C)(CC(=O)O)C[C@H](c2cccc(Cl)c2)C1c1ccc(Cl)cc1,0.5,9.301029995663981,9.301029995663981,,1,active
CHEMBL5787888,CCS(=O)(=O)c1nc(N[C@H](C)C2CCC2)c2c(n1)nc(N1CCOC[C@H]1c1ccccc1)n2C[C@H]1CC[C@H](C)CC1,CCS(=O)(=O)c1nc(N[C@H](C)C2CCC2)c2c(n1)nc(N1CCOC[C@H]1c1ccccc1)n2C[C@H]1CC[C@H](C)CC1,20.09,7.697020063251751,7.697020063251751,,1,active
CHEMBL5956132,CC[C@@H](C(=O)CC(C)C)N1C(=O)[C@@](C)(CC(=O)O)C[C@H](c2cccc(Cl)c2)[C@H]1c1ccc(Cl)cc1,CC[C@@H](C(=O)CC(C)C)N1C(=O)[C@@](C)(CC(=O)O)C[C@H](c2cccc(Cl)c2)[C@H]1c1ccc(Cl)cc1,2.0,8.698970004336019,8.698970004336019,,1,active
CHEMBL4107560,CC[C@@H](C(=O)N(C)S(=O)(=O)C1CC1)N1C(=O)[C@@](C)(CC(=O)O)C[C@H](c2cccc(Cl)c2)[C@H]1c1ccc(Cl)cc1,CC[C@@H](C(=O)N(C)S(=O)(=O)C1CC1)N1C(=O)[C@@](C)(CC(=O)O)C[C@H](c2cccc(Cl)c2)[C@H]1c1ccc(Cl)cc1,53.0,7.275724130399211,7.275724130399211,,1,active
CHEMBL4107660,CC[C@@H](C(=O)NC(C)(C)C)N1C(=O)[C@@](C)(CC(=O)O)C[C@H](c2cccc(Cl)c2)[C@H]1c1ccc(Cl)cc1,CC[C@@H](C(=O)NC(C)(C)C)N1C(=O)[C@@](C)(CC(=O)O)C[C@H](c2cccc(Cl)c2)[C@H]1c1ccc(Cl)cc1,13.0,7.9604093769761874,7.9604093769761874,,2,active
CHEMBL4107867,CC[C@@H](C(=O)NCC(C)(C)C)N1C(=O)[C@@](C)(CC(=O)O)C[C@H](c2cccc(Cl)c2)[C@H]1c1ccc(Cl)cc1,CC[C@@H](C(=O)NCC(C)(C)C)N1C(=O)[C@@](C)(CC(=O)O)C[C@H](c2cccc(Cl)c2)[C@H]1c1ccc(Cl)cc1,13.0,7.9604093769761874,7.9604093769761874,,2,active
CHEMBL2177187,CC[C@@H](C(=O)OC(C)(C)C)N1C(=O)[C@@H](CC(=O)O)C[C@H](c2cccc(Cl)c2)[C@H]1c1ccc(Cl)cc1,CC[C@@H](C(=O)OC(C)(C)C)N1C(=O)[C@@H](CC(=O)O)C[C@H](c2cccc(Cl)c2)[C@H]1c1ccc(Cl)cc1,22.0,7.8979400086720375,7.8979400086720375,,2,active
CHEMBL4112050,CC[C@@H](C(=O)OC(C)(C)C)N1C(=O)[C@@](C)(CC(=O)O)C[C@H](c2cc(Cl)ccn2)[C@H]1c1ccc(Cl)cc1,CC[C@@H](C(=O)OC(C)(C)C)N1C(=O)[C@@](C)(CC(=O)O)C[C@H](c2cc(Cl)ccn2)[C@H]1c1ccc(Cl)cc1,12.5,8.0,8.0,,2,active
CHEMBL2059300,CC[C@@H](C(=O)OC(C)(C)C)N1C(=O)[C@@](C)(CC(=O)O)C[C@H](c2cccc(Cl)c2)[C@H]1c1ccc(Cl)cc1,CC[C@@H](C(=O)OC(C)(C)C)N1C(=O)[C@@](C)(CC(=O)O)C[C@H](c2cccc(Cl)c2)[C@H]1c1ccc(Cl)cc1,11.0,8.198970004336019,8.198970004336019,,2,active
CHEMBL4112305,CC[C@@H](C(=O)OC(C)(C)C)N1C(=O)[C@@](C)(CC(=O)O)C[C@H](c2cccc(Cl)c2)[C@H]1c1ccc(Cl)cn1,CC[C@@H](C(=O)OC(C)(C)C)N1C(=O)[C@@](C)(CC(=O)O)C[C@H](c2cccc(Cl)c2)[C@H]1c1ccc(Cl)cn1,20.0,7.698970004336019,7.698970004336019,,1,active
CHEMBL3894269,CC[C@@H](C(=O)OC(C)(C)C)N1C(=O)[C@H](CC(=O)O)C[C@H](c2cccc(Cl)c2)[C@H]1c1ccc(Cl)cc1,CC[C@@H](C(=O)OC(C)(C)C)N1C(=O)[C@H](CC(=O)O)C[C@H](c2cccc(Cl)c2)[C@H]1c1ccc(Cl)cc1,200.0,6.698970004336019,6.698970004336019,,1,active
CHEMBL5849420,CC[C@@H](C(=O)OC(C)(C)C)N1C(=O)[C@](C)(CC(=O)O)C[C@H](c2cccc(Cl)c2)[C@H]1c1ccc(Cl)cc1,CC[C@@H](C(=O)OC(C)(C)C)N1C(=O)[C@](C)(CC(=O)O)C[C@H](c2cccc(Cl)c2)[C@H]1c1ccc(Cl)cc1,310.0,6.508638306165727,6.508638306165727,,1,active
CHEMBL4110761,CC[C@@H](C(C)=O)N1C(=O)[C@@](C)(CC(=O)O)C[C@H](c2cccc(Cl)c2)[C@H]1c1ccc(Cl)cc1,CC[C@@H](C(C)=O)N1C(=O)[C@@](C)(CC(=O)O)C[C@H](c2cccc(Cl)c2)[C@H]1c1ccc(Cl)cc1,13.0,7.9604093769761874,7.9604093769761874,,2,active
CHEMBL4111025,CC[C@@H](C(C)NS(=O)(=O)C(C)C)N1C(=O)[C@@](C)(CC(=O)O)C[C@H](c2cccc(Cl)c2)C1c1ccc(Cl)cc1,CC[C@@H](C(C)NS(=O)(=O)C(C)C)N1C(=O)[C@@](C)(CC(=O)O)C[C@H](c2cccc(Cl)c2)C1c1ccc(Cl)cc1,3.0,8.522878745280337,8.522878745280337,,1,active
CHEMBL4113117,CC[C@@H](C(C)NS(=O)(=O)C1CC1)N1C(=O)[C@@](C)(CC(=O)O)C[C@H](c2cccc(Cl)c2)C1c1ccc(Cl)cc1,CC[C@@H](C(C)NS(=O)(=O)C1CC1)N1C(=O)[C@@](C)(CC(=O)O)C[C@H](c2cccc(Cl)c2)C1c1ccc(Cl)cc1,1.5,8.84948500216801,8.84948500216801,,2,active
CHEMBL4108586,CC[C@@H](C(O)C(F)(F)F)N1C(=O)[C@@H](CC(=O)O)C[C@H](c2cccc(Cl)c2)[C@H]1c1ccc(Cl)cc1,CC[C@@H](C(O)C(F)(F)F)N1C(=O)[C@@H](CC(=O)O)C[C@H](c2cccc(Cl)c2)[C@H]1c1ccc(Cl)cc1,40.0,7.5774509799928715,7.5774509799928715,,2,active
CHEMBL5968891,CC[C@@H](C)Nc1nc(C(=O)O)nc2nc(-c3cccc(C)c3)n(Cc3ccc(C(F)(F)F)cc3)c12,CC[C@@H](C)Nc1nc(C(=O)O)nc2nc(-c3cccc(C)c3)n(Cc3ccc(C(F)(F)F)cc3)c12,583.2,6.234182484690082,6.234182484690082,,1,active
CHEMBL3683127,CC[C@@H](C)Oc1cc2c(cc1OC)CC(=O)N(c1ccc(-c3cn[nH]c3)cc1)C2c1ccc(Cl)cc1,CC[C@@H](C)Oc1cc2c(cc1OC)CC(=O)N(c1ccc(-c3cn[nH]c3)cc1)C2c1ccc(Cl)cc1,1383.0,5.859177819890689,5.859177819890689,,1,intermediate
CHEMBL3683126,CC[C@@H](C)Oc1cc2c(cc1OC)CC(=O)N(c1ccc(-n3cccn3)cc1)C2c1ccc(Cl)cc1,CC[C@@H](C)Oc1cc2c(cc1OC)CC(=O)N(c1ccc(-n3cccn3)cc1)C2c1ccc(Cl)cc1,876.9,6.057049929922901,6.057049929922901,,1,active
CHEMBL3683128,CC[C@@H](C)Oc1cc2c(cc1OC)CC(=O)N(c1ccc(C(=O)N(C)CC)cc1)C2c1ccc(Cl)cc1,CC[C@@H](C)Oc1cc2c(cc1OC)CC(=O)N(c1ccc(C(=O)N(C)CC)cc1)C2c1ccc(Cl)cc1,190.4,6.720333055951544,6.720333055951544,,1,active
CHEMBL3683129,CC[C@@H](C)Oc1cc2c(cc1OC)CC(=O)N(c1ccc(C(=O)N3C[C@H](O)C[C@H]3C(=O)NC)cc1)C2c1ccc(Cl)cc1,CC[C@@H](C)Oc1cc2c(cc1OC)CC(=O)N(c1ccc(C(=O)N3C[C@H](O)C[C@H]3C(=O)NC)cc1)C2c1ccc(Cl)cc1,16203.0,4.790404567999144,4.790404567999144,,1,inactive
CHEMBL3683146,CC[C@@H](C)Oc1cc2c(cc1OC)CC(=O)N(c1ccc(C(C)N(C(C)=O)C3CCNCC3)cc1)C2c1ccc(Cl)cc1,CC[C@@H](C)Oc1cc2c(cc1OC)CC(=O)N(c1ccc(C(C)N(C(C)=O)C3CCNCC3)cc1)C2c1ccc(Cl)cc1,114.2,6.942333896090171,6.942333896090171,,1,active
CHEMBL3683149,CC[C@@H](C)Oc1cc2c(cc1OC)CC(=O)N(c1ccc(C(C)N(C(C)=O)[C@H]3CC[C@@H](N(C)C)CC3)cc1)C2c1ccc(Cl)cc1,CC[C@@H](C)Oc1cc2c(cc1OC)CC(=O)N(c1ccc(C(C)N(C(C)=O)[C@H]3CC[C@@H](N(C)C)CC3)cc1)C2c1ccc(Cl)cc1,69.3,7.159266765388193,7.159266765388193,,1,active
CHEMBL3683147,CC[C@@H](C)Oc1cc2c(cc1OC)CC(=O)N(c1ccc(C(C)N(C)C3CCNCC3)cc1)C2c1ccc(Cl)cc1,CC[C@@H](C)Oc1cc2c(cc1OC)CC(=O)N(c1ccc(C(C)N(C)C3CCNCC3)cc1)C2c1ccc(Cl)cc1,259.9,6.585193720498987,6.585193720498987,,1,active
CHEMBL3683148,CC[C@@H](C)Oc1cc2c(cc1OC)CC(=O)N(c1ccc(C(C)N(C)[C@H]3CC[C@@H](N(C)C)CC3)cc1)C2c1ccc(Cl)cc1,CC[C@@H](C)Oc1cc2c(cc1OC)CC(=O)N(c1ccc(C(C)N(C)[C@H]3CC[C@@H](N(C)C)CC3)cc1)C2c1ccc(Cl)cc1,202.6,6.693360558975739,6.693360558975739,,1,active
CHEMBL3683143,CC[C@@H](C)Oc1cc2c(cc1OC)CC(=O)N(c1ccc(C(C)N(CC)C(=O)C3CCN(C(C)=O)CC3)cc1)C2c1ccc(Cl)cc1,CC[C@@H](C)Oc1cc2c(cc1OC)CC(=O)N(c1ccc(C(C)N(CC)C(=O)C3CCN(C(C)=O)CC3)cc1)C2c1ccc(Cl)cc1,51.2,7.290730039024169,7.290730039024169,,1,active
CHEMBL3683144,CC[C@@H](C)Oc1cc2c(cc1OC)CC(=O)N(c1ccc(C(C)N(CC)C(=O)C3CCNCC3)cc1)C2c1ccc(Cl)cc1,CC[C@@H](C)Oc1cc2c(cc1OC)CC(=O)N(c1ccc(C(C)N(CC)C(=O)C3CCNCC3)cc1)C2c1ccc(Cl)cc1,47.2,7.3260580013659125,7.3260580013659125,,1,active
CHEMBL3683152,CC[C@@H](C)Oc1cc2c(cc1OC)CC(=O)N(c1ccc(C(C)N3CCC(N(C)C(C)C)CC3)cc1)C2c1ccc(Cl)cc1,CC[C@@H](C)Oc1cc2c(cc1OC)CC(=O)N(c1ccc(C(C)N3CCC(N(C)C(C)C)CC3)cc1)C2c1ccc(Cl)cc1,22.0,7.657577319177793,7.657577319177793,,1,active
CHEMBL3683151,CC[C@@H](C)Oc1cc2c(cc1OC)CC(=O)N(c1ccc(C(C)N3CCC(N(C)C)CC3)cc1)C2c1ccc(Cl)cc1,CC[C@@H](C)Oc1cc2c(cc1OC)CC(=O)N(c1ccc(C(C)N3CCC(N(C)C)CC3)cc1)C2c1ccc(Cl)cc1,15.2,7.818156412055227,7.818156412055227,,1,active
CHEMBL3683153,CC[C@@H](C)Oc1cc2c(cc1OC)CC(=O)N(c1ccc(C(C)N3CCC(NC(C)=O)CC3)cc1)C2c1ccc(Cl)cc1,CC[C@@H](C)Oc1cc2c(cc1OC)CC(=O)N(c1ccc(C(C)N3CCC(NC(C)=O)CC3)cc1)C2c1ccc(Cl)cc1,111.9,6.9511699134716505,6.9511699134716505,,1,active
CHEMBL3683140,CC[C@@H](C)Oc1cc2c(cc1OC)CC(=O)N(c1ccc(C(C)N3CCCC3)cc1)C2c1ccc(Cl)cc1,CC[C@@H](C)Oc1cc2c(cc1OC)CC(=O)N(c1ccc(C(C)N3CCCC3)cc1)C2c1ccc(Cl)cc1,189.8,6.721703791908726,6.721703791908726,,1,active
CHEMBL3683154,CC[C@@H](C)Oc1cc2c(cc1OC)CC(=O)N(c1ccc(C(C)N3CCN(C(C)=O)CC3)cc1)C2c1ccc(Cl)cc1,CC[C@@H](C)Oc1cc2c(cc1OC)CC(=O)N(c1ccc(C(C)N3CCN(C(C)=O)CC3)cc1)C2c1ccc(Cl)cc1,15.2,7.818156412055227,7.818156412055227,,1,active
CHEMBL3683141,CC[C@@H](C)Oc1cc2c(cc1OC)CC(=O)N(c1ccc(C(C)N3CCOCC3)cc1)C2c1ccc(Cl)cc1,CC[C@@H](C)Oc1cc2c(cc1OC)CC(=O)N(c1ccc(C(C)N3CCOCC3)cc1)C2c1ccc(Cl)cc1,47.1,7.326979092871104,7.326979092871104,,1,active
CHEMBL3683155,CC[C@@H](C)Oc1cc2c(cc1OC)CC(=O)N(c1ccc(C(C)N3CCOCC3=O)cc1)C2c1ccc(Cl)cc1,CC[C@@H](C)Oc1cc2c(cc1OC)CC(=O)N(c1ccc(C(C)N3CCOCC3=O)cc1)C2c1ccc(Cl)cc1,26.9,7.570247719997592,7.570247719997592,,1,active
CHEMBL3683145,CC[C@@H](C)Oc1cc2c(cc1OC)CC(=O)N(c1ccc(C(C)NC3CCNCC3)cc1)C2c1ccc(Cl)cc1,CC[C@@H](C)Oc1cc2c(cc1OC)CC(=O)N(c1ccc(C(C)NC3CCNCC3)cc1)C2c1ccc(Cl)cc1,42.6,7.370590400897282,7.370590400897282,,1,active
CHEMBL3683150,CC[C@@H](C)Oc1cc2c(cc1OC)CC(=O)N(c1ccc(C(C)N[C@H]3CC[C@H](N)CC3)cc1)C2c1ccc(Cl)cc1,CC[C@@H](C)Oc1cc2c(cc1OC)CC(=O)N(c1ccc(C(C)N[C@H]3CC[C@H](N)CC3)cc1)C2c1ccc(Cl)cc1,106.0,6.97469413473523,6.97469413473523,,1,active
CHEMBL3683142,CC[C@@H](C)Oc1cc2c(cc1OC)CC(=O)N(c1ccc(C(C)O)cc1)C2c1ccc(Cl)cc1,CC[C@@H](C)Oc1cc2c(cc1OC)CC(=O)N(c1ccc(C(C)O)cc1)C2c1ccc(Cl)cc1,72.4,7.140261433802853,7.140261433802853,,1,active
CHEMBL3683130,CC[C@@H](C)Oc1cc2c(cc1OC)CC(=O)N(c1ccc(CO)cc1)C2c1ccc(Cl)cc1,CC[C@@H](C)Oc1cc2c(cc1OC)CC(=O)N(c1ccc(CO)cc1)C2c1ccc(Cl)cc1,410.5,6.386686838544541,6.386686838544541,,1,active
CHEMBL3683131,CC[C@@H](C)Oc1cc2c(cc1OC)CC(=O)N(c1ccc(N(C)C(C)=O)cc1)C2c1ccc(Cl)cc1,CC[C@@H](C)Oc1cc2c(cc1OC)CC(=O)N(c1ccc(N(C)C(C)=O)cc1)C2c1ccc(Cl)cc1,607.2,6.216668237112576,6.216668237112576,,1,active
CHEMBL3604661,CC[C@@H](C)Oc1cc2c(cc1OC)CC(=O)N(c1ccc(N(C)C)cc1)C2c1ccc(Cl)cc1,CC[C@@H](C)Oc1cc2c(cc1OC)CC(=O)N(c1ccc(N(C)C)cc1)C2c1ccc(Cl)cc1,115.9,6.935916564036404,6.935916564036404,,1,active
CHEMBL3683104,CC[C@@H](C)Oc1cc2c(cc1OC)CC(=O)N(c1ccc(N(C)C)cc1)C2c1ccc(Cl)cc1C(N)=O,CC[C@@H](C)Oc1cc2c(cc1OC)CC(=O)N(c1ccc(N(C)C)cc1)C2c1ccc(Cl)cc1C(N)=O,70257.7,4.1533060716470125,4.1533060716470125,,1,inactive
CHEMBL3683106,CC[C@@H](C)Oc1cc2c(cc1OC)CC(=O)N(c1ccc(N(C)C)cc1)C2c1ccc(Cl)cc1CN,CC[C@@H](C)Oc1cc2c(cc1OC)CC(=O)N(c1ccc(N(C)C)cc1)C2c1ccc(Cl)cc1CN,5660.2,5.247168222988088,5.247168222988088,,1,intermediate
CHEMBL3683107,CC[C@@H](C)Oc1cc2c(cc1OC)CC(=O)N(c1ccc(N(C)C)cc1)C2c1ccc(Cl)cc1CNC(C)=O,CC[C@@H](C)Oc1cc2c(cc1OC)CC(=O)N(c1ccc(N(C)C)cc1)C2c1ccc(Cl)cc1CNC(C)=O,16758.9,4.775754490455616,4.775754490455616,,1,inactive
CHEMBL3683105,CC[C@@H](C)Oc1cc2c(cc1OC)CC(=O)N(c1ccc(N(C)C)cc1)C2c1ccc(Cl)cc1CO,CC[C@@H](C)Oc1cc2c(cc1OC)CC(=O)N(c1ccc(N(C)C)cc1)C2c1ccc(Cl)cc1CO,723.2,6.1407415825326925,6.1407415825326925,,1,active
CHEMBL3683103,CC[C@@H](C)Oc1cc2c(cc1OC)CC(=O)N(c1ccc(N(C)C)cc1)C2c1ccc(Cl)cc1N(C)C,CC[C@@H](C)Oc1cc2c(cc1OC)CC(=O)N(c1ccc(N(C)C)cc1)C2c1ccc(Cl)cc1N(C)C,5505.0,5.25924267669223,5.25924267669223,,1,intermediate
CHEMBL3683101,CC[C@@H](C)Oc1cc2c(cc1OC)CC(=O)N(c1ccc(N(C)C)cc1)C2c1ccc(Cl)cc1NC(=O)NC,CC[C@@H](C)Oc1cc2c(cc1OC)CC(=O)N(c1ccc(N(C)C)cc1)C2c1ccc(Cl)cc1NC(=O)NC,71187.8,4.147594428366886,4.147594428366886,,1,inactive
CHEMBL3683102,CC[C@@H](C)Oc1cc2c(cc1OC)CC(=O)N(c1ccc(N(C)C)cc1)C2c1ccc(Cl)cc1NC(C)=O,CC[C@@H](C)Oc1cc2c(cc1OC)CC(=O)N(c1ccc(N(C)C)cc1)C2c1ccc(Cl)cc1NC(C)=O,50653.6,4.2953896834808925,4.2953896834808925,,1,inactive
CHEMBL3683100,CC[C@@H](C)Oc1cc2c(cc1OC)CC(=O)N(c1ccc(N(C)C)cc1)C2c1ccc(Cl)cc1NC(N)=O,CC[C@@H](C)Oc1cc2c(cc1OC)CC(=O)N(c1ccc(N(C)C)cc1)C2c1ccc(Cl)cc1NC(N)=O,44923.5,4.347526415111556,4.347526415111556,,1,inactive
CHEMBL3683134,CC[C@@H](C)Oc1cc2c(cc1OC)CC(=O)N(c1ccc(N(C)CC3CCCN(C)C3)cc1)C2c1ccc(Cl)cc1,CC[C@@H](C)Oc1cc2c(cc1OC)CC(=O)N(c1ccc(N(C)CC3CCCN(C)C3)cc1)C2c1ccc(Cl)cc1,9.1,8.040958607678906,8.040958607678906,,1,active
CHEMBL3683133,CC[C@@H](C)Oc1cc2c(cc1OC)CC(=O)N(c1ccc(N(C)CC3CCCNC3)cc1)C2c1ccc(Cl)cc1,CC[C@@H](C)Oc1cc2c(cc1OC)CC(=O)N(c1ccc(N(C)CC3CCCNC3)cc1)C2c1ccc(Cl)cc1,4.7,8.327902142064282,8.327902142064282,,1,active
CHEMBL3683137,CC[C@@H](C)Oc1cc2c(cc1OC)CC(=O)N(c1ccc(N(C)CC3CCN(C(=O)N(C)C)CC3)cc1)C2c1ccc(Cl)cc1,CC[C@@H](C)Oc1cc2c(cc1OC)CC(=O)N(c1ccc(N(C)CC3CCN(C(=O)N(C)C)CC3)cc1)C2c1ccc(Cl)cc1,12.3,7.910094888560602,7.910094888560602,,1,active
CHEMBL3683135,CC[C@@H](C)Oc1cc2c(cc1OC)CC(=O)N(c1ccc(N(C)CC3CCN(C(C)=O)CC3)cc1)C2c1ccc(Cl)cc1,CC[C@@H](C)Oc1cc2c(cc1OC)CC(=O)N(c1ccc(N(C)CC3CCN(C(C)=O)CC3)cc1)C2c1ccc(Cl)cc1,6.0,8.221848749616356,8.221848749616356,,1,active
CHEMBL3683136,CC[C@@H](C)Oc1cc2c(cc1OC)CC(=O)N(c1ccc(N(C)CC3CCN(S(C)(=O)=O)CC3)cc1)C2c1ccc(Cl)cc1,CC[C@@H](C)Oc1cc2c(cc1OC)CC(=O)N(c1ccc(N(C)CC3CCN(S(C)(=O)=O)CC3)cc1)C2c1ccc(Cl)cc1,10.7,7.97061622231479,7.97061622231479,,1,active
CHEMBL3601319,CC[C@@H](C)Oc1cc2c(cc1OC)CC(=O)N(c1ccc(N(C)CC3CCNCC3)cc1)C2c1ccc(Cl)cc1,CC[C@@H](C)Oc1cc2c(cc1OC)CC(=O)N(c1ccc(N(C)CC3CCNCC3)cc1)C2c1ccc(Cl)cc1,3.5,8.455931955649724,8.455931955649724,,1,active
CHEMBL3601322,CC[C@@H](C)Oc1cc2c(cc1OC)CC(=O)N(c1ccc(N(C)C[C@H]3CC[C@H](N(C)C)CC3)cc1)[C@H]2c1ccc(Cl)cc1,CC[C@@H](C)Oc1cc2c(cc1OC)CC(=O)N(c1ccc(N(C)C[C@H]3CC[C@H](N(C)C)CC3)cc1)[C@H]2c1ccc(Cl)cc1,394.7,7.412497918292766,7.412497918292766,,2,active
CHEMBL3683139,CC[C@@H](C)Oc1cc2c(cc1OC)CC(=O)N(c1ccc(N(C)C[C@H]3CC[C@H](N(C)CC)CC3)cc1)C2c1ccc(Cl)cc1,CC[C@@H](C)Oc1cc2c(cc1OC)CC(=O)N(c1ccc(N(C)C[C@H]3CC[C@H](N(C)CC)CC3)cc1)C2c1ccc(Cl)cc1,2.3,8.638272163982407,8.638272163982407,,1,active
CHEMBL3601320,CC[C@@H](C)Oc1cc2c(cc1OC)CC(=O)N(c1ccc(N(C)C[C@H]3CC[C@H](N)CC3)cc1)C2c1ccc(Cl)cc1,CC[C@@H](C)Oc1cc2c(cc1OC)CC(=O)N(c1ccc(N(C)C[C@H]3CC[C@H](N)CC3)cc1)C2c1ccc(Cl)cc1,3.7,8.431798275933005,8.431798275933005,,1,active
CHEMBL3601316,CC[C@@H](C)Oc1cc2c(cc1OC)CC(=O)N(c1ccc(N(C)Cc3ccncc3)cc1)C2c1ccc(Cl)cc1,CC[C@@H](C)Oc1cc2c(cc1OC)CC(=O)N(c1ccc(N(C)Cc3ccncc3)cc1)C2c1ccc(Cl)cc1,8.4,8.075720713938118,8.075720713938118,,1,active
CHEMBL3683132,CC[C@@H](C)Oc1cc2c(cc1OC)CC(=O)N(c1ccc(N(CC3CCCC3)C(C)=O)cc1)C2c1ccc(Cl)cc1,CC[C@@H](C)Oc1cc2c(cc1OC)CC(=O)N(c1ccc(N(CC3CCCC3)C(C)=O)cc1)C2c1ccc(Cl)cc1,1468.1,5.833244361334762,5.833244361334762,,1,intermediate
CHEMBL3683125,CC[C@@H](C)Oc1cc2c(cc1OC)CC(=O)N(c1ccc(N3CCCC3=O)cc1)C2c1ccc(Cl)cc1,CC[C@@H](C)Oc1cc2c(cc1OC)CC(=O)N(c1ccc(N3CCCC3=O)cc1)C2c1ccc(Cl)cc1,592.7,6.227165072760982,6.227165072760982,,1,active
CHEMBL3683118,CC[C@@H](C)Oc1cc2c(cc1OC)CC(=O)N(c1ccc(OC)cc1)C2c1ccc(Cl)cc1,CC[C@@H](C)Oc1cc2c(cc1OC)CC(=O)N(c1ccc(OC)cc1)C2c1ccc(Cl)cc1,134.6,6.870954940112042,6.870954940112042,,1,active
CHEMBL3683112,CC[C@@H](C)Oc1cc2c(cc1OC)N(C)C(=O)N(c1ccc(N(C)C)cc1)C2c1ccc(Cl)cc1,CC[C@@H](C)Oc1cc2c(cc1OC)N(C)C(=O)N(c1ccc(N(C)C)cc1)C2c1ccc(Cl)cc1,624.7,6.2043284940539785,6.2043284940539785,,1,active
CHEMBL3683110,CC[C@@H](C)Oc1cc2c(cc1OC)NC(=O)N(c1ccc(N(C)C)cc1)C2c1ccc(Cl)cc1,CC[C@@H](C)Oc1cc2c(cc1OC)NC(=O)N(c1ccc(N(C)C)cc1)C2c1ccc(Cl)cc1,1309.5,5.882894497238749,5.882894497238749,,1,intermediate
CHEMBL3683116,CC[C@@H](C)Oc1cc2c(cc1OCC(=O)N1CCN(C)CC1)CC(=O)N(c1ccc(OC)cc1)C2c1ccc(Cl)cc1,CC[C@@H](C)Oc1cc2c(cc1OCC(=O)N1CCN(C)CC1)CC(=O)N(c1ccc(OC)cc1)C2c1ccc(Cl)cc1,1381.1,5.859774874733552,5.859774874733552,,1,intermediate
CHEMBL4111736,CC[C@@H](C1=NC(C)(C)CO1)N1C(=O)[C@@](C)(CC(=O)O)C[C@H](c2cccc(Cl)c2)[C@H]1c1ccc(Cl)cc1,CC[C@@H](C1=NC(C)(C)CO1)N1C(=O)[C@@](C)(CC(=O)O)C[C@H](c2cccc(Cl)c2)[C@H]1c1ccc(Cl)cc1,40.0,7.3979400086720375,7.3979400086720375,,1,active
CHEMBL3899788,CC[C@@H](C1CCC(=O)O1)N1C(=O)[C@@](C)(CC(=O)O)C[C@H](c2cccc(Cl)c2)[C@H]1c1ccc(Cl)cc1,CC[C@@H](C1CCC(=O)O1)N1C(=O)[C@@](C)(CC(=O)O)C[C@H](c2cccc(Cl)c2)[C@H]1c1ccc(Cl)cc1,12.0,8.048455006504028,8.048455006504028,,2,active
CHEMBL3924685,CC[C@@H](C1CCCCO1)N1C(=O)[C@@](C)(CC(=O)O)C[C@H](c2cccc(Cl)c2)[C@H]1c1ccc(Cl)cc1,CC[C@@H](C1CCCCO1)N1C(=O)[C@@](C)(CC(=O)O)C[C@H](c2cccc(Cl)c2)[C@H]1c1ccc(Cl)cc1,1.5,8.84948500216801,8.84948500216801,,2,active
CHEMBL4114935,CC[C@@H](C1CCCO1)N1C(=O)[C@@](C)(CC(=O)O)C[C@H](c2cccc(Cl)c2)[C@H]1c1ccc(Cl)cc1,CC[C@@H](C1CCCO1)N1C(=O)[C@@](C)(CC(=O)O)C[C@H](c2cccc(Cl)c2)[C@H]1c1ccc(Cl)cc1,6.5,8.261439372640169,8.261439372640169,,4,active
CHEMBL3125708,CC[C@@H](CC#N)N1C(=O)[C@@](C)(CC(=O)O)C[C@H](c2cccc(Cl)c2)[C@H]1c1ccc(Cl)cc1,CC[C@@H](CC#N)N1C(=O)[C@@](C)(CC(=O)O)C[C@H](c2cccc(Cl)c2)[C@H]1c1ccc(Cl)cc1,11.6,8.289198036565084,8.289198036565084,,2,active
CHEMBL3125709,CC[C@@H](CC(C)(C)C#N)N1C(=O)[C@@](C)(CC(=O)O)C[C@H](c2cccc(Cl)c2)[C@H]1c1ccc(Cl)cc1,CC[C@@H](CC(C)(C)C#N)N1C(=O)[C@@](C)(CC(=O)O)C[C@H](c2cccc(Cl)c2)[C@H]1c1ccc(Cl)cc1,6.0,8.34948500216801,8.34948500216801,,4,active
CHEMBL5766319,CC[C@@H](CC(C)(C)O)N1C(=O)[C@@](C)(CC(=O)O)C[C@H](c2cccc(Cl)c2)C1c1ccc(Cl)cc1,CC[C@@H](CC(C)(C)O)N1C(=O)[C@@](C)(CC(=O)O)C[C@H](c2cccc(Cl)c2)C1c1ccc(Cl)cc1,70.0,7.154901959985743,7.154901959985743,,1,active
CHEMBL3125704,CC[C@@H](CC(C)(C)O)N1C(=O)[C@@](C)(CC(=O)O)C[C@H](c2cccc(Cl)c2)[C@H]1c1ccc(Cl)cc1,CC[C@@H](CC(C)(C)O)N1C(=O)[C@@](C)(CC(=O)O)C[C@H](c2cccc(Cl)c2)[C@H]1c1ccc(Cl)cc1,31.7,8.102407705158788,8.102407705158788,,2,active
CHEMBL3932275,CC[C@@H](CC(C)(O)C(F)(F)F)N1C(=O)[C@@](C)(CC(=O)O)C[C@H](c2cccc(Cl)c2)[C@H]1c1ccc(Cl)cc1,CC[C@@H](CC(C)(O)C(F)(F)F)N1C(=O)[C@@](C)(CC(=O)O)C[C@H](c2cccc(Cl)c2)[C@H]1c1ccc(Cl)cc1,40.0,7.5774509799928715,7.5774509799928715,,4,active
CHEMBL5870473,CC[C@@H](CC(C)=O)N1C(=O)[C@@](C)(CC(=O)O)C[C@H](c2cccc(Cl)c2)C1c1ccc(Cl)cc1,CC[C@@H](CC(C)=O)N1C(=O)[C@@](C)(CC(=O)O)C[C@H](c2cccc(Cl)c2)C1c1ccc(Cl)cc1,6.5,8.261439372640169,8.261439372640169,,2,active
CHEMBL3952928,CC[C@@H](CC(C)O)N1C(=O)[C@@](C)(CC(=O)O)C[C@H](c2cccc(Cl)c2)C1c1ccc(Cl)cc1,CC[C@@H](CC(C)O)N1C(=O)[C@@](C)(CC(=O)O)C[C@H](c2cccc(Cl)c2)C1c1ccc(Cl)cc1,7.0,8.198970004336019,8.198970004336019,,2,active
CHEMBL5777314,CC[C@@H](CC(C)O)N1C(=O)[C@@](C)(CC(=O)O)C[C@H](c2cccc(Cl)c2)[C@H]1c1ccc(Cl)cc1,CC[C@@H](CC(C)O)N1C(=O)[C@@](C)(CC(=O)O)C[C@H](c2cccc(Cl)c2)[C@H]1c1ccc(Cl)cc1,7.0,8.198970004336019,8.198970004336019,,2,active
CHEMBL3980672,CC[C@@H](CC(O)(C1CC1)C(F)(F)F)N1C(=O)[C@@](C)(CC(=O)O)C[C@H](c2cccc(Cl)c2)[C@H]1c1ccc(Cl)cc1,CC[C@@H](CC(O)(C1CC1)C(F)(F)F)N1C(=O)[C@@](C)(CC(=O)O)C[C@H](c2cccc(Cl)c2)[C@H]1c1ccc(Cl)cc1,10.0,8.0,8.0,,1,active
CHEMBL3948736,CC[C@@H](CC(O)(O)C(F)(F)F)N1C(=O)[C@@](C)(CC(=O)O)C[C@H](c2cccc(Cl)c2)[C@H]1c1ccc(Cl)cc1,CC[C@@H](CC(O)(O)C(F)(F)F)N1C(=O)[C@@](C)(CC(=O)O)C[C@H](c2cccc(Cl)c2)[C@H]1c1ccc(Cl)cc1,6.0,8.34948500216801,8.34948500216801,,2,active
CHEMBL6032911,CC[C@@H](CC(O)C(F)(F)F)N1C(=O)[C@@](C)(CC(=O)O)C[C@H](c2cccc(Cl)c2)[C@H]1c1ccc(Cl)cc1,CC[C@@H](CC(O)C(F)(F)F)N1C(=O)[C@@](C)(CC(=O)O)C[C@H](c2cccc(Cl)c2)[C@H]1c1ccc(Cl)cc1,24.5,7.622062572163754,7.622062572163754,,4,active
CHEMBL4110652,CC[C@@H](CCC#N)N1C(=O)[C@@H](CC(=O)O)C[C@H](c2cccc(Cl)c2)[C@H]1c1ccc(Cl)cc1,CC[C@@H](CCC#N)N1C(=O)[C@@H](CC(=O)O)C[C@H](c2cccc(Cl)c2)[C@H]1c1ccc(Cl)cc1,17.0,7.9604093769761874,7.9604093769761874,,2,active
CHEMBL6046918,CC[C@@H](CCC(C)(C)O)N1C(=O)[C@@](C)(CC(=O)O)C[C@H](c2cccc(Cl)c2)C1c1ccc(Cl)cc1,CC[C@@H](CCC(C)(C)O)N1C(=O)[C@@](C)(CC(=O)O)C[C@H](c2cccc(Cl)c2)C1c1ccc(Cl)cc1,5.5,8.5,8.5,,2,active
CHEMBL3125705,CC[C@@H](CCC(C)(C)O)N1C(=O)[C@@](C)(CC(=O)O)C[C@H](c2cccc(Cl)c2)[C@H]1c1ccc(Cl)cc1,CC[C@@H](CCC(C)(C)O)N1C(=O)[C@@](C)(CC(=O)O)C[C@H](c2cccc(Cl)c2)[C@H]1c1ccc(Cl)cc1,3.05,8.590887053193022,8.590887053193022,,2,active
CHEMBL3976926,CC[C@@H](CCC(C)(O)C(F)(F)F)N1C(=O)[C@@](C)(CC(=O)O)C[C@H](c2cccc(Cl)c2)C1c1ccc(Cl)cc1,CC[C@@H](CCC(C)(O)C(F)(F)F)N1C(=O)[C@@](C)(CC(=O)O)C[C@H](c2cccc(Cl)c2)C1c1ccc(Cl)cc1,6.0,8.34948500216801,8.34948500216801,,2,active
CHEMBL3977905,CC[C@@H](CCC(C)(O)C(F)(F)F)N1C(=O)[C@@](C)(CC(=O)O)C[C@H](c2cccc(Cl)c2)[C@H]1c1ccc(Cl)cc1,CC[C@@H](CCC(C)(O)C(F)(F)F)N1C(=O)[C@@](C)(CC(=O)O)C[C@H](c2cccc(Cl)c2)[C@H]1c1ccc(Cl)cc1,1.0,9.0,9.0,,1,active
CHEMBL3902756,CC[C@@H](CCCC(C)(C)O)N1C(=O)[C@@](C)(CC(=O)O)C[C@H](c2cccc(Cl)c2)C1c1ccc(Cl)cc1,CC[C@@H](CCCC(C)(C)O)N1C(=O)[C@@](C)(CC(=O)O)C[C@H](c2cccc(Cl)c2)C1c1ccc(Cl)cc1,7.0,8.198970004336019,8.198970004336019,,2,active
CHEMBL3980413,CC[C@@H](CCO)N1C(=O)[C@@](C)(CC(=O)O)C[C@H](c2cccc(Cl)c2)[C@H]1c1ccc(Cl)cc1,CC[C@@H](CCO)N1C(=O)[C@@](C)(CC(=O)O)C[C@H](c2cccc(Cl)c2)[C@H]1c1ccc(Cl)cc1,6.0,8.34948500216801,8.34948500216801,,2,active
CHEMBL5783494,CC[C@@H](CCS(=O)(=O)C(C)C)N1C(=O)[C@@](C)(CC(=O)O)C[C@H](c2cccc(Cl)c2)[C@H]1c1ccc(Cl)cc1,CC[C@@H](CCS(=O)(=O)C(C)C)N1C(=O)[C@@](C)(CC(=O)O)C[C@H](c2cccc(Cl)c2)[C@H]1c1ccc(Cl)cc1,6.5,8.261439372640169,8.261439372640169,,2,active
CHEMBL3921531,CC[C@@H](CCS(=O)(=O)CC)N1C(=O)[C@@](C)(CC(=O)O)C[C@H](c2cccc(Cl)c2)C1c1ccc(Cl)cc1,CC[C@@H](CCS(=O)(=O)CC)N1C(=O)[C@@](C)(CC(=O)O)C[C@H](c2cccc(Cl)c2)C1c1ccc(Cl)cc1,5.5,8.5,8.5,,2,active
CHEMBL5914539,CC[C@@H](CCS(=O)(=O)CC1CC1)N1C(=O)[C@@](C)(CC(=O)O)C[C@H](c2cccc(Cl)c2)[C@H]1c1ccc(Cl)cc1,CC[C@@H](CCS(=O)(=O)CC1CC1)N1C(=O)[C@@](C)(CC(=O)O)C[C@H](c2cccc(Cl)c2)[C@H]1c1ccc(Cl)cc1,24.5,7.721848749616356,7.721848749616356,,2,active
CHEMBL4113641,CC[C@@H](CCS(C)(=O)=O)N1C(=O)[C@@H](CC(=O)O)C[C@H](c2cccc(Cl)c2)[C@H]1c1ccc(Cl)cc1,CC[C@@H](CCS(C)(=O)=O)N1C(=O)[C@@H](CC(=O)O)C[C@H](c2cccc(Cl)c2)[C@H]1c1ccc(Cl)cc1,50.0,7.301029995663981,7.301029995663981,,1,active
CHEMBL3125523,CC[C@@H](CCS(C)(=O)=O)N1C(=O)[C@@](C)(CC(=O)O)C[C@H](c2cccc(Cl)c2)[C@H]1c1ccc(Cl)cc1,CC[C@@H](CCS(C)(=O)=O)N1C(=O)[C@@](C)(CC(=O)O)C[C@H](c2cccc(Cl)c2)[C@H]1c1ccc(Cl)cc1,2.35,8.677288865325455,8.677288865325455,,2,active
CHEMBL4115223,CC[C@@H](CCc1ccccn1)N1C(=O)[C@@H](CC(=O)O)C[C@H](c2cccc(Cl)c2)[C@H]1c1ccc(Cl)cc1,CC[C@@H](CCc1ccccn1)N1C(=O)[C@@H](CC(=O)O)C[C@H](c2cccc(Cl)c2)[C@H]1c1ccc(Cl)cc1,90.0,7.045757490560675,7.045757490560675,,1,active
CHEMBL3977225,CC[C@@H](CN(C)C1COC1)N1C(=O)[C@@](C)(CC(=O)O)C[C@H](c2cccc(Cl)c2)[C@H]1c1ccc(Cl)cc1,CC[C@@H](CN(C)C1COC1)N1C(=O)[C@@](C)(CC(=O)O)C[C@H](c2cccc(Cl)c2)[C@H]1c1ccc(Cl)cc1,16.5,8.022878745280337,8.022878745280337,,2,active
CHEMBL3125515,CC[C@@H](CN(C)S(=O)(=O)C(C)(C)C)N1C(=O)[C@@](C)(CC(=O)O)C[C@H](c2cccc(Cl)c2)[C@H]1c1ccc(Cl)cc1,CC[C@@H](CN(C)S(=O)(=O)C(C)(C)C)N1C(=O)[C@@](C)(CC(=O)O)C[C@H](c2cccc(Cl)c2)[C@H]1c1ccc(Cl)cc1,2.35,8.77642098432889,8.77642098432889,,2,active
CHEMBL3945887,CC[C@@H](CN(C)S(=O)(=O)C1(C)CC1)N1C(=O)[C@@](C)(CC(=O)O)C[C@H](c2cccc(Cl)c2)[C@H]1c1ccc(Cl)cc1,CC[C@@H](CN(C)S(=O)(=O)C1(C)CC1)N1C(=O)[C@@](C)(CC(=O)O)C[C@H](c2cccc(Cl)c2)[C@H]1c1ccc(Cl)cc1,1.0,9.0,9.0,,1,active
CHEMBL3233121,CC[C@@H](CN(C)S(=O)(=O)C1CC1)N1C(=O)[C@@H](CC(=O)O)O[C@H](c2cccc(Cl)c2)[C@H]1c1ccc(Cl)cc1,CC[C@@H](CN(C)S(=O)(=O)C1CC1)N1C(=O)[C@@H](CC(=O)O)O[C@H](c2cccc(Cl)c2)[C@H]1c1ccc(Cl)cc1,6.05,8.458607314841775,8.458607314841775,,2,active
CHEMBL3981404,CC[C@@H](CN(C)S(=O)(=O)C1CC1)N1C(=O)[C@@](C)(C(C)C(=O)O)C[C@H](c2cccc(Cl)c2)C1c1ccc(Cl)cc1,CC[C@@H](CN(C)S(=O)(=O)C1CC1)N1C(=O)[C@@](C)(C(C)C(=O)O)C[C@H](c2cccc(Cl)c2)C1c1ccc(Cl)cc1,15.0,7.823908740944319,7.823908740944319,,1,active
CHEMBL3968058,CC[C@@H](CN(C)S(=O)(=O)C1CC1)N1C(=O)[C@@](C)(CC(=O)NC#N)C[C@H](c2cccc(Cl)c2)[C@H]1c1ccc(Cl)cc1,CC[C@@H](CN(C)S(=O)(=O)C1CC1)N1C(=O)[C@@](C)(CC(=O)NC#N)C[C@H](c2cccc(Cl)c2)[C@H]1c1ccc(Cl)cc1,2.0,8.698970004336019,8.698970004336019,,1,active
CHEMBL3967015,CC[C@@H](CN(C)S(=O)(=O)C1CC1)N1C(=O)[C@@](C)(CC(=O)NCCC(O)CO)C[C@H](c2cccc(Cl)c2)C1c1ccc(Cl)cc1,CC[C@@H](CN(C)S(=O)(=O)C1CC1)N1C(=O)[C@@](C)(CC(=O)NCCC(O)CO)C[C@H](c2cccc(Cl)c2)C1c1ccc(Cl)cc1,28.0,7.552841968657781,7.552841968657781,,1,active
CHEMBL3967671,CC[C@@H](CN(C)S(=O)(=O)C1CC1)N1C(=O)[C@@](C)(CC(=O)NCCCO)C[C@H](c2cccc(Cl)c2)[C@H]1c1ccc(Cl)cc1,CC[C@@H](CN(C)S(=O)(=O)C1CC1)N1C(=O)[C@@](C)(CC(=O)NCCCO)C[C@H](c2cccc(Cl)c2)[C@H]1c1ccc(Cl)cc1,53.0,7.275724130399211,7.275724130399211,,1,active
CHEMBL3896895,CC[C@@H](CN(C)S(=O)(=O)C1CC1)N1C(=O)[C@@](C)(CC(=O)NCCN(C)C)C[C@H](c2cccc(Cl)c2)[C@H]1c1ccc(Cl)cc1,CC[C@@H](CN(C)S(=O)(=O)C1CC1)N1C(=O)[C@@](C)(CC(=O)NCCN(C)C)C[C@H](c2cccc(Cl)c2)[C@H]1c1ccc(Cl)cc1,106.0,6.97469413473523,6.97469413473523,,1,active
CHEMBL3941572,CC[C@@H](CN(C)S(=O)(=O)C1CC1)N1C(=O)[C@@](C)(CC(=O)NCCO)C[C@H](c2cccc(Cl)c2)[C@H]1c1ccc(Cl)cc1,CC[C@@H](CN(C)S(=O)(=O)C1CC1)N1C(=O)[C@@](C)(CC(=O)NCCO)C[C@H](c2cccc(Cl)c2)[C@H]1c1ccc(Cl)cc1,49.0,7.309803919971486,7.309803919971486,,1,active
CHEMBL3973418,CC[C@@H](CN(C)S(=O)(=O)C1CC1)N1C(=O)[C@@](C)(CC(=O)NC[C@@H](O)CO)C[C@H](c2cccc(Cl)c2)[C@H]1c1ccc(Cl)cc1,CC[C@@H](CN(C)S(=O)(=O)C1CC1)N1C(=O)[C@@](C)(CC(=O)NC[C@@H](O)CO)C[C@H](c2cccc(Cl)c2)[C@H]1c1ccc(Cl)cc1,64.0,7.1938200260161125,7.1938200260161125,,1,active
CHEMBL3905833,CC[C@@H](CN(C)S(=O)(=O)C1CC1)N1C(=O)[C@@](C)(CC(=O)NC[C@H](O)CO)C[C@H](c2cccc(Cl)c2)[C@H]1c1ccc(Cl)cc1,CC[C@@H](CN(C)S(=O)(=O)C1CC1)N1C(=O)[C@@](C)(CC(=O)NC[C@H](O)CO)C[C@H](c2cccc(Cl)c2)[C@H]1c1ccc(Cl)cc1,58.0,7.236572006437063,7.236572006437063,,1,active
CHEMBL3979336,CC[C@@H](CN(C)S(=O)(=O)C1CC1)N1C(=O)[C@@](C)(CC(=O)NO)C[C@H](c2cccc(Cl)c2)[C@H]1c1ccc(Cl)cc1,CC[C@@H](CN(C)S(=O)(=O)C1CC1)N1C(=O)[C@@](C)(CC(=O)NO)C[C@H](c2cccc(Cl)c2)[C@H]1c1ccc(Cl)cc1,26.0,7.585026652029182,7.585026652029182,,1,active
CHEMBL3950302,CC[C@@H](CN(C)S(=O)(=O)C1CC1)N1C(=O)[C@@](C)(CC(=O)NOC)C[C@H](c2cccc(Cl)c2)[C@H]1c1ccc(Cl)cc1,CC[C@@H](CN(C)S(=O)(=O)C1CC1)N1C(=O)[C@@](C)(CC(=O)NOC)C[C@H](c2cccc(Cl)c2)[C@H]1c1ccc(Cl)cc1,44.0,7.356547323513812,7.356547323513812,,1,active
CHEMBL3962770,CC[C@@H](CN(C)S(=O)(=O)C1CC1)N1C(=O)[C@@](C)(CC(=O)O)C[C@H](c2cccc(Cl)c2)C1c1ccc(Cl)cc1,CC[C@@H](CN(C)S(=O)(=O)C1CC1)N1C(=O)[C@@](C)(CC(=O)O)C[C@H](c2cccc(Cl)c2)C1c1ccc(Cl)cc1,1.0,9.0,9.0,,1,active
CHEMBL3125516,CC[C@@H](CN(C)S(=O)(=O)C1CC1)N1C(=O)[C@@](C)(CC(=O)O)C[C@H](c2cccc(Cl)c2)[C@H]1c1ccc(Cl)cc1,CC[C@@H](CN(C)S(=O)(=O)C1CC1)N1C(=O)[C@@](C)(CC(=O)O)C[C@H](c2cccc(Cl)c2)[C@H]1c1ccc(Cl)cc1,0.9,9.045757490560675,9.045757490560675,,1,active
CHEMBL3946498,CC[C@@H](CN(C)S(=O)(=O)C1CC1)N1C(=O)[C@@](C)(CC(=O)O)C[C@H](c2cncc(Cl)c2)[C@H]1c1ccc(Cl)cc1,CC[C@@H](CN(C)S(=O)(=O)C1CC1)N1C(=O)[C@@](C)(CC(=O)O)C[C@H](c2cncc(Cl)c2)[C@H]1c1ccc(Cl)cc1,4.0,8.397940008672037,8.397940008672037,,1,active
CHEMBL5881594,CC[C@@H](CN(C)S(=O)(=O)C1CC1)N1C(=O)[C@@](C)(CC(N)=O)C[C@H](c2cccc(Cl)c2)[C@H]1c1ccc(Cl)cc1,CC[C@@H](CN(C)S(=O)(=O)C1CC1)N1C(=O)[C@@](C)(CC(N)=O)C[C@H](c2cccc(Cl)c2)[C@H]1c1ccc(Cl)cc1,100.0,7.0,7.0,,1,active
CHEMBL5924831,CC[C@@H](CN(C)S(=O)(=O)C1CC1)N1C(=O)[C@@](C)(CCC(=O)O)C[C@H](c2cccc(Cl)c2)C1c1ccc(Cl)cc1,CC[C@@H](CN(C)S(=O)(=O)C1CC1)N1C(=O)[C@@](C)(CCC(=O)O)C[C@H](c2cccc(Cl)c2)C1c1ccc(Cl)cc1,44.0,7.356547323513812,7.356547323513812,,1,active
CHEMBL3940783,CC[C@@H](CN(C)S(=O)(=O)C1CC1)N1C(=O)[C@@](CC)(CC(=O)O)C[C@H](c2cccc(Cl)c2)[C@H]1c1ccc(Cl)cc1,CC[C@@H](CN(C)S(=O)(=O)C1CC1)N1C(=O)[C@@](CC)(CC(=O)O)C[C@H](c2cccc(Cl)c2)[C@H]1c1ccc(Cl)cc1,2.0,8.698970004336019,8.698970004336019,,1,active
CHEMBL3895410,CC[C@@H](CN(C)S(=O)(=O)C1CC1)N1C(=O)[C@@](CCN2CCCC2)(CC(=O)O)C[C@H](c2cccc(Cl)c2)[C@H]1c1ccc(Cl)cc1,CC[C@@H](CN(C)S(=O)(=O)C1CC1)N1C(=O)[C@@](CCN2CCCC2)(CC(=O)O)C[C@H](c2cccc(Cl)c2)[C@H]1c1ccc(Cl)cc1,2.6,8.585026652029182,8.585026652029182,,1,active
CHEMBL3984190,CC[C@@H](CN(C)S(=O)(=O)C1CC1)N1C(=O)[C@@](CCN2CCOCC2)(CC(=O)O)C[C@H](c2cccc(Cl)c2)[C@H]1c1ccc(Cl)cc1,CC[C@@H](CN(C)S(=O)(=O)C1CC1)N1C(=O)[C@@](CCN2CCOCC2)(CC(=O)O)C[C@H](c2cccc(Cl)c2)[C@H]1c1ccc(Cl)cc1,3.5,8.455931955649724,8.455931955649724,,1,active
CHEMBL6026973,CC[C@@H](CN(C)S(=O)(=O)C1CC1)N1C(=O)[C@@](CCN2CCS(=O)(=O)CC2)(CC(N)=O)C[C@H](c2cccc(Cl)c2)[C@H]1c1ccc(Cl)cc1,CC[C@@H](CN(C)S(=O)(=O)C1CC1)N1C(=O)[C@@](CCN2CCS(=O)(=O)CC2)(CC(N)=O)C[C@H](c2cccc(Cl)c2)[C@H]1c1ccc(Cl)cc1,1.0,9.0,9.0,,1,active
CHEMBL5966784,CC[C@@H](CN(C)S(=O)(=O)C1CC1)N1C(=O)[C@@]2(C[C@H](c3cccc(Cl)c3)C1c1ccc(Cl)cc1)C[C@H]2C(=O)O,CC[C@@H](CN(C)S(=O)(=O)C1CC1)N1C(=O)[C@@]2(C[C@H](c3cccc(Cl)c3)C1c1ccc(Cl)cc1)C[C@H]2C(=O)O,23.8,7.623423042943488,7.623423042943488,,1,active
CHEMBL3948246,CC[C@@H](CN(C)S(=O)(=O)C1CC1)N1C(=O)[C@](CC(=O)O)(OC)C[C@H](c2cccc(Cl)c2)[C@H]1c1ccc(Cl)cc1,CC[C@@H](CN(C)S(=O)(=O)C1CC1)N1C(=O)[C@](CC(=O)O)(OC)C[C@H](c2cccc(Cl)c2)[C@H]1c1ccc(Cl)cc1,1.0,9.0,9.0,,1,active
CHEMBL3965712,CC[C@@H](CN(C)S(=O)(=O)CC)N1C(=O)[C@@](C)(CC(=O)O)C[C@H](c2cc(F)cc(Cl)c2)[C@H]1c1ccc(Cl)cc1,CC[C@@H](CN(C)S(=O)(=O)CC)N1C(=O)[C@@](C)(CC(=O)O)C[C@H](c2cc(F)cc(Cl)c2)[C@H]1c1ccc(Cl)cc1,0.4,9.397940008672037,9.397940008672037,,1,active
CHEMBL6028665,CC[C@@H](CN(C)S(C)(=O)=O)N1C(=O)[C@@](C)(CC(=O)O)C[C@H](c2cccc(Cl)c2)C1c1ccc(Cl)cc1,CC[C@@H](CN(C)S(C)(=O)=O)N1C(=O)[C@@](C)(CC(=O)O)C[C@H](c2cccc(Cl)c2)C1c1ccc(Cl)cc1,6.0,8.34948500216801,8.34948500216801,,2,active
CHEMBL3893802,CC[C@@H](CN(C1CC1)S(C)(=O)=O)N1C(=O)[C@@](C)(CC(=O)O)C[C@H](c2cccc(Cl)c2)C1c1ccc(Cl)cc1,CC[C@@H](CN(C1CC1)S(C)(=O)=O)N1C(=O)[C@@](C)(CC(=O)O)C[C@H](c2cccc(Cl)c2)C1c1ccc(Cl)cc1,5.5,8.5,8.5,,2,active
CHEMBL3904755,CC[C@@H](CN(CC(F)(F)F)C(C)=O)N1C(=O)[C@@](C)(CC(=O)O)C[C@H](c2cccc(Cl)c2)[C@H]1c1ccc(Cl)cc1,CC[C@@H](CN(CC(F)(F)F)C(C)=O)N1C(=O)[C@@](C)(CC(=O)O)C[C@H](c2cccc(Cl)c2)[C@H]1c1ccc(Cl)cc1,19.0,7.809894379144197,7.809894379144197,,2,active
CHEMBL5869421,CC[C@@H](CN(CC(F)(F)F)S(C)(=O)=O)N1C(=O)[C@@](C)(CC(=O)O)C[C@H](c2cccc(Cl)c2)[C@H]1c1ccc(Cl)cc1,CC[C@@H](CN(CC(F)(F)F)S(C)(=O)=O)N1C(=O)[C@@](C)(CC(=O)O)C[C@H](c2cccc(Cl)c2)[C@H]1c1ccc(Cl)cc1,6.0,8.34948500216801,8.34948500216801,,2,active
CHEMBL3947547,CC[C@@H](CN(CC)S(=O)(=O)C(C)C)N1C(=O)[C@@](C)(CC(=O)O)C[C@H](c2cccc(Cl)c2)[C@H]1c1ccc(Cl)cc1,CC[C@@H](CN(CC)S(=O)(=O)C(C)C)N1C(=O)[C@@](C)(CC(=O)O)C[C@H](c2cccc(Cl)c2)[C@H]1c1ccc(Cl)cc1,13.0,7.886056647693163,7.886056647693163,,1,active
CHEMBL3960491,CC[C@@H](CN(CC)S(=O)(=O)C1CCC1)N1C(=O)[C@@](C)(CC(=O)O)C[C@H](c2cccc(Cl)c2)[C@H]1c1ccc(Cl)cc1,CC[C@@H](CN(CC)S(=O)(=O)C1CCC1)N1C(=O)[C@@](C)(CC(=O)O)C[C@H](c2cccc(Cl)c2)[C@H]1c1ccc(Cl)cc1,10.0,8.0,8.0,,1,active
CHEMBL3233124,CC[C@@H](CN(c1ccc(F)cc1)S(=O)(=O)C1CC1)N1C(=O)[C@@H](CC(=O)O)O[C@H](c2cccc(Cl)c2)[C@H]1c1ccc(Cl)cc1,CC[C@@H](CN(c1ccc(F)cc1)S(=O)(=O)C1CC1)N1C(=O)[C@@H](CC(=O)O)O[C@H](c2cccc(Cl)c2)[C@H]1c1ccc(Cl)cc1,3.3,8.721848749616356,8.721848749616356,,2,active
CHEMBL3233125,CC[C@@H](CN(c1ccc(F)cc1F)S(=O)(=O)C1CC1)N1C(=O)[C@@H](CC(=O)O)O[C@H](c2cccc(Cl)c2)[C@H]1c1ccc(Cl)cc1,CC[C@@H](CN(c1ccc(F)cc1F)S(=O)(=O)C1CC1)N1C(=O)[C@@H](CC(=O)O)O[C@H](c2cccc(Cl)c2)[C@H]1c1ccc(Cl)cc1,1.25,9.0,9.0,,2,active
CHEMBL3233122,CC[C@@H](CN(c1ccccc1)S(=O)(=O)C1CC1)N1C(=O)[C@@H](CC(=O)O)O[C@H](c2cccc(Cl)c2)[C@H]1c1ccc(Cl)cc1,CC[C@@H](CN(c1ccccc1)S(=O)(=O)C1CC1)N1C(=O)[C@@H](CC(=O)O)O[C@H](c2cccc(Cl)c2)[C@H]1c1ccc(Cl)cc1,2.25,8.76435414447053,8.76435414447053,,2,active
CHEMBL3233126,CC[C@@H](CN(c1ccccc1F)S(=O)(=O)C(C)C)N1C(=O)[C@@H](CC(=O)O)O[C@H](c2cccc(Cl)c2)[C@H]1c1ccc(Cl)cc1,CC[C@@H](CN(c1ccccc1F)S(=O)(=O)C(C)C)N1C(=O)[C@@H](CC(=O)O)O[C@H](c2cccc(Cl)c2)[C@H]1c1ccc(Cl)cc1,1.3499999999999999,9.071333751784366,9.071333751784366,,2,active
CHEMBL3233123,CC[C@@H](CN(c1ccccc1F)S(=O)(=O)C1CC1)N1C(=O)[C@@H](CC(=O)O)O[C@H](c2cccc(Cl)c2)[C@H]1c1ccc(Cl)cc1,CC[C@@H](CN(c1ccccc1F)S(=O)(=O)C1CC1)N1C(=O)[C@@H](CC(=O)O)O[C@H](c2cccc(Cl)c2)[C@H]1c1ccc(Cl)cc1,1.2999999999999998,9.080575454631372,9.080575454631372,,2,active
CHEMBL3233127,CC[C@@H](CN(c1ccccc1F)S(C)(=O)=O)N1C(=O)[C@@H](CC(=O)O)O[C@H](c2cccc(Cl)c2)[C@H]1c1ccc(Cl)cc1,CC[C@@H](CN(c1ccccc1F)S(C)(=O)=O)N1C(=O)[C@@H](CC(=O)O)O[C@H](c2cccc(Cl)c2)[C@H]1c1ccc(Cl)cc1,2.2,8.897940008672037,8.897940008672037,,2,active
CHEMBL3904865,CC[C@@H](CN1C(C)(C)c2ccccc2S1(=O)=O)N1C(=O)[C@@](C)(CC(=O)O)C[C@H](c2cccc(Cl)c2)[C@H]1c1ccc(Cl)cc1,CC[C@@H](CN1C(C)(C)c2ccccc2S1(=O)=O)N1C(=O)[C@@](C)(CC(=O)O)C[C@H](c2cccc(Cl)c2)[C@H]1c1ccc(Cl)cc1,2.0,8.698970004336019,8.698970004336019,,1,active
CHEMBL3926751,CC[C@@H](CN1CC(C)(C)OC1=O)N1C(=O)[C@@](C)(CC(=O)O)C[C@H](c2cccc(Cl)c2)[C@H]1c1ccc(Cl)cc1,CC[C@@H](CN1CC(C)(C)OC1=O)N1C(=O)[C@@](C)(CC(=O)O)C[C@H](c2cccc(Cl)c2)[C@H]1c1ccc(Cl)cc1,20.0,7.698970004336019,7.698970004336019,,1,active
CHEMBL3910104,CC[C@@H](CN1CC(C)OC(C)C1)N1C(=O)[C@@](C)(CC(=O)O)C[C@H](c2cccc(Cl)c2)[C@H]1c1ccc(Cl)cc1,CC[C@@H](CN1CC(C)OC(C)C1)N1C(=O)[C@@](C)(CC(=O)O)C[C@H](c2cccc(Cl)c2)[C@H]1c1ccc(Cl)cc1,10.0,8.0,8.0,,1,active
CHEMBL3950605,CC[C@@H](CN1CC(F)(F)C1)N1C(=O)[C@@](C)(CC(=O)O)C[C@H](c2cccc(Cl)c2)[C@H]1c1ccc(Cl)cc1,CC[C@@H](CN1CC(F)(F)C1)N1C(=O)[C@@](C)(CC(=O)O)C[C@H](c2cccc(Cl)c2)[C@H]1c1ccc(Cl)cc1,17.5,7.911954370472159,7.911954370472159,,2,active
CHEMBL3964874,CC[C@@H](CN1CC(O)(C(F)(F)F)C1)N1C(=O)[C@@](C)(CC(=O)O)C[C@H](c2cccc(Cl)c2)[C@H]1c1ccc(Cl)cc1,CC[C@@H](CN1CC(O)(C(F)(F)F)C1)N1C(=O)[C@@](C)(CC(=O)O)C[C@H](c2cccc(Cl)c2)[C@H]1c1ccc(Cl)cc1,23.0,7.809894379144197,7.809894379144197,,2,active
CHEMBL3938040,CC[C@@H](CN1CC2CCC(C1)O2)N1C(=O)[C@@](C)(CC(=O)O)C[C@H](c2cccc(Cl)c2)[C@H]1c1ccc(Cl)cc1,CC[C@@H](CN1CC2CCC(C1)O2)N1C(=O)[C@@](C)(CC(=O)O)C[C@H](c2cccc(Cl)c2)[C@H]1c1ccc(Cl)cc1,30.0,7.522878745280337,7.522878745280337,,1,active
CHEMBL3906565,CC[C@@H](CN1CCCC1)N1C(=O)[C@@H](CC(=O)O)C[C@H](c2cccc(Cl)c2)[C@H]1c1ccc(Cl)cc1,CC[C@@H](CN1CCCC1)N1C(=O)[C@@H](CC(=O)O)C[C@H](c2cccc(Cl)c2)[C@H]1c1ccc(Cl)cc1,570.0,6.2441251443275085,6.2441251443275085,,1,active
CHEMBL3899355,CC[C@@H](CN1CCCC1=O)N1C(=O)[C@@](C)(CC(=O)O)C[C@H](c2cccc(Cl)c2)[C@H]1c1ccc(Cl)cc1,CC[C@@H](CN1CCCC1=O)N1C(=O)[C@@](C)(CC(=O)O)C[C@H](c2cccc(Cl)c2)[C@H]1c1ccc(Cl)cc1,13.5,7.926935982160881,7.926935982160881,,2,active
CHEMBL3970638,CC[C@@H](CN1CCCS1(=O)=O)N1C(=O)[C@@H](Cc2cccc(O)n2)C[C@H](c2cccc(Cl)c2)[C@H]1c1ccc(Cl)cc1,CC[C@@H](CN1CCCS1(=O)=O)N1C(=O)[C@@H](Cc2cccc(O)n2)C[C@H](c2cccc(Cl)c2)[C@H]1c1ccc(Cl)cc1,23.1,7.636388020107855,7.636388020107855,,1,active
CHEMBL3975725,CC[C@@H](CN1CCCS1(=O)=O)N1C(=O)[C@@H](Cc2cccc(OC)n2)C[C@H](c2cccc(Cl)c2)[C@H]1c1ccc(Cl)cc1,CC[C@@H](CN1CCCS1(=O)=O)N1C(=O)[C@@H](Cc2cccc(OC)n2)C[C@H](c2cccc(Cl)c2)[C@H]1c1ccc(Cl)cc1,194.0,6.7121982700697735,6.7121982700697735,,1,active
CHEMBL5799999,CC[C@@H](CN1CCCS1(=O)=O)N1C(=O)[C@@](C)(CC(=O)O)C[C@H](c2cccc(Cl)c2)[C@H]1c1ccc(Cl)cc1,CC[C@@H](CN1CCCS1(=O)=O)N1C(=O)[C@@](C)(CC(=O)O)C[C@H](c2cccc(Cl)c2)[C@H]1c1ccc(Cl)cc1,1.0,9.0,9.0,,1,active
CHEMBL3947440,CC[C@@H](CN1CCCS1(=O)=O)N1C(=O)[C@@](C)(Cc2cccc(O)n2)C[C@H](c2cccc(Cl)c2)[C@H]1c1ccc(Cl)cc1,CC[C@@H](CN1CCCS1(=O)=O)N1C(=O)[C@@](C)(Cc2cccc(O)n2)C[C@H](c2cccc(Cl)c2)[C@H]1c1ccc(Cl)cc1,119.0,6.924453038607469,6.924453038607469,,1,active
CHEMBL3959586,CC[C@@H](CN1CCCS1(=O)=O)N1C(=O)[C@@](C)(Cc2cccc(OC)n2)C[C@H](c2cccc(Cl)c2)[C@H]1c1ccc(Cl)cc1,CC[C@@H](CN1CCCS1(=O)=O)N1C(=O)[C@@](C)(Cc2cccc(OC)n2)C[C@H](c2cccc(Cl)c2)[C@H]1c1ccc(Cl)cc1,275.0,6.560667306169737,6.560667306169737,,1,active
CHEMBL4107265,CC[C@@H](CN1CCCS1(=O)=O)N1C(=O)[C@H](Cc2cccc(O)n2)C[C@H](c2cccc(Cl)c2)[C@H]1c1ccc(Cl)cc1,CC[C@@H](CN1CCCS1(=O)=O)N1C(=O)[C@H](Cc2cccc(O)n2)C[C@H](c2cccc(Cl)c2)[C@H]1c1ccc(Cl)cc1,104.0,6.982966660701219,6.982966660701219,,1,active
CHEMBL4110607,CC[C@@H](CN1CCCS1(=O)=O)N1C(=O)[C@H](Cc2cccc(OC)n2)C[C@H](c2cccc(Cl)c2)[C@H]1c1ccc(Cl)cc1,CC[C@@H](CN1CCCS1(=O)=O)N1C(=O)[C@H](Cc2cccc(OC)n2)C[C@H](c2cccc(Cl)c2)[C@H]1c1ccc(Cl)cc1,123.0,6.910094888560602,6.910094888560602,,1,active
CHEMBL3923124,CC[C@@H](CN1CCCS1(=O)=O)N1C(=O)[C@](C)(Cc2cccc(O)n2)C[C@H](c2cccc(Cl)c2)[C@H]1c1ccc(Cl)cc1,CC[C@@H](CN1CCCS1(=O)=O)N1C(=O)[C@](C)(Cc2cccc(O)n2)C[C@H](c2cccc(Cl)c2)[C@H]1c1ccc(Cl)cc1,52.6,7.279014255846261,7.279014255846261,,1,active
CHEMBL3932076,CC[C@@H](CN1CCCS1(=O)=O)N1C(=O)[C@](C)(Cc2cccc(OC)n2)C[C@H](c2cccc(Cl)c2)[C@H]1c1ccc(Cl)cc1,CC[C@@H](CN1CCCS1(=O)=O)N1C(=O)[C@](C)(Cc2cccc(OC)n2)C[C@H](c2cccc(Cl)c2)[C@H]1c1ccc(Cl)cc1,130.0,6.886056647693163,6.886056647693163,,1,active
CHEMBL3895600,CC[C@@H](CN1CCN(C(=O)C2CC2)CC1)N1C(=O)[C@@](C)(CC(=O)O)C[C@H](c2cccc(Cl)c2)[C@H]1c1ccc(Cl)cc1,CC[C@@H](CN1CCN(C(=O)C2CC2)CC1)N1C(=O)[C@@](C)(CC(=O)O)C[C@H](c2cccc(Cl)c2)[C@H]1c1ccc(Cl)cc1,7.0,8.198970004336019,8.198970004336019,,2,active
CHEMBL3966894,CC[C@@H](CN1CCN(C(C)=O)CC1)N1C(=O)[C@@](C)(CC(=O)O)C[C@H](c2cccc(Cl)c2)[C@H]1c1ccc(Cl)cc1,CC[C@@H](CN1CCN(C(C)=O)CC1)N1C(=O)[C@@](C)(CC(=O)O)C[C@H](c2cccc(Cl)c2)[C@H]1c1ccc(Cl)cc1,6.0,8.34948500216801,8.34948500216801,,2,active
CHEMBL3972181,CC[C@@H](CN1CCN(S(=O)(=O)C2CC2)CC1)N1C(=O)[C@@](C)(CC(=O)O)C[C@H](c2cccc(Cl)c2)[C@H]1c1ccc(Cl)cc1,CC[C@@H](CN1CCN(S(=O)(=O)C2CC2)CC1)N1C(=O)[C@@](C)(CC(=O)O)C[C@H](c2cccc(Cl)c2)[C@H]1c1ccc(Cl)cc1,19.5,7.784318117920506,7.784318117920506,,2,active
CHEMBL3904550,CC[C@@H](CN1CCN(S(C)(=O)=O)CC1)N1C(=O)[C@@](C)(CC(=O)O)C[C@H](c2cccc(Cl)c2)[C@H]1c1ccc(Cl)cc1,CC[C@@H](CN1CCN(S(C)(=O)=O)CC1)N1C(=O)[C@@](C)(CC(=O)O)C[C@H](c2cccc(Cl)c2)[C@H]1c1ccc(Cl)cc1,14.0,7.8979400086720375,7.8979400086720375,,2,active
CHEMBL3980222,CC[C@@H](CN1CCOC(C)(C)C1)N1C(=O)[C@@](C)(CC(=O)O)C[C@H](c2cccc(Cl)c2)[C@H]1c1ccc(Cl)cc1,CC[C@@H](CN1CCOC(C)(C)C1)N1C(=O)[C@@](C)(CC(=O)O)C[C@H](c2cccc(Cl)c2)[C@H]1c1ccc(Cl)cc1,6.5,8.261439372640169,8.261439372640169,,2,active
CHEMBL3966228,CC[C@@H](CN1CCOC1=O)N1C(=O)[C@@](C)(CC(=O)O)C[C@H](c2cccc(Cl)c2)[C@H]1c1ccc(Cl)cc1,CC[C@@H](CN1CCOC1=O)N1C(=O)[C@@](C)(CC(=O)O)C[C@H](c2cccc(Cl)c2)[C@H]1c1ccc(Cl)cc1,17.5,7.911954370472159,7.911954370472159,,2,active
CHEMBL3941874,CC[C@@H](CN1CCOCC1(C)C)N1C(=O)[C@@](C)(CC(=O)O)C[C@H](c2cccc(Cl)c2)[C@H]1c1ccc(Cl)cc1,CC[C@@H](CN1CCOCC1(C)C)N1C(=O)[C@@](C)(CC(=O)O)C[C@H](c2cccc(Cl)c2)[C@H]1c1ccc(Cl)cc1,11.5,8.110924374808178,8.110924374808178,,2,active
CHEMBL4109809,CC[C@@H](CN1CCOCC1)N1C(=O)[C@@H](CC(=O)O)C[C@H](c2cccc(Cl)c2)[C@H]1c1ccc(Cl)cc1,CC[C@@H](CN1CCOCC1)N1C(=O)[C@@H](CC(=O)O)C[C@H](c2cccc(Cl)c2)[C@H]1c1ccc(Cl)cc1,70.0,7.154901959985743,7.154901959985743,,1,active
CHEMBL3894532,CC[C@@H](CN1CCOCC1)N1C(=O)[C@@](C)(CC(=O)O)C[C@H](c2cccc(Cl)c2)[C@H]1c1ccc(Cl)cc1,CC[C@@H](CN1CCOCC1)N1C(=O)[C@@](C)(CC(=O)O)C[C@H](c2cccc(Cl)c2)[C@H]1c1ccc(Cl)cc1,7.0,8.198970004336019,8.198970004336019,,2,active
CHEMBL3940102,CC[C@@H](CN1CCOCC1)N1C(=O)[C@@](C)(CC(=O)O)C[C@H](c2cccc(Cl)c2)[C@H]1c1ccc(Cl)cn1,CC[C@@H](CN1CCOCC1)N1C(=O)[C@@](C)(CC(=O)O)C[C@H](c2cccc(Cl)c2)[C@H]1c1ccc(Cl)cn1,50.0,7.301029995663981,7.301029995663981,,1,active
CHEMBL3963943,CC[C@@H](CN1CCOCC1)N1C(=O)[C@@](C)(Cc2noc(=O)[nH]2)C[C@H](c2cccc(Cl)c2)[C@H]1c1ccc(Cl)cc1,CC[C@@H](CN1CCOCC1)N1C(=O)[C@@](C)(Cc2noc(=O)[nH]2)C[C@H](c2cccc(Cl)c2)[C@H]1c1ccc(Cl)cc1,6.0,8.34948500216801,8.34948500216801,,2,active
CHEMBL3962786,CC[C@@H](CN1CCOCC1C)N1C(=O)[C@@](C)(CC(=O)O)C[C@H](c2cccc(Cl)c2)[C@H]1c1ccc(Cl)cc1,CC[C@@H](CN1CCOCC1C)N1C(=O)[C@@](C)(CC(=O)O)C[C@H](c2cccc(Cl)c2)[C@H]1c1ccc(Cl)cc1,6.0,8.34948500216801,8.34948500216801,,2,active
CHEMBL3901116,CC[C@@H](CN1CCS(=O)(=O)CC1)N1C(=O)[C@@H](CC(=O)O)C[C@H](c2cccc(Cl)c2)[C@H]1c1ccc(Cl)cc1,CC[C@@H](CN1CCS(=O)(=O)CC1)N1C(=O)[C@@H](CC(=O)O)C[C@H](c2cccc(Cl)c2)[C@H]1c1ccc(Cl)cc1,130.0,6.886056647693163,6.886056647693163,,1,active
CHEMBL3963132,CC[C@@H](CN1CCS(=O)(=O)CC1)N1C(=O)[C@@](C)(CC(=O)O)C[C@H](c2cccc(Cl)c2)[C@H]1c1ccc(Cl)cc1,CC[C@@H](CN1CCS(=O)(=O)CC1)N1C(=O)[C@@](C)(CC(=O)O)C[C@H](c2cccc(Cl)c2)[C@H]1c1ccc(Cl)cc1,12.0,8.048455006504028,8.048455006504028,,2,active
CHEMBL3926559,CC[C@@H](CN1C[C@H]2C[C@@H]1CO2)N1C(=O)[C@@](C)(CC(=O)O)C[C@H](c2cccc(Cl)c2)[C@H]1c1ccc(Cl)cc1,CC[C@@H](CN1C[C@H]2C[C@@H]1CO2)N1C(=O)[C@@](C)(CC(=O)O)C[C@H](c2cccc(Cl)c2)[C@H]1c1ccc(Cl)cc1,39.5,7.600329725273209,7.600329725273209,,2,active
CHEMBL3975667,CC[C@@H](CN1Cc2ccccc2S1(=O)=O)N1C(=O)[C@@](C)(CC(=O)O)C[C@H](c2cccc(Cl)c2)[C@H]1c1ccc(Cl)cc1,CC[C@@H](CN1Cc2ccccc2S1(=O)=O)N1C(=O)[C@@](C)(CC(=O)O)C[C@H](c2cccc(Cl)c2)[C@H]1c1ccc(Cl)cc1,5.0,8.301029995663981,8.301029995663981,,1,active
CHEMBL4106464,CC[C@@H](CNC(C)=O)N1C(=O)[C@@H](CC(=O)O)C[C@H](c2cccc(Cl)c2)[C@H]1c1ccc(Cl)cc1,CC[C@@H](CNC(C)=O)N1C(=O)[C@@H](CC(=O)O)C[C@H](c2cccc(Cl)c2)[C@H]1c1ccc(Cl)cc1,180.0,6.7447274948966935,6.7447274948966935,,1,active
CHEMBL3977218,CC[C@@H](CNCC(F)(F)F)N1C(=O)[C@@H](CC(=O)O)C[C@H](c2cccc(Cl)c2)[C@H]1c1ccc(Cl)cc1,CC[C@@H](CNCC(F)(F)F)N1C(=O)[C@@H](CC(=O)O)C[C@H](c2cccc(Cl)c2)[C@H]1c1ccc(Cl)cc1,170.0,6.769551078621726,6.769551078621726,,1,active
CHEMBL3919031,CC[C@@H](CNCC(F)(F)F)N1C(=O)[C@@](C)(CC(=O)O)C[C@H](c2cccc(Cl)c2)[C@H]1c1ccc(Cl)cc1,CC[C@@H](CNCC(F)(F)F)N1C(=O)[C@@](C)(CC(=O)O)C[C@H](c2cccc(Cl)c2)[C@H]1c1ccc(Cl)cc1,40.0,7.3979400086720375,7.3979400086720375,,1,active
CHEMBL3125513,CC[C@@H](CNS(=O)(=O)C(C)(C)C)N1C(=O)[C@@](C)(CC(=O)O)C[C@H](c2cccc(Cl)c2)[C@H]1c1ccc(Cl)cc1,CC[C@@H](CNS(=O)(=O)C(C)(C)C)N1C(=O)[C@@](C)(CC(=O)O)C[C@H](c2cccc(Cl)c2)[C@H]1c1ccc(Cl)cc1,1.65,8.792513326014591,8.792513326014591,,2,active
CHEMBL3955779,CC[C@@H](CNS(=O)(=O)C(C)C)N1C(=O)[C@@](C)(CC(=O)O)C[C@H](c2cccc(Cl)c2)[C@H]1c1ccc(Cl)cc1,CC[C@@H](CNS(=O)(=O)C(C)C)N1C(=O)[C@@](C)(CC(=O)O)C[C@H](c2cccc(Cl)c2)[C@H]1c1ccc(Cl)cc1,3.0,8.522878745280337,8.522878745280337,,1,active
CHEMBL3947049,CC[C@@H](CNS(=O)(=O)C(F)(F)F)N1C(=O)[C@@](C)(CC(=O)O)C[C@H](c2cccc(Cl)c2)[C@H]1c1ccc(Cl)cc1,CC[C@@H](CNS(=O)(=O)C(F)(F)F)N1C(=O)[C@@](C)(CC(=O)O)C[C@H](c2cccc(Cl)c2)[C@H]1c1ccc(Cl)cc1,7.0,8.154901959985743,8.154901959985743,,1,active
CHEMBL3896807,CC[C@@H](CNS(=O)(=O)C1(C)CC1)N1C(=O)[C@@](C)(CC(=O)O)C[C@H](c2cccc(Cl)c2)[C@H]1c1ccc(Cl)cc1,CC[C@@H](CNS(=O)(=O)C1(C)CC1)N1C(=O)[C@@](C)(CC(=O)O)C[C@H](c2cccc(Cl)c2)[C@H]1c1ccc(Cl)cc1,1.0,9.0,9.0,,1,active
CHEMBL3892226,CC[C@@H](CNS(=O)(=O)C1CC1)N1C(=O)[C@@](C)(CC(=O)O)C[C@H](c2cccc(Cl)c2)C1c1ccc(Cl)cc1,CC[C@@H](CNS(=O)(=O)C1CC1)N1C(=O)[C@@](C)(CC(=O)O)C[C@H](c2cccc(Cl)c2)C1c1ccc(Cl)cc1,1.0,9.0,9.0,,1,active
CHEMBL3125514,CC[C@@H](CNS(=O)(=O)C1CC1)N1C(=O)[C@@](C)(CC(=O)O)C[C@H](c2cccc(Cl)c2)[C@H]1c1ccc(Cl)cc1,CC[C@@H](CNS(=O)(=O)C1CC1)N1C(=O)[C@@](C)(CC(=O)O)C[C@H](c2cccc(Cl)c2)[C@H]1c1ccc(Cl)cc1,0.5,9.301029995663981,9.301029995663981,,1,active
CHEMBL3918643,CC[C@@H](CNS(=O)(=O)C1CC1)N1C(=O)[C@@](C)(CC(=O)O)C[C@H](c2cncc(Cl)c2)[C@H]1c1ccc(Cl)cc1,CC[C@@H](CNS(=O)(=O)C1CC1)N1C(=O)[C@@](C)(CC(=O)O)C[C@H](c2cncc(Cl)c2)[C@H]1c1ccc(Cl)cc1,4.6,8.337242168318426,8.337242168318426,,1,active
CHEMBL3961423,CC[C@@H](CNS(=O)(=O)C1CCC1)N1C(=O)[C@@](C)(CC(=O)O)C[C@H](c2cccc(Cl)c2)[C@H]1c1ccc(Cl)cc1,CC[C@@H](CNS(=O)(=O)C1CCC1)N1C(=O)[C@@](C)(CC(=O)O)C[C@H](c2cccc(Cl)c2)[C@H]1c1ccc(Cl)cc1,1.3,8.886056647693163,8.886056647693163,,1,active
CHEMBL3941277,CC[C@@H](CNS(=O)(=O)CC)N1C(=O)[C@@](C)(CC(=O)O)C[C@H](c2cc(F)cc(Cl)c2)[C@H]1c1ccc(Cl)cc1,CC[C@@H](CNS(=O)(=O)CC)N1C(=O)[C@@](C)(CC(=O)O)C[C@H](c2cc(F)cc(Cl)c2)[C@H]1c1ccc(Cl)cc1,0.7,9.154901959985743,9.154901959985743,,1,active
CHEMBL3960885,CC[C@@H](CNS(=O)(=O)c1ccc(C)cc1)N1C(=O)[C@@](C)(CC(=O)O)C[C@H](c2cccc(Cl)c2)[C@H]1c1ccc(Cl)cc1,CC[C@@H](CNS(=O)(=O)c1ccc(C)cc1)N1C(=O)[C@@](C)(CC(=O)O)C[C@H](c2cccc(Cl)c2)[C@H]1c1ccc(Cl)cc1,1.0,9.0,9.0,,1,active
CHEMBL3919843,CC[C@@H](CNS(=O)(=O)c1ccc(Cl)cc1)N1C(=O)[C@@](C)(CC(=O)O)C[C@H](c2cccc(Cl)c2)[C@H]1c1ccc(Cl)cc1,CC[C@@H](CNS(=O)(=O)c1ccc(Cl)cc1)N1C(=O)[C@@](C)(CC(=O)O)C[C@H](c2cccc(Cl)c2)[C@H]1c1ccc(Cl)cc1,3.0,8.522878745280337,8.522878745280337,,1,active
CHEMBL3919357,CC[C@@H](CNS(=O)(=O)c1ccc(OC)cc1)N1C(=O)[C@@](C)(CC(=O)O)C[C@H](c2cccc(Cl)c2)[C@H]1c1ccc(Cl)cc1,CC[C@@H](CNS(=O)(=O)c1ccc(OC)cc1)N1C(=O)[C@@](C)(CC(=O)O)C[C@H](c2cccc(Cl)c2)[C@H]1c1ccc(Cl)cc1,1.0,9.0,9.0,,1,active
CHEMBL3974584,CC[C@@H](CNS(=O)(=O)c1ccccc1)N1C(=O)[C@@](C)(CC(=O)O)C[C@H](c2cccc(Cl)c2)[C@H]1c1ccc(Cl)cc1,CC[C@@H](CNS(=O)(=O)c1ccccc1)N1C(=O)[C@@](C)(CC(=O)O)C[C@H](c2cccc(Cl)c2)[C@H]1c1ccc(Cl)cc1,1.0,9.0,9.0,,1,active
CHEMBL3891284,CC[C@@H](CNS(=O)(=O)c1ccccc1C)N1C(=O)[C@@](C)(CC(=O)O)C[C@H](c2cccc(Cl)c2)[C@H]1c1ccc(Cl)cc1,CC[C@@H](CNS(=O)(=O)c1ccccc1C)N1C(=O)[C@@](C)(CC(=O)O)C[C@H](c2cccc(Cl)c2)[C@H]1c1ccc(Cl)cc1,5.0,8.301029995663981,8.301029995663981,,1,active
CHEMBL3902491,CC[C@@H](CNS(=O)(=O)c1ccccc1Cl)N1C(=O)[C@@](C)(CC(=O)O)C[C@H](c2cccc(Cl)c2)[C@H]1c1ccc(Cl)cc1,CC[C@@H](CNS(=O)(=O)c1ccccc1Cl)N1C(=O)[C@@](C)(CC(=O)O)C[C@H](c2cccc(Cl)c2)[C@H]1c1ccc(Cl)cc1,3.0,8.522878745280337,8.522878745280337,,1,active
CHEMBL3927069,CC[C@@H](CNS(=O)(=O)c1ccccn1)N1C(=O)[C@@](C)(CC(=O)O)C[C@H](c2cccc(Cl)c2)[C@H]1c1ccc(Cl)cc1,CC[C@@H](CNS(=O)(=O)c1ccccn1)N1C(=O)[C@@](C)(CC(=O)O)C[C@H](c2cccc(Cl)c2)[C@H]1c1ccc(Cl)cc1,1.0,9.0,9.0,,1,active
CHEMBL4111743,CC[C@@H](CNS(C)(=O)=O)N1C(=O)[C@@H](CC(=O)O)C[C@H](c2cccc(Cl)c2)[C@H]1c1ccc(Cl)cc1,CC[C@@H](CNS(C)(=O)=O)N1C(=O)[C@@H](CC(=O)O)C[C@H](c2cccc(Cl)c2)[C@H]1c1ccc(Cl)cc1,30.0,7.522878745280337,7.522878745280337,,1,active
CHEMBL5952523,CC[C@@H](CNS(C)(=O)=O)N1C(=O)[C@@](C)(CC(=O)O)C[C@H](c2cccc(Cl)c2)C1c1ccc(Cl)cc1,CC[C@@H](CNS(C)(=O)=O)N1C(=O)[C@@](C)(CC(=O)O)C[C@H](c2cccc(Cl)c2)C1c1ccc(Cl)cc1,5.5,8.5,8.5,,2,active
CHEMBL3125710,CC[C@@H](CNS(C)(=O)=O)N1C(=O)[C@@](C)(CC(=O)O)C[C@H](c2cccc(Cl)c2)[C@H]1c1ccc(Cl)cc1,CC[C@@H](CNS(C)(=O)=O)N1C(=O)[C@@](C)(CC(=O)O)C[C@H](c2cccc(Cl)c2)[C@H]1c1ccc(Cl)cc1,0.7,9.154901959985743,9.154901959985743,,1,active
CHEMBL3961139,CC[C@@H](CNc1nccs1)N1C(=O)[C@@H](CC(=O)O)C[C@H](c2cccc(Cl)c2)[C@H]1c1ccc(Cl)cc1,CC[C@@H](CNc1nccs1)N1C(=O)[C@@H](CC(=O)O)C[C@H](c2cccc(Cl)c2)[C@H]1c1ccc(Cl)cc1,100.0,7.0,7.0,,1,active
CHEMBL5761109,CC[C@@H](CO)N1C(=O)[C@@H](CC(=O)O)C[C@H](c2cccc(Cl)c2)[C@H]1c1ccc(Cl)cc1,CC[C@@H](CO)N1C(=O)[C@@H](CC(=O)O)C[C@H](c2cccc(Cl)c2)[C@H]1c1ccc(Cl)cc1,50.0,7.301029995663981,7.301029995663981,,1,active
CHEMBL5876634,CC[C@@H](CO)N1C(=O)[C@@H](CC(=O)O)O[C@@H](c2cccc(Cl)c2)[C@H]1c1ccc(Cl)cc1,CC[C@@H](CO)N1C(=O)[C@@H](CC(=O)O)O[C@@H](c2cccc(Cl)c2)[C@H]1c1ccc(Cl)cc1,611.0,6.213958789757446,6.213958789757446,,1,active
CHEMBL3958840,CC[C@@H](CO)N1C(=O)[C@@](C)(C2CC2C(=O)O)C[C@H](c2cccc(Cl)c2)[C@H]1c1ccc(Cl)cc1,CC[C@@H](CO)N1C(=O)[C@@](C)(C2CC2C(=O)O)C[C@H](c2cccc(Cl)c2)[C@H]1c1ccc(Cl)cc1,100.0,7.0,7.0,,1,active
CHEMBL2177191,CC[C@@H](CO)N1C(=O)[C@@](C)(CC(=O)O)C[C@H](c2cccc(Cl)c2)[C@H]1c1ccc(Cl)cc1,CC[C@@H](CO)N1C(=O)[C@@](C)(CC(=O)O)C[C@H](c2cccc(Cl)c2)[C@H]1c1ccc(Cl)cc1,11.0,8.198970004336019,8.198970004336019,,2,active
CHEMBL2347393,CC[C@@H](CO)N1C(=O)[C@H](CC(=O)O)O[C@@H](c2cccc(Cl)c2)[C@H]1c1ccc(Cl)cc1,CC[C@@H](CO)N1C(=O)[C@H](CC(=O)O)O[C@@H](c2cccc(Cl)c2)[C@H]1c1ccc(Cl)cc1,805.0,6.107335082494616,6.107335082494616,,2,active
CHEMBL6010679,CC[C@@H](COC)N1C(=O)[C@@H](CC(=O)O)C[C@H](c2cccc(Cl)c2)[C@H]1c1ccc(Cl)cc1,CC[C@@H](COC)N1C(=O)[C@@H](CC(=O)O)C[C@H](c2cccc(Cl)c2)[C@H]1c1ccc(Cl)cc1,70.0,7.154901959985743,7.154901959985743,,1,active
CHEMBL3966670,CC[C@@H](COC)N1C(=O)[C@H](CC(=O)O)C[C@H](c2cccc(Cl)c2)[C@H]1c1ccc(Cl)cc1,CC[C@@H](COC)N1C(=O)[C@H](CC(=O)O)C[C@H](c2cccc(Cl)c2)[C@H]1c1ccc(Cl)cc1,290.0,6.537602002101044,6.537602002101044,,1,active
CHEMBL5893577,CC[C@@H](COCC(C)(C)O)N1C(=O)[C@H](CC(=O)O)C[C@H](c2cccc(Cl)c2)[C@H]1c1ccc(Cl)cc1,CC[C@@H](COCC(C)(C)O)N1C(=O)[C@H](CC(=O)O)C[C@H](c2cccc(Cl)c2)[C@H]1c1ccc(Cl)cc1,110.0,6.958607314841775,6.958607314841775,,1,active
CHEMBL5744986,CC[C@@H](COCC1(C#N)CC1)N1C(=O)[C@@H](CC(=O)O)C[C@H](c2cccc(Cl)c2)[C@H]1c1ccc(Cl)cc1,CC[C@@H](COCC1(C#N)CC1)N1C(=O)[C@@H](CC(=O)O)C[C@H](c2cccc(Cl)c2)[C@H]1c1ccc(Cl)cc1,40.0,7.3979400086720375,7.3979400086720375,,1,active
CHEMBL6014181,CC[C@@H](COCC1(C(N)=O)CC1)N1C(=O)[C@@H](CC(=O)O)C[C@H](c2cccc(Cl)c2)[C@H]1c1ccc(Cl)cc1,CC[C@@H](COCC1(C(N)=O)CC1)N1C(=O)[C@@H](CC(=O)O)C[C@H](c2cccc(Cl)c2)[C@H]1c1ccc(Cl)cc1,70.0,7.154901959985743,7.154901959985743,,1,active
CHEMBL5740395,CC[C@@H](COCC1(C(N)=O)CC1)N1C(=O)[C@H](CC(=O)O)C[C@H](c2cccc(Cl)c2)[C@H]1c1ccc(Cl)cc1,CC[C@@H](COCC1(C(N)=O)CC1)N1C(=O)[C@H](CC(=O)O)C[C@H](c2cccc(Cl)c2)[C@H]1c1ccc(Cl)cc1,240.0,6.619788758288394,6.619788758288394,,1,active
CHEMBL5812180,CC[C@@H](COCC1CC1)N1C(=O)[C@@H](CC(=O)O)C[C@H](c2cccc(Cl)c2)[C@H]1c1ccc(Cl)cc1,CC[C@@H](COCC1CC1)N1C(=O)[C@@H](CC(=O)O)C[C@H](c2cccc(Cl)c2)[C@H]1c1ccc(Cl)cc1,30.0,7.522878745280337,7.522878745280337,,1,active
CHEMBL5830184,CC[C@@H](COCC1CC1)N1C(=O)[C@@](C)(CC(=O)O)CC(c2cccc(Cl)c2)C1c1ccc(Cl)cc1,CC[C@@H](COCC1CC1)N1C(=O)[C@@](C)(CC(=O)O)CC(c2cccc(Cl)c2)C1c1ccc(Cl)cc1,16.0,8.110924374808178,8.110924374808178,,2,active
CHEMBL3891817,CC[C@@H](COCC1CC1)N1C(=O)[C@H](CC(=O)O)C[C@H](c2cccc(Cl)c2)[C@H]1c1ccc(Cl)cc1,CC[C@@H](COCC1CC1)N1C(=O)[C@H](CC(=O)O)C[C@H](c2cccc(Cl)c2)[C@H]1c1ccc(Cl)cc1,110.0,6.958607314841775,6.958607314841775,,1,active
CHEMBL5978992,CC[C@@H](COCCOC)N1C(=O)[C@@H](CC(=O)O)C[C@H](c2cccc(Cl)c2)[C@H]1c1ccc(Cl)cc1,CC[C@@H](COCCOC)N1C(=O)[C@@H](CC(=O)O)C[C@H](c2cccc(Cl)c2)[C@H]1c1ccc(Cl)cc1,90.0,7.045757490560675,7.045757490560675,,1,active
CHEMBL3967626,CC[C@@H](COCCOC)N1C(=O)[C@H](CC(=O)O)C[C@H](c2cccc(Cl)c2)[C@H]1c1ccc(Cl)cc1,CC[C@@H](COCCOC)N1C(=O)[C@H](CC(=O)O)C[C@H](c2cccc(Cl)c2)[C@H]1c1ccc(Cl)cc1,240.0,6.619788758288394,6.619788758288394,,1,active
CHEMBL3233130,CC[C@@H](CS(=O)(=O)C(C)(C)C)N1C(=O)[C@@H](CC(=O)O)O[C@H](c2cccc(Cl)c2)[C@H]1c1ccc(Cl)cc1,CC[C@@H](CS(=O)(=O)C(C)(C)C)N1C(=O)[C@@H](CC(=O)O)O[C@H](c2cccc(Cl)c2)[C@H]1c1ccc(Cl)cc1,2.0,8.698970004336019,8.698970004336019,,4,active
CHEMBL3236362,CC[C@@H](CS(=O)(=O)C(C)(C)C)N1C(=O)[C@@](C)(CC(=O)CO)C[C@H](c2cccc(Cl)c2)[C@H]1c1ccc(Cl)cc1,CC[C@@H](CS(=O)(=O)C(C)(C)C)N1C(=O)[C@@](C)(CC(=O)CO)C[C@H](c2cccc(Cl)c2)[C@H]1c1ccc(Cl)cc1,2.15,8.82682351277468,8.82682351277468,,2,active
CHEMBL3236360,CC[C@@H](CS(=O)(=O)C(C)(C)C)N1C(=O)[C@@](C)(CC(=O)NS(=O)(=O)C(F)(F)F)C[C@H](c2cccc(Cl)c2)[C@H]1c1ccc(Cl)cc1,CC[C@@H](CS(=O)(=O)C(C)(C)C)N1C(=O)[C@@](C)(CC(=O)NS(=O)(=O)C(F)(F)F)C[C@H](c2cccc(Cl)c2)[C@H]1c1ccc(Cl)cc1,13.05,8.073455235074068,8.073455235074068,,2,active
CHEMBL3904145,CC[C@@H](CS(=O)(=O)C(C)(C)C)N1C(=O)[C@@](C)(CC(=O)O)C[C@H](c2cc(F)cc(Cl)c2)[C@H]1c1ccc(Cl)cc1,CC[C@@H](CS(=O)(=O)C(C)(C)C)N1C(=O)[C@@](C)(CC(=O)O)C[C@H](c2cc(F)cc(Cl)c2)[C@H]1c1ccc(Cl)cc1,0.1,10.0,10.0,,1,active
CHEMBL3125527,CC[C@@H](CS(=O)(=O)C(C)(C)C)N1C(=O)[C@@](C)(CC(=O)O)C[C@H](c2cccc(Cl)c2)[C@H]1c1ccc(Cl)cc1,CC[C@@H](CS(=O)(=O)C(C)(C)C)N1C(=O)[C@@](C)(CC(=O)O)C[C@H](c2cccc(Cl)c2)[C@H]1c1ccc(Cl)cc1,0.1,10.0,10.0,,7,active
CHEMBL3941159,CC[C@@H](CS(=O)(=O)C(C)(C)C)N1C(=O)[C@@](C)(CC(=O)O)C[C@H](c2cncc(Cl)c2)[C@H]1c1ccc(Cl)cc1,CC[C@@H](CS(=O)(=O)C(C)(C)C)N1C(=O)[C@@](C)(CC(=O)O)C[C@H](c2cncc(Cl)c2)[C@H]1c1ccc(Cl)cc1,1.5,8.823908740944319,8.823908740944319,,1,active
CHEMBL3233141,CC[C@@H](CS(=O)(=O)C(C)(C)C)N1C(=O)[C@@](C)(CC(=O)O)O[C@H](c2cccc(Cl)c2)[C@H]1c1ccc(Cl)cc1,CC[C@@H](CS(=O)(=O)C(C)(C)C)N1C(=O)[C@@](C)(CC(=O)O)O[C@H](c2cccc(Cl)c2)[C@H]1c1ccc(Cl)cc1,1.25,9.0,9.0,,2,active
CHEMBL3236363,CC[C@@H](CS(=O)(=O)C(C)(C)C)N1C(=O)[C@@](C)(CC(N)=O)C[C@H](c2cccc(Cl)c2)[C@H]1c1ccc(Cl)cc1,CC[C@@H](CS(=O)(=O)C(C)(C)C)N1C(=O)[C@@](C)(CC(N)=O)C[C@H](c2cccc(Cl)c2)[C@H]1c1ccc(Cl)cc1,1.3,8.98940535046503,8.98940535046503,,2,active
CHEMBL3236358,CC[C@@H](CS(=O)(=O)C(C)(C)C)N1C(=O)[C@@](C)(Cc2nnn[nH]2)C[C@H](c2cccc(Cl)c2)[C@H]1c1ccc(Cl)cc1,CC[C@@H](CS(=O)(=O)C(C)(C)C)N1C(=O)[C@@](C)(Cc2nnn[nH]2)C[C@H](c2cccc(Cl)c2)[C@H]1c1ccc(Cl)cc1,0.45,9.548455006504028,9.548455006504028,,2,active
CHEMBL3236359,CC[C@@H](CS(=O)(=O)C(C)(C)C)N1C(=O)[C@@](C)(Cc2noc(=O)[nH]2)C[C@H](c2cccc(Cl)c2)[C@H]1c1ccc(Cl)cc1,CC[C@@H](CS(=O)(=O)C(C)(C)C)N1C(=O)[C@@](C)(Cc2noc(=O)[nH]2)C[C@H](c2cccc(Cl)c2)[C@H]1c1ccc(Cl)cc1,0.75,9.292513326014591,9.292513326014591,,2,active
CHEMBL3952401,CC[C@@H](CS(=O)(=O)C(C)(C)C)N1C(=O)[C@@](CC)(CC(=O)O)C[C@H](c2cccc(Cl)c2)[C@H]1c1ccc(Cl)cc1,CC[C@@H](CS(=O)(=O)C(C)(C)C)N1C(=O)[C@@](CC)(CC(=O)O)C[C@H](c2cccc(Cl)c2)[C@H]1c1ccc(Cl)cc1,0.1,10.0,10.0,,1,active
CHEMBL3236666,CC[C@@H](CS(=O)(=O)C(C)(C)C)N1C(=O)[C@H](CC(=O)O)O[C@H](c2cccc(Cl)c2)[C@H]1c1ccc(Cl)cc1,CC[C@@H](CS(=O)(=O)C(C)(C)C)N1C(=O)[C@H](CC(=O)O)O[C@H](c2cccc(Cl)c2)[C@H]1c1ccc(Cl)cc1,9.0,8.045757490560675,8.045757490560675,,1,active
CHEMBL3233129,CC[C@@H](CS(=O)(=O)C(C)C)N1C(=O)[C@@H](CC(=O)O)O[C@H](c2cccc(Cl)c2)[C@H]1c1ccc(Cl)cc1,CC[C@@H](CS(=O)(=O)C(C)C)N1C(=O)[C@@H](CC(=O)O)O[C@H](c2cccc(Cl)c2)[C@H]1c1ccc(Cl)cc1,5.7,8.44086763695526,8.44086763695526,,2,active
CHEMBL3909721,CC[C@@H](CS(=O)(=O)C(C)C)N1C(=O)[C@@](C)(CC(=O)O)C[C@H](c2cc(F)cc(Cl)c2)[C@H]1c1ccc(Cl)cc1,CC[C@@H](CS(=O)(=O)C(C)C)N1C(=O)[C@@](C)(CC(=O)O)C[C@H](c2cc(F)cc(Cl)c2)[C@H]1c1ccc(Cl)cc1,0.1,10.0,10.0,,1,active
CHEMBL3125526,CC[C@@H](CS(=O)(=O)C(C)C)N1C(=O)[C@@](C)(CC(=O)O)C[C@H](c2cccc(Cl)c2)[C@H]1c1ccc(Cl)cc1,CC[C@@H](CS(=O)(=O)C(C)C)N1C(=O)[C@@](C)(CC(=O)O)C[C@H](c2cccc(Cl)c2)[C@H]1c1ccc(Cl)cc1,0.2,9.698970004336019,9.698970004336019,,3,active
CHEMBL3944399,CC[C@@H](CS(=O)(=O)C(C)C)N1C(=O)[C@@](CC)(CC(=O)O)C[C@H](c2cccc(Cl)c2)[C@H]1c1ccc(Cl)cc1,CC[C@@H](CS(=O)(=O)C(C)C)N1C(=O)[C@@](CC)(CC(=O)O)C[C@H](c2cccc(Cl)c2)[C@H]1c1ccc(Cl)cc1,0.2,9.698970004336019,9.698970004336019,,1,active
CHEMBL3972089,CC[C@@H](CS(=O)(=O)C1CC1)N1C(=O)[C@@](C)(CC(=O)O)C[C@H](c2cc(F)cc(Cl)c2)[C@H]1c1ccc(Cl)cc1,CC[C@@H](CS(=O)(=O)C1CC1)N1C(=O)[C@@](C)(CC(=O)O)C[C@H](c2cc(F)cc(Cl)c2)[C@H]1c1ccc(Cl)cc1,0.2,9.698970004336019,9.698970004336019,,1,active
CHEMBL3125525,CC[C@@H](CS(=O)(=O)C1CC1)N1C(=O)[C@@](C)(CC(=O)O)C[C@H](c2cccc(Cl)c2)[C@H]1c1ccc(Cl)cc1,CC[C@@H](CS(=O)(=O)C1CC1)N1C(=O)[C@@](C)(CC(=O)O)C[C@H](c2cccc(Cl)c2)[C@H]1c1ccc(Cl)cc1,0.2,9.698970004336019,9.698970004336019,,3,active
CHEMBL3932147,CC[C@@H](CS(=O)(=O)C1CC1)N1C(=O)[C@@](C)(CC(=O)O)C[C@H](c2cncc(Cl)c2)[C@H]1c1ccc(Cl)cc1,CC[C@@H](CS(=O)(=O)C1CC1)N1C(=O)[C@@](C)(CC(=O)O)C[C@H](c2cncc(Cl)c2)[C@H]1c1ccc(Cl)cc1,3.8,8.42021640338319,8.42021640338319,,1,active
CHEMBL3961096,CC[C@@H](CS(=O)(=O)C1CC1)N1C(=O)[C@@](CC)(CC(=O)O)C[C@H](c2cccc(Cl)c2)[C@H]1c1ccc(Cl)cc1,CC[C@@H](CS(=O)(=O)C1CC1)N1C(=O)[C@@](CC)(CC(=O)O)C[C@H](c2cccc(Cl)c2)[C@H]1c1ccc(Cl)cc1,0.3,9.522878745280337,9.522878745280337,,1,active
CHEMBL3125529,CC[C@@H](CS(=O)(=O)C1CCC1)N1C(=O)[C@@](C)(CC(=O)O)C[C@H](c2cccc(Cl)c2)[C@H]1c1ccc(Cl)cc1,CC[C@@H](CS(=O)(=O)C1CCC1)N1C(=O)[C@@](C)(CC(=O)O)C[C@H](c2cccc(Cl)c2)[C@H]1c1ccc(Cl)cc1,0.2,9.698970004336019,9.698970004336019,,3,active
CHEMBL3905634,CC[C@@H](CS(=O)(=O)C1CCC1)N1C(=O)[C@@](CC)(CC(=O)O)C[C@H](c2cccc(Cl)c2)[C@H]1c1ccc(Cl)cc1,CC[C@@H](CS(=O)(=O)C1CCC1)N1C(=O)[C@@](CC)(CC(=O)O)C[C@H](c2cccc(Cl)c2)[C@H]1c1ccc(Cl)cc1,0.3,9.522878745280337,9.522878745280337,,1,active
CHEMBL3233132,CC[C@@H](CS(=O)(=O)C1CCCC1)N1C(=O)[C@@H](CC(=O)O)O[C@H](c2cccc(Cl)c2)[C@H]1c1ccc(Cl)cc1,CC[C@@H](CS(=O)(=O)C1CCCC1)N1C(=O)[C@@H](CC(=O)O)O[C@H](c2cccc(Cl)c2)[C@H]1c1ccc(Cl)cc1,12.5,8.0,8.0,,2,active
CHEMBL3125530,CC[C@@H](CS(=O)(=O)C1CCCC1)N1C(=O)[C@@](C)(CC(=O)O)C[C@H](c2cccc(Cl)c2)[C@H]1c1ccc(Cl)cc1,CC[C@@H](CS(=O)(=O)C1CCCC1)N1C(=O)[C@@](C)(CC(=O)O)C[C@H](c2cccc(Cl)c2)[C@H]1c1ccc(Cl)cc1,0.3,9.522878745280337,9.522878745280337,,3,active
CHEMBL3893885,CC[C@@H](CS(=O)(=O)C1CCOCC1)N1C(=O)[C@@](C)(CC(=O)O)C[C@H](c2cccc(Cl)c2)[C@H]1c1ccc(Cl)cc1,CC[C@@H](CS(=O)(=O)C1CCOCC1)N1C(=O)[C@@](C)(CC(=O)O)C[C@H](c2cccc(Cl)c2)[C@H]1c1ccc(Cl)cc1,0.2,9.698970004336019,9.698970004336019,,1,active
CHEMBL3233135,CC[C@@H](CS(=O)(=O)C1COC1)N1C(=O)[C@@H](CC(=O)O)O[C@H](c2cccc(Cl)c2)[C@H]1c1ccc(Cl)cc1,CC[C@@H](CS(=O)(=O)C1COC1)N1C(=O)[C@@H](CC(=O)O)O[C@H](c2cccc(Cl)c2)[C@H]1c1ccc(Cl)cc1,14.0,7.969651079823194,7.969651079823194,,2,active
CHEMBL3125531,CC[C@@H](CS(=O)(=O)C1COC1)N1C(=O)[C@@](C)(CC(=O)O)C[C@H](c2cccc(Cl)c2)[C@H]1c1ccc(Cl)cc1,CC[C@@H](CS(=O)(=O)C1COC1)N1C(=O)[C@@](C)(CC(=O)O)C[C@H](c2cccc(Cl)c2)[C@H]1c1ccc(Cl)cc1,0.3,9.522878745280337,9.522878745280337,,3,active
CHEMBL3233131,CC[C@@H](CS(=O)(=O)CC(C)(C)C)N1C(=O)[C@@H](CC(=O)O)O[C@H](c2cccc(Cl)c2)[C@H]1c1ccc(Cl)cc1,CC[C@@H](CS(=O)(=O)CC(C)(C)C)N1C(=O)[C@@H](CC(=O)O)O[C@H](c2cccc(Cl)c2)[C@H]1c1ccc(Cl)cc1,9.5,8.372363747448347,8.372363747448347,,2,active
CHEMBL3958379,CC[C@@H](CS(=O)(=O)CC(C)(C)O)N1C(=O)[C@@](C)(CC(=O)O)C[C@H](c2cccc(Cl)c2)[C@H]1c1ccc(Cl)cc1,CC[C@@H](CS(=O)(=O)CC(C)(C)O)N1C(=O)[C@@](C)(CC(=O)O)C[C@H](c2cccc(Cl)c2)[C@H]1c1ccc(Cl)cc1,0.2,9.698970004336019,9.698970004336019,,1,active
CHEMBL3942755,CC[C@@H](CS(=O)(=O)CC(C)C)N1C(=O)[C@@](C)(CC(=O)O)C[C@H](c2cccc(Cl)c2)[C@H]1c1ccc(Cl)cc1,CC[C@@H](CS(=O)(=O)CC(C)C)N1C(=O)[C@@](C)(CC(=O)O)C[C@H](c2cccc(Cl)c2)[C@H]1c1ccc(Cl)cc1,0.5,9.301029995663981,9.301029995663981,,1,active
CHEMBL3233128,CC[C@@H](CS(=O)(=O)CC)N1C(=O)[C@@H](CC(=O)O)O[C@H](c2cccc(Cl)c2)[C@H]1c1ccc(Cl)cc1,CC[C@@H](CS(=O)(=O)CC)N1C(=O)[C@@H](CC(=O)O)O[C@H](c2cccc(Cl)c2)[C@H]1c1ccc(Cl)cc1,14.5,8.05395269865476,8.05395269865476,,2,active
CHEMBL3897410,CC[C@@H](CS(=O)(=O)CC)N1C(=O)[C@@](C)(CC(=O)O)C[C@H](c2cc(F)cc(Cl)c2)[C@H]1c1ccc(Cl)cc1,CC[C@@H](CS(=O)(=O)CC)N1C(=O)[C@@](C)(CC(=O)O)C[C@H](c2cc(F)cc(Cl)c2)[C@H]1c1ccc(Cl)cc1,0.2,9.698970004336019,9.698970004336019,,1,active
CHEMBL3125524,CC[C@@H](CS(=O)(=O)CC)N1C(=O)[C@@](C)(CC(=O)O)C[C@H](c2cccc(Cl)c2)[C@H]1c1ccc(Cl)cc1,CC[C@@H](CS(=O)(=O)CC)N1C(=O)[C@@](C)(CC(=O)O)C[C@H](c2cccc(Cl)c2)[C@H]1c1ccc(Cl)cc1,0.3,9.522878745280337,9.522878745280337,,3,active
CHEMBL3931077,CC[C@@H](CS(=O)(=O)CC)N1C(=O)[C@@](C)(CC(=O)O)C[C@H](c2cccc(Cl)c2)[C@H]1c1ccc(Cl)cn1,CC[C@@H](CS(=O)(=O)CC)N1C(=O)[C@@](C)(CC(=O)O)C[C@H](c2cccc(Cl)c2)[C@H]1c1ccc(Cl)cn1,0.9,9.045757490560675,9.045757490560675,,1,active
CHEMBL5908322,CC[C@@H](CS(=O)(=O)CC)N1C(=O)[C@@](CC)(CC(=O)O)C[C@H](c2cccc(Cl)c2)[C@H]1c1ccc(Cl)cc1,CC[C@@H](CS(=O)(=O)CC)N1C(=O)[C@@](CC)(CC(=O)O)C[C@H](c2cccc(Cl)c2)[C@H]1c1ccc(Cl)cc1,0.4,9.397940008672037,9.397940008672037,,1,active
CHEMBL3915847,CC[C@@H](CS(=O)(=O)CC1(C)COC1)N1C(=O)[C@@](C)(CC(=O)O)C[C@H](c2cccc(Cl)c2)[C@H]1c1ccc(Cl)cc1,CC[C@@H](CS(=O)(=O)CC1(C)COC1)N1C(=O)[C@@](C)(CC(=O)O)C[C@H](c2cccc(Cl)c2)[C@H]1c1ccc(Cl)cc1,0.1,10.0,10.0,,1,active
CHEMBL3125528,CC[C@@H](CS(=O)(=O)CC1CC1)N1C(=O)[C@@](C)(CC(=O)O)C[C@H](c2cccc(Cl)c2)[C@H]1c1ccc(Cl)cc1,CC[C@@H](CS(=O)(=O)CC1CC1)N1C(=O)[C@@](C)(CC(=O)O)C[C@H](c2cccc(Cl)c2)[C@H]1c1ccc(Cl)cc1,0.3,9.522878745280337,9.522878745280337,,3,active
CHEMBL3984400,CC[C@@H](CS(=O)(=O)CC1CCC1)N1C(=O)[C@@](C)(CC(=O)O)C[C@H](c2cccc(Cl)c2)[C@H]1c1ccc(Cl)cc1,CC[C@@H](CS(=O)(=O)CC1CCC1)N1C(=O)[C@@](C)(CC(=O)O)C[C@H](c2cccc(Cl)c2)[C@H]1c1ccc(Cl)cc1,0.5,9.301029995663981,9.301029995663981,,1,active
CHEMBL3233134,CC[C@@H](CS(=O)(=O)N(C)C)N1C(=O)[C@@H](CC(=O)O)O[C@H](c2cccc(Cl)c2)[C@H]1c1ccc(Cl)cc1,CC[C@@H](CS(=O)(=O)N(C)C)N1C(=O)[C@@H](CC(=O)O)O[C@H](c2cccc(Cl)c2)[C@H]1c1ccc(Cl)cc1,5.45,8.522878745280337,8.522878745280337,,2,active
CHEMBL3934002,CC[C@@H](CS(=O)(=O)NC1COC1)N1C(=O)[C@@](C)(CC(=O)O)C[C@H](c2cccc(Cl)c2)[C@H]1c1ccc(Cl)cc1,CC[C@@H](CS(=O)(=O)NC1COC1)N1C(=O)[C@@](C)(CC(=O)O)C[C@H](c2cccc(Cl)c2)[C@H]1c1ccc(Cl)cc1,0.2,9.698970004336019,9.698970004336019,,1,active
CHEMBL3978594,CC[C@@H](CS(=O)(=O)NCC1(C)COC1)N1C(=O)[C@@](C)(CC(=O)O)C[C@H](c2cccc(Cl)c2)[C@H]1c1ccc(Cl)cc1,CC[C@@H](CS(=O)(=O)NCC1(C)COC1)N1C(=O)[C@@](C)(CC(=O)O)C[C@H](c2cccc(Cl)c2)[C@H]1c1ccc(Cl)cc1,0.2,9.698970004336019,9.698970004336019,,1,active
CHEMBL3949514,CC[C@@H](CS(=O)(=O)NCC1COC1)N1C(=O)[C@@](C)(CC(=O)O)C[C@H](c2cccc(Cl)c2)[C@H]1c1ccc(Cl)cc1,CC[C@@H](CS(=O)(=O)NCC1COC1)N1C(=O)[C@@](C)(CC(=O)O)C[C@H](c2cccc(Cl)c2)[C@H]1c1ccc(Cl)cc1,0.2,9.698970004336019,9.698970004336019,,1,active
CHEMBL3983607,CC[C@@H](CS(=O)(=O)[C@H](C)CC)N1C(=O)[C@@](C)(CC(=O)O)C[C@H](c2cccc(Cl)c2)[C@H]1c1ccc(Cl)cc1,CC[C@@H](CS(=O)(=O)[C@H](C)CC)N1C(=O)[C@@](C)(CC(=O)O)C[C@H](c2cccc(Cl)c2)[C@H]1c1ccc(Cl)cc1,5.6499999999999995,8.975390988664909,8.975390988664909,,2,active
CHEMBL3233133,CC[C@@H](CS(=O)(=O)c1ccccc1)N1C(=O)[C@@H](CC(=O)O)O[C@H](c2cccc(Cl)c2)[C@H]1c1ccc(Cl)cc1,CC[C@@H](CS(=O)(=O)c1ccccc1)N1C(=O)[C@@H](CC(=O)O)O[C@H](c2cccc(Cl)c2)[C@H]1c1ccc(Cl)cc1,8.95,8.4076542845912,8.4076542845912,,2,active
CHEMBL3125532,CC[C@@H](CS(=O)(=O)c1ccccc1)N1C(=O)[C@@](C)(CC(=O)O)C[C@H](c2cccc(Cl)c2)[C@H]1c1ccc(Cl)cc1,CC[C@@H](CS(=O)(=O)c1ccccc1)N1C(=O)[C@@](C)(CC(=O)O)C[C@H](c2cccc(Cl)c2)[C@H]1c1ccc(Cl)cc1,2.05,8.971547574331764,8.971547574331764,,2,active
CHEMBL3935799,CC[C@@H](CS(C)(=O)=O)N1C(=O)[C@@](C)(CC(=O)O)C[C@H](c2cc(F)cc(Cl)c2)[C@H]1c1ccc(Cl)cc1,CC[C@@H](CS(C)(=O)=O)N1C(=O)[C@@](C)(CC(=O)O)C[C@H](c2cc(F)cc(Cl)c2)[C@H]1c1ccc(Cl)cc1,0.5,9.301029995663981,9.301029995663981,,1,active
CHEMBL3125522,CC[C@@H](CS(C)(=O)=O)N1C(=O)[C@@](C)(CC(=O)O)C[C@H](c2cccc(Cl)c2)[C@H]1c1ccc(Cl)cc1,CC[C@@H](CS(C)(=O)=O)N1C(=O)[C@@](C)(CC(=O)O)C[C@H](c2cccc(Cl)c2)[C@H]1c1ccc(Cl)cc1,0.3,9.522878745280337,9.522878745280337,,3,active
CHEMBL3125706,CC[C@@H](C[C@@H](C)O)N1C(=O)[C@@](C)(CC(=O)O)C[C@H](c2cccc(Cl)c2)[C@H]1c1ccc(Cl)cc1,CC[C@@H](C[C@@H](C)O)N1C(=O)[C@@](C)(CC(=O)O)C[C@H](c2cccc(Cl)c2)[C@H]1c1ccc(Cl)cc1,3.0,8.824875990832918,8.824875990832918,,2,active
CHEMBL3125707,CC[C@@H](C[C@H](C)O)N1C(=O)[C@@](C)(CC(=O)O)C[C@H](c2cccc(Cl)c2)[C@H]1c1ccc(Cl)cc1,CC[C@@H](C[C@H](C)O)N1C(=O)[C@@](C)(CC(=O)O)C[C@H](c2cccc(Cl)c2)[C@H]1c1ccc(Cl)cc1,3.6,8.670994301671444,8.670994301671444,,2,active
CHEMBL3924621,CC[C@@H](C[S@@+]([O-])C(C)C)N1C(=O)[C@@](C)(CC(=O)O)C[C@H](c2cccc(Cl)c2)[C@H]1c1ccc(Cl)cc1,CC[C@@H](C[S@@+]([O-])C(C)C)N1C(=O)[C@@](C)(CC(=O)O)C[C@H](c2cccc(Cl)c2)[C@H]1c1ccc(Cl)cc1,2.25,8.653136525538176,8.653136525538176,,2,active
CHEMBL3951659,CC[C@@H](Cn1cc(C(F)(F)F)ccc1=O)N1C(=O)[C@@](C)(CC(=O)O)C[C@H](c2cccc(Cl)c2)[C@H]1c1ccc(Cl)cc1,CC[C@@H](Cn1cc(C(F)(F)F)ccc1=O)N1C(=O)[C@@](C)(CC(=O)O)C[C@H](c2cccc(Cl)c2)[C@H]1c1ccc(Cl)cc1,21.0,7.721848749616356,7.721848749616356,,2,active
CHEMBL3927464,CC[C@@H](Cn1ccccc1=O)N1C(=O)[C@@](C)(CC(=O)O)C[C@H](c2cccc(Cl)c2)[C@H]1c1ccc(Cl)cc1,CC[C@@H](Cn1ccccc1=O)N1C(=O)[C@@](C)(CC(=O)O)C[C@H](c2cccc(Cl)c2)[C@H]1c1ccc(Cl)cc1,49.5,7.409078206027614,7.409078206027614,,2,active
CHEMBL5894706,CC[C@@H](Nc1nc(C(=O)O)nc2nc(-c3cc(C(C)C)ccn3)n(Cc3ccc(C(F)(F)F)cc3)c12)C1CCC1,CC[C@@H](Nc1nc(C(=O)O)nc2nc(-c3cc(C(C)C)ccn3)n(Cc3ccc(C(F)(F)F)cc3)c12)C1CCC1,9.267,8.033060836978887,8.033060836978887,,1,active
CHEMBL4109136,CC[C@@H](O)[C@H](C1CC1)N1C(=O)[C@@](C)(CC(=O)O)C[C@H](c2cccc(Cl)c2)C1c1ccc(Cl)cc1,CC[C@@H](O)[C@H](C1CC1)N1C(=O)[C@@](C)(CC(=O)O)C[C@H](c2cccc(Cl)c2)C1c1ccc(Cl)cc1,60.0,7.221848749616356,7.221848749616356,,1,active
CHEMBL4112746,CC[C@@H]([C@@H](C)O)N1C(=O)[C@@](C)(CC(=O)O)C[C@H](c2cccc(Cl)c2)[C@H]1c1ccc(Cl)cc1,CC[C@@H]([C@@H](C)O)N1C(=O)[C@@](C)(CC(=O)O)C[C@H](c2cccc(Cl)c2)[C@H]1c1ccc(Cl)cc1,6.0,8.34948500216801,8.34948500216801,,2,active
CHEMBL4113035,CC[C@@H]([C@@H](C)S(=O)(=O)CC)N1C(=O)[C@@](C)(CC(=O)O)C[C@H](c2cccc(Cl)c2)[C@H]1c1ccc(Cl)cc1,CC[C@@H]([C@@H](C)S(=O)(=O)CC)N1C(=O)[C@@](C)(CC(=O)O)C[C@H](c2cccc(Cl)c2)[C@H]1c1ccc(Cl)cc1,0.4,9.397940008672037,9.397940008672037,,1,active
CHEMBL4112794,CC[C@@H]([C@@H](C)S(C)(=O)=O)N1C(=O)[C@@](C)(CC(=O)O)C[C@H](c2cccc(Cl)c2)[C@H]1c1ccc(Cl)cc1,CC[C@@H]([C@@H](C)S(C)(=O)=O)N1C(=O)[C@@](C)(CC(=O)O)C[C@H](c2cccc(Cl)c2)[C@H]1c1ccc(Cl)cc1,0.6,9.221848749616356,9.221848749616356,,1,active
CHEMBL5913446,CC[C@@H]([C@@H](O)CO)N1C(=O)[C@@](C)(CC(=O)O)C[C@H](c2cccc(Cl)c2)[C@H]1c1ccc(Cl)cc1,CC[C@@H]([C@@H](O)CO)N1C(=O)[C@@](C)(CC(=O)O)C[C@H](c2cccc(Cl)c2)[C@H]1c1ccc(Cl)cc1,1.0,9.0,9.0,,1,active
CHEMBL5879034,CC[C@@H]([C@H](C)C(C)(C)O)N1C(=O)[C@@](C)(CC(=O)O)C[C@H](c2cccc(Cl)c2)[C@H]1c1ccc(Cl)cc1,CC[C@@H]([C@H](C)C(C)(C)O)N1C(=O)[C@@](C)(CC(=O)O)C[C@H](c2cccc(Cl)c2)[C@H]1c1ccc(Cl)cc1,23.0,7.809894379144197,7.809894379144197,,2,active
CHEMBL4108869,CC[C@@H]([C@H](C)CO)N1C(=O)[C@@](C)(CC(=O)O)C[C@H](c2cccc(Cl)c2)[C@H]1c1ccc(Cl)cc1,CC[C@@H]([C@H](C)CO)N1C(=O)[C@@](C)(CC(=O)O)C[C@H](c2cccc(Cl)c2)[C@H]1c1ccc(Cl)cc1,2.0,8.698970004336019,8.698970004336019,,1,active
CHEMBL2059435,CC[C@@H]([C@H](C)O)N1C(=O)[C@@](C)(CC(=O)O)C[C@H](c2cccc(Cl)c2)[C@H]1c1ccc(Cl)cc1,CC[C@@H]([C@H](C)O)N1C(=O)[C@@](C)(CC(=O)O)C[C@H](c2cccc(Cl)c2)[C@H]1c1ccc(Cl)cc1,2.5999999999999996,8.67291172906102,8.67291172906102,,4,active
CHEMBL3967652,CC[C@@H]([C@H](C)O)N1C(=O)[C@@](C)(C[C@@H](O)CO)C[C@H](c2cccc(Cl)c2)[C@H]1c1ccc(Cl)cc1,CC[C@@H]([C@H](C)O)N1C(=O)[C@@](C)(C[C@@H](O)CO)C[C@H](c2cccc(Cl)c2)[C@H]1c1ccc(Cl)cc1,235.5,6.715313045192477,6.715313045192477,,2,active
CHEMBL3958045,CC[C@@H]([C@H](C)S(=O)(=O)CC)N1C(=O)[C@@](C)(CC(=O)O)C[C@H](c2cccc(Cl)c2)[C@H]1c1ccc(Cl)cc1,CC[C@@H]([C@H](C)S(=O)(=O)CC)N1C(=O)[C@@](C)(CC(=O)O)C[C@H](c2cccc(Cl)c2)[C@H]1c1ccc(Cl)cc1,0.1,10.0,10.0,,1,active
CHEMBL4110335,CC[C@@H]([C@H](O)C1CC1)N1C(=O)[C@@](C)(CC(=O)O)C[C@H](c2cccc(Cl)c2)[C@H]1c1ccc(Cl)cc1,CC[C@@H]([C@H](O)C1CC1)N1C(=O)[C@@](C)(CC(=O)O)C[C@H](c2cccc(Cl)c2)[C@H]1c1ccc(Cl)cc1,1.3,8.886056647693163,8.886056647693163,,1,active
CHEMBL4110667,CC[C@@H]([C@H](O)CO)N1C(=O)[C@@](C)(CC(=O)O)C[C@H](c2cccc(Cl)c2)[C@H]1c1ccc(Cl)cc1,CC[C@@H]([C@H](O)CO)N1C(=O)[C@@](C)(CC(=O)O)C[C@H](c2cccc(Cl)c2)[C@H]1c1ccc(Cl)cc1,2.7,8.568636235841012,8.568636235841012,,1,active
CHEMBL3959723,CC[C@@H](c1cc(C)no1)N1C(=O)[C@@](C)(CC(=O)O)C[C@H](c2cccc(Cl)c2)[C@H]1c1ccc(Cl)cc1,CC[C@@H](c1cc(C)no1)N1C(=O)[C@@](C)(CC(=O)O)C[C@H](c2cccc(Cl)c2)[C@H]1c1ccc(Cl)cc1,40.0,7.3979400086720375,7.3979400086720375,,1,active
CHEMBL3932633,CC[C@@H](c1cccc(C(F)(F)F)n1)N1C(=O)[C@@](C)(CC(=O)O)C[C@H](c2cccc(Cl)c2)[C@H]1c1ccc(Cl)cc1,CC[C@@H](c1cccc(C(F)(F)F)n1)N1C(=O)[C@@](C)(CC(=O)O)C[C@H](c2cccc(Cl)c2)[C@H]1c1ccc(Cl)cc1,1.0,9.0,9.0,,1,active
CHEMBL3329224,CC[C@@H](c1cccc(C)n1)N1C(=O)[C@@](C)(CC(=O)O)C[C@H](c2cccc(Cl)c2)[C@H]1c1ccc(Cl)cc1,CC[C@@H](c1cccc(C)n1)N1C(=O)[C@@](C)(CC(=O)O)C[C@H](c2cccc(Cl)c2)[C@H]1c1ccc(Cl)cc1,10.0,8.0,8.0,,1,active
CHEMBL3329613,CC[C@@H](c1cccc(Cl)n1)N1C(=O)[C@@](C)(CC(=O)O)C[C@H](c2cccc(Cl)c2)[C@H]1c1ccc(Cl)cc1,CC[C@@H](c1cccc(Cl)n1)N1C(=O)[C@@](C)(CC(=O)O)C[C@H](c2cccc(Cl)c2)[C@H]1c1ccc(Cl)cc1,1.0,9.0,9.0,,1,active
CHEMBL5878438,CC[C@@H](c1ccccc1)N(C)c1nc2nc(C(=O)O)nc(N[C@H](C)C3CCC3)c2n1Cc1ccc(C(F)(F)F)cc1,CC[C@@H](c1ccccc1)N(C)c1nc2nc(C(=O)O)nc(N[C@H](C)C3CCC3)c2n1Cc1ccc(C(F)(F)F)cc1,16.38,7.785686102575601,7.785686102575601,,1,active
CHEMBL3329605,CC[C@@H](c1ccccn1)N1C(=O)[C@@](C)(CC(=O)O)C[C@H](c2cccc(Cl)c2)[C@H]1c1ccc(Cl)cc1,CC[C@@H](c1ccccn1)N1C(=O)[C@@](C)(CC(=O)O)C[C@H](c2cccc(Cl)c2)[C@H]1c1ccc(Cl)cc1,20.0,7.761439372640169,7.761439372640169,,2,active
CHEMBL3329608,CC[C@@H](c1cccnc1)N1C(=O)[C@@](C)(CC(=O)O)C[C@H](c2cccc(Cl)c2)[C@H]1c1ccc(Cl)cc1,CC[C@@H](c1cccnc1)N1C(=O)[C@@](C)(CC(=O)O)C[C@H](c2cccc(Cl)c2)[C@H]1c1ccc(Cl)cc1,80.0,7.096910013008056,7.096910013008056,,1,active
CHEMBL3329607,CC[C@@H](c1ccncc1)N1C(=O)[C@@](C)(CC(=O)O)C[C@H](c2cccc(Cl)c2)[C@H]1c1ccc(Cl)cc1,CC[C@@H](c1ccncc1)N1C(=O)[C@@](C)(CC(=O)O)C[C@H](c2cccc(Cl)c2)[C@H]1c1ccc(Cl)cc1,24.5,7.721848749616356,7.721848749616356,,2,active
CHEMBL3895235,CC[C@@H](c1cnccn1)N1C(=O)[C@@](C)(CC(=O)O)C[C@H](c2cccc(Cl)c2)[C@H]1c1ccc(Cl)cc1,CC[C@@H](c1cnccn1)N1C(=O)[C@@](C)(CC(=O)O)C[C@H](c2cccc(Cl)c2)[C@H]1c1ccc(Cl)cc1,30.5,7.629818655252878,7.629818655252878,,2,active
CHEMBL4113210,CC[C@@H](c1nc(C2CC2)no1)N1C(=O)[C@@](C)(CC(=O)O)C[C@H](c2cccc(Cl)c2)[C@H]1c1ccc(Cl)cc1,CC[C@@H](c1nc(C2CC2)no1)N1C(=O)[C@@](C)(CC(=O)O)C[C@H](c2cccc(Cl)c2)[C@H]1c1ccc(Cl)cc1,80.0,7.096910013008056,7.096910013008056,,1,active
CHEMBL4115598,CC[C@@H](c1nc2ccccc2s1)N1C(=O)[C@@](C)(CC(=O)O)C[C@H](c2cccc(Cl)c2)[C@H]1c1ccc(Cl)cc1,CC[C@@H](c1nc2ccccc2s1)N1C(=O)[C@@](C)(CC(=O)O)C[C@H](c2cccc(Cl)c2)[C@H]1c1ccc(Cl)cc1,80.0,7.100329725273209,7.100329725273209,,2,active
CHEMBL3329606,CC[C@@H](c1ncccn1)N1C(=O)[C@@](C)(CC(=O)O)C[C@H](c2cccc(Cl)c2)[C@H]1c1ccc(Cl)cc1,CC[C@@H](c1ncccn1)N1C(=O)[C@@](C)(CC(=O)O)C[C@H](c2cccc(Cl)c2)[C@H]1c1ccc(Cl)cc1,60.0,7.221848749616356,7.221848749616356,,1,active
CHEMBL3329604,CC[C@@H](c1nccs1)N1C(=O)[C@@](C)(CC(=O)O)C[C@H](c2cccc(Cl)c2)[C@H]1c1ccc(Cl)cc1,CC[C@@H](c1nccs1)N1C(=O)[C@@](C)(CC(=O)O)C[C@H](c2cccc(Cl)c2)[C@H]1c1ccc(Cl)cc1,50.0,7.301029995663981,7.301029995663981,,1,active
CHEMBL5994215,CC[C@@H](c1nnc(C)o1)N1C(=O)[C@@H](CC(=O)O)C[C@H](c2cccc(Cl)c2)[C@H]1c1ccc(Cl)cc1,CC[C@@H](c1nnc(C)o1)N1C(=O)[C@@H](CC(=O)O)C[C@H](c2cccc(Cl)c2)[C@H]1c1ccc(Cl)cc1,710.0,6.1487416512809245,6.1487416512809245,,1,active
CHEMBL3402521,CC[C@@H]1CNC2(CC2)CN1C(=O)[C@@H]1C[C@@H](F)CN1C(=O)C1=C(C(C)C)N2C(=N[C@@](C)(c3ccc(Cl)nc3)[C@H]2c2ccc(Cl)c(F)c2)S1,CC[C@@H]1CNC2(CC2)CN1C(=O)[C@@H]1C[C@@H](F)CN1C(=O)C1=C(C(C)C)N2C(=N[C@@](C)(c3ccc(Cl)nc3)[C@H]2c2ccc(Cl)c(F)c2)S1,2.4,8.619788758288394,8.619788758288394,,1,active
CHEMBL5757467,CC[C@@H]1COCCN1c1nc2nc(-c3n[nH]c(=O)o3)nc(-c3cccc(Cl)c3)c2n1C[C@H]1CC[C@H](C)CC1,CC[C@@H]1COCCN1c1nc2nc(-c3n[nH]c(=O)o3)nc(-c3cccc(Cl)c3)c2n1C[C@H]1CC[C@H](C)CC1,21.45,7.668572703479257,7.668572703479257,,1,active
CHEMBL5866098,CC[C@@H]1COCCN1c1nc2nc(-c3noc(=O)[nH]3)nc(-c3cccc(Cl)c3)c2n1C(C)[C@H]1CC[C@H](C)CC1,CC[C@@H]1COCCN1c1nc2nc(-c3noc(=O)[nH]3)nc(-c3cccc(Cl)c3)c2n1C(C)[C@H]1CC[C@H](C)CC1,8.777,8.065288968338258,8.065288968338258,,2,active
CHEMBL5966803,CC[C@@H]1COCCN1c1nc2nc(-c3noc(=O)[nH]3)nc(-c3cccc(Cl)c3)c2n1C[C@H]1CC[C@H](C)CC1,CC[C@@H]1COCCN1c1nc2nc(-c3noc(=O)[nH]3)nc(-c3cccc(Cl)c3)c2n1C[C@H]1CC[C@H](C)CC1,11.15,7.952725132615821,7.952725132615821,,1,active
CHEMBL3649903,CC[C@@H]1[C@@H](C)OCCN1c1nc2cc(-c3noc(=O)[nH]3)nc(-c3cncc(Cl)c3)c2n1C[C@H]1CC[C@H](C)CC1,CC[C@@H]1[C@@H](C)OCCN1c1nc2cc(-c3noc(=O)[nH]3)nc(-c3cncc(Cl)c3)c2n1C[C@H]1CC[C@H](C)CC1,1.0,9.0,9.0,,1,active
CHEMBL5888229,CC[C@@H]1[C@@H](C)OCCN1c1nc2nc(-c3n[nH]c(=O)o3)nc(-c3cncc(Cl)c3)c2n1C[C@H]1CC[C@H](C)CC1,CC[C@@H]1[C@@H](C)OCCN1c1nc2nc(-c3n[nH]c(=O)o3)nc(-c3cncc(Cl)c3)c2n1C[C@H]1CC[C@H](C)CC1,9.997,8.000130307891732,8.000130307891732,,1,active
CHEMBL5828791,CC[C@@H]1[C@@H](C)OCCN1c1nc2nc(-c3noc(=O)[nH]3)nc(-c3cncc(Cl)c3)c2n1C[C@H]1CC[C@H](C)CC1,CC[C@@H]1[C@@H](C)OCCN1c1nc2nc(-c3noc(=O)[nH]3)nc(-c3cncc(Cl)c3)c2n1C[C@H]1CC[C@H](C)CC1,5.679,8.245728131316541,8.245728131316541,,1,active
CHEMBL5780620,CC[C@@](C)(O)c1cc(F)c2c(c1)C(=O)N([C@@H](CC(=O)O)c1ccc(Cl)cc1)[C@@]2(OCC1(F)COC1)c1ccc(Cl)cc1,CC[C@@](C)(O)c1cc(F)c2c(c1)C(=O)N([C@@H](CC(=O)O)c1ccc(Cl)cc1)[C@@]2(OCC1(F)COC1)c1ccc(Cl)cc1,1.9,8.721246399047171,8.721246399047171,,1,active
CHEMBL5848493,CC[C@@](O)(c1cc(F)c2c(c1)C(=O)N(Cc1ccc(C#N)cc1)C2(O[C@H]1C[C@@H](O)C1)c1ccc(Cl)cc1)C1CCN(C)CC1,CC[C@@](O)(c1cc(F)c2c(c1)C(=O)N(Cc1ccc(C#N)cc1)C2(O[C@H]1C[C@@H](O)C1)c1ccc(Cl)cc1)C1CCN(C)CC1,49002.85,6.126449534317507,6.126449534317507,,2,inactive
CHEMBL5853450,CC[C@@](O)(c1cc(F)c2c(c1)C(=O)N(Cc1ccc(C#N)cc1)[C@@]2(OCC1(CO)CC1)c1ccc(Cl)cc1)c1cn(C)cn1,CC[C@@](O)(c1cc(F)c2c(c1)C(=O)N(Cc1ccc(C#N)cc1)[C@@]2(OCC1(CO)CC1)c1ccc(Cl)cc1)c1cn(C)cn1,87000.0,4.060480747381382,4.060480747381382,,1,inactive
CHEMBL5750730,CC[C@@](O)(c1cc(F)c2c(c1)C(=O)N(Cc1ccc(C#N)cc1)[C@@]2(O[C@H]1CCOC1)c1ccc(Cl)cc1)c1cn(C)cn1,CC[C@@](O)(c1cc(F)c2c(c1)C(=O)N(Cc1ccc(C#N)cc1)[C@@]2(O[C@H]1CCOC1)c1ccc(Cl)cc1)c1cn(C)cn1,45000.0,4.346787486224656,4.346787486224656,,1,inactive
CHEMBL5987645,CC[C@@](O)(c1cc(F)c2c(c1)C(=O)N(Cc1ccc(C#N)cc1CO)[C@@]2(O[C@H]1CCOC1)c1ccc(Cl)cc1)c1cn(C)cn1,CC[C@@](O)(c1cc(F)c2c(c1)C(=O)N(Cc1ccc(C#N)cc1CO)[C@@]2(O[C@H]1CCOC1)c1ccc(Cl)cc1)c1cn(C)cn1,49000.0,4.309803919971486,4.309803919971486,,1,inactive
CHEMBL6009872,CC[C@@](O)(c1cc(F)c2c(c1)C(=O)N(Cc1ccc(C)cc1C(=O)O)[C@@]2(OC)c1ccc(Cl)cc1)C1(F)CCOCC1,CC[C@@](O)(c1cc(F)c2c(c1)C(=O)N(Cc1ccc(C)cc1C(=O)O)[C@@]2(OC)c1ccc(Cl)cc1)C1(F)CCOCC1,27009.0,6.006166867536862,6.006166867536862,,2,inactive
CHEMBL6002400,CC[C@@](O)(c1cc(F)c2c(c1)C(=O)N(Cc1ccc(C)nc1C(=O)O)[C@@]2(OC)c1ccc(Cl)cc1)C1(F)CCOCC1,CC[C@@](O)(c1cc(F)c2c(c1)C(=O)N(Cc1ccc(C)nc1C(=O)O)[C@@]2(OC)c1ccc(Cl)cc1)C1(F)CCOCC1,1.4,8.853871964321762,8.853871964321762,,1,active
CHEMBL5803925,CC[C@@](O)(c1cc(F)c2c(c1)C(=O)N(Cc1ccc(Cl)cc1)C2(OC)c1ccc(Cl)cc1)C1CCN(CCC(=O)O)CC1,CC[C@@](O)(c1cc(F)c2c(c1)C(=O)N(Cc1ccc(Cl)cc1)C2(OC)c1ccc(Cl)cc1)C1CCN(CCC(=O)O)CC1,0.57,9.244125144327509,9.244125144327509,,1,active
CHEMBL6065049,CC[C@@](O)(c1cc(F)c2c(c1)C(=O)N(Cc1ccc(Cl)cc1)[C@@]2(OC)c1ccc(Cl)cc1)C1CCN(CC(=O)O)CC1,CC[C@@](O)(c1cc(F)c2c(c1)C(=O)N(Cc1ccc(Cl)cc1)[C@@]2(OC)c1ccc(Cl)cc1)C1CCN(CC(=O)O)CC1,20000.55,6.678273661756906,6.678273661756906,,2,inactive
CHEMBL5966792,CC[C@@](O)(c1cc(F)c2c(c1)C(=O)N(Cc1ccc(Cl)cc1)[C@@]2(OC)c1ccc(Cl)cc1)C1CCN(CC(=O)OC(C)(C)C)CC1,CC[C@@](O)(c1cc(F)c2c(c1)C(=O)N(Cc1ccc(Cl)cc1)[C@@]2(OC)c1ccc(Cl)cc1)C1CCN(CC(=O)OC(C)(C)C)CC1,43000.0,4.366531544420414,4.366531544420414,,1,inactive
CHEMBL5861905,CC[C@@](O)(c1cc(F)c2c(c1)C(=O)N(Cc1ccc(Cl)cc1)[C@@]2(OC)c1ccc(Cl)cc1)C1CCN(CCC(=O)O)CC1,CC[C@@](O)(c1cc(F)c2c(c1)C(=O)N(Cc1ccc(Cl)cc1)[C@@]2(OC)c1ccc(Cl)cc1)C1CCN(CCC(=O)O)CC1,1.085,9.020002580835792,9.020002580835792,,2,active
CHEMBL6029382,CC[C@@](O)(c1cc(F)c2c(c1)C(=O)N(Cc1ccc(Cl)cc1)[C@@]2(OC)c1ccc(Cl)cc1)C1CCN(CCC(=O)OC)CC1,CC[C@@](O)(c1cc(F)c2c(c1)C(=O)N(Cc1ccc(Cl)cc1)[C@@]2(OC)c1ccc(Cl)cc1)C1CCN(CCC(=O)OC)CC1,1.3,8.886056647693163,8.886056647693163,,3,active
CHEMBL6061382,CC[C@@](O)(c1cc(F)c2c(c1)C(=O)N(Cc1ccc(Cl)cc1C(=O)O)[C@@]2(OC)c1ccc(Cl)cc1)C1CCOCC1,CC[C@@](O)(c1cc(F)c2c(c1)C(=O)N(Cc1ccc(Cl)cc1C(=O)O)[C@@]2(OC)c1ccc(Cl)cc1)C1CCOCC1,88000.0,4.055517327849832,4.055517327849832,,1,inactive
CHEMBL5862449,CC[C@@](O)(c1cc(F)c2c(c1)C(=O)N(Cc1ccc(Cl)cc1C(C)(C)C(=O)O)[C@@]2(OC)c1ccc(Cl)cc1)C1CCOCC1,CC[C@@](O)(c1cc(F)c2c(c1)C(=O)N(Cc1ccc(Cl)cc1C(C)(C)C(=O)O)[C@@]2(OC)c1ccc(Cl)cc1)C1CCOCC1,46511.5,5.8348946077142365,5.8348946077142365,,2,inactive
CHEMBL5963305,CC[C@@](O)(c1cc(F)c2c(c1)C(=O)N(Cc1ccc(Cl)cc1CC(=O)O)C2(OC)c1ccc(Cl)cc1)C1CCOCC1,CC[C@@](O)(c1cc(F)c2c(c1)C(=O)N(Cc1ccc(Cl)cc1CC(=O)O)C2(OC)c1ccc(Cl)cc1)C1CCOCC1,88000.0,4.055517327849832,4.055517327849832,,1,inactive
CHEMBL5912298,CC[C@@](O)(c1cc(F)c2c(c1)C(=O)N(Cc1ccc(Cl)cc1CC(=O)O)[C@@]2(OC)c1ccc(Cl)cc1)C1CCOCC1,CC[C@@](O)(c1cc(F)c2c(c1)C(=O)N(Cc1ccc(Cl)cc1CC(=O)O)[C@@]2(OC)c1ccc(Cl)cc1)C1CCOCC1,33.0,7.481486060122112,7.481486060122112,,1,active
CHEMBL5872560,CC[C@@](O)(c1cc(F)c2c(c1)C(=O)N(Cc1ccc(Cl)cc1OCC(=O)O)[C@@]2(OC)c1ccc(Cl)cc1)C1(F)CCOCC1,CC[C@@](O)(c1cc(F)c2c(c1)C(=O)N(Cc1ccc(Cl)cc1OCC(=O)O)[C@@]2(OC)c1ccc(Cl)cc1)C1(F)CCOCC1,73000.0,4.136677139879544,4.136677139879544,,1,inactive
CHEMBL5972390,CC[C@@](O)(c1cc(F)c2c(c1)C(=O)N(Cc1ccc(OC)cc1C(=O)O)[C@@]2(OC)c1ccc(Cl)cc1)C1(F)CCOCC1,CC[C@@](O)(c1cc(F)c2c(c1)C(=O)N(Cc1ccc(OC)cc1C(=O)O)[C@@]2(OC)c1ccc(Cl)cc1)C1(F)CCOCC1,38042.5,5.594883741002458,5.594883741002458,,2,inactive
CHEMBL5940304,CC[C@@](O)(c1cc(F)c2c(c1)C(=O)N(Cc1ncc(C#N)cn1)[C@@]2(OCCO)c1ccc(Cl)cc1)C1(F)CCOCC1,CC[C@@](O)(c1cc(F)c2c(c1)C(=O)N(Cc1ncc(C#N)cn1)[C@@]2(OCCO)c1ccc(Cl)cc1)C1(F)CCOCC1,0.94,9.0268721464003,9.0268721464003,,1,active
CHEMBL5783121,CC[C@@](O)(c1cc(F)c2c(c1)C(=O)N(Cc1ncc(Cl)cn1)[C@@]2(OC)c1ccc(Cl)cc1)C1CCN(C)CC1,CC[C@@](O)(c1cc(F)c2c(c1)C(=O)N(Cc1ncc(Cl)cn1)[C@@]2(OC)c1ccc(Cl)cc1)C1CCN(C)CC1,0.6,9.221848749616356,9.221848749616356,,1,active
CHEMBL5970808,CC[C@@](O)(c1cc(F)c2c(c1)C(=O)N(Cc1ncc(Cl)cn1)[C@@]2(OC)c1ccc(Cl)cc1)C1CCN(CCO)CC1,CC[C@@](O)(c1cc(F)c2c(c1)C(=O)N(Cc1ncc(Cl)cn1)[C@@]2(OC)c1ccc(Cl)cc1)C1CCN(CCO)CC1,0.98,9.008773924307505,9.008773924307505,,1,active
CHEMBL5739788,CC[C@@](O)(c1cc(F)c2c(c1)C(=O)N(Cc1ncc(Cl)cn1)[C@@]2(OCCO)c1ccc(Cl)cc1)C1(F)CCOCC1,CC[C@@](O)(c1cc(F)c2c(c1)C(=O)N(Cc1ncc(Cl)cn1)[C@@]2(OCCO)c1ccc(Cl)cc1)C1(F)CCOCC1,3.1,8.508638306165727,8.508638306165727,,1,active
CHEMBL5827291,CC[C@@](O)(c1cc(F)c2c(c1)C(=O)N(Cc1ncc(Cl)cn1)[C@@]2(OCCO)c1ccc(Cl)cc1)C1CCN(C)CC1,CC[C@@](O)(c1cc(F)c2c(c1)C(=O)N(Cc1ncc(Cl)cn1)[C@@]2(OCCO)c1ccc(Cl)cc1)C1CCN(C)CC1,0.62,9.207608310501746,9.207608310501746,,1,active
CHEMBL5771151,CC[C@@](O)(c1cc(F)c2c(c1)C(=O)N(Cc1ncc(Cl)cn1)[C@@]2(OC[C@@H](C)O)c1ccc(Cl)cc1)C1CCN(C)CC1,CC[C@@](O)(c1cc(F)c2c(c1)C(=O)N(Cc1ncc(Cl)cn1)[C@@]2(OC[C@@H](C)O)c1ccc(Cl)cc1)C1CCN(C)CC1,1.3,8.886056647693163,8.886056647693163,,1,active
CHEMBL5803885,CC[C@@](O)(c1cc(F)c2c(c1)C(=O)N([C@@H](CC(=O)O)c1ccc(Cl)cc1)[C@@]2(OC)c1ccc(Cl)cc1)C1(F)CCOCC1,CC[C@@](O)(c1cc(F)c2c(c1)C(=O)N([C@@H](CC(=O)O)c1ccc(Cl)cc1)[C@@]2(OC)c1ccc(Cl)cc1)C1(F)CCOCC1,38008.5,5.944368743170467,5.944368743170467,,2,inactive
CHEMBL5864657,CC[C@@](O)(c1cc(F)c2c(c1)C(=O)N([C@@H](CC(=O)O)c1ccc(Cl)cc1)[C@@]2(OC)c1ccc(Cl)cc1)C1CCOCC1,CC[C@@](O)(c1cc(F)c2c(c1)C(=O)N([C@@H](CC(=O)O)c1ccc(Cl)cc1)[C@@]2(OC)c1ccc(Cl)cc1)C1CCOCC1,15.0,7.823908740944319,7.823908740944319,,1,active
CHEMBL5810110,CC[C@@](O)(c1cc(F)c2c(c1)C(=O)N([C@@H](CC(=O)O)c1ccc(Cl)cc1)[C@@]2(OC)c1ccc(Cl)cc1)c1ccccn1,CC[C@@](O)(c1cc(F)c2c(c1)C(=O)N([C@@H](CC(=O)O)c1ccc(Cl)cc1)[C@@]2(OC)c1ccc(Cl)cc1)c1ccccn1,4.5,8.346787486224656,8.346787486224656,,1,active
CHEMBL6026248,CC[C@@](O)(c1cc(F)c2c(c1)C(=O)N([C@@H](CCC(=O)O)c1ccc(Cl)cc1)[C@@]2(OC)c1ccc(Cl)cc1)C1(F)CCOCC1,CC[C@@](O)(c1cc(F)c2c(c1)C(=O)N([C@@H](CCC(=O)O)c1ccc(Cl)cc1)[C@@]2(OC)c1ccc(Cl)cc1)C1(F)CCOCC1,46055.0,5.4974097437481095,5.4974097437481095,,2,inactive
CHEMBL5851435,CC[C@@](O)(c1cc(F)c2c(c1)C(=O)N([C@@H](CCC(=O)O)c1ccc(Cl)cc1)[C@@]2(OC)c1ccc(Cl)cc1)C1CCOCC1,CC[C@@](O)(c1cc(F)c2c(c1)C(=O)N([C@@H](CCC(=O)O)c1ccc(Cl)cc1)[C@@]2(OC)c1ccc(Cl)cc1)C1CCOCC1,39008.0,5.951892707326797,5.951892707326797,,2,inactive
CHEMBL5818180,CC[C@@](O)(c1cc(F)c2c(c1)C(=O)N([C@@H](CCC(=O)O)c1ccc(OC)cc1)[C@@]2(OC)c1ccc(Cl)cc1)C1(F)CCOCC1,CC[C@@](O)(c1cc(F)c2c(c1)C(=O)N([C@@H](CCC(=O)O)c1ccc(OC)cc1)[C@@]2(OC)c1ccc(Cl)cc1)C1(F)CCOCC1,28503.45,6.202638026795126,6.202638026795126,,2,inactive
CHEMBL5907620,CC[C@@](O)(c1cc(F)c2c(c1)C(=O)N([C@@H](CO)c1ccc(C#N)cc1)[C@@]2(O[C@H]1CCOC1)c1ccc(Cl)cc1)c1cn(C)cn1,CC[C@@](O)(c1cc(F)c2c(c1)C(=O)N([C@@H](CO)c1ccc(C#N)cc1)[C@@]2(O[C@H]1CCOC1)c1ccc(Cl)cc1)c1cn(C)cn1,78000.0,4.107905397309519,4.107905397309519,,1,inactive
CHEMBL5817293,CC[C@@](O)(c1cc(F)c2c(c1)C(=O)N([C@H](CC(=O)O)c1ccc(Cl)cc1)[C@@]2(OC)c1ccc(Cl)cc1)C1CCOCC1,CC[C@@](O)(c1cc(F)c2c(c1)C(=O)N([C@H](CC(=O)O)c1ccc(Cl)cc1)[C@@]2(OC)c1ccc(Cl)cc1)C1CCOCC1,92000.0,4.036212172654444,4.036212172654444,,1,inactive
CHEMBL5916606,CC[C@@](O)(c1cc(F)c2c(c1)C(=O)N([C@H](c1ccc(Cl)cc1)[C@H](C)C(=O)O)[C@@]2(OC)c1ccc(Cl)cc1)C1CCOCC1,CC[C@@](O)(c1cc(F)c2c(c1)C(=O)N([C@H](c1ccc(Cl)cc1)[C@H](C)C(=O)O)[C@@]2(OC)c1ccc(Cl)cc1)C1CCOCC1,40046.5,5.564213532227061,5.564213532227061,,2,inactive
CHEMBL5434688,CC[C@H](C)[C@@H]1NC(=O)[C@H](C(C)C)NC(=O)Cn2cc(nn2)CC(C(N)=O)NC(=O)[C@@H](Cc2ccsc2)NC(=O)[C@H](Cc2ccc(Cl)cc2)NC(=O)C[C@@H](C(=O)O)NC(=O)[C@H](CCSC)NC(=O)[C@H](CC(=O)O)NC1=O,CC[C@H](C)[C@@H]1NC(=O)[C@H](C(C)C)NC(=O)Cn2cc(nn2)CC(C(N)=O)NC(=O)[C@@H](Cc2ccsc2)NC(=O)[C@H](Cc2ccc(Cl)cc2)NC(=O)C[C@@H](C(=O)O)NC(=O)[C@H](CCSC)NC(=O)[C@H](CC(=O)O)NC1=O,8100.0,5.09151498112135,5.09151498112135,,1,intermediate
CHEMBL3818934,CC[C@H](C)[C@H](NC(=O)C(=O)c1c(-c2ccccc2)[nH]c2ccccc12)C(=O)N[C@H](C(=O)OC)C(C)C,CC[C@H](C)[C@H](NC(=O)C(=O)c1c(-c2ccccc2)[nH]c2ccccc12)C(=O)N[C@H](C(=O)OC)C(C)C,77.7,7.1095789811990855,7.1095789811990855,,1,active
CHEMBL3818951,CC[C@H](C)[C@H](NC(=O)C(=O)c1c(-c2ccccc2)[nH]c2ccccc12)C(=O)N[C@H](C(=O)OC)[C@@H](C)CC,CC[C@H](C)[C@H](NC(=O)C(=O)c1c(-c2ccccc2)[nH]c2ccccc12)C(=O)N[C@H](C(=O)OC)[C@@H](C)CC,11.7,7.931814138253838,7.931814138253838,,1,active
CHEMBL3819071,CC[C@H](C)[C@H](NC(=O)[C@@H](NC(=O)C(=O)c1c(-c2ccccc2)[nH]c2ccccc12)C(C)C)C(=O)OC,CC[C@H](C)[C@H](NC(=O)[C@@H](NC(=O)C(=O)c1c(-c2ccccc2)[nH]c2ccccc12)C(C)C)C(=O)OC,15.2,7.818156412055227,7.818156412055227,,1,active
CHEMBL3819001,CC[C@H](C)[C@H](NC(=O)[C@H](Cc1ccccc1)NC(=O)C(=O)c1c(-c2ccccc2)[nH]c2ccccc12)C(=O)NC,CC[C@H](C)[C@H](NC(=O)[C@H](Cc1ccccc1)NC(=O)C(=O)c1c(-c2ccccc2)[nH]c2ccccc12)C(=O)NC,9.8,8.008773924307505,8.008773924307505,,1,active
CHEMBL2397154,CC[C@H](C)[C@H](NC(=O)[C@H](Cc1ccccc1)NC(=O)[C@H](CSSc1ncccc1[N+](=O)[O-])NC(=O)OC(C)(C)C)C(=O)N[C@@H](CCCNC(=N)NS(=O)(=O)c1c(C)cc(C)cc1C)C(=O)OC,CC[C@H](C)[C@H](NC(=O)[C@H](Cc1ccccc1)NC(=O)[C@H](CSSc1ncccc1[N+](=O)[O-])NC(=O)OC(C)(C)C)C(=O)N[C@@H](CCCNC(=N)NS(=O)(=O)c1c(C)cc(C)cc1C)C(=O)OC,22200.0,4.653647025549361,4.653647025549361,,1,inactive
CHEMBL3125703,CC[C@H](N1C(=O)[C@@](C)(CC(=O)O)C[C@H](c2cccc(Cl)c2)[C@H]1c1ccc(Cl)cc1)C(C)(C)O,CC[C@H](N1C(=O)[C@@](C)(CC(=O)O)C[C@H](c2cccc(Cl)c2)[C@H]1c1ccc(Cl)cc1)C(C)(C)O,6.0,8.34948500216801,8.34948500216801,,4,active
CHEMBL4108551,CC[C@H](N1C(=O)[C@@](C)(CC(=O)O)C[C@H](c2cccc(Cl)c2)[C@H]1c1ccc(Cl)cc1)C(C)(O)C(F)(F)F,CC[C@H](N1C(=O)[C@@](C)(CC(=O)O)C[C@H](c2cccc(Cl)c2)[C@H]1c1ccc(Cl)cc1)C(C)(O)C(F)(F)F,10.0,8.0,8.0,,1,active
CHEMBL5789577,CC[C@H](Nc1nc(C(=O)O)nc2nc(-c3cc(C(C)C)ccn3)n(Cc3ccc(C(F)(F)F)cc3)c12)C1CCC1,CC[C@H](Nc1nc(C(=O)O)nc2nc(-c3cc(C(C)C)ccn3)n(Cc3ccc(C(F)(F)F)cc3)c12)C1CCC1,203.3,6.691862621361961,6.691862621361961,,1,active
CHEMBL5979429,CC[C@H](Nc1nc2nc(-c3n[nH]c(=O)o3)nc(-c3cccc(Cl)c3)c2n1C[C@H]1CC[C@H](C)CC1)c1cccc(F)c1,CC[C@H](Nc1nc2nc(-c3n[nH]c(=O)o3)nc(-c3cccc(Cl)c3)c2n1C[C@H]1CC[C@H](C)CC1)c1cccc(F)c1,13.23,7.878440155812499,7.878440155812499,,1,active
CHEMBL6004873,CC[C@H](Nc1nc2nc(-c3n[nH]c(=O)o3)nc(-c3cccc(Cl)c3)c2n1C[C@H]1CC[C@H](C)CC1)c1ccccc1,CC[C@H](Nc1nc2nc(-c3n[nH]c(=O)o3)nc(-c3cccc(Cl)c3)c2n1C[C@H]1CC[C@H](C)CC1)c1ccccc1,9.667,8.014708281407112,8.014708281407112,,1,active
CHEMBL5860507,CC[C@H](Nc1nc2nc(-c3noc(=O)[nH]3)nc(-c3cccc(Cl)c3)c2n1C[C@H]1CC[C@H](C)CC1)c1cccc(F)c1,CC[C@H](Nc1nc2nc(-c3noc(=O)[nH]3)nc(-c3cccc(Cl)c3)c2n1C[C@H]1CC[C@H](C)CC1)c1cccc(F)c1,3.158,8.500587874327724,8.500587874327724,,1,active
CHEMBL5970192,CC[C@H](Nc1nc2nc(-c3noc(=O)[nH]3)nc(-c3cccc(Cl)c3)c2n1C[C@H]1CC[C@H](C)CC1)c1ccccc1,CC[C@H](Nc1nc2nc(-c3noc(=O)[nH]3)nc(-c3cccc(Cl)c3)c2n1C[C@H]1CC[C@H](C)CC1)c1ccccc1,2.671,8.573326111978627,8.573326111978627,,1,active
CHEMBL5773975,CC[C@H](Nc1nc2nc(C(=O)O)nc(N[C@H](C)C3CCC3)c2n1Cc1ccc(C(F)(F)F)cc1)c1ccccc1,CC[C@H](Nc1nc2nc(C(=O)O)nc(N[C@H](C)C3CCC3)c2n1Cc1ccc(C(F)(F)F)cc1)c1ccccc1,0.8622,9.06439198148213,9.06439198148213,,1,active
CHEMBL5961697,CC[C@H](O)[C@H](CC)N1C(=O)[C@@](C)(CC(=O)O)C[C@H](c2cccc(Cl)c2)[C@H]1c1ccc(Cl)cc1,CC[C@H](O)[C@H](CC)N1C(=O)[C@@](C)(CC(=O)O)C[C@H](c2cccc(Cl)c2)[C@H]1c1ccc(Cl)cc1,10.0,8.0,8.0,,1,active
CHEMBL4539285,CC[C@H]([C@@H](C)O)N1C(=O)[C@@](C)(CC(=O)O)C[C@H](c2cccc(Cl)c2)[C@H]1c1ccc(Cl)cc1,CC[C@H]([C@@H](C)O)N1C(=O)[C@@](C)(CC(=O)O)C[C@H](c2cccc(Cl)c2)[C@H]1c1ccc(Cl)cc1,1.1,8.958607314841775,8.958607314841775,,1,active
CHEMBL6013210,CC[C@H]([C@H](C)O)N1C(=O)[C@@](C)(CC(=O)O)C[C@H](c2cccc(Cl)c2)C1c1ccc(Cl)cc1,CC[C@H]([C@H](C)O)N1C(=O)[C@@](C)(CC(=O)O)C[C@H](c2cccc(Cl)c2)C1c1ccc(Cl)cc1,11.0,7.958607314841775,7.958607314841775,,1,active
CHEMBL4111092,CC[C@H](c1cccc(C(C)(C)O)n1)N1C(=O)[C@@](C)(CC(=O)O)C[C@H](c2cccc(Cl)c2)[C@H]1c1ccc(Cl)cc1,CC[C@H](c1cccc(C(C)(C)O)n1)N1C(=O)[C@@](C)(CC(=O)O)C[C@H](c2cccc(Cl)c2)[C@H]1c1ccc(Cl)cc1,11.5,8.110924374808178,8.110924374808178,,2,active
CHEMBL4114388,CC[C@H](c1cccc(C2CC2)n1)N1C(=O)[C@@](C)(CC(=O)O)C[C@H](c2cccc(Cl)c2)[C@H]1c1ccc(Cl)cc1,CC[C@H](c1cccc(C2CC2)n1)N1C(=O)[C@@](C)(CC(=O)O)C[C@H](c2cccc(Cl)c2)[C@H]1c1ccc(Cl)cc1,30.0,7.522878745280337,7.522878745280337,,1,active
CHEMBL4112052,CC[C@H](c1nc(C2CC2)no1)N1C(=O)[C@@](C)(CC(=O)O)C[C@H](c2cccc(Cl)c2)[C@H]1c1ccc(Cl)cc1,CC[C@H](c1nc(C2CC2)no1)N1C(=O)[C@@](C)(CC(=O)O)C[C@H](c2cccc(Cl)c2)[C@H]1c1ccc(Cl)cc1,40.0,7.3979400086720375,7.3979400086720375,,1,active
CHEMBL5772707,CC[C@H]1CC[C@H](Cn2c(-c3cc(C(C)C)ccn3)nc3nc(-c4noc(=O)[nH]4)nc(N[C@H](C)C4CCC4)c32)CC1,CC[C@H]1CC[C@H](Cn2c(-c3cc(C(C)C)ccn3)nc3nc(-c4noc(=O)[nH]4)nc(N[C@H](C)C4CCC4)c32)CC1,15.71,7.803823814960027,7.803823814960027,,1,active
CHEMBL6003279,CC[C@H]1CC[C@H](Cn2c(-c3cc(C(C)C)ccn3)nc3nc(C(=O)O)nc(N[C@H](C)C4CCC4)c32)CC1,CC[C@H]1CC[C@H](Cn2c(-c3cc(C(C)C)ccn3)nc3nc(C(=O)O)nc(N[C@H](C)C4CCC4)c32)CC1,5.324999999999999,8.345934130515896,8.345934130515896,,2,active
CHEMBL5762805,CC[C@H]1CC[C@H](Cn2c(-c3cc(C)ccc3OC)nc3nc(C(=O)O)nc(N[C@H](C)C4CCC4)c32)CC1,CC[C@H]1CC[C@H](Cn2c(-c3cc(C)ccc3OC)nc3nc(C(=O)O)nc(N[C@H](C)C4CCC4)c32)CC1,31.8,7.497572880015567,7.497572880015567,,1,active
CHEMBL5873686,CC[C@H]1CC[C@H](Cn2c(-c3cccc(C)c3)nc3nc(C(=O)O)nc(N[C@H](C)C4CCC4)c32)CC1,CC[C@H]1CC[C@H](Cn2c(-c3cccc(C)c3)nc3nc(C(=O)O)nc(N[C@H](C)C4CCC4)c32)CC1,201.1,6.6965879294032575,6.6965879294032575,,1,active
CHEMBL5953240,CC[C@H]1CC[C@H](Cn2c(N3CCCCC3)nc3nc(C(=O)O)nc(N[C@H](C)C4CCC4)c32)CC1,CC[C@H]1CC[C@H](Cn2c(N3CCCCC3)nc3nc(C(=O)O)nc(N[C@H](C)C4CCC4)c32)CC1,8.596,8.065703593180594,8.065703593180594,,1,active
CHEMBL5978015,CC[C@H]1CC[C@H](Cn2c(N3CCOCC3)nc3nc(C(=O)O)nc(N[C@H](C)C4CCC4)c32)CC1,CC[C@H]1CC[C@H](Cn2c(N3CCOCC3)nc3nc(C(=O)O)nc(N[C@H](C)C4CCC4)c32)CC1,13.05,7.8843894883257,7.8843894883257,,1,active
CHEMBL5911556,CC[C@H]1CC[C@H](Cn2c(N3CCOC[C@H]3c3ccccc3)nc3nc(-c4noc(=O)[nH]4)nc(N[C@H](C)C4CCC4)c32)CC1,CC[C@H]1CC[C@H](Cn2c(N3CCOC[C@H]3c3ccccc3)nc3nc(-c4noc(=O)[nH]4)nc(N[C@H](C)C4CCC4)c32)CC1,3.859,8.413525221428603,8.413525221428603,,1,active
CHEMBL5869534,CC[C@H]1CC[C@H](Cn2c(N3CCOC[C@H]3c3ccccc3)nc3nc(C(=O)O)nc(N[C@H](C)C4CCC4)c32)CC1,CC[C@H]1CC[C@H](Cn2c(N3CCOC[C@H]3c3ccccc3)nc3nc(C(=O)O)nc(N[C@H](C)C4CCC4)c32)CC1,0.5478,9.261377972082057,9.261377972082057,,1,active
CHEMBL3653310,CC[C@H]1CC[C@H](Cn2c(N3CCO[C@@H]4CCC[C@H]43)nc3cc(-c4n[nH]c(=O)o4)nc(-c4cncc(Cl)c4)c32)CC1,CC[C@H]1CC[C@H](Cn2c(N3CCO[C@@H]4CCC[C@H]43)nc3cc(-c4n[nH]c(=O)o4)nc(-c4cncc(Cl)c4)c32)CC1,25.0,7.6020599913279625,7.6020599913279625,,1,active
CHEMBL3650024,CC[C@H]1CC[C@H](Cn2c(N3CCO[C@@H]4CCC[C@H]43)nc3cc(-c4noc(=O)[nH]4)nc(-c4cncc(Cl)c4)c32)CC1,CC[C@H]1CC[C@H](Cn2c(N3CCO[C@@H]4CCC[C@H]43)nc3cc(-c4noc(=O)[nH]4)nc(-c4cncc(Cl)c4)c32)CC1,5.0,8.301029995663981,8.301029995663981,,1,active
CHEMBL3951089,CC[C@H]1CC[C@H](Cn2c(N3CCO[C@H]4CCC[C@@H]43)nc3cc(-c4nc(=O)o[nH]4)nc(-c4cncc(Cl)c4)c32)CC1,CC[C@H]1CC[C@H](Cn2c(N3CCO[C@H]4CCC[C@@H]43)nc3cc(-c4nc(=O)o[nH]4)nc(-c4cncc(Cl)c4)c32)CC1,5.0,8.301029995663981,8.301029995663981,,1,active
CHEMBL3916778,CC[C@H]1CC[C@H](Cn2c(N3CCO[C@H]4CCC[C@@H]43)nc3cc(-c4nnc(O)o4)nc(-c4cncc(Cl)c4)c32)CC1,CC[C@H]1CC[C@H](Cn2c(N3CCO[C@H]4CCC[C@@H]43)nc3cc(-c4nnc(O)o4)nc(-c4cncc(Cl)c4)c32)CC1,25.0,7.6020599913279625,7.6020599913279625,,1,active
CHEMBL3909594,CC[C@H]1[C@H](C)OCCN1c1nc2cc(-c3nc(=O)o[nH]3)nc(-c3cncc(Cl)c3)c2n1C[C@H]1CC[C@H](C)CC1,CC[C@H]1[C@H](C)OCCN1c1nc2cc(-c3nc(=O)o[nH]3)nc(-c3cncc(Cl)c3)c2n1C[C@H]1CC[C@H](C)CC1,1.0,9.0,9.0,,1,active
CHEMBL3891247,CC[C@H]1[C@H](C)O[C@]23OC(=O)C[C@@]2(C)C[C@H](c2cccc(Cl)c2)[C@@H](c2ccc(Cl)cc2)N13,CC[C@H]1[C@H](C)O[C@]23OC(=O)C[C@@]2(C)C[C@H](c2cccc(Cl)c2)[C@@H](c2ccc(Cl)cc2)N13,1.8,8.744727494896694,8.744727494896694,,1,active
CHEMBL5881543,CC[C@](C)(O)c1cc(F)c2c(c1)C(=O)N([C@@H](CC(=O)O)c1ccc(Cl)cc1)[C@@]2(OCC1(F)COC1)c1ccc(Cl)cc1,CC[C@](C)(O)c1cc(F)c2c(c1)C(=O)N([C@@H](CC(=O)O)c1ccc(Cl)cc1)[C@@]2(OCC1(F)COC1)c1ccc(Cl)cc1,18000.0,4.7447274948966935,4.7447274948966935,,1,inactive
CHEMBL5800293,CC[C@](O)(c1cc(F)c2c(c1)C(=O)N(Cc1ccc(C#N)cc1)[C@@]2(OCC1(CO)CC1)c1ccc(Cl)cc1)c1cn(C)cn1,CC[C@](O)(c1cc(F)c2c(c1)C(=O)N(Cc1ccc(C#N)cc1)[C@@]2(OCC1(CO)CC1)c1ccc(Cl)cc1)c1cn(C)cn1,64000.0,4.1938200260161125,4.1938200260161125,,1,inactive
CHEMBL6040869,CC[C@](O)(c1cc(F)c2c(c1)C(=O)N(Cc1ccc(C#N)cc1)[C@@]2(O[C@H]1CCOC1)c1ccc(Cl)cc1)c1cn(C)cn1,CC[C@](O)(c1cc(F)c2c(c1)C(=O)N(Cc1ccc(C#N)cc1)[C@@]2(O[C@H]1CCOC1)c1ccc(Cl)cc1)c1cn(C)cn1,0.64,9.193820026016112,9.193820026016112,,1,active
CHEMBL5804268,CC[C@](O)(c1cc(F)c2c(c1)C(=O)N(Cc1ccc(C#N)cc1CO)[C@@]2(O[C@H]1CCOC1)c1ccc(Cl)cc1)c1cn(C)cn1,CC[C@](O)(c1cc(F)c2c(c1)C(=O)N(Cc1ccc(C#N)cc1CO)[C@@]2(O[C@H]1CCOC1)c1ccc(Cl)cc1)c1cn(C)cn1,76000.0,4.119186407719209,4.119186407719209,,1,inactive
CHEMBL5976980,CC[C@](O)(c1cc(F)c2c(c1)C(=O)N(Cc1ccc(Cl)cc1)[C@@]2(OC)c1ccc(Cl)cc1)C1CCN(CC(=O)O)CC1,CC[C@](O)(c1cc(F)c2c(c1)C(=O)N(Cc1ccc(Cl)cc1)[C@@]2(OC)c1ccc(Cl)cc1)C1CCN(CC(=O)O)CC1,25.05,8.13420561740663,8.13420561740663,,2,active
CHEMBL5783830,CC[C@](O)(c1cc(F)c2c(c1)C(=O)N(Cc1ccc(Cl)cc1)[C@@]2(OC)c1ccc(Cl)cc1)C1CCN(CC(=O)OC(C)(C)C)CC1,CC[C@](O)(c1cc(F)c2c(c1)C(=O)N(Cc1ccc(Cl)cc1)[C@@]2(OC)c1ccc(Cl)cc1)C1CCN(CC(=O)OC(C)(C)C)CC1,6000.0,5.221848749616356,5.221848749616356,,1,intermediate
CHEMBL5878642,CC[C@](O)(c1cc(F)c2c(c1)C(=O)N(Cc1ccc(Cl)cc1C(=O)O)[C@@]2(OC)c1ccc(Cl)cc1)C1CCOCC1,CC[C@](O)(c1cc(F)c2c(c1)C(=O)N(Cc1ccc(Cl)cc1C(=O)O)[C@@]2(OC)c1ccc(Cl)cc1)C1CCOCC1,22503.9,6.227346441767088,6.227346441767088,,2,inactive
CHEMBL5878507,CC[C@](O)(c1cc(F)c2c(c1)C(=O)N(Cc1ccc(Cl)cc1CC(=O)O)[C@@]2(OC)c1ccc(Cl)cc1)C1CCOCC1,CC[C@](O)(c1cc(F)c2c(c1)C(=O)N(Cc1ccc(Cl)cc1CC(=O)O)[C@@]2(OC)c1ccc(Cl)cc1)C1CCOCC1,21004.9,6.192762316954802,6.192762316954802,,2,inactive
CHEMBL5913940,CC[C@](O)(c1cc(F)c2c(c1)C(=O)N([C@@H](CC(=O)O)c1ccc(Cl)cc1)[C@@]2(OC)c1ccc(Cl)cc1)C1(F)CCOCC1,CC[C@](O)(c1cc(F)c2c(c1)C(=O)N([C@@H](CC(=O)O)c1ccc(Cl)cc1)[C@@]2(OC)c1ccc(Cl)cc1)C1(F)CCOCC1,55000.0,4.259637310505756,4.259637310505756,,1,inactive
CHEMBL5963110,CC[C@](O)(c1cc(F)c2c(c1)C(=O)N([C@@H](CC(=O)O)c1ccc(Cl)cc1)[C@@]2(OC)c1ccc(Cl)cc1)C1CCOCC1,CC[C@](O)(c1cc(F)c2c(c1)C(=O)N([C@@H](CC(=O)O)c1ccc(Cl)cc1)[C@@]2(OC)c1ccc(Cl)cc1)C1CCOCC1,28760.0,5.2640609003463545,5.2640609003463545,,2,inactive
CHEMBL6059120,CC[C@](O)(c1cc(F)c2c(c1)C(=O)N([C@@H](CC(=O)O)c1ccc(Cl)cc1)[C@@]2(OC)c1ccc(Cl)cc1)c1ccccn1,CC[C@](O)(c1cc(F)c2c(c1)C(=O)N([C@@H](CC(=O)O)c1ccc(Cl)cc1)[C@@]2(OC)c1ccc(Cl)cc1)c1ccccn1,39000.0,4.4089353929735005,4.4089353929735005,,1,inactive
CHEMBL5798102,CC[C@](O)(c1cc(F)c2c(c1)C(=O)N([C@@H](CCC(=O)O)c1ccc(Cl)cc1)[C@@]2(OC)c1ccc(Cl)cc1)C1CCOCC1,CC[C@](O)(c1cc(F)c2c(c1)C(=O)N([C@@H](CCC(=O)O)c1ccc(Cl)cc1)[C@@]2(OC)c1ccc(Cl)cc1)C1CCOCC1,6.1,8.214670164989233,8.214670164989233,,3,active
CHEMBL5947435,CC[C@](O)(c1cc(F)c2c(c1)C(=O)N([C@@H](CO)c1ccc(C#N)cc1)[C@@]2(O[C@H]1CCOC1)c1ccc(Cl)cc1)c1cn(C)cn1,CC[C@](O)(c1cc(F)c2c(c1)C(=O)N([C@@H](CO)c1ccc(C#N)cc1)[C@@]2(O[C@H]1CCOC1)c1ccc(Cl)cc1)c1cn(C)cn1,39000.0,4.4089353929735005,4.4089353929735005,,1,inactive
CHEMBL4107164,CC[C@]1(CC(=O)O)C[C@H](c2cccc(Cl)c2)C(c2ccc(Cl)cc2)N([C@H](CN(C)S(=O)(=O)C2CC2)C2CC2)C1=O,CC[C@]1(CC(=O)O)C[C@H](c2cccc(Cl)c2)C(c2ccc(Cl)cc2)N([C@H](CN(C)S(=O)(=O)C2CC2)C2CC2)C1=O,1.0,9.0,9.0,,1,active
CHEMBL5777331,CC[C@]1(CC(=O)O)C[C@H](c2cccc(Cl)c2)[C@@H](c2ccc(Cl)cc2)N([C@H](CNS(=O)(=O)C(C)C)C2CC2)C1=O,CC[C@]1(CC(=O)O)C[C@H](c2cccc(Cl)c2)[C@@H](c2ccc(Cl)cc2)N([C@H](CNS(=O)(=O)C(C)C)C2CC2)C1=O,0.9,9.045757490560675,9.045757490560675,,1,active
CHEMBL4112149,CC[C@]1(CC(=O)O)C[C@H](c2cccc(Cl)c2)[C@@H](c2ccc(Cl)cc2)N([C@H](CNS(=O)(=O)C2CCC2)C2CC2)C1=O,CC[C@]1(CC(=O)O)C[C@H](c2cccc(Cl)c2)[C@@H](c2ccc(Cl)cc2)N([C@H](CNS(=O)(=O)C2CCC2)C2CC2)C1=O,0.8,9.096910013008056,9.096910013008056,,1,active
CHEMBL4109111,CC[C@]1(CC(=O)O)C[C@H](c2cccc(Cl)c2)[C@@H](c2ccc(Cl)cc2)N([C@H](CNS(=O)(=O)C2CCCC2)C2CC2)C1=O,CC[C@]1(CC(=O)O)C[C@H](c2cccc(Cl)c2)[C@@H](c2ccc(Cl)cc2)N([C@H](CNS(=O)(=O)C2CCCC2)C2CC2)C1=O,0.7,9.154901959985743,9.154901959985743,,1,active
CHEMBL3925866,CC[C@]1(CC(=O)O)C[C@H](c2cccc(Cl)c2)[C@@H](c2ccc(Cl)cc2)N([C@H](CS(=O)(=O)C(C)(C)C)C2CC2)C1=O,CC[C@]1(CC(=O)O)C[C@H](c2cccc(Cl)c2)[C@@H](c2ccc(Cl)cc2)N([C@H](CS(=O)(=O)C(C)(C)C)C2CC2)C1=O,0.2,9.698970004336019,9.698970004336019,,1,active
CHEMBL3956221,CC[C@]1(CC(=O)O)C[C@H](c2cccc(Cl)c2)[C@@H](c2ccc(Cl)cc2)N([C@H](CS(=O)(=O)C(C)C)C2CC2)C1=O,CC[C@]1(CC(=O)O)C[C@H](c2cccc(Cl)c2)[C@@H](c2ccc(Cl)cc2)N([C@H](CS(=O)(=O)C(C)C)C2CC2)C1=O,0.1,10.0,10.0,,1,active
CHEMBL3953498,CC[C@]1(CC(=O)O)C[C@H](c2cccc(Cl)c2)[C@@H](c2ccc(Cl)cc2)N([C@H](CS(=O)(=O)C2CC2)C2CC2)C1=O,CC[C@]1(CC(=O)O)C[C@H](c2cccc(Cl)c2)[C@@H](c2ccc(Cl)cc2)N([C@H](CS(=O)(=O)C2CC2)C2CC2)C1=O,0.3,9.522878745280337,9.522878745280337,,1,active
CHEMBL3968199,CC[C@]1(CC(=O)O)C[C@H](c2cccc(Cl)c2)[C@@H](c2ccc(Cl)cc2)N([C@H](CS(=O)(=O)C2CCCC2)C2CC2)C1=O,CC[C@]1(CC(=O)O)C[C@H](c2cccc(Cl)c2)[C@@H](c2ccc(Cl)cc2)N([C@H](CS(=O)(=O)C2CCCC2)C2CC2)C1=O,0.2,9.698970004336019,9.698970004336019,,1,active
CHEMBL3929623,CC[C@]1(CC(=O)O)C[C@H](c2cccc(Cl)c2)[C@@H](c2ccc(Cl)cc2)N([C@H](CS(=O)(=O)C2CCCCC2)C2CC2)C1=O,CC[C@]1(CC(=O)O)C[C@H](c2cccc(Cl)c2)[C@@H](c2ccc(Cl)cc2)N([C@H](CS(=O)(=O)C2CCCCC2)C2CC2)C1=O,0.1,10.0,10.0,,1,active
CHEMBL4111158,CC[C@]1(CC(=O)O)C[C@H](c2cccc(Cl)c2)[C@@H](c2ccc(Cl)cc2)N([C@H](CS(=O)(=O)CC)C2CC2)C1=O,CC[C@]1(CC(=O)O)C[C@H](c2cccc(Cl)c2)[C@@H](c2ccc(Cl)cc2)N([C@H](CS(=O)(=O)CC)C2CC2)C1=O,0.2,9.698970004336019,9.698970004336019,,1,active
CHEMBL3942141,CC[C@]1(CC(=O)O)C[C@H](c2cccc(Cl)c2)[C@@H](c2ccc(Cl)cc2)N([C@H](CS(=O)(=O)CCC(C)C)C2CC2)C1=O,CC[C@]1(CC(=O)O)C[C@H](c2cccc(Cl)c2)[C@@H](c2ccc(Cl)cc2)N([C@H](CS(=O)(=O)CCC(C)C)C2CC2)C1=O,0.3,9.522878745280337,9.522878745280337,,1,active
CHEMBL3951924,CC[C@]1(CC(=O)O)C[C@H](c2cccc(Cl)c2)[C@@H](c2ccc(Cl)cc2)N([C@H](CS(=O)(=O)c2ccc(F)cc2)C2CC2)C1=O,CC[C@]1(CC(=O)O)C[C@H](c2cccc(Cl)c2)[C@@H](c2ccc(Cl)cc2)N([C@H](CS(=O)(=O)c2ccc(F)cc2)C2CC2)C1=O,1.6,8.795880017344075,8.795880017344075,,1,active
CHEMBL3920713,CC[C@]1(CC(=O)O)C[C@H](c2cccc(Cl)c2)[C@@H](c2ccc(Cl)cc2)N([C@H](CS(=O)(=O)c2cccc(F)c2)C2CC2)C1=O,CC[C@]1(CC(=O)O)C[C@H](c2cccc(Cl)c2)[C@@H](c2ccc(Cl)cc2)N([C@H](CS(=O)(=O)c2cccc(F)c2)C2CC2)C1=O,1.4,8.853871964321762,8.853871964321762,,1,active
CHEMBL3959155,CC[C@]1(CC(=O)O)C[C@H](c2cccc(Cl)c2)[C@@H](c2ccc(Cl)cc2)N([C@H](CS(=O)(=O)c2ccccc2)C2CC2)C1=O,CC[C@]1(CC(=O)O)C[C@H](c2cccc(Cl)c2)[C@@H](c2ccc(Cl)cc2)N([C@H](CS(=O)(=O)c2ccccc2)C2CC2)C1=O,1.6,8.795880017344075,8.795880017344075,,1,active
CHEMBL3892453,CC[C@]1(CC(=O)O)C[C@H](c2cccc(Cl)c2)[C@@H](c2ccc(Cl)cc2)N([C@H](CS(=O)(=O)c2ccccc2Cl)C2CC2)C1=O,CC[C@]1(CC(=O)O)C[C@H](c2cccc(Cl)c2)[C@@H](c2ccc(Cl)cc2)N([C@H](CS(=O)(=O)c2ccccc2Cl)C2CC2)C1=O,0.4,9.397940008672037,9.397940008672037,,1,active
CHEMBL3986817,CC[C@]1(CC(=O)O)C[C@H](c2cccc(Cl)c2)[C@@H](c2ccc(Cl)cc2)N([C@H](CS(=O)(=O)c2ccccc2F)C2CC2)C1=O,CC[C@]1(CC(=O)O)C[C@H](c2cccc(Cl)c2)[C@@H](c2ccc(Cl)cc2)N([C@H](CS(=O)(=O)c2ccccc2F)C2CC2)C1=O,0.4,9.397940008672037,9.397940008672037,,1,active
CHEMBL3916712,CC[C@]1(CC(=O)O)C[C@H](c2cccc(Cl)c2)[C@@H](c2ccc(Cl)cc2)N([C@H](CS(C)(=O)=O)C2CC2)C1=O,CC[C@]1(CC(=O)O)C[C@H](c2cccc(Cl)c2)[C@@H](c2ccc(Cl)cc2)N([C@H](CS(C)(=O)=O)C2CC2)C1=O,0.3,9.522878745280337,9.522878745280337,,1,active
CHEMBL5745771,CC[S+]([O-])c1nc(N[C@H](C)C2CCC2)c2c(n1)nc(N1CCOC[C@H]1c1ccccc1)n2C[C@H]1CC[C@H](C)CC1,CC[S+]([O-])c1nc(N[C@H](C)C2CCC2)c2c(n1)nc(N1CCOC[C@H]1c1ccccc1)n2C[C@H]1CC[C@H](C)CC1,12.19,7.913996294381618,7.913996294381618,,1,active
CHEMBL3703675,CCc1c(Cl)cnc(NC(c2ccc(OC)c(OC)c2OC)c2ccc3cccnc3c2O)c1F,CCc1c(Cl)cnc(NC(c2ccc(OC)c(OC)c2OC)c2ccc3cccnc3c2O)c1F,30000.0,4.522878745280337,4.522878745280337,,1,inactive
CHEMBL3653190,CCc1ccc(C#N)cc1-c1nc2c(n1C(C)C)C(c1ccc(Cl)cc1)N(c1cc(Cl)ccc1C)C2=O,CCc1ccc(C#N)cc1-c1nc2c(n1C(C)C)C(c1ccc(Cl)cc1)N(c1cc(Cl)ccc1C)C2=O,0.65,9.187086643357144,9.187086643357144,,1,active
CHEMBL3653205,CCc1ccc(C#N)cc1-c1nc2c(n1C(C)C)C(c1ccc(Cl)cc1C)N(c1cc(Cl)ccc1C)C2=O,CCc1ccc(C#N)cc1-c1nc2c(n1C(C)C)C(c1ccc(Cl)cc1C)N(c1cc(Cl)ccc1C)C2=O,0.42,9.3767507096021,9.3767507096021,,1,active
CHEMBL5909992,CCc1ccc(C)cc1-c1nc2nc(C(=O)O)nc(N[C@H](C)C3CCC3)c2n1Cc1ccc(C(F)(F)F)cc1,CCc1ccc(C)cc1-c1nc2nc(C(=O)O)nc(N[C@H](C)C3CCC3)c2n1Cc1ccc(C(F)(F)F)cc1,13.65,7.864867348623225,7.864867348623225,,1,active
CHEMBL5879488,CCc1ccc(Cl)c(-c2nc3nc(C(=O)O)nc(N[C@H](C)C4CCC4)c3n2Cc2ccc(C(F)(F)F)cc2)c1,CCc1ccc(Cl)c(-c2nc3nc(C(=O)O)nc(N[C@H](C)C4CCC4)c3n2Cc2ccc(C(F)(F)F)cc2)c1,23.75,7.624336386039115,7.624336386039115,,1,active
CHEMBL5852682,CCc1ccc(Cn2c(-c3cccc(C)c3)nc3nc(C(=O)O)nc(N[C@H](C)C4CC4)c32)cc1,CCc1ccc(Cn2c(-c3cccc(C)c3)nc3nc(C(=O)O)nc(N[C@H](C)C4CC4)c32)cc1,1197.0,5.921905849593589,5.921905849593589,,1,intermediate
CHEMBL6050845,CCc1ccc(F)c(-c2nc3nc(C(=O)O)nc(N[C@H](C)C4CCC4)c3n2Cc2ccc(C(F)(F)F)cc2)c1,CCc1ccc(F)c(-c2nc3nc(C(=O)O)nc(N[C@H](C)C4CCC4)c3n2Cc2ccc(C(F)(F)F)cc2)c1,33.84,7.470569645633014,7.470569645633014,,1,active
CHEMBL5840296,CCc1ccc(O)c(-c2nc3nc(C(=O)O)nc(N[C@H](C)C4CCC4)c3n2Cc2ccc(C(F)(F)F)cc2)c1,CCc1ccc(O)c(-c2nc3nc(C(=O)O)nc(N[C@H](C)C4CCC4)c3n2Cc2ccc(C(F)(F)F)cc2)c1,46.08,7.336487529584844,7.336487529584844,,1,active
CHEMBL5833961,CCc1ccc(OC)c(-c2nc3nc(C(=O)O)nc(N[C@H](C)C4CCC4)c3n2Cc2ccc(C(F)(F)F)cc2)c1,CCc1ccc(OC)c(-c2nc3nc(C(=O)O)nc(N[C@H](C)C4CCC4)c3n2Cc2ccc(C(F)(F)F)cc2)c1,18.67,7.728855682050922,7.728855682050922,,1,active
CHEMBL5858290,CCc1ccc(OC)cc1-c1nc2nc(C(=O)O)nc(N[C@H](C)C3CCC3)c2n1Cc1ccc(C(F)(F)F)cc1,CCc1ccc(OC)cc1-c1nc2nc(C(=O)O)nc(N[C@H](C)C3CCC3)c2n1Cc1ccc(C(F)(F)F)cc1,11.11,7.9542859410591324,7.9542859410591324,,1,active
CHEMBL5785060,CCc1ccc(OCOC)c(-c2nc3nc(C(=O)O)nc(N[C@H](C)C4CCC4)c3n2Cc2ccc(C(F)(F)F)cc2)c1,CCc1ccc(OCOC)c(-c2nc3nc(C(=O)O)nc(N[C@H](C)C4CCC4)c3n2Cc2ccc(C(F)(F)F)cc2)c1,23.15,7.635449004646028,7.635449004646028,,1,active
CHEMBL5921069,CCc1cccc(-c2nc(-c3noc(=O)[nH]3)nc3nc(N4CCOC[C@H]4c4ccccc4)n(C[C@H]4CC[C@H](C)CC4)c23)c1,CCc1cccc(-c2nc(-c3noc(=O)[nH]3)nc3nc(N4CCOC[C@H]4c4ccccc4)n(C[C@H]4CC[C@H](C)CC4)c23)c1,2.767,8.557990840859048,8.557990840859048,,1,active
CHEMBL5760471,CCc1cccc(-c2nc3nc(C(=O)O)nc(N[C@H](C)C4CC4)c3n2Cc2ccc(C(F)(F)F)cc2)c1,CCc1cccc(-c2nc3nc(C(=O)O)nc(N[C@H](C)C4CC4)c3n2Cc2ccc(C(F)(F)F)cc2)c1,179.6,6.745693667668714,6.745693667668714,,1,active
CHEMBL5871783,CCc1cccc(-c2nc3nc(C(=O)O)nc(N[C@H](C)C4CCC4)c3n2Cc2ccc(C(F)(F)F)cc2)c1,CCc1cccc(-c2nc3nc(C(=O)O)nc(N[C@H](C)C4CCC4)c3n2Cc2ccc(C(F)(F)F)cc2)c1,16.74,7.776244546342759,7.776244546342759,,1,active
CHEMBL3657034,CCc1ccccc1-c1nc2c(n1C(C)C)C(c1ccc(Cl)cc1C)N(c1cc(Cl)ccc1C)C2=O,CCc1ccccc1-c1nc2c(n1C(C)C)C(c1ccc(Cl)cc1C)N(c1cc(Cl)ccc1C)C2=O,0.24,9.619788758288394,9.619788758288394,,1,active
CHEMBL5889742,CCc1ccccc1-c1nc2nc(C(=O)O)nc(N[C@H](C)C3CCC3)c2n1Cc1ccc(C(F)(F)F)cc1,CCc1ccccc1-c1nc2nc(C(=O)O)nc(N[C@H](C)C3CCC3)c2n1Cc1ccc(C(F)(F)F)cc1,18.0,7.7447274948966935,7.7447274948966935,,1,active
CHEMBL5989588,CCc1ccnc(-c2nc3nc(C(=O)O)nc(N[C@H](C)C4CCC4)c3n2C[C@H]2CC[C@H](C)CC2)c1,CCc1ccnc(-c2nc3nc(C(=O)O)nc(N[C@H](C)C4CCC4)c3n2C[C@H]2CC[C@H](C)CC2)c1,2.283,8.641494088509765,8.641494088509765,,1,active
CHEMBL5787258,CCc1ccnc(-c2nc3nc(C(=O)O)nc(N[C@H](C)C4CCC4)c3n2Cc2ccc(C(F)(F)F)c(F)c2)c1,CCc1ccnc(-c2nc3nc(C(=O)O)nc(N[C@H](C)C4CCC4)c3n2Cc2ccc(C(F)(F)F)c(F)c2)c1,10.21,7.99097425791309,7.99097425791309,,1,active
CHEMBL5914354,CCc1ccnc(-c2nc3nc(C(=O)O)nc(N[C@H](C)C4CCC4)c3n2Cc2ccc(C(F)(F)F)cc2)c1,CCc1ccnc(-c2nc3nc(C(=O)O)nc(N[C@H](C)C4CCC4)c3n2Cc2ccc(C(F)(F)F)cc2)c1,42.68,7.369775589247568,7.369775589247568,,1,active
CHEMBL3653189,CCc1nc(OC)ccc1-c1nc2c(n1C(C)C)C(c1ccc(Cl)cc1)N(c1cc(Cl)ccc1C)C2=O,CCc1nc(OC)ccc1-c1nc2c(n1C(C)C)C(c1ccc(Cl)cc1)N(c1cc(Cl)ccc1C)C2=O,0.47,9.327902142064282,9.327902142064282,,1,active
CHEMBL3653203,CCc1nc(OC)ccc1-c1nc2c(n1C(C)C)C(c1ccc(Cl)cc1C)N(c1cc(Cl)ccc1C)C2=O,CCc1nc(OC)ccc1-c1nc2c(n1C(C)C)C(c1ccc(Cl)cc1C)N(c1cc(Cl)ccc1C)C2=O,0.4,9.397940008672037,9.397940008672037,,1,active
CHEMBL3649839,CCc1noc(C)c1C1CCCN1c1nc2cc(-c3noc(=O)[nH]3)nc(-c3cncc(Cl)c3)c2n1C[C@H]1CC[C@H](C)CC1,CCc1noc(C)c1C1CCCN1c1nc2cc(-c3noc(=O)[nH]3)nc(-c3cncc(Cl)c3)c2n1C[C@H]1CC[C@H](C)CC1,17.0,7.769551078621726,7.769551078621726,,2,active
CHEMBL5974359,CCn1cc(C(C)(O)c2cc(F)c3c(c2)C(=O)N(Cc2ccc(Cl)cn2)[C@@]3(OCC2(C(N)=O)CC2)c2ccc(Cl)cc2)cn1,CCn1cc(C(C)(O)c2cc(F)c3c(c2)C(=O)N(Cc2ccc(Cl)cn2)[C@@]3(OCC2(C(N)=O)CC2)c2ccc(Cl)cc2)cn1,0.95,9.022276394711152,9.022276394711152,,1,active
CHEMBL5955478,CCn1cc(C(C)(O)c2cc(F)c3c(c2)C(=O)N(Cc2ccc(Cl)cn2)[C@@]3(OCC2(O)CC2)c2ccc(Cl)cc2)cn1,CCn1cc(C(C)(O)c2cc(F)c3c(c2)C(=O)N(Cc2ccc(Cl)cn2)[C@@]3(OCC2(O)CC2)c2ccc(Cl)cc2)cn1,2.56,8.706481441128272,8.706481441128272,,2,active
CHEMBL3657097,CCn1cc(Cl)cc(N2C(=O)c3nc(-c4cnc(OC)nc4OC)n(C(C)C)c3C2c2ccc(Cl)cc2)c1=O,CCn1cc(Cl)cc(N2C(=O)c3nc(-c4cnc(OC)nc4OC)n(C(C)C)c3C2c2ccc(Cl)cc2)c1=O,0.32,9.494850021680094,9.494850021680094,,1,active
CHEMBL3657044,CCn1cc(N2C(=O)c3nc(-c4ccccc4OC)n(C(C)C)c3C2c2ccc(Cl)cc2C)cc(Cl)c1=O,CCn1cc(N2C(=O)c3nc(-c4ccccc4OC)n(C(C)C)c3C2c2ccc(Cl)cc2C)cc(Cl)c1=O,0.97,9.013228265733755,9.013228265733755,,1,active
CHEMBL3691705,CCn1cc(N2C(=O)c3nn(-c4ccccc4OC)c(C(C)C)c3C2c2ccc(Cl)cc2)cc(Cl)c1=O,CCn1cc(N2C(=O)c3nn(-c4ccccc4OC)c(C(C)C)c3C2c2ccc(Cl)cc2)cc(Cl)c1=O,1.2885,9.040617984486001,9.040617984486001,,2,active
CHEMBL3691709,CCn1cc(N2C(=O)c3nn(-c4ccccc4OC)c(C(C)C)c3C2c2ccc(Cl)cc2C)cc(Cl)c1=O,CCn1cc(N2C(=O)c3nn(-c4ccccc4OC)c(C(C)C)c3C2c2ccc(Cl)cc2C)cc(Cl)c1=O,0.76,9.167679012221937,9.167679012221937,,2,active
CHEMBL3657002,CCn1cc(OC)c(-c2nc3c(n2C(C)C)C(c2ccc(C#N)cc2)N(c2cc(Cl)ccc2C)C3=O)cc1=O,CCn1cc(OC)c(-c2nc3c(n2C(C)C)C(c2ccc(C#N)cc2)N(c2cc(Cl)ccc2C)C3=O)cc1=O,0.57,9.244125144327509,9.244125144327509,,1,active
CHEMBL3687270,CCn1nc2c(c1C(C)C)C(c1ccc(Cl)cc1C)N(c1cc(Cl)ccc1OCCN(C)C)C2=O,CCn1nc2c(c1C(C)C)C(c1ccc(Cl)cc1C)N(c1cc(Cl)ccc1OCCN(C)C)C2=O,4.1,8.387216143280265,8.387216143280265,,1,active
CHEMBL3649870,CCn1nccc1C1CCCN1c1nc2cc(-c3noc(=O)[nH]3)nc(-c3cncc(Cl)c3)c2n1C[C@H]1CC[C@H](C)CC1,CCn1nccc1C1CCCN1c1nc2cc(-c3noc(=O)[nH]3)nc(-c3cncc(Cl)c3)c2n1C[C@H]1CC[C@H](C)CC1,3.0,8.522878745280337,8.522878745280337,,2,active
CHEMBL3407566,CN(C(=O)C[C@@]1(C)C[C@H](c2cccc(Cl)c2)[C@@H](c2ccc(Cl)cc2)N([C@H](CS(=O)(=O)C(C)(C)C)C2CC2)C1=O)c1ccc(C(=O)O)cc1,CN(C(=O)C[C@@]1(C)C[C@H](c2cccc(Cl)c2)[C@@H](c2ccc(Cl)cc2)N([C@H](CS(=O)(=O)C(C)(C)C)C2CC2)C1=O)c1ccc(C(=O)O)cc1,1.8,8.744727494896694,8.744727494896694,,1,active
CHEMBL5996983,CN(C)C(=O)C(C)(O)c1ccc2c(c1)C(=O)N(Cc1ccc(Cl)cc1)[C@@]2(OCC1(CO)CC1)c1ccc(Cl)cc1,CN(C)C(=O)C(C)(O)c1ccc2c(c1)C(=O)N(Cc1ccc(Cl)cc1)[C@@]2(OCC1(CO)CC1)c1ccc(Cl)cc1,61.0,7.214670164989233,7.214670164989233,,3,active
CHEMBL6006201,CN(C)C(=O)CO[C@]1(c2ccc(Cl)cc2)c2ccc(C(C)(C)O)cc2C(=O)N1Cc1ccc(Cl)cc1,CN(C)C(=O)CO[C@]1(c2ccc(Cl)cc2)c2ccc(C(C)(C)O)cc2C(=O)N1Cc1ccc(Cl)cc1,86.0,7.0655015487564325,7.0655015487564325,,3,active
CHEMBL3649868,CN(C)C(=O)[C@@H]1CCCN1c1nc2cc(-c3noc(=O)[nH]3)nc(-c3cncc(Cl)c3)c2n1C[C@H]1CC[C@H](C)CC1,CN(C)C(=O)[C@@H]1CCCN1c1nc2cc(-c3noc(=O)[nH]3)nc(-c3cncc(Cl)c3)c2n1C[C@H]1CC[C@H](C)CC1,14.0,7.853871964321762,7.853871964321762,,4,active
CHEMBL5834313,CN(C)C(=O)[C@@H]1CCCN1c1nc2nc(-c3noc(=O)[nH]3)nc(-c3cccc(Cl)c3)c2n1C[C@H]1CC[C@H](C)CC1,CN(C)C(=O)[C@@H]1CCCN1c1nc2nc(-c3noc(=O)[nH]3)nc(-c3cccc(Cl)c3)c2n1C[C@H]1CC[C@H](C)CC1,15.09,7.82131076022441,7.82131076022441,,1,active
CHEMBL5818062,CN(C)C(=O)[C@@](C)(O)c1ccc2c(c1)C(=O)N(Cc1ccc(Cl)cc1)[C@@]2(OCC1(CO)CC1)c1ccc(Cl)cc1,CN(C)C(=O)[C@@](C)(O)c1ccc2c(c1)C(=O)N(Cc1ccc(Cl)cc1)[C@@]2(OCC1(CO)CC1)c1ccc(Cl)cc1,120.0,6.920818753952375,6.920818753952375,,1,active
CHEMBL3649837,CN(C)C(=O)[C@H]1CCCN1c1nc2cc(-c3noc(=O)[nH]3)nc(-c3cncc(Cl)c3)c2n1C[C@H]1CC[C@H](C)CC1,CN(C)C(=O)[C@H]1CCCN1c1nc2cc(-c3noc(=O)[nH]3)nc(-c3cncc(Cl)c3)c2n1C[C@H]1CC[C@H](C)CC1,54.0,7.267606240177031,7.267606240177031,,1,active
CHEMBL5769239,CN(C)C(=O)[C@](C)(O)c1ccc2c(c1)C(=O)N(Cc1ccc(Cl)cc1)[C@@]2(OCC1(CO)CC1)c1ccc(Cl)cc1,CN(C)C(=O)[C@](C)(O)c1ccc2c(c1)C(=O)N(Cc1ccc(Cl)cc1)[C@@]2(OCC1(CO)CC1)c1ccc(Cl)cc1,61.0,7.214670164989233,7.214670164989233,,1,active
CHEMBL3650009,CN(C)C(=O)c1cc2nc(N3CCOC[C@H]3c3ccccc3)n(C[C@H]3CC[C@H](C)CC3)c2c(-c2cncc(Cl)c2)n1,CN(C)C(=O)c1cc2nc(N3CCOC[C@H]3c3ccccc3)n(C[C@H]3CC[C@H](C)CC3)c2c(-c2cncc(Cl)c2)n1,175.0,6.756961951313706,6.756961951313706,,2,active
CHEMBL5759451,CN(C)C(=O)c1ccc2c(c1)nc1n2CC[C@H]2[C@@H]1[C@H](c1cccc(Cl)c1F)[C@]1(C(=O)Nc3cc(Cl)ccc31)N2CC1CC1,CN(C)C(=O)c1ccc2c(c1)nc1n2CC[C@H]2[C@@H]1[C@H](c1cccc(Cl)c1F)[C@]1(C(=O)Nc3cc(Cl)ccc31)N2CC1CC1,11.0,7.958607314841775,7.958607314841775,,1,active
CHEMBL5912645,CN(C)CC(C)(O)c1cc(F)c2c(c1)C(=O)N(Cc1ccc(Cl)cn1)[C@@]2(O[C@H]1CCOC1)c1ccc(Cl)cc1,CN(C)CC(C)(O)c1cc(F)c2c(c1)C(=O)N(Cc1ccc(Cl)cn1)[C@@]2(O[C@H]1CCOC1)c1ccc(Cl)cc1,4.4,8.356547323513812,8.356547323513812,,1,active
CHEMBL5993564,CN(C)CC(C)(O)c1ccc2c(c1)C(=O)N(Cc1ccc(Cl)cc1)[C@@]2(OCC1(CO)CC1)c1ccc(Cl)cc1,CN(C)CC(C)(O)c1ccc2c(c1)C(=O)N(Cc1ccc(Cl)cc1)[C@@]2(OCC1(CO)CC1)c1ccc(Cl)cc1,26.85,7.725375721572972,7.725375721572972,,4,active
CHEMBL378998,CN(C)CCCCN1C(=O)[C@H](c2ccc(Cl)cc2)N(Cc2ccc(Cl)cc2N)C(=O)c2cc(I)ccc21,CN(C)CCCCN1C(=O)[C@H](c2ccc(Cl)cc2)N(Cc2ccc(Cl)cc2N)C(=O)c2cc(I)ccc21,2830.0,5.548213564475709,5.548213564475709,,1,intermediate
CHEMBL3220313,CN(C)CCCN(C)C1CCN(C(=O)c2[nH]c3cc(Cl)ccc3c2-c2c(Cc3ccc(Cl)cc3)ncn2-c2ccccc2)C1,CN(C)CCCN(C)C1CCN(C(=O)c2[nH]c3cc(Cl)ccc3c2-c2c(Cc3ccc(Cl)cc3)ncn2-c2ccccc2)C1,190.0,6.721246399047171,6.721246399047171,,1,active
CHEMBL1236726,CN(C)CCCN(C)[C@H]1CCN(C(=O)c2[nH]c3cc(Cl)ccc3c2-c2c(-c3ccccc3)ncn2Cc2ccc(Cl)cc2)C1,CN(C)CCCN(C)[C@H]1CCN(C(=O)c2[nH]c3cc(Cl)ccc3c2-c2c(-c3ccccc3)ncn2Cc2ccc(Cl)cc2)C1,190.0,6.721246399047171,6.721246399047171,,1,active
CHEMBL212747,CN(C)CCCN1C(=O)[C@H](c2ccc(Cl)cc2)N(Cc2ccc(Cl)cc2N)C(=O)c2cc(I)ccc21,CN(C)CCCN1C(=O)[C@H](c2ccc(Cl)cc2)N(Cc2ccc(Cl)cc2N)C(=O)c2cc(I)ccc21,12200.0,4.913640169325252,4.913640169325252,,1,inactive
CHEMBL377462,CN(C)CCN1C(=O)C(c2ccc(Cl)cc2)N(C(C(=O)O)c2ccc(Cl)cc2)C(=O)c2cc(I)ccc21,CN(C)CCN1C(=O)C(c2ccc(Cl)cc2)N(C(C(=O)O)c2ccc(Cl)cc2)C(=O)c2cc(I)ccc21,36000.0,4.443697499232713,4.443697499232713,,1,inactive
CHEMBL383471,CN(C)CCNC(=O)[C@H](c1ccc(Cl)cc1)N1C(=O)c2cc(I)ccc2NC(=O)[C@@H]1c1ccc(Cl)cc1,CN(C)CCNC(=O)[C@H](c1ccc(Cl)cc1)N1C(=O)c2cc(I)ccc2NC(=O)[C@@H]1c1ccc(Cl)cc1,27000.0,4.568636235841013,4.568636235841013,,1,inactive
CHEMBL5809889,CN(C)CCNC(=O)c1ccc2c(c1)nc1n2CC[C@H]2[C@@H]1[C@H](c1cccc(Cl)c1F)[C@]1(C(=O)Nc3cc(Cl)ccc31)N2CC1CC1,CN(C)CCNC(=O)c1ccc2c(c1)nc1n2CC[C@H]2[C@@H]1[C@H](c1cccc(Cl)c1F)[C@]1(C(=O)Nc3cc(Cl)ccc31)N2CC1CC1,5.0,8.301029995663981,8.301029995663981,,1,active
CHEMBL5743644,CN(C)C[C@@](C)(O)c1ccc2c(c1)C(=O)N(Cc1ccc(Cl)cc1)[C@@]2(OCC1(CO)CC1)c1ccc(Cl)cc1,CN(C)C[C@@](C)(O)c1ccc2c(c1)C(=O)N(Cc1ccc(Cl)cc1)[C@@]2(OCC1(CO)CC1)c1ccc(Cl)cc1,120.0,6.920818753952375,6.920818753952375,,1,active
CHEMBL6032750,CN(C)C[C@](C)(O)c1ccc2c(c1)C(=O)N(Cc1ccc(Cl)cc1)[C@@]2(OCC1(CO)CC1)c1ccc(Cl)cc1,CN(C)C[C@](C)(O)c1ccc2c(c1)C(=O)N(Cc1ccc(Cl)cc1)[C@@]2(OCC1(CO)CC1)c1ccc(Cl)cc1,5.8,8.236572006437063,8.236572006437063,,1,active
CHEMBL4108536,CN(C)N1C(=O)[C@@](C)(CC(=O)O)C[C@H](c2cccc(Cl)c2)[C@H]1c1ccc(Cl)cc1,CN(C)N1C(=O)[C@@](C)(CC(=O)O)C[C@H](c2cccc(Cl)c2)[C@H]1c1ccc(Cl)cc1,20.0,7.698970004336019,7.698970004336019,,1,active
CHEMBL3318775,CN(C)S(=O)(=O)C[C@@H](N1C(=O)[C@@](C)(CC(=O)O)C[C@H](c2cccc(Cl)c2)[C@H]1c1ccc(Cl)cc1)C(C)(C)C,CN(C)S(=O)(=O)C[C@@H](N1C(=O)[C@@](C)(CC(=O)O)C[C@H](c2cccc(Cl)c2)[C@H]1c1ccc(Cl)cc1)C(C)(C)C,0.24,9.619788758288394,9.619788758288394,,1,active
CHEMBL3125519,CN(C)S(=O)(=O)C[C@H](C1CC1)N1C(=O)[C@@](C)(CC(=O)O)C[C@H](c2cccc(Cl)c2)[C@H]1c1ccc(Cl)cc1,CN(C)S(=O)(=O)C[C@H](C1CC1)N1C(=O)[C@@](C)(CC(=O)O)C[C@H](c2cccc(Cl)c2)[C@H]1c1ccc(Cl)cc1,0.2,9.698970004336019,9.698970004336019,,2,active
CHEMBL4109313,CN(C)S(=O)(=O)N(C)C[C@H](C1CC1)N1C(=O)[C@@](C)(CC(=O)O)C[C@H](c2cccc(Cl)c2)[C@H]1c1ccc(Cl)cc1,CN(C)S(=O)(=O)N(C)C[C@H](C1CC1)N1C(=O)[C@@](C)(CC(=O)O)C[C@H](c2cccc(Cl)c2)[C@H]1c1ccc(Cl)cc1,0.5,9.301029995663981,9.301029995663981,,1,active
CHEMBL3650007,CN(C)S(=O)(=O)NC(=O)c1cc2nc(N3CCO[C@@H]4CCC[C@H]43)n(C[C@H]3CC[C@H](C)CC3)c2c(-c2cncc(Cl)c2)n1,CN(C)S(=O)(=O)NC(=O)c1cc2nc(N3CCO[C@@H]4CCC[C@H]43)n(C[C@H]3CC[C@H](C)CC3)c2c(-c2cncc(Cl)c2)n1,2.0,8.698970004336019,8.698970004336019,,1,active
CHEMBL3957470,CN(C)S(=O)(=O)NC(=O)c1cc2nc(N3CCO[C@H]4CCC[C@@H]43)n(C[C@H]3CC[C@H](C)CC3)c2c(-c2cncc(Cl)c2)n1,CN(C)S(=O)(=O)NC(=O)c1cc2nc(N3CCO[C@H]4CCC[C@@H]43)n(C[C@H]3CC[C@H](C)CC3)c2c(-c2cncc(Cl)c2)n1,2.0,8.698970004336019,8.698970004336019,,1,active
CHEMBL4114394,CN(C)S(=O)(=O)NC[C@H](C1CC1)N1C(=O)[C@@](C)(CC(=O)O)C[C@H](c2cccc(Cl)c2)[C@H]1c1ccc(Cl)cc1,CN(C)S(=O)(=O)NC[C@H](C1CC1)N1C(=O)[C@@](C)(CC(=O)O)C[C@H](c2cccc(Cl)c2)[C@H]1c1ccc(Cl)cc1,0.5,9.301029995663981,9.301029995663981,,1,active
CHEMBL3650005,CN(C)c1c(C(=O)O)nc(-c2cncc(Cl)c2)c2c1nc(N1CCO[C@@H]3CCC[C@H]31)n2C[C@H]1CC[C@H](C)CC1,CN(C)c1c(C(=O)O)nc(-c2cncc(Cl)c2)c2c1nc(N1CCO[C@@H]3CCC[C@H]31)n2C[C@H]1CC[C@H](C)CC1,24.0,7.619788758288394,7.619788758288394,,1,active
CHEMBL3934510,CN(C)c1c(C(=O)O)nc(-c2cncc(Cl)c2)c2c1nc(N1CCO[C@H]3CCC[C@@H]31)n2C[C@H]1CC[C@H](C)CC1,CN(C)c1c(C(=O)O)nc(-c2cncc(Cl)c2)c2c1nc(N1CCO[C@H]3CCC[C@@H]31)n2C[C@H]1CC[C@H](C)CC1,24.0,7.619788758288394,7.619788758288394,,1,active
CHEMBL6019073,CN(C)c1ccc2c(c1)nc1n2CC[C@H]2[C@@H]1[C@H](c1cccc(Cl)c1F)[C@]1(C(=O)Nc3cc(Cl)ccc31)N2CC1CC1,CN(C)c1ccc2c(c1)nc1n2CC[C@H]2[C@@H]1[C@H](c1cccc(Cl)c1F)[C@]1(C(=O)Nc3cc(Cl)ccc31)N2CC1CC1,68.0,7.167491087293763,7.167491087293763,,1,active
CHEMBL3890287,CN(C)c1ncc(Cl)cc1-c1nc(-c2nc(=O)o[nH]2)cc2nc(N3CCO[C@H]4CCC[C@@H]43)n(C[C@H]3CC[C@H](C)CC3)c12,CN(C)c1ncc(Cl)cc1-c1nc(-c2nc(=O)o[nH]2)cc2nc(N3CCO[C@H]4CCC[C@@H]43)n(C[C@H]3CC[C@H](C)CC3)c12,2.0,8.698970004336019,8.698970004336019,,1,active
CHEMBL3653314,CN(C)c1ncc(Cl)cc1-c1nc(-c2noc(=O)[nH]2)cc2nc(N3CCO[C@@H]4CCC[C@H]43)n(C[C@H]3CC[C@H](C)CC3)c12,CN(C)c1ncc(Cl)cc1-c1nc(-c2noc(=O)[nH]2)cc2nc(N3CCO[C@@H]4CCC[C@H]43)n(C[C@H]3CC[C@H](C)CC3)c12,2.0,8.698970004336019,8.698970004336019,,1,active
CHEMBL3318777,CN(C1CC1)S(=O)(=O)C[C@@H](N1C(=O)[C@@](C)(CC(=O)O)C[C@H](c2cccc(Cl)c2)[C@H]1c1ccc(Cl)cc1)C(C)(C)C,CN(C1CC1)S(=O)(=O)C[C@@H](N1C(=O)[C@@](C)(CC(=O)O)C[C@H](c2cccc(Cl)c2)[C@H]1c1ccc(Cl)cc1)C(C)(C)C,0.38,9.42021640338319,9.42021640338319,,1,active
CHEMBL3649865,CN(CC(F)(F)F)c1nc2cc(-c3noc(=O)[nH]3)nc(-c3cncc(Cl)c3)c2n1C[C@H]1CC[C@H](C)CC1,CN(CC(F)(F)F)c1nc2cc(-c3noc(=O)[nH]3)nc(-c3cncc(Cl)c3)c2n1C[C@H]1CC[C@H](C)CC1,1.0,9.0,9.0,,2,active
CHEMBL4114852,CN(C[C@@H](C1CC1)N1C(=O)[C@@](C)(CC(=O)O)C[C@H](c2cccc(Cl)c2)[C@H]1c1ccc(Cl)cc1)S(=O)(=O)C1CC1,CN(C[C@@H](C1CC1)N1C(=O)[C@@](C)(CC(=O)O)C[C@H](c2cccc(Cl)c2)[C@H]1c1ccc(Cl)cc1)S(=O)(=O)C1CC1,7.0,8.154901959985743,8.154901959985743,,1,active
CHEMBL5881980,CN(C[C@H](C1CC1)N1C(=O)[C@@](C)(CC(=O)O)C[C@H](c2cccc(Cl)c2)C1c1ccc(Cl)cc1)S(=O)(=O)c1ccc(Cl)s1,CN(C[C@H](C1CC1)N1C(=O)[C@@](C)(CC(=O)O)C[C@H](c2cccc(Cl)c2)C1c1ccc(Cl)cc1)S(=O)(=O)c1ccc(Cl)s1,0.5,9.301029995663981,9.301029995663981,,1,active
CHEMBL5901545,CN(C[C@H](C1CC1)N1C(=O)[C@@](C)(CC(=O)O)C[C@H](c2cccc(Cl)c2)C1c1ccc(Cl)cc1)S(=O)(=O)c1cccs1,CN(C[C@H](C1CC1)N1C(=O)[C@@](C)(CC(=O)O)C[C@H](c2cccc(Cl)c2)C1c1ccc(Cl)cc1)S(=O)(=O)c1cccs1,0.3,9.522878745280337,9.522878745280337,,1,active
CHEMBL3125517,CN(C[C@H](C1CC1)N1C(=O)[C@@](C)(CC(=O)O)C[C@H](c2cccc(Cl)c2)[C@H]1c1ccc(Cl)cc1)S(=O)(=O)C1CC1,CN(C[C@H](C1CC1)N1C(=O)[C@@](C)(CC(=O)O)C[C@H](c2cccc(Cl)c2)[C@H]1c1ccc(Cl)cc1)S(=O)(=O)C1CC1,0.2,9.698970004336019,9.698970004336019,,2,active
CHEMBL3649914,CN(Cc1ccccc1)c1nc2cc(-c3noc(=O)[nH]3)nc(-c3cncc(Cl)c3)c2n1C[C@H]1CC[C@H](C)CC1,CN(Cc1ccccc1)c1nc2cc(-c3noc(=O)[nH]3)nc(-c3cncc(Cl)c3)c2n1C[C@H]1CC[C@H](C)CC1,19.0,7.721246399047171,7.721246399047171,,2,active
CHEMBL6050263,CN(Cc1ccccc1)c1nc2nc(-c3n[nH]c(=O)o3)nc(-c3cccc(Cl)c3)c2n1C[C@H]1CC[C@H](C)CC1,CN(Cc1ccccc1)c1nc2nc(-c3n[nH]c(=O)o3)nc(-c3cccc(Cl)c3)c2n1C[C@H]1CC[C@H](C)CC1,136.1,6.866141874796665,6.866141874796665,,1,active
CHEMBL5775517,CN(Cc1ccccc1)c1nc2nc(-c3noc(=O)[nH]3)nc(-c3cccc(Cl)c3)c2n1C[C@H]1CC[C@H](C)CC1,CN(Cc1ccccc1)c1nc2nc(-c3noc(=O)[nH]3)nc(-c3cccc(Cl)c3)c2n1C[C@H]1CC[C@H](C)CC1,42.94,7.36713795989977,7.36713795989977,,1,active
CHEMBL5791894,CN(O)C(=O)c1ccc2c(c1)nc1n2CC[C@H]2[C@@H]1[C@H](c1cccc(Cl)c1F)[C@]1(C(=O)Nc3cc(Cl)ccc31)N2CC1CC1,CN(O)C(=O)c1ccc2c(c1)nc1n2CC[C@H]2[C@@H]1[C@H](c1cccc(Cl)c1F)[C@]1(C(=O)Nc3cc(Cl)ccc31)N2CC1CC1,10.0,8.0,8.0,,1,active
CHEMBL3649920,CN(c1ccccc1)c1nc2cc(-c3noc(=O)[nH]3)nc(-c3cncc(Cl)c3)c2n1C[C@H]1CC[C@H](C)CC1,CN(c1ccccc1)c1nc2cc(-c3noc(=O)[nH]3)nc(-c3cncc(Cl)c3)c2n1C[C@H]1CC[C@H](C)CC1,132.0,6.8794260687941495,6.8794260687941495,,2,active
CHEMBL3649921,CN(c1ccccc1)c1nc2cc(C(=O)O)nc(-c3cncc(Cl)c3)c2n1C[C@H]1CC[C@H](C)CC1,CN(c1ccccc1)c1nc2cc(C(=O)O)nc(-c3cncc(Cl)c3)c2n1C[C@H]1CC[C@H](C)CC1,86.0,7.0655015487564325,7.0655015487564325,,2,active
CHEMBL6045820,CN1C(=O)/C(=C/c2cccnc2)O[C@@H](c2ccccc2)[C@H]1c1ccc(Cl)cc1,CN1C(=O)/C(=C/c2cccnc2)O[C@@H](c2ccccc2)[C@H]1c1ccc(Cl)cc1,8520.0,5.080399290666601,5.080399290666601,,2,intermediate
CHEMBL443053,CN1C(=O)C(c2ccc(Cl)cc2)N(C(C(=O)O)c2ccc(Cl)cc2)C(=O)c2cc(I)ccc21,CN1C(=O)C(c2ccc(Cl)cc2)N(C(C(=O)O)c2ccc(Cl)cc2)C(=O)c2cc(I)ccc21,2180.0,5.661543506395395,5.661543506395395,,1,intermediate
CHEMBL3649884,CN1C(=O)CN(c2nc3cc(-c4noc(=O)[nH]4)nc(-c4cncc(Cl)c4)c3n2C[C@H]2CC[C@H](C)CC2)[C@H]2CCC[C@@H]21,CN1C(=O)CN(c2nc3cc(-c4noc(=O)[nH]4)nc(-c4cncc(Cl)c4)c3n2C[C@H]2CC[C@H](C)CC2)[C@H]2CCC[C@@H]21,32.0,7.494850021680094,7.494850021680094,,2,active
CHEMBL6040028,CN1C(=O)COC(c2cccc(Cl)c2)[C@@H]1c1ccc(Cl)cc1,CN1C(=O)COC(c2cccc(Cl)c2)[C@@H]1c1ccc(Cl)cc1,26450.0,4.658458461110352,4.658458461110352,,2,inactive
CHEMBL2347398,CN1C(=O)CO[C@@H](c2ccc(Br)cc2)[C@H]1c1ccc(Br)cc1,CN1C(=O)CO[C@@H](c2ccc(Br)cc2)[C@H]1c1ccc(Br)cc1,5410.0,5.266802734893431,5.266802734893431,,3,intermediate
CHEMBL2347384,CN1C(=O)CO[C@@H](c2cccc(Cl)c2)[C@H]1c1ccc(Cl)cc1,CN1C(=O)CO[C@@H](c2cccc(Cl)c2)[C@H]1c1ccc(Cl)cc1,11700.0,4.931814138253839,4.931814138253839,,1,inactive
CHEMBL3896849,CN1C(=O)N(C[C@H](C2CC2)N2C(=O)[C@@](C)(CC(=O)O)C[C@H](c3cccc(Cl)c3)[C@H]2c2ccc(Cl)cc2)C(=O)C1(C)C,CN1C(=O)N(C[C@H](C2CC2)N2C(=O)[C@@](C)(CC(=O)O)C[C@H](c3cccc(Cl)c3)[C@H]2c2ccc(Cl)cc2)C(=O)C1(C)C,1.8,8.744727494896694,8.744727494896694,,1,active
CHEMBL6015474,CN1C(=O)[C@@H](Cc2ccc(Br)cc2)O[C@H](c2ccc(Br)cc2)[C@@H]1c1ccc(Br)cc1,CN1C(=O)[C@@H](Cc2ccc(Br)cc2)O[C@H](c2ccc(Br)cc2)[C@@H]1c1ccc(Br)cc1,22985.0,5.092161327135446,5.092161327135446,,2,inactive
CHEMBL5999044,CN1C(=O)[C@@H](Cc2ccc(F)cc2)O[C@H](c2ccc(Br)cc2)[C@@H]1c1ccc(Br)cc1,CN1C(=O)[C@@H](Cc2ccc(F)cc2)O[C@H](c2ccc(Br)cc2)[C@@H]1c1ccc(Br)cc1,9830.0,5.007446482167865,5.007446482167865,,3,intermediate
CHEMBL5774014,CN1C(=O)[C@@H](Cc2ccc(OC(F)(F)F)cc2)O[C@H](c2ccc(Br)cc2)[C@@H]1c1ccc(Br)cc1,CN1C(=O)[C@@H](Cc2ccc(OC(F)(F)F)cc2)O[C@H](c2ccc(Br)cc2)[C@@H]1c1ccc(Br)cc1,5350.0,5.2716462179787715,5.2716462179787715,,1,intermediate
CHEMBL2347402,CN1C(=O)[C@@H](Cc2ccccc2)O[C@H](c2ccc(Br)cc2)[C@@H]1c1ccc(Br)cc1,CN1C(=O)[C@@H](Cc2ccccc2)O[C@H](c2ccc(Br)cc2)[C@@H]1c1ccc(Br)cc1,16500.0,4.7829072330690146,4.7829072330690146,,4,inactive
CHEMBL6055406,CN1C(=O)[C@@H](Cc2ccccc2)O[C@H](c2ccc(Cl)cc2)[C@@H]1c1ccc(Cl)cc1,CN1C(=O)[C@@H](Cc2ccccc2)O[C@H](c2ccc(Cl)cc2)[C@@H]1c1ccc(Cl)cc1,10000.0,5.0,5.0,,3,inactive
CHEMBL5946358,CN1C(=O)[C@@H](Cc2ccccc2)O[C@H](c2cccc(Cl)c2)[C@@H]1c1ccc(Cl)cc1,CN1C(=O)[C@@H](Cc2ccccc2)O[C@H](c2cccc(Cl)c2)[C@@H]1c1ccc(Cl)cc1,41255.0,4.745921057719746,4.745921057719746,,2,inactive
CHEMBL2347403,CN1C(=O)[C@H](Cc2ccc(Br)cc2)O[C@@H](c2ccc(Br)cc2)[C@H]1c1ccc(Br)cc1,CN1C(=O)[C@H](Cc2ccc(Br)cc2)O[C@@H](c2ccc(Br)cc2)[C@H]1c1ccc(Br)cc1,1500.0,5.823908740944319,5.823908740944319,,1,intermediate
CHEMBL2347380,CN1C(=O)[C@H](Cc2ccc(F)cc2)O[C@@H](c2ccc(Br)cc2)[C@H]1c1ccc(Br)cc1,CN1C(=O)[C@H](Cc2ccc(F)cc2)O[C@@H](c2ccc(Br)cc2)[C@H]1c1ccc(Br)cc1,1800.0,5.7447274948966935,5.7447274948966935,,1,intermediate
CHEMBL2347399,CN1C(=O)[C@H](Cc2ccccc2)O[C@@H](c2ccc(Br)cc2)[C@H]1c1ccc(Br)cc1,CN1C(=O)[C@H](Cc2ccccc2)O[C@@H](c2ccc(Br)cc2)[C@H]1c1ccc(Br)cc1,2000.0,5.698970004336019,5.698970004336019,,5,intermediate
CHEMBL2347401,CN1C(=O)[C@H](Cc2ccccc2)O[C@@H](c2ccc(Cl)cc2)[C@H]1c1ccc(Cl)cc1,CN1C(=O)[C@H](Cc2ccccc2)O[C@@H](c2ccc(Cl)cc2)[C@H]1c1ccc(Cl)cc1,1800.0,5.7447274948966935,5.7447274948966935,,1,intermediate
CHEMBL6010079,CN1C(=O)[C@H](Cc2ccncc2)O[C@@H](c2ccc(Cl)cc2)[C@H]1c1ccc(Cl)cc1,CN1C(=O)[C@H](Cc2ccncc2)O[C@@H](c2ccc(Cl)cc2)[C@H]1c1ccc(Cl)cc1,5065.0,5.297856885490484,5.297856885490484,,2,intermediate
CHEMBL5971248,CN1CC(NC(=O)c2ccc3c(c2)nc2n3CC[C@H]3[C@@H]2[C@H](c2cccc(Cl)c2F)[C@]2(C(=O)Nc4cc(Cl)ccc42)N3CC2CC2)C1,CN1CC(NC(=O)c2ccc3c(c2)nc2n3CC[C@H]3[C@@H]2[C@H](c2cccc(Cl)c2F)[C@]2(C(=O)Nc4cc(Cl)ccc42)N3CC2CC2)C1,5.0,8.301029995663981,8.301029995663981,,1,active
CHEMBL5171791,CN1CCC(=O)NCCSCCS(=O)(=O)CCN(Cc2ccc(C#N)cc2)CC(=O)N[C@@H](Cc2cc3ccc(Cl)cc3[nH]2)C1=O,CN1CCC(=O)NCCSCCS(=O)(=O)CCN(Cc2ccc(C#N)cc2)CC(=O)N[C@@H](Cc2cc3ccc(Cl)cc3[nH]2)C1=O,600.0,6.221848749616356,6.221848749616356,,1,active
CHEMBL6062343,CN1CCC(C(C)(O)c2cc(F)c3c(c2)C(=O)N(Cc2ccc(C#N)cn2)[C@@]3(OCC2(CO)CC2)c2ccc(Cl)cc2)CC1,CN1CCC(C(C)(O)c2cc(F)c3c(c2)C(=O)N(Cc2ccc(C#N)cn2)[C@@]3(OCC2(CO)CC2)c2ccc(Cl)cc2)CC1,24.55,7.922940237242076,7.922940237242076,,2,active
CHEMBL5944542,CN1CCC(C(C)(O)c2cc(F)c3c(c2)C(=O)N(Cc2ccc(Cl)cc2S(C)(=O)=O)[C@@]3(OCC2(CO)CC2)c2ccc(Cl)cc2)CC1,CN1CCC(C(C)(O)c2cc(F)c3c(c2)C(=O)N(Cc2ccc(Cl)cc2S(C)(=O)=O)[C@@]3(OCC2(CO)CC2)c2ccc(Cl)cc2)CC1,56.3,7.771816983435478,7.771816983435478,,2,active
CHEMBL5904824,CN1CCC(C(C)(O)c2cc(F)c3c(c2)C(=O)N(Cc2ccc(Cl)cn2)[C@@]3(OCC2(C(N)=O)CC2)c2ccc(Cl)cc2)CC1,CN1CCC(C(C)(O)c2cc(F)c3c(c2)C(=O)N(Cc2ccc(Cl)cn2)[C@@]3(OCC2(C(N)=O)CC2)c2ccc(Cl)cc2)CC1,1.5,8.823908740944319,8.823908740944319,,1,active
CHEMBL5884666,CN1CCC(C(C)(O)c2cc(F)c3c(c2)C(=O)N(Cc2ncc(Cl)cn2)[C@@]3(O[C@H]2CCOC2)c2ccc(Cl)cc2)CC1,CN1CCC(C(C)(O)c2cc(F)c3c(c2)C(=O)N(Cc2ncc(Cl)cn2)[C@@]3(O[C@H]2CCOC2)c2ccc(Cl)cc2)CC1,2.0,8.698970004336019,8.698970004336019,,1,active
CHEMBL575121,CN1CCC(CCNC(=O)[C@@H]2N[C@H](CC(C)(C)C)[C@]3(C(=O)Nc4cc(Cl)ccc43)[C@H]2c2cccc(Cl)c2F)CC1,CN1CCC(CCNC(=O)[C@@H]2N[C@H](CC(C)(C)C)[C@]3(C(=O)Nc4cc(Cl)ccc43)[C@H]2c2cccc(Cl)c2F)CC1,32.4,7.489454989793388,7.489454989793388,,1,active
CHEMBL5856533,CN1CCC([C@@](C)(O)c2cc(F)c3c(c2)C(=O)N(Cc2ccc(Cl)cc2S(C)(=O)=O)[C@@]3(OCC2(CO)CC2)c2ccc(Cl)cc2)CC1,CN1CCC([C@@](C)(O)c2cc(F)c3c(c2)C(=O)N(Cc2ccc(Cl)cc2S(C)(=O)=O)[C@@]3(OCC2(CO)CC2)c2ccc(Cl)cc2)CC1,2.6,8.585026652029182,8.585026652029182,,1,active
CHEMBL5891370,CN1CCC([C@](C)(O)c2cc(F)c3c(c2)C(=O)N(Cc2ccc(Cl)cc2S(C)(=O)=O)[C@@]3(OCC2(CO)CC2)c2ccc(Cl)cc2)CC1,CN1CCC([C@](C)(O)c2cc(F)c3c(c2)C(=O)N(Cc2ccc(Cl)cc2S(C)(=O)=O)[C@@]3(OCC2(CO)CC2)c2ccc(Cl)cc2)CC1,73000.0,4.136677139879544,4.136677139879544,,1,inactive
CHEMBL5837018,CN1CCN(C(=O)C[C@H]2O[C@H](c3cccc(Cl)c3)[C@H](c3ccc(Cl)cc3)N(CC3CC3)C2=O)CC1,CN1CCN(C(=O)C[C@H]2O[C@H](c3cccc(Cl)c3)[C@H](c3ccc(Cl)cc3)N(CC3CC3)C2=O)CC1,1531.0,6.027196782741891,6.027196782741891,,2,intermediate
CHEMBL5870064,CN1CCN(C(=O)c2ccc3c(c2)nc2n3CC[C@H]3[C@@H]2[C@H](c2cccc(Cl)c2F)[C@]2(C(=O)Nc4cc(Cl)ccc42)N3CC2CC2)CC1,CN1CCN(C(=O)c2ccc3c(c2)nc2n3CC[C@H]3[C@@H]2[C@H](c2cccc(Cl)c2F)[C@]2(C(=O)Nc4cc(Cl)ccc42)N3CC2CC2)CC1,10.0,8.0,8.0,,1,active
CHEMBL5832262,CN1CCN(CC(C)(O)c2cc(F)c3c(c2)C(=O)N(Cc2ccc(C#N)cn2)[C@@]3(OCC2(C#N)CC2)c2ccc(Cl)cc2)CC1,CN1CCN(CC(C)(O)c2cc(F)c3c(c2)C(=O)N(Cc2ccc(C#N)cn2)[C@@]3(OCC2(C#N)CC2)c2ccc(Cl)cc2)CC1,2.185,8.74087467434575,8.74087467434575,,2,active
CHEMBL6036610,CN1CCN(CC(C)(O)c2cc(F)c3c(c2)C(=O)N(Cc2ccc(Cl)cc2S(C)(=O)=O)[C@@]3(OC2CCOC2)c2ccc(Cl)cc2)CC1,CN1CCN(CC(C)(O)c2cc(F)c3c(c2)C(=O)N(Cc2ccc(Cl)cc2S(C)(=O)=O)[C@@]3(OC2CCOC2)c2ccc(Cl)cc2)CC1,7.0,8.154901959985743,8.154901959985743,,3,active
CHEMBL5999904,CN1CCN(CC(C)(O)c2cc(F)c3c(c2)C(=O)N(Cc2ccc(Cl)cc2S(C)(=O)=O)[C@@]3(OCC2(CO)CC2)c2ccc(Cl)cc2)CC1,CN1CCN(CC(C)(O)c2cc(F)c3c(c2)C(=O)N(Cc2ccc(Cl)cc2S(C)(=O)=O)[C@@]3(OCC2(CO)CC2)c2ccc(Cl)cc2)CC1,26.0,7.585026652029182,7.585026652029182,,3,active
CHEMBL6010109,CN1CCN(CC(C)(O)c2cc(F)c3c(c2)C(=O)N(Cc2ccc(Cl)cc2S(C)(=O)=O)[C@@]3(O[C@H]2CCOC2)c2ccc(Cl)cc2)CC1,CN1CCN(CC(C)(O)c2cc(F)c3c(c2)C(=O)N(Cc2ccc(Cl)cc2S(C)(=O)=O)[C@@]3(O[C@H]2CCOC2)c2ccc(Cl)cc2)CC1,4.45,8.369487583003801,8.369487583003801,,4,active
CHEMBL379487,CN1CCN(CCCCN2C(=O)[C@H](c3ccc(Cl)cc3)N(Cc3ccc(Cl)cc3N)C(=O)c3cc(I)ccc32)CC1,CN1CCN(CCCCN2C(=O)[C@H](c3ccc(Cl)cc3)N(Cc3ccc(Cl)cc3N)C(=O)c3cc(I)ccc32)CC1,5660.0,5.247183568811728,5.247183568811728,,1,intermediate
CHEMBL380399,CN1CCN(CCCN2C(=O)[C@H](c3ccc(Cl)cc3)N(Cc3ccc(Cl)cc3N)C(=O)c3cc(I)ccc32)CC1,CN1CCN(CCCN2C(=O)[C@H](c3ccc(Cl)cc3)N(Cc3ccc(Cl)cc3N)C(=O)c3cc(I)ccc32)CC1,5410.0,5.266802734893431,5.266802734893431,,1,intermediate
CHEMBL577393,CN1CCN(CCNC(=O)[C@@H]2N[C@H](CC(C)(C)C)[C@]3(C(=O)Nc4cc(Cl)ccc43)[C@H]2c2cccc(Cl)c2F)CC1,CN1CCN(CCNC(=O)[C@@H]2N[C@H](CC(C)(C)C)[C@]3(C(=O)Nc4cc(Cl)ccc43)[C@H]2c2cccc(Cl)c2F)CC1,25.7,7.590066876668706,7.590066876668706,,1,active
CHEMBL3219401,CN1CCN(CCNC(=O)[C@H]2c3ccccc3C(=O)N(Cc3ccc(Cl)cc3)[C@@H]2c2c[nH]c3cc(Cl)ccc23)CC1,CN1CCN(CCNC(=O)[C@H]2c3ccccc3C(=O)N(Cc3ccc(Cl)cc3)[C@@H]2c2c[nH]c3cc(Cl)ccc23)CC1,11500.0,4.939302159646388,4.939302159646388,,1,inactive
CHEMBL5926731,CN1CCN(C[C@@](C)(O)c2cc(F)c3c(c2)C(=O)N(Cc2ccc(Cl)cc2S(C)(=O)=O)[C@@]3(OCC2(CO)CC2)c2ccc(Cl)cc2)CC1,CN1CCN(C[C@@](C)(O)c2cc(F)c3c(c2)C(=O)N(Cc2ccc(Cl)cc2S(C)(=O)=O)[C@@]3(OCC2(CO)CC2)c2ccc(Cl)cc2)CC1,61000.0,4.214670164989233,4.214670164989233,,1,inactive
CHEMBL5877035,CN1CCN(C[C@@](C)(O)c2cc(F)c3c(c2)C(=O)N(Cc2ccc(Cl)cc2S(C)(=O)=O)[C@@]3(O[C@@H]2CCOC2)c2ccc(Cl)cc2)CC1,CN1CCN(C[C@@](C)(O)c2cc(F)c3c(c2)C(=O)N(Cc2ccc(Cl)cc2S(C)(=O)=O)[C@@]3(O[C@@H]2CCOC2)c2ccc(Cl)cc2)CC1,7.0,8.154901959985743,8.154901959985743,,1,active
CHEMBL5759923,CN1CCN(C[C@@](C)(O)c2cc(F)c3c(c2)C(=O)N(Cc2ccc(Cl)cc2S(C)(=O)=O)[C@@]3(O[C@H]2CCOC2)c2ccc(Cl)cc2)CC1,CN1CCN(C[C@@](C)(O)c2cc(F)c3c(c2)C(=O)N(Cc2ccc(Cl)cc2S(C)(=O)=O)[C@@]3(O[C@H]2CCOC2)c2ccc(Cl)cc2)CC1,5.7,8.244125144327509,8.244125144327509,,1,active
CHEMBL5997775,CN1CCN(C[C@](C)(O)c2cc(F)c3c(c2)C(=O)N(Cc2ccc(Cl)cc2S(C)(=O)=O)[C@@]3(OCC2(CO)CC2)c2ccc(Cl)cc2)CC1,CN1CCN(C[C@](C)(O)c2cc(F)c3c(c2)C(=O)N(Cc2ccc(Cl)cc2S(C)(=O)=O)[C@@]3(OCC2(CO)CC2)c2ccc(Cl)cc2)CC1,4.6,8.337242168318426,8.337242168318426,,1,active
CHEMBL5952185,CN1CCN(C[C@](C)(O)c2cc(F)c3c(c2)C(=O)N(Cc2ccc(Cl)cc2S(C)(=O)=O)[C@@]3(O[C@@H]2CCOC2)c2ccc(Cl)cc2)CC1,CN1CCN(C[C@](C)(O)c2cc(F)c3c(c2)C(=O)N(Cc2ccc(Cl)cc2S(C)(=O)=O)[C@@]3(O[C@@H]2CCOC2)c2ccc(Cl)cc2)CC1,60000.0,4.221848749616356,4.221848749616356,,1,inactive
CHEMBL6046082,CN1CCN(C[C@](C)(O)c2cc(F)c3c(c2)C(=O)N(Cc2ccc(Cl)cc2S(C)(=O)=O)[C@@]3(O[C@H]2CCOC2)c2ccc(Cl)cc2)CC1,CN1CCN(C[C@](C)(O)c2cc(F)c3c(c2)C(=O)N(Cc2ccc(Cl)cc2S(C)(=O)=O)[C@@]3(O[C@H]2CCOC2)c2ccc(Cl)cc2)CC1,0.7,9.154901959985743,9.154901959985743,,1,active
CHEMBL3318781,CN1CCN(S(=O)(=O)C[C@@H](N2C(=O)[C@@](C)(CC(=O)O)C[C@H](c3cccc(Cl)c3)[C@H]2c2ccc(Cl)cc2)C(C)(C)C)CC1,CN1CCN(S(=O)(=O)C[C@@H](N2C(=O)[C@@](C)(CC(=O)O)C[C@H](c3cccc(Cl)c3)[C@H]2c2ccc(Cl)cc2)C(C)(C)C)CC1,0.074,10.130768280269024,10.130768280269024,,1,active
CHEMBL416288,CN1CCc2cccc3c2[C@@H]1Cc1ccc(O)c(O)c1-3,CN1CCc2cccc3c2[C@@H]1Cc1ccc(O)c(O)c1-3,175.0,6.756961951313706,6.756961951313706,,1,active
CHEMBL53,CN1CCc2cccc3c2[C@H]1Cc1ccc(O)c(O)c1-3,CN1CCc2cccc3c2[C@H]1Cc1ccc(O)c(O)c1-3,205.0,6.688763464360938,6.688763464360938,,2,active
CHEMBL4068121,CN1CCc2cccc3c4c(cc1c23)C=CC(=O)C4=O,CN1CCc2cccc3c4c(cc1c23)C=CC(=O)C4=O,1700.0,5.769551078621726,5.769551078621726,,1,intermediate
CHEMBL4064867,CN1[C@@H](C(=O)NC23CCC(C(=O)O)(CC2)CC3)[C@H](c2cccc(Cl)c2F)[C@]2(C(=O)Nc3cc(Cl)ccc32)C12CCCCC2,CN1[C@@H](C(=O)NC23CCC(C(=O)O)(CC2)CC3)[C@H](c2cccc(Cl)c2F)[C@]2(C(=O)Nc3cc(Cl)ccc32)C12CCCCC2,4.5,8.346787486224656,8.346787486224656,,1,active
CHEMBL4085388,CN1[C@@H](c2nc(C(=O)O)co2)[C@H](c2cccc(Cl)c2F)[C@]2(C(=O)Nc3cc(Cl)ccc32)C12CCCCC2,CN1[C@@H](c2nc(C(=O)O)co2)[C@H](c2cccc(Cl)c2F)[C@]2(C(=O)Nc3cc(Cl)ccc32)C12CCCCC2,27.5,7.560667306169737,7.560667306169737,,1,active
CHEMBL4063804,CN1[C@@H](c2nc(C(=O)O)cs2)[C@H](c2cccc(Cl)c2F)[C@]2(C(=O)Nc3cc(Cl)ccc32)C12CCCCC2,CN1[C@@H](c2nc(C(=O)O)cs2)[C@H](c2cccc(Cl)c2F)[C@]2(C(=O)Nc3cc(Cl)ccc32)C12CCCCC2,12.8,7.892790030352131,7.892790030352131,,1,active
CHEMBL4081906,CN1[C@@H](c2nc(C(N)=O)cs2)[C@H](c2cccc(Cl)c2F)[C@]2(C(=O)Nc3cc(Cl)ccc32)C12CCCCC2,CN1[C@@H](c2nc(C(N)=O)cs2)[C@H](c2cccc(Cl)c2F)[C@]2(C(=O)Nc3cc(Cl)ccc32)C12CCCCC2,156.0,6.806875401645538,6.806875401645538,,1,active
CHEMBL4060006,CN1[C@@H](c2nc(CC(=O)O)cs2)[C@H](c2cccc(Cl)c2F)[C@]2(C(=O)Nc3cc(Cl)ccc32)C12CCCCC2,CN1[C@@H](c2nc(CC(=O)O)cs2)[C@H](c2cccc(Cl)c2F)[C@]2(C(=O)Nc3cc(Cl)ccc32)C12CCCCC2,12.5,7.903089986991944,7.903089986991944,,1,active
CHEMBL3220112,CNC(=O)C(=Cc1cc(-c2ccccc2)n(-c2ccc(Cl)cc2)c1-c1ccccc1)C(=O)NC,CNC(=O)C(=Cc1cc(-c2ccccc2)n(-c2ccc(Cl)cc2)c1-c1ccccc1)C(=O)NC,7600.0,5.119186407719209,5.119186407719209,,1,intermediate
CHEMBL6027552,CNC(=O)C(C)(O)c1ccc2c(c1)C(=O)N(Cc1ccc(Cl)cc1)[C@@]2(OCC1(CO)CC1)c1ccc(Cl)cc1,CNC(=O)C(C)(O)c1ccc2c(c1)C(=O)N(Cc1ccc(Cl)cc1)[C@@]2(OCC1(CO)CC1)c1ccc(Cl)cc1,11.65,8.010225812647953,8.010225812647953,,4,active
CHEMBL5761137,CNC(=O)C(C)(O)c1ccc2c(c1)C(=O)N(Cc1ccc(Cl)cn1)[C@@]2(OC)c1ccc(Cl)cc1,CNC(=O)C(C)(O)c1ccc2c(c1)C(=O)N(Cc1ccc(Cl)cn1)[C@@]2(OC)c1ccc(Cl)cc1,145.5,6.884647843193715,6.884647843193715,,2,active
CHEMBL5995094,CNC(=O)CCOc1ccc(C)cc1-c1nc2nc(C(=O)O)nc(N[C@H](C)C3CC3)c2n1Cc1ccc(Cl)cc1,CNC(=O)CCOc1ccc(C)cc1-c1nc2nc(C(=O)O)nc(N[C@H](C)C3CC3)c2n1Cc1ccc(Cl)cc1,486.9,6.3125602254541056,6.3125602254541056,,1,active
CHEMBL6041075,CNC(=O)CC[C@@H](Nc1nc(C(=O)O)nc2nc(-c3cccc(C)c3)n(Cc3ccc(C(F)(F)F)cc3)c12)C1CCC1,CNC(=O)CC[C@@H](Nc1nc(C(=O)O)nc2nc(-c3cccc(C)c3)n(Cc3ccc(C(F)(F)F)cc3)c12)C1CCC1,101.7,6.992679047077255,6.992679047077255,,1,active
CHEMBL210443,CNC(=O)CN1C(=O)C(c2ccc(Cl)cc2)N(C(C(=O)O)c2ccc(Cl)cc2)C(=O)c2cc(I)ccc21,CNC(=O)CN1C(=O)C(c2ccc(Cl)cc2)N(C(C(=O)O)c2ccc(Cl)cc2)C(=O)c2cc(I)ccc21,3330.0,5.47755576649368,5.47755576649368,,1,intermediate
CHEMBL5778649,CNC(=O)CNCC1(CO[C@]2(c3ccc(Cl)cc3)c3c(F)cc(C(C)(C)O)cc3C(=O)N2Cc2ccc(Cl)cn2)CC1,CNC(=O)CNCC1(CO[C@]2(c3ccc(Cl)cc3)c3c(F)cc(C(C)(C)O)cc3C(=O)N2Cc2ccc(Cl)cn2)CC1,9.4,8.0268721464003,8.0268721464003,,1,active
CHEMBL3683174,CNC(=O)CN[C@H]1CC[C@H](CN(C)c2ccc(N3C(=O)Cc4cc(OC)c(OC(C)C)cc4[C@@H]3c3ccc(Cl)cc3)nc2)CC1,CNC(=O)CN[C@H]1CC[C@H](CN(C)c2ccc(N3C(=O)Cc4cc(OC)c(OC(C)C)cc4[C@@H]3c3ccc(Cl)cc3)nc2)CC1,7.7,8.113509274827518,8.113509274827518,,1,active
CHEMBL3653279,CNC(=O)Cc1cc(-c2nc3c(n2C(C)C)C(c2ccc(Cl)cc2)N(c2cccc(Cl)c2F)C3=O)c(OC)cn1,CNC(=O)Cc1cc(-c2nc3c(n2C(C)C)C(c2ccc(Cl)cc2)N(c2cccc(Cl)c2F)C3=O)c(OC)cn1,0.24,9.619788758288394,9.619788758288394,,1,active
CHEMBL3260819,CNC(=O)Cc1ccc(Cl)c(F)c1-n1c(C2CCCCC2)nc(-c2nnc(N)o2)c1-c1ccc(F)c(Cl)c1,CNC(=O)Cc1ccc(Cl)c(F)c1-n1c(C2CCCCC2)nc(-c2nnc(N)o2)c1-c1ccc(F)c(Cl)c1,4.0,8.397940008672037,8.397940008672037,,1,active
CHEMBL3653306,CNC(=O)Cc1ccc(OC)c(-c2nc3c(n2C(C)C)C(c2ccc(Cl)cc2)N(c2cc(Cl)ccc2C)C3=O)c1,CNC(=O)Cc1ccc(OC)c(-c2nc3c(n2C(C)C)C(c2ccc(Cl)cc2)N(c2cc(Cl)ccc2C)C3=O)c1,0.17,9.769551078621726,9.769551078621726,,1,active
CHEMBL3653309,CNC(=O)Cc1ccc(OC)c(-c2nc3c(n2C(C)C)C(c2ccc(Cl)cc2)N(c2cccc(Cl)c2F)C3=O)c1,CNC(=O)Cc1ccc(OC)c(-c2nc3c(n2C(C)C)C(c2ccc(Cl)cc2)N(c2cccc(Cl)c2F)C3=O)c1,0.27,9.568636235841012,9.568636235841012,,1,active
CHEMBL3653303,CNC(=O)Cc1cnc(OC)c(-c2nc3c(n2C(C)C)C(c2ccc(C#N)cc2)N(c2cc(Cl)ccc2C)C3=O)c1,CNC(=O)Cc1cnc(OC)c(-c2nc3c(n2C(C)C)C(c2ccc(C#N)cc2)N(c2cc(Cl)ccc2C)C3=O)c1,1.95,8.709965388637482,8.709965388637482,,1,active
CHEMBL3653300,CNC(=O)Cc1cnc(OC)c(-c2nc3c(n2C(C)C)C(c2ccc(C#N)cc2)N(c2cccc(Cl)c2F)C3=O)c1,CNC(=O)Cc1cnc(OC)c(-c2nc3c(n2C(C)C)C(c2ccc(C#N)cc2)N(c2cccc(Cl)c2F)C3=O)c1,1.83,8.73754891026957,8.73754891026957,,1,active
CHEMBL3653299,CNC(=O)Cc1cnc(OC)c(-c2nc3c(n2C(C)C)C(c2ccc(Cl)cc2)N(c2cccc(Cl)c2F)C3=O)c1,CNC(=O)Cc1cnc(OC)c(-c2nc3c(n2C(C)C)C(c2ccc(Cl)cc2)N(c2cccc(Cl)c2F)C3=O)c1,0.66,9.18045606445813,9.18045606445813,,1,active
CHEMBL3687263,CNC(=O)Cn1nc2c(c1C(C)C)C(c1ccc(Cl)cc1C)N(c1cccc(Cl)c1F)C2=O,CNC(=O)Cn1nc2c(c1C(C)C)C(c1ccc(Cl)cc1C)N(c1cccc(Cl)c1F)C2=O,11.4,7.943095148663527,7.943095148663527,,1,active
CHEMBL3653276,CNC(=O)N1CCC(N2C(=O)c3nc(-c4cnc(OC)nc4OC)n(C(C)C)c3C2c2ccc(Cl)cc2)CC1,CNC(=O)N1CCC(N2C(=O)c3nc(-c4cnc(OC)nc4OC)n(C(C)C)c3C2c2ccc(Cl)cc2)CC1,3.44,8.46344155742847,8.46344155742847,,1,active
CHEMBL3693969,CNC(=O)[C@@H]1NC2(CCCCC2)[C@@]2(C(=O)Nc3cc(Cl)ccc32)[C@H]1c1cccc(Cl)c1F,CNC(=O)[C@@H]1NC2(CCCCC2)[C@@]2(C(=O)Nc3cc(Cl)ccc32)[C@H]1c1cccc(Cl)c1F,34.65,7.495759531348709,7.495759531348709,,2,active
CHEMBL3693967,CNC(=O)[C@@H]1NC2(CCN(C(C)=O)CC2)[C@@]2(C(=O)Nc3cc(Cl)ccc32)[C@H]1c1cccc(Cl)c1F,CNC(=O)[C@@H]1NC2(CCN(C(C)=O)CC2)[C@@]2(C(=O)Nc3cc(Cl)ccc32)[C@H]1c1cccc(Cl)c1F,2110.0,5.675717544702307,5.675717544702307,,1,intermediate
CHEMBL5807040,CNC(=O)[C@@](C)(O)c1ccc2c(c1)C(=O)N(Cc1ccc(Cl)cc1)[C@@]2(OCC1(CO)CC1)c1ccc(Cl)cc1,CNC(=O)[C@@](C)(O)c1ccc2c(c1)C(=O)N(Cc1ccc(Cl)cc1)[C@@]2(OCC1(CO)CC1)c1ccc(Cl)cc1,18.0,7.7447274948966935,7.7447274948966935,,1,active
CHEMBL3818299,CNC(=O)[C@H](CC(C)C)NC(=O)[C@H](Cc1ccccc1)NC(=O)C(=O)c1c(-c2ccccc2)[nH]c2ccccc12,CNC(=O)[C@H](CC(C)C)NC(=O)[C@H](Cc1ccccc1)NC(=O)C(=O)c1c(-c2ccccc2)[nH]c2ccccc12,4.3,8.366531544420413,8.366531544420413,,1,active
CHEMBL3683166,CNC(=O)[C@H]1CCCN1[C@@H](C)c1ccc(N2C(=O)Cc3cc(OC)c(OC(C)C)cc3[C@@H]2c2ccc(Cl)cc2)cc1,CNC(=O)[C@H]1CCCN1[C@@H](C)c1ccc(N2C(=O)Cc3cc(OC)c(OC(C)C)cc3[C@@H]2c2ccc(Cl)cc2)cc1,14.2,7.847711655616943,7.847711655616943,,1,active
CHEMBL3653258,CNC(=O)[C@H]1CC[C@H](N2C(=O)c3nc(-c4cnc(OC)nc4OC)n(C(C)C)c3C2c2ccc(Cl)cc2)CC1,CNC(=O)[C@H]1CC[C@H](N2C(=O)c3nc(-c4cnc(OC)nc4OC)n(C(C)C)c3C2c2ccc(Cl)cc2)CC1,5.61,8.251037138743838,8.251037138743838,,1,active
CHEMBL5956308,CNC(=O)[C@](C)(O)c1ccc2c(c1)C(=O)N(Cc1ccc(Cl)cc1)[C@@]2(OCC1(CO)CC1)c1ccc(Cl)cc1,CNC(=O)[C@](C)(O)c1ccc2c(c1)C(=O)N(Cc1ccc(Cl)cc1)[C@@]2(OCC1(CO)CC1)c1ccc(Cl)cc1,4.1,8.387216143280265,8.387216143280265,,1,active
CHEMBL3650008,CNC(=O)c1cc2nc(N3CCOC[C@H]3c3ccccc3)n(C[C@H]3CC[C@H](C)CC3)c2c(-c2cncc(Cl)c2)n1,CNC(=O)c1cc2nc(N3CCOC[C@H]3c3ccccc3)n(C[C@H]3CC[C@H](C)CC3)c2c(-c2cncc(Cl)c2)n1,160.0,6.795880017344075,6.795880017344075,,2,active
CHEMBL5825182,CNC(=O)c1cc2nc3n(c2cc1C)CC[C@H]1[C@@H]3[C@H](c2cccc(Cl)c2F)[C@]2(C(=O)Nc3cc(Cl)ccc32)N1CC1CC1,CNC(=O)c1cc2nc3n(c2cc1C)CC[C@H]1[C@@H]3[C@H](c2cccc(Cl)c2F)[C@]2(C(=O)Nc3cc(Cl)ccc32)N1CC1CC1,10.0,8.0,8.0,,1,active
CHEMBL5866591,CNC(=O)c1cc2nc3n(c2cc1OC)CC[C@H]1[C@@H]3[C@H](c2cccc(Cl)c2F)[C@]2(C(=O)Nc3cc(Cl)ccc32)N1CC1CC1,CNC(=O)c1cc2nc3n(c2cc1OC)CC[C@H]1[C@@H]3[C@H](c2cccc(Cl)c2F)[C@]2(C(=O)Nc3cc(Cl)ccc32)N1CC1CC1,3.0,8.522878745280337,8.522878745280337,,1,active
CHEMBL3691692,CNC(=O)c1ccc(C)c(-n2nc3c(c2C(C)C)C(c2ccc(C(F)(F)F)cc2)N(c2cc(Cl)ccc2C)C3=O)c1,CNC(=O)c1ccc(C)c(-n2nc3c(c2C(C)C)C(c2ccc(C(F)(F)F)cc2)N(c2cc(Cl)ccc2C)C3=O)c1,5.7,8.244125144327509,8.244125144327509,,1,active
CHEMBL3653167,CNC(=O)c1ccc(OC)c(-c2nc3c(n2C(C)C)C(c2ccc(Cl)cc2C)N(c2cc(Cl)ccc2C)C3=O)c1,CNC(=O)c1ccc(OC)c(-c2nc3c(n2C(C)C)C(c2ccc(Cl)cc2C)N(c2cc(Cl)ccc2C)C3=O)c1,0.2,9.698970004336019,9.698970004336019,,1,active
CHEMBL3691710,CNC(=O)c1ccc(OC)c(-n2nc3c(c2C(C)C)C(c2ccc(Cl)cc2C)N(c2cc(Cl)c(=O)n(C)c2)C3=O)c1,CNC(=O)c1ccc(OC)c(-n2nc3c(c2C(C)C)C(c2ccc(Cl)cc2C)N(c2cc(Cl)c(=O)n(C)c2)C3=O)c1,0.6795,9.272653775380261,9.272653775380261,,2,active
CHEMBL3691697,CNC(=O)c1ccc(OC)c(-n2nc3c(c2C(C)C)C(c2ccc(Cl)cc2C)N(c2cc(Cl)ccc2C)C3=O)c1,CNC(=O)c1ccc(OC)c(-n2nc3c(c2C(C)C)C(c2ccc(Cl)cc2C)N(c2cc(Cl)ccc2C)C3=O)c1,2.0,8.698970004336019,8.698970004336019,,1,active
CHEMBL5961289,CNC(=O)c1ccc2c(c1)nc1n2CC[C@H]2[C@@H]1[C@H](c1cccc(Cl)c1F)[C@]1(C(=O)Nc3cc(Cl)ccc31)N2CC(C)C,CNC(=O)c1ccc2c(c1)nc1n2CC[C@H]2[C@@H]1[C@H](c1cccc(Cl)c1F)[C@]1(C(=O)Nc3cc(Cl)ccc31)N2CC(C)C,4.0,8.397940008672037,8.397940008672037,,1,active
CHEMBL4786337,CNC(=O)c1ccc2c(c1)nc1n2CC[C@H]2[C@@H]1[C@H](c1cccc(Cl)c1F)[C@]1(C(=O)Nc3cc(Cl)ccc31)N2CC1CC1,CNC(=O)c1ccc2c(c1)nc1n2CC[C@H]2[C@@H]1[C@H](c1cccc(Cl)c1F)[C@]1(C(=O)Nc3cc(Cl)ccc31)N2CC1CC1,3.0,8.522878745280337,8.522878745280337,,1,active
CHEMBL5929975,CNC(=O)c1ccc2c(c1)nc1n2C[C@H]2[C@@H]1[C@H](c1cccc(Cl)c1F)[C@]1(C(=O)Nc3cc(Cl)ccc31)N2CC1CC1,CNC(=O)c1ccc2c(c1)nc1n2C[C@H]2[C@@H]1[C@H](c1cccc(Cl)c1F)[C@]1(C(=O)Nc3cc(Cl)ccc31)N2CC1CC1,3.0,8.522878745280337,8.522878745280337,,1,active
CHEMBL6055755,CNC(=O)c1nc(N[C@H](C)C2CCC2)c2c(n1)nc(-c1cccc(C)c1)n2Cc1ccc(C(F)(F)F)cc1,CNC(=O)c1nc(N[C@H](C)C2CCC2)c2c(n1)nc(-c1cccc(C)c1)n2Cc1ccc(C(F)(F)F)cc1,873.4,6.058786812414679,6.058786812414679,,1,active
CHEMBL2347390,CNCC[C@@H]1O[C@@H](c2cccc(Cl)c2)[C@@H](c2ccc(Cl)cc2)N(CC2CC2)C1=O,CNCC[C@@H]1O[C@@H](c2cccc(Cl)c2)[C@@H](c2ccc(Cl)cc2)N(CC2CC2)C1=O,9900.0,5.004364805402449,5.004364805402449,,1,intermediate
CHEMBL5864847,CNCC[C@H]1O[C@H](c2cccc(Cl)c2)C(c2ccc(Cl)cc2)N(CC2CC2)C1=O,CNCC[C@H]1O[C@H](c2cccc(Cl)c2)C(c2ccc(Cl)cc2)N(CC2CC2)C1=O,25275.0,4.6968254428385405,4.6968254428385405,,2,inactive
CHEMBL3318755,CNS(=O)(=O)C[C@H](C1CC1)N1C(=O)[C@@](C)(CC(=O)O)C[C@H](c2cccc(Cl)c2)[C@H]1c1ccc(Cl)cc1,CNS(=O)(=O)C[C@H](C1CC1)N1C(=O)[C@@](C)(CC(=O)O)C[C@H](c2cccc(Cl)c2)[C@H]1c1ccc(Cl)cc1,0.99,9.004386962153752,9.004386962153752,,2,active
CHEMBL3687284,CNS(=O)(=O)Cc1ccc(-n2nc3c(c2C(C)C)C(c2ccc(Cl)cc2C)N(c2cccc(Cl)c2F)C3=O)cc1,CNS(=O)(=O)Cc1ccc(-n2nc3c(c2C(C)C)C(c2ccc(Cl)cc2C)N(c2cccc(Cl)c2F)C3=O)cc1,6.8,8.167491087293763,8.167491087293763,,1,active
CHEMBL5892155,CNS(=O)(=O)c1ccc(-c2nc3nc(C(=O)O)nc(N[C@H](C)C4CCC4)c3n2Cc2ccc(C(F)(F)F)cc2)cc1,CNS(=O)(=O)c1ccc(-c2nc3nc(C(=O)O)nc(N[C@H](C)C4CCC4)c3n2Cc2ccc(C(F)(F)F)cc2)cc1,44.0,7.356547323513812,7.356547323513812,,1,active
CHEMBL5902148,CNc1nc(N[C@H](C)C2CCC2)c2c(n1)nc(N1CCOC[C@H]1c1ccccc1)n2C[C@H]1CC[C@H](C)CC1,CNc1nc(N[C@H](C)C2CCC2)c2c(n1)nc(N1CCOC[C@H]1c1ccccc1)n2C[C@H]1CC[C@H](C)CC1,46.0,7.337242168318426,7.337242168318426,,1,active
CHEMBL3657057,CNc1ncc(-c2nc3c(n2C(C)C)C(c2ccc(C#N)c(F)c2)N(c2cccc(Cl)c2F)C3=O)c(OC)n1,CNc1ncc(-c2nc3c(n2C(C)C)C(c2ccc(C#N)c(F)c2)N(c2cccc(Cl)c2F)C3=O)c(OC)n1,0.15,9.823908740944319,9.823908740944319,,1,active
CHEMBL3656993,CNc1ncc(-c2nc3c(n2C(C)C)C(c2ccc(Cl)cc2)N(c2cc(Cl)c[nH]c2=O)C3=O)c(OC)n1,CNc1ncc(-c2nc3c(n2C(C)C)C(c2ccc(Cl)cc2)N(c2cc(Cl)c[nH]c2=O)C3=O)c(OC)n1,0.19,9.721246399047171,9.721246399047171,,1,active
CHEMBL3653187,CNc1ncc(-c2nc3c(n2C(C)C)C(c2ccc(Cl)cc2)N(c2cc(Cl)ccc2C)C3=O)c(OC)n1,CNc1ncc(-c2nc3c(n2C(C)C)C(c2ccc(Cl)cc2)N(c2cc(Cl)ccc2C)C3=O)c(OC)n1,0.19,9.721246399047171,9.721246399047171,,1,active
CHEMBL3657017,CNc1ncc(-c2nc3c(n2C(C)C)C(c2ccc(Cl)cc2)N(c2cc(Cl)cn(C)c2=O)C3=O)c(OC)n1,CNc1ncc(-c2nc3c(n2C(C)C)C(c2ccc(Cl)cc2)N(c2cc(Cl)cn(C)c2=O)C3=O)c(OC)n1,0.19,9.721246399047171,9.721246399047171,,1,active
CHEMBL3653202,CNc1ncc(-c2nc3c(n2C(C)C)C(c2ccc(Cl)cc2C)N(c2cc(Cl)ccc2C)C3=O)c(OC)n1,CNc1ncc(-c2nc3c(n2C(C)C)C(c2ccc(Cl)cc2C)N(c2cc(Cl)ccc2C)C3=O)c(OC)n1,0.16,9.795880017344075,9.795880017344075,,1,active
CHEMBL3691771,CNc1ncc(-n2nc3c(c2C(C)C)C(c2ccc(C#N)cc2)N(c2c[nH]c(=O)c(Cl)c2)C3=O)c(OC)n1,CNc1ncc(-n2nc3c(c2C(C)C)C(c2ccc(C#N)cc2)N(c2c[nH]c(=O)c(Cl)c2)C3=O)c(OC)n1,0.367,9.435333935747911,9.435333935747911,,1,active
CHEMBL3691770,CNc1ncc(-n2nc3c(c2C(C)C)C(c2ccc(C#N)cc2)N(c2cc(Cl)c(=O)n(C)c2)C3=O)c(OC)n1,CNc1ncc(-n2nc3c(c2C(C)C)C(c2ccc(C#N)cc2)N(c2cc(Cl)c(=O)n(C)c2)C3=O)c(OC)n1,0.663,9.178486471595226,9.178486471595226,,1,active
CHEMBL3691769,CNc1ncc(-n2nc3c(c2C(C)C)C(c2ccc(C#N)cc2)N(c2cc(Cl)c[nH]c2=O)C3=O)c(OC)n1,CNc1ncc(-n2nc3c(c2C(C)C)C(c2ccc(C#N)cc2)N(c2cc(Cl)c[nH]c2=O)C3=O)c(OC)n1,0.661,9.17979854051436,9.17979854051436,,1,active
CHEMBL3691765,CNc1ncc(-n2nc3c(c2C(C)C)C(c2ccc(C#N)cc2)N(c2cc(Cl)cn(C)c2=O)C3=O)c(OC)n1,CNc1ncc(-n2nc3c(c2C(C)C)C(c2ccc(C#N)cc2)N(c2cc(Cl)cn(C)c2=O)C3=O)c(OC)n1,1.247,8.904133546521457,8.904133546521457,,1,active
CHEMBL3691762,CNc1ncc(-n2nc3c(c2C(C)C)C(c2ccc(Cl)cc2)N(c2c[nH]c(=O)c(Cl)c2)C3=O)c(OC)n1,CNc1ncc(-n2nc3c(c2C(C)C)C(c2ccc(Cl)cc2)N(c2c[nH]c(=O)c(Cl)c2)C3=O)c(OC)n1,0.357,9.447331783887806,9.447331783887806,,1,active
CHEMBL3691768,CNc1ncc(-n2nc3c(c2C(C)C)C(c2ccc(Cl)cc2)N(c2cc(Cl)c(=O)n(C)c2)C3=O)c(OC)n1,CNc1ncc(-n2nc3c(c2C(C)C)C(c2ccc(Cl)cc2)N(c2cc(Cl)c(=O)n(C)c2)C3=O)c(OC)n1,0.371,9.430626090384955,9.430626090384955,,1,active
CHEMBL3691761,CNc1ncc(-n2nc3c(c2C(C)C)C(c2ccc(Cl)cc2)N(c2cc(Cl)c[nH]c2=O)C3=O)c(OC)n1,CNc1ncc(-n2nc3c(c2C(C)C)C(c2ccc(Cl)cc2)N(c2cc(Cl)c[nH]c2=O)C3=O)c(OC)n1,0.408,9.38933983691012,9.38933983691012,,1,active
CHEMBL3691759,CNc1ncc(-n2nc3c(c2C(C)C)C(c2ccc(Cl)cc2)N(c2cc(Cl)cn(C)c2=O)C3=O)c(OC)n1,CNc1ncc(-n2nc3c(c2C(C)C)C(c2ccc(Cl)cc2)N(c2cc(Cl)cn(C)c2=O)C3=O)c(OC)n1,0.317,9.498940737782249,9.498940737782249,,1,active
CHEMBL3971741,CNc1ncc(Cl)cc1-c1nc(-c2nc(=O)o[nH]2)cc2nc(N3CCO[C@H]4CCC[C@@H]43)n(C[C@H]3CC[C@H](C)CC3)c12,CNc1ncc(Cl)cc1-c1nc(-c2nc(=O)o[nH]2)cc2nc(N3CCO[C@H]4CCC[C@@H]43)n(C[C@H]3CC[C@H](C)CC3)c12,2.0,8.698970004336019,8.698970004336019,,1,active
CHEMBL3653325,CNc1ncc(Cl)cc1-c1nc(-c2noc(=O)[nH]2)cc2nc(N3CCO[C@@H]4CCC[C@H]43)n(C[C@H]3CC[C@H](C)CC3)c12,CNc1ncc(Cl)cc1-c1nc(-c2noc(=O)[nH]2)cc2nc(N3CCO[C@@H]4CCC[C@H]43)n(C[C@H]3CC[C@H](C)CC3)c12,2.0,8.698970004336019,8.698970004336019,,1,active
CHEMBL210409,COC(=O)C(c1ccc(Cl)cc1)N1C(=O)c2cc(I)ccc2N(CCCCC(=O)O)C(=O)[C@@H]1c1ccc(Cl)cc1,COC(=O)C(c1ccc(Cl)cc1)N1C(=O)c2cc(I)ccc2N(CCCCC(=O)O)C(=O)[C@@H]1c1ccc(Cl)cc1,25000.0,4.6020599913279625,4.6020599913279625,,3,inactive
CHEMBL3687312,COC(=O)CCC1(c2ccc(Cl)cc2)c2c(nn(-c3ccccc3OC)c2C(C)C)C(=O)N1c1ccc(F)c(Cl)c1,COC(=O)CCC1(c2ccc(Cl)cc2)c2c(nn(-c3ccccc3OC)c2C(C)C)C(=O)N1c1ccc(F)c(Cl)c1,0.7995000000000001,9.130253384609192,9.130253384609192,,2,active
CHEMBL3683159,COC(=O)CN(C)[C@H]1CC[C@H](CN(C)c2ccc(N3C(=O)Cc4cc(OC)c(OC(C)C)cc4[C@@H]3c3ccc(Cl)cc3)cc2)CC1,COC(=O)CN(C)[C@H]1CC[C@H](CN(C)c2ccc(N3C(=O)Cc4cc(OC)c(OC(C)C)cc4[C@@H]3c3ccc(Cl)cc3)cc2)CC1,2.9,8.537602002101044,8.537602002101044,,1,active
CHEMBL6011676,COC(=O)C[C@H]1CC(c2cccc(Cl)c2)[C@@H](c2ccc(Cl)cc2)N(CC2CC2)C1=O,COC(=O)C[C@H]1CC(c2cccc(Cl)c2)[C@@H](c2ccc(Cl)cc2)N(CC2CC2)C1=O,3630.0,5.440093374963888,5.440093374963888,,1,intermediate
CHEMBL3656983,COC(=O)Cc1ccc(OC)c(-c2nc3c(n2C(C)C)C(c2ccc(Cl)cc2)N(c2cccc(Cl)c2F)C3=O)c1,COC(=O)Cc1ccc(OC)c(-c2nc3c(n2C(C)C)C(c2ccc(Cl)cc2)N(c2cccc(Cl)c2F)C3=O)c1,0.32,9.494850021680094,9.494850021680094,,1,active
CHEMBL3653278,COC(=O)N1CCC(N2C(=O)c3nc(-c4cnc(OC)nc4OC)n(C(C)C)c3C2c2ccc(Cl)cc2)CC1,COC(=O)N1CCC(N2C(=O)c3nc(-c4cnc(OC)nc4OC)n(C(C)C)c3C2c2ccc(Cl)cc2)CC1,4.99,8.30189945437661,8.30189945437661,,1,active
CHEMBL3687275,COC(=O)N1CCCC1Cn1nc2c(c1C(C)C)C(c1ccc(Cl)cc1C)N(c1cc(Cl)ccc1C)C2=O,COC(=O)N1CCCC1Cn1nc2c(c1C(C)C)C(c1ccc(Cl)cc1C)N(c1cc(Cl)ccc1C)C2=O,1.1,8.958607314841775,8.958607314841775,,1,active
CHEMBL3649939,COC(=O)N1C[C@@H](C)N(c2nc3cc(-c4noc(=O)[nH]4)nc(-c4cncc(Cl)c4)c3n2C[C@H]2CC[C@H](C)CC2)[C@H](C)C1,COC(=O)N1C[C@@H](C)N(c2nc3cc(-c4noc(=O)[nH]4)nc(-c4cncc(Cl)c4)c3n2C[C@H]2CC[C@H](C)CC2)[C@H](C)C1,2.0,8.698970004336019,8.698970004336019,,1,active
CHEMBL3968776,COC(=O)N1C[C@H](C)N(c2nc3cc(-c4nc(=O)o[nH]4)nc(-c4cncc(Cl)c4)c3n2C[C@H]2CC[C@H](C)CC2)[C@@H](C)C1,COC(=O)N1C[C@H](C)N(c2nc3cc(-c4nc(=O)o[nH]4)nc(-c4cncc(Cl)c4)c3n2C[C@H]2CC[C@H](C)CC2)[C@@H](C)C1,2.0,8.698970004336019,8.698970004336019,,1,active
CHEMBL3819467,COC(=O)[C@@H](NC(=O)[C@H](CC(C)C)NC(=O)C(=O)c1c(-c2ccccc2)[nH]c2ccccc12)C(C)C,COC(=O)[C@@H](NC(=O)[C@H](CC(C)C)NC(=O)C(=O)c1c(-c2ccccc2)[nH]c2ccccc12)C(C)C,154.6,6.810790510417694,6.810790510417694,,1,active
CHEMBL3683167,COC(=O)[C@@H]1CCCN1[C@@H](C)c1ccc(N2C(=O)Cc3cc(OC)c(OC(C)C)cc3[C@@H]2c2ccc(Cl)cc2)cc1,COC(=O)[C@@H]1CCCN1[C@@H](C)c1ccc(N2C(=O)Cc3cc(OC)c(OC(C)C)cc3[C@@H]2c2ccc(Cl)cc2)cc1,216.7,6.664141088680182,6.664141088680182,,1,active
CHEMBL5884590,COC(=O)[C@@H]1COCCN1c1nc2nc(-c3noc(=O)[nH]3)nc(-c3cccc(Cl)c3)c2n1C[C@H]1CC[C@H](C)CC1,COC(=O)[C@@H]1COCCN1c1nc2nc(-c3noc(=O)[nH]3)nc(-c3cccc(Cl)c3)c2n1C[C@H]1CC[C@H](C)CC1,88.3,7.054039296422431,7.054039296422431,,1,active
CHEMBL3818586,COC(=O)[C@H](CC(C)C)NC(=O)[C@@H](NC(=O)C(=O)c1c(-c2ccccc2)[nH]c2ccccc12)C(C)C,COC(=O)[C@H](CC(C)C)NC(=O)[C@@H](NC(=O)C(=O)c1c(-c2ccccc2)[nH]c2ccccc12)C(C)C,24.8,7.605548319173784,7.605548319173784,,1,active
CHEMBL4105199,COC(=O)[C@H](Cc1ccc(O)cc1)NC(=O)CC(c1ccccc1)(c1ccccc1)c1ccccc1,COC(=O)[C@H](Cc1ccc(O)cc1)NC(=O)CC(c1ccccc1)(c1ccccc1)c1ccccc1,35.4,7.450996737974212,7.450996737974212,,1,active
CHEMBL4080951,COC(=O)[C@H](Cc1ccc(O)cc1)NC(=O)CC(c1ccccc1)c1ccccc1,COC(=O)[C@H](Cc1ccc(O)cc1)NC(=O)CC(c1ccccc1)c1ccccc1,18.9,7.723538195826756,7.723538195826756,,1,active
CHEMBL3650015,COC(=O)c1cc2nc(N3CCOC[C@H]3c3ccccc3)n(C[C@H]3CC[C@H](C)CC3)c2c(-c2cncc(Cl)c2)n1,COC(=O)c1cc2nc(N3CCOC[C@H]3c3ccccc3)n(C[C@H]3CC[C@H](C)CC3)c2c(-c2cncc(Cl)c2)n1,28.0,7.552841968657781,7.552841968657781,,2,active
CHEMBL1688159,COC(=O)c1ccc(CN2C(=O)c3ccccc3C2(O)c2ccc(Cl)cc2)cc1,COC(=O)c1ccc(CN2C(=O)c3ccccc3C2(O)c2ccc(Cl)cc2)cc1,11000.0,4.958607314841775,4.958607314841775,,1,inactive
CHEMBL6053809,COC(=O)c1ccc(C[C@]2(C)O[C@H](c3cccc(Cl)c3)C(c3ccc(Cl)c(F)c3)N([C@H](CSC(C)(C)C)C3CC3)C2=O)nc1,COC(=O)c1ccc(C[C@]2(C)O[C@H](c3cccc(Cl)c3)C(c3ccc(Cl)c(F)c3)N([C@H](CSC(C)(C)C)C3CC3)C2=O)nc1,0.11,9.958607314841775,9.958607314841775,,1,active
CHEMBL6013645,COC(=O)c1ccc(NC(=O)[C@@H]2N[C@@H](CC3(CF)CC3)C3(C(=O)Nc4cc(Cl)ccc43)[C@H]2c2cccc(Cl)c2F)c(OC)c1,COC(=O)c1ccc(NC(=O)[C@@H]2N[C@@H](CC3(CF)CC3)C3(C(=O)Nc4cc(Cl)ccc43)[C@H]2c2cccc(Cl)c2F)c(OC)c1,7.2,8.142667503568731,8.142667503568731,,1,active
CHEMBL6044872,COC(=O)c1ccc2c(c1)nc1n2CC[C@H]2[C@@H]1[C@H](c1cccc(Cl)c1F)[C@]1(C(=O)Nc3cc(Cl)ccc31)N2CC=C(C)C,COC(=O)c1ccc2c(c1)nc1n2CC[C@H]2[C@@H]1[C@H](c1cccc(Cl)c1F)[C@]1(C(=O)Nc3cc(Cl)ccc31)N2CC=C(C)C,166.0,6.779891911959945,6.779891911959945,,1,active
CHEMBL5914175,COC(=O)c1ccc2c3n(nc2c1C)[C@@H]1[C@H](C3)N(CC2CC2)[C@@]2(C(=O)Nc3cc(Cl)ccc32)[C@H]1c1cccc(Cl)c1F,COC(=O)c1ccc2c3n(nc2c1C)[C@@H]1[C@H](C3)N(CC2CC2)[C@@]2(C(=O)Nc3cc(Cl)ccc32)[C@H]1c1cccc(Cl)c1F,23.0,7.638272163982407,7.638272163982407,,1,active
CHEMBL5766932,COC(=O)c1nc(N[C@H](C)C2CCC2)c2c(n1)nc(N1CCOC[C@H]1c1ccccc1)n2C[C@H]1CC[C@H](C)CC1,COC(=O)c1nc(N[C@H](C)C2CCC2)c2c(n1)nc(N1CCOC[C@H]1c1ccccc1)n2C[C@H]1CC[C@H](C)CC1,49.38,7.306448914404086,7.306448914404086,,1,active
CHEMBL5955449,COC(C)(C)C1CCCN1c1nc2nc(-c3n[nH]c(=O)o3)nc(-c3cccc(Cl)c3)c2n1C[C@H]1CC[C@H](C)CC1,COC(C)(C)C1CCCN1c1nc2nc(-c3n[nH]c(=O)o3)nc(-c3cccc(Cl)c3)c2n1C[C@H]1CC[C@H](C)CC1,2.3815,8.623449496005197,8.623449496005197,,2,active
CHEMBL5829053,COC(C)(C)C1CCCN1c1nc2nc(-c3noc(=O)[nH]3)nc(-c3cccc(Cl)c3)c2n1C[C@H]1CC[C@H](C)CC1,COC(C)(C)C1CCCN1c1nc2nc(-c3noc(=O)[nH]3)nc(-c3cccc(Cl)c3)c2n1C[C@H]1CC[C@H](C)CC1,0.9479,9.044592743084632,9.044592743084632,,2,active
CHEMBL5966100,COC(C)(C)C1CCCN1c1nc2nc(-c3noc(=O)[nH]3)nc(-c3cncc(Cl)c3)c2n1C[C@H]1CC[C@H](C)CC1,COC(C)(C)C1CCCN1c1nc2nc(-c3noc(=O)[nH]3)nc(-c3cncc(Cl)c3)c2n1C[C@H]1CC[C@H](C)CC1,1.4765,8.856269337703534,8.856269337703534,,2,active
CHEMBL6022920,COC(C)(C)C1CCCN1c1nc2nc(-c3noc(=O)[nH]3)nc(N[C@H](C)C3CCC3)c2n1C[C@H]1CC[C@H](C)CC1,COC(C)(C)C1CCCN1c1nc2nc(-c3noc(=O)[nH]3)nc(N[C@H](C)C3CCC3)c2n1C[C@H]1CC[C@H](C)CC1,0.5071,9.294906389452127,9.294906389452127,,1,active
CHEMBL3649874,COC(C)(C)CN(C)c1nc2cc(-c3noc(=O)[nH]3)nc(-c3cncc(Cl)c3)c2n1C[C@H]1CC[C@H](C)CC1,COC(C)(C)CN(C)c1nc2cc(-c3noc(=O)[nH]3)nc(-c3cncc(Cl)c3)c2n1C[C@H]1CC[C@H](C)CC1,9.0,8.045757490560675,8.045757490560675,,2,active
CHEMBL3647061,COC(C)(C)[C@@H]1CCCN1c1nc2cc(-c3n[nH]c(=O)o3)nc(-c3cncc(Cl)c3)c2n1C[C@H]1CC[C@H](C)CC1,COC(C)(C)[C@@H]1CCCN1c1nc2cc(-c3n[nH]c(=O)o3)nc(-c3cncc(Cl)c3)c2n1C[C@H]1CC[C@H](C)CC1,2.0,8.698970004336019,8.698970004336019,,2,active
CHEMBL3647057,COC(C)(C)[C@@H]1CCCN1c1nc2cc(-c3noc(=O)[nH]3)nc(-c3cncc(Cl)c3)c2n1C[C@H]1CC[C@H](C)CC1,COC(C)(C)[C@@H]1CCCN1c1nc2cc(-c3noc(=O)[nH]3)nc(-c3cncc(Cl)c3)c2n1C[C@H]1CC[C@H](C)CC1,1.0,9.0,9.0,,2,active
CHEMBL5907678,COC(C)(C)[C@@H]1COCCN1c1nc2nc(-c3noc(=O)[nH]3)nc(-c3cccc(Cl)c3)c2n1C[C@H]1CC[C@H](C)CC1,COC(C)(C)[C@@H]1COCCN1c1nc2nc(-c3noc(=O)[nH]3)nc(-c3cccc(Cl)c3)c2n1C[C@H]1CC[C@H](C)CC1,19.68,7.705974905904677,7.705974905904677,,1,active
CHEMBL5744812,COC(C)(c1c(F)cccc1F)c1nc2nc(-c3n[nH]c(=O)o3)nc(-c3cncc(Cl)c3)c2n1C[C@H]1CC[C@H](C)CC1,COC(C)(c1c(F)cccc1F)c1nc2nc(-c3n[nH]c(=O)o3)nc(-c3cncc(Cl)c3)c2n1C[C@H]1CC[C@H](C)CC1,2.8609999999999998,8.75684484746947,8.75684484746947,,2,active
CHEMBL5886914,COC(C)(c1c(F)cccc1F)c1nc2nc(-c3noc(=O)[nH]3)nc(-c3cncc(Cl)c3)c2n1C[C@H]1CC[C@H](C)CC1,COC(C)(c1c(F)cccc1F)c1nc2nc(-c3noc(=O)[nH]3)nc(-c3cncc(Cl)c3)c2n1C[C@H]1CC[C@H](C)CC1,0.452,9.344861565188618,9.344861565188618,,1,active
CHEMBL5916024,COC(C)(c1cccc(Cl)c1F)c1nc2nc(-c3n[nH]c(=O)o3)nc(-c3cncc(Cl)c3)c2n1C[C@H]1CC[C@H](C)CC1,COC(C)(c1cccc(Cl)c1F)c1nc2nc(-c3n[nH]c(=O)o3)nc(-c3cncc(Cl)c3)c2n1C[C@H]1CC[C@H](C)CC1,9.2215,8.477302126819987,8.477302126819987,,2,active
CHEMBL5785362,COC(C)(c1ccccc1C#N)c1nc2nc(-c3noc(=O)[nH]3)nc(-c3cncc(Cl)c3)c2n1C[C@H]1CC[C@H](C)CC1,COC(C)(c1ccccc1C#N)c1nc2nc(-c3noc(=O)[nH]3)nc(-c3cncc(Cl)c3)c2n1C[C@H]1CC[C@H](C)CC1,1.605,8.959123877793335,8.959123877793335,,2,active
CHEMBL5875623,COC(C)(c1ccccc1F)c1nc2nc(-c3noc(=O)[nH]3)nc(-c3cncc(Cl)c3)c2n1C[C@H]1CC[C@H](C)CC1,COC(C)(c1ccccc1F)c1nc2nc(-c3noc(=O)[nH]3)nc(-c3cncc(Cl)c3)c2n1C[C@H]1CC[C@H](C)CC1,3.717,8.617805516624706,8.617805516624706,,2,active
CHEMBL6003717,COC(C)(c1ccccn1)c1nc2nc(-c3n[nH]c(=O)o3)nc(-c3cccc(Cl)c3)c2n1C[C@H]1CC[C@H](C)CC1,COC(C)(c1ccccn1)c1nc2nc(-c3n[nH]c(=O)o3)nc(-c3cccc(Cl)c3)c2n1C[C@H]1CC[C@H](C)CC1,8.9525,8.117633297087998,8.117633297087998,,2,active
CHEMBL5961648,COC(C)(c1ccccn1)c1nc2nc(-c3nc(=O)o[nH]3)nc(-c3cccc(Cl)c3)c2n1C[C@H]1CC[C@H](C)CC1,COC(C)(c1ccccn1)c1nc2nc(-c3nc(=O)o[nH]3)nc(-c3cccc(Cl)c3)c2n1C[C@H]1CC[C@H](C)CC1,4.779,8.341391796001268,8.341391796001268,,2,active
CHEMBL5886563,COC(C)(c1csc(C)n1)c1nc2nc(-c3n[nH]c(=O)o3)nc(-c3cncc(Cl)c3)c2n1C[C@H]1CC[C@H](C)CC1,COC(C)(c1csc(C)n1)c1nc2nc(-c3n[nH]c(=O)o3)nc(-c3cncc(Cl)c3)c2n1C[C@H]1CC[C@H](C)CC1,5.19,8.284832642151542,8.284832642151542,,1,active
CHEMBL5840690,COC(C)(c1nc2nc(-c3n[nH]c(=O)o3)nc(-c3cncc(Cl)c3)c2n1C[C@H]1CC[C@H](C)CC1)C1CCCC1,COC(C)(c1nc2nc(-c3n[nH]c(=O)o3)nc(-c3cncc(Cl)c3)c2n1C[C@H]1CC[C@H](C)CC1)C1CCCC1,2.598,8.58536085326299,8.58536085326299,,1,active
CHEMBL6052299,COC(C)(c1nc2nc(-c3noc(=O)[nH]3)nc(-c3cncc(Cl)c3)c2n1C[C@H]1CC[C@H](C)CC1)C1CCCC1,COC(C)(c1nc2nc(-c3noc(=O)[nH]3)nc(-c3cncc(Cl)c3)c2n1C[C@H]1CC[C@H](C)CC1)C1CCCC1,1.293,8.888401475119606,8.888401475119606,,1,active
CHEMBL5741904,COC(C)(c1ncccc1F)c1nc2nc(-c3n[nH]c(=O)o3)nc(-c3cncc(Cl)c3)c2n1C[C@H]1CC[C@H](C)CC1,COC(C)(c1ncccc1F)c1nc2nc(-c3n[nH]c(=O)o3)nc(-c3cncc(Cl)c3)c2n1C[C@H]1CC[C@H](C)CC1,10.1525,8.438887963784484,8.438887963784484,,2,active
CHEMBL5832495,COC(C)(c1ncoc1C)c1nc2nc(-c3noc(=O)[nH]3)nc(-c3cccc(Cl)c3)c2n1C[C@H]1CC[C@H](C)CC1,COC(C)(c1ncoc1C)c1nc2nc(-c3noc(=O)[nH]3)nc(-c3cccc(Cl)c3)c2n1C[C@H]1CC[C@H](C)CC1,2.067,8.684659523372712,8.684659523372712,,1,active
CHEMBL3649823,COC(C)C1CCCN1c1nc2cc(-c3noc(=O)[nH]3)nc(-c3cncc(Cl)c3)c2n1C[C@H]1CC[C@H](C)CC1,COC(C)C1CCCN1c1nc2cc(-c3noc(=O)[nH]3)nc(-c3cncc(Cl)c3)c2n1C[C@H]1CC[C@H](C)CC1,482.0,7.270077678805896,7.270077678805896,,4,active
CHEMBL5774750,COC(c1ccccc1)c1nc2nc(-c3noc(=O)[nH]3)nc(-c3cccc(Cl)c3)c2n1C[C@H]1CC[C@H](C)CC1,COC(c1ccccc1)c1nc2nc(-c3noc(=O)[nH]3)nc(-c3cccc(Cl)c3)c2n1C[C@H]1CC[C@H](C)CC1,4.533,8.343614280941312,8.343614280941312,,1,active
CHEMBL5809662,COC(c1ccccc1)c1nc2nc(-c3noc(=O)[nH]3)nc(-c3cncc(Cl)c3)c2n1C[C@H]1CC[C@H](C)CC1,COC(c1ccccc1)c1nc2nc(-c3noc(=O)[nH]3)nc(-c3cncc(Cl)c3)c2n1C[C@H]1CC[C@H](C)CC1,6.992000000000001,8.192646873429341,8.192646873429341,,2,active
CHEMBL5988736,COC(c1ccccc1)c1nc2nc(-c3noc(=O)[nH]3)nc(N[C@H](C)C3CCC3)c2n1C[C@H]1CC[C@H](C)CC1,COC(c1ccccc1)c1nc2nc(-c3noc(=O)[nH]3)nc(N[C@H](C)C3CCC3)c2n1C[C@H]1CC[C@H](C)CC1,4.6,8.468709007885918,8.468709007885918,,2,active
CHEMBL6045680,COC(c1ccccc1C#N)c1nc2nc(-c3noc(=O)[nH]3)nc(-c3cncc(Cl)c3)c2n1C[C@H]1CC[C@H](C)CC1,COC(c1ccccc1C#N)c1nc2nc(-c3noc(=O)[nH]3)nc(-c3cncc(Cl)c3)c2n1C[C@H]1CC[C@H](C)CC1,0.707,9.1505805862031,9.1505805862031,,1,active
CHEMBL6010566,COC(c1ccccc1F)c1nc2nc(-c3n[nH]c(=O)o3)nc(-c3cncc(Cl)c3)c2n1C[C@H]1CC[C@H](C)CC1,COC(c1ccccc1F)c1nc2nc(-c3n[nH]c(=O)o3)nc(-c3cncc(Cl)c3)c2n1C[C@H]1CC[C@H](C)CC1,1.7,8.769551078621726,8.769551078621726,,1,active
CHEMBL5829201,COC(c1ccccn1)c1nc2nc(-c3noc(=O)[nH]3)nc(-c3cccc(Cl)c3)c2n1C[C@H]1CC[C@H](C)CC1,COC(c1ccccn1)c1nc2nc(-c3noc(=O)[nH]3)nc(-c3cccc(Cl)c3)c2n1C[C@H]1CC[C@H](C)CC1,6.7115,8.185248962184776,8.185248962184776,,2,active
CHEMBL5815632,COC(c1cscn1)c1nc2nc(-c3noc(=O)[nH]3)nc(N[C@H](C)C3CCC3)c2n1C[C@H]1CC[C@H](C)CC1,COC(c1cscn1)c1nc2nc(-c3noc(=O)[nH]3)nc(N[C@H](C)C3CCC3)c2n1C[C@H]1CC[C@H](C)CC1,2.628,8.580374639112257,8.580374639112257,,1,active
CHEMBL6034990,COC(c1nc2nc(-c3n[nH]c(=O)o3)nc(-c3cccc(Cl)c3)c2n1C[C@H]1CC[C@H](C)CC1)C1CCCCC1,COC(c1nc2nc(-c3n[nH]c(=O)o3)nc(-c3cccc(Cl)c3)c2n1C[C@H]1CC[C@H](C)CC1)C1CCCCC1,22.96,7.639028116274064,7.639028116274064,,1,active
CHEMBL5766332,COC(c1nc2nc(-c3n[nH]c(=O)o3)nc(-c3cccc(Cl)c3)c2n1C[C@H]1CC[C@H](C)CC1)C1CCOCC1,COC(c1nc2nc(-c3n[nH]c(=O)o3)nc(-c3cccc(Cl)c3)c2n1C[C@H]1CC[C@H](C)CC1)C1CCOCC1,12.35,7.9083330424043154,7.9083330424043154,,1,active
CHEMBL5924176,COC(c1nc2nc(-c3n[nH]c(=O)o3)nc(-c3cncc(Cl)c3)c2n1C[C@H]1CC[C@H](C)CC1)C1CCCC1,COC(c1nc2nc(-c3n[nH]c(=O)o3)nc(-c3cncc(Cl)c3)c2n1C[C@H]1CC[C@H](C)CC1)C1CCCC1,8.783,8.05635711724787,8.05635711724787,,1,active
CHEMBL5792801,COC(c1nc2nc(-c3n[nH]c(=O)o3)nc(-c3cncc(Cl)c3)c2n1C[C@H]1CC[C@H](C)CC1)C1CCCCC1,COC(c1nc2nc(-c3n[nH]c(=O)o3)nc(-c3cncc(Cl)c3)c2n1C[C@H]1CC[C@H](C)CC1)C1CCCCC1,12.0,7.920818753952375,7.920818753952375,,1,active
CHEMBL5795716,COC(c1nc2nc(-c3n[nH]c(=O)o3)nc(-c3cncc(Cl)c3)c2n1C[C@H]1CC[C@H](C)CC1)C1CCOCC1,COC(c1nc2nc(-c3n[nH]c(=O)o3)nc(-c3cncc(Cl)c3)c2n1C[C@H]1CC[C@H](C)CC1)C1CCOCC1,27.62,7.558776325757387,7.558776325757387,,1,active
CHEMBL5926811,COC(c1nc2nc(-c3noc(=O)[nH]3)nc(-c3cccc(Cl)c3)c2n1C[C@H]1CC[C@H](C)CC1)C1CCCCC1,COC(c1nc2nc(-c3noc(=O)[nH]3)nc(-c3cccc(Cl)c3)c2n1C[C@H]1CC[C@H](C)CC1)C1CCCCC1,9.033,8.044167989767578,8.044167989767578,,1,active
CHEMBL5916925,COC(c1nc2nc(-c3noc(=O)[nH]3)nc(-c3cccc(Cl)c3)c2n1C[C@H]1CC[C@H](C)CC1)C1CCOCC1,COC(c1nc2nc(-c3noc(=O)[nH]3)nc(-c3cccc(Cl)c3)c2n1C[C@H]1CC[C@H](C)CC1)C1CCOCC1,13.31,7.875821944525325,7.875821944525325,,1,active
CHEMBL5919415,COC(c1nc2nc(-c3noc(=O)[nH]3)nc(-c3cncc(Cl)c3)c2n1C[C@H]1CC[C@H](C)CC1)C1CCCC1,COC(c1nc2nc(-c3noc(=O)[nH]3)nc(-c3cncc(Cl)c3)c2n1C[C@H]1CC[C@H](C)CC1)C1CCCC1,4.637,8.333762904104196,8.333762904104196,,1,active
CHEMBL5822198,COC(c1nc2nc(-c3noc(=O)[nH]3)nc(-c3cncc(Cl)c3)c2n1C[C@H]1CC[C@H](C)CC1)C1CCCCC1,COC(c1nc2nc(-c3noc(=O)[nH]3)nc(-c3cncc(Cl)c3)c2n1C[C@H]1CC[C@H](C)CC1)C1CCCCC1,10.43,7.981715691573469,7.981715691573469,,1,active
CHEMBL5869269,COC(c1nc2nc(-c3noc(=O)[nH]3)nc(-c3cncc(Cl)c3)c2n1C[C@H]1CC[C@H](C)CC1)C1CCOCC1,COC(c1nc2nc(-c3noc(=O)[nH]3)nc(-c3cncc(Cl)c3)c2n1C[C@H]1CC[C@H](C)CC1)C1CCOCC1,24.07,7.61852390972497,7.61852390972497,,1,active
CHEMBL6033081,COC1(C)CN(c2nc3nc(-c4noc(=O)[nH]4)nc(N[C@H](C)C4CCC4)c3n2C[C@H]2CC[C@H](C)CC2)C1,COC1(C)CN(c2nc3nc(-c4noc(=O)[nH]4)nc(N[C@H](C)C4CCC4)c3n2C[C@H]2CC[C@H](C)CC2)C1,20.77,7.682563503464901,7.682563503464901,,1,active
CHEMBL6048140,COC1(c2nc3nc(-c4n[nH]c(=O)o4)nc(-c4cncc(Cl)c4)c3n2C[C@H]2CC[C@H](C)CC2)CCCCC1,COC1(c2nc3nc(-c4n[nH]c(=O)o4)nc(-c4cncc(Cl)c4)c3n2C[C@H]2CC[C@H](C)CC2)CCCCC1,14.15,7.849243560139691,7.849243560139691,,1,active
CHEMBL5783043,COC1(c2nc3nc(-c4n[nH]c(=O)o4)nc(-c4cncc(Cl)c4)c3n2C[C@H]2CC[C@H](C)CC2)CCCCC1C,COC1(c2nc3nc(-c4n[nH]c(=O)o4)nc(-c4cncc(Cl)c4)c3n2C[C@H]2CC[C@H](C)CC2)CCCCC1C,8.805,8.055270639696705,8.055270639696705,,1,active
CHEMBL6009039,COC1(c2nc3nc(-c4n[nH]c(=O)o4)nc(-c4cncc(Cl)c4)c3n2C[C@H]2CC[C@H](C)CC2)CCOc2cccnc21,COC1(c2nc3nc(-c4n[nH]c(=O)o4)nc(-c4cncc(Cl)c4)c3n2C[C@H]2CC[C@H](C)CC2)CCOc2cccnc21,7.413,8.130005999878257,8.130005999878257,,1,active
CHEMBL6064247,COC1(c2nc3nc(-c4noc(=O)[nH]4)nc(-c4cncc(Cl)c4)c3n2C[C@H]2CC[C@H](C)CC2)CCC1,COC1(c2nc3nc(-c4noc(=O)[nH]4)nc(-c4cncc(Cl)c4)c3n2C[C@H]2CC[C@H](C)CC2)CCC1,13.09,7.8830603534492445,7.8830603534492445,,1,active
CHEMBL6036985,COC1(c2nc3nc(-c4noc(=O)[nH]4)nc(-c4cncc(Cl)c4)c3n2C[C@H]2CC[C@H](C)CC2)CCCC1,COC1(c2nc3nc(-c4noc(=O)[nH]4)nc(-c4cncc(Cl)c4)c3n2C[C@H]2CC[C@H](C)CC2)CCCC1,8.06,8.093664958194909,8.093664958194909,,1,active
CHEMBL6034816,COC1(c2nc3nc(-c4noc(=O)[nH]4)nc(-c4cncc(Cl)c4)c3n2C[C@H]2CC[C@H](C)CC2)CCCCC1,COC1(c2nc3nc(-c4noc(=O)[nH]4)nc(-c4cncc(Cl)c4)c3n2C[C@H]2CC[C@H](C)CC2)CCCCC1,30.68,7.513144644723057,7.513144644723057,,1,active
CHEMBL5746547,COC1(c2nc3nc(-c4noc(=O)[nH]4)nc(-c4cncc(Cl)c4)c3n2C[C@H]2CC[C@H](C)CC2)CCCCC1C,COC1(c2nc3nc(-c4noc(=O)[nH]4)nc(-c4cncc(Cl)c4)c3n2C[C@H]2CC[C@H](C)CC2)CCCCC1C,7.637,8.1170772093974,8.1170772093974,,1,active
CHEMBL6014997,COC1(c2nc3nc(-c4noc(=O)[nH]4)nc(-c4cncc(Cl)c4)c3n2C[C@H]2CC[C@H](C)CC2)CCOCC1C,COC1(c2nc3nc(-c4noc(=O)[nH]4)nc(-c4cncc(Cl)c4)c3n2C[C@H]2CC[C@H](C)CC2)CCOCC1C,11.7,7.93208095746599,7.93208095746599,,2,active
CHEMBL5852114,COC1(c2nc3nc(-c4noc(=O)[nH]4)nc(-c4cncc(Cl)c4)c3n2C[C@H]2CC[C@H](C)CC2)COC1,COC1(c2nc3nc(-c4noc(=O)[nH]4)nc(-c4cncc(Cl)c4)c3n2C[C@H]2CC[C@H](C)CC2)COC1,9.437,8.02516604495146,8.02516604495146,,1,active
CHEMBL5879668,COC1(c2nc3nc(-c4noc(=O)[nH]4)nc(N[C@H](C)C4CCC4)c3n2C[C@H]2CC[C@H](C)CC2)CCC1,COC1(c2nc3nc(-c4noc(=O)[nH]4)nc(N[C@H](C)C4CCC4)c3n2C[C@H]2CC[C@H](C)CC2)CCC1,4.536,8.34332695411515,8.34332695411515,,1,active
CHEMBL3649860,COC1CC2CCC1N2c1nc2cc(-c3noc(=O)[nH]3)nc(-c3cncc(Cl)c3)c2n1C[C@H]1CC[C@H](C)CC1,COC1CC2CCC1N2c1nc2cc(-c3noc(=O)[nH]3)nc(-c3cncc(Cl)c3)c2n1C[C@H]1CC[C@H](C)CC1,11.5,7.949814727441218,7.949814727441218,,4,active
CHEMBL5776911,COC1CCN(c2nc3nc(-c4n[nH]c(=O)o4)nc(-c4cncc(Cl)c4)c3n2C[C@H]2CC[C@H](C)CC2)C(C)C1,COC1CCN(c2nc3nc(-c4n[nH]c(=O)o4)nc(-c4cncc(Cl)c4)c3n2C[C@H]2CC[C@H](C)CC2)C(C)C1,58.150000000000006,7.240774617411603,7.240774617411603,,2,active
CHEMBL5826904,COC1CCN(c2nc3nc(-c4noc(=O)[nH]4)nc(N[C@H](C)C4CCC4)c3n2C[C@H]2CC[C@H](C)CC2)C1,COC1CCN(c2nc3nc(-c4noc(=O)[nH]4)nc(N[C@H](C)C4CCC4)c3n2C[C@H]2CC[C@H](C)CC2)C1,52.95,7.276134035556496,7.276134035556496,,1,active
CHEMBL3649858,COC1CC[C@@H](C)N(c2nc3cc(-c4noc(=O)[nH]4)nc(-c4cncc(Cl)c4)c3n2C[C@H]2CC[C@H](C)CC2)C1,COC1CC[C@@H](C)N(c2nc3cc(-c4noc(=O)[nH]4)nc(-c4cncc(Cl)c4)c3n2C[C@H]2CC[C@H](C)CC2)C1,3.0,8.522878745280337,8.522878745280337,,1,active
CHEMBL3942858,COC1CC[C@H](C)N(c2nc3cc(-c4nc(=O)o[nH]4)nc(-c4cncc(Cl)c4)c3n2C[C@H]2CC[C@H](C)CC2)C1,COC1CC[C@H](C)N(c2nc3cc(-c4nc(=O)o[nH]4)nc(-c4cncc(Cl)c4)c3n2C[C@H]2CC[C@H](C)CC2)C1,3.0,8.522878745280337,8.522878745280337,,1,active
CHEMBL3649958,COCC(=O)N1C[C@@H](C)N(c2nc3cc(-c4noc(=O)[nH]4)nc(-c4cncc(Cl)c4)c3n2C[C@H]2CC[C@H](C)CC2)[C@H](C)C1,COCC(=O)N1C[C@@H](C)N(c2nc3cc(-c4noc(=O)[nH]4)nc(-c4cncc(Cl)c4)c3n2C[C@H]2CC[C@H](C)CC2)[C@H](C)C1,10.0,8.0,8.0,,1,active
CHEMBL3930337,COCC(=O)N1C[C@H](C)N(c2nc3cc(-c4nc(=O)o[nH]4)nc(-c4cncc(Cl)c4)c3n2C[C@H]2CC[C@H](C)CC2)[C@@H](C)C1,COCC(=O)N1C[C@H](C)N(c2nc3cc(-c4nc(=O)o[nH]4)nc(-c4cncc(Cl)c4)c3n2C[C@H]2CC[C@H](C)CC2)[C@@H](C)C1,10.0,8.0,8.0,,1,active
CHEMBL3649986,COCC(C)(F)c1nc2cc(-c3noc(=O)[nH]3)nc(-c3cncc(Cl)c3)c2n1C[C@H]1CC[C@H](C)CC1,COCC(C)(F)c1nc2cc(-c3noc(=O)[nH]3)nc(-c3cncc(Cl)c3)c2n1C[C@H]1CC[C@H](C)CC1,21.0,7.6777807052660805,7.6777807052660805,,2,active
CHEMBL5763817,COCC(C)(F)c1nc2nc(-c3n[nH]c(=O)o3)nc(-c3cncc(Cl)c3)c2n1C[C@H]1CC[C@H](C)CC1,COCC(C)(F)c1nc2nc(-c3n[nH]c(=O)o3)nc(-c3cncc(Cl)c3)c2n1C[C@H]1CC[C@H](C)CC1,3.933,8.405276053590253,8.405276053590253,,1,active
CHEMBL6029426,COCC(C)(F)c1nc2nc(-c3noc(=O)[nH]3)nc(-c3cncc(Cl)c3)c2n1C[C@H]1CC[C@H](C)CC1,COCC(C)(F)c1nc2nc(-c3noc(=O)[nH]3)nc(-c3cncc(Cl)c3)c2n1C[C@H]1CC[C@H](C)CC1,3.769,8.423773862550394,8.423773862550394,,1,active
CHEMBL5942844,COCC(C)(O)c1cc(F)c2c(c1)C(=O)N(Cc1ccc(Cl)cc1S(C)(=O)=O)[C@@]2(OCC1(CO)CC1)c1ccc(Cl)cc1,COCC(C)(O)c1cc(F)c2c(c1)C(=O)N(Cc1ccc(Cl)cc1S(C)(=O)=O)[C@@]2(OCC1(CO)CC1)c1ccc(Cl)cc1,32.0,7.494850021680094,7.494850021680094,,3,active
CHEMBL5750774,COCC(C)(O)c1cc(F)c2c(c1)C(=O)N(Cc1ccc(Cl)cn1)[C@@]2(O[C@H]1CCOC1)c1ccc(Cl)cc1,COCC(C)(O)c1cc(F)c2c(c1)C(=O)N(Cc1ccc(Cl)cn1)[C@@]2(O[C@H]1CCOC1)c1ccc(Cl)cc1,2.5149999999999997,8.751604342149978,8.751604342149978,,2,active
CHEMBL5898711,COCC(C)(O)c1ccc2c(c1)C(=O)N([C@@H](C)c1ccc(Cl)cc1)[C@@]2(OCC1(CO)CC1)c1ccc(Cl)cc1,COCC(C)(O)c1ccc2c(c1)C(=O)N([C@@H](C)c1ccc(Cl)cc1)[C@@]2(OCC1(CO)CC1)c1ccc(Cl)cc1,12.35,7.928180382362728,7.928180382362728,,4,active
CHEMBL5965846,COCC(C)(OC)c1nc2nc(-c3noc(=O)[nH]3)nc(-c3cncc(Cl)c3)c2n1C[C@H]1CC[C@H](C)CC1,COCC(C)(OC)c1nc2nc(-c3noc(=O)[nH]3)nc(-c3cncc(Cl)c3)c2n1C[C@H]1CC[C@H](C)CC1,5.366,8.27034933166408,8.27034933166408,,1,active
CHEMBL3649917,COCC(C)N(C)c1nc2cc(-c3noc(=O)[nH]3)nc(-c3cncc(Cl)c3)c2n1C[C@H]1CC[C@H](C)CC1,COCC(C)N(C)c1nc2cc(-c3noc(=O)[nH]3)nc(-c3cncc(Cl)c3)c2n1C[C@H]1CC[C@H](C)CC1,42.0,7.376750709602099,7.376750709602099,,2,active
CHEMBL3649913,COCC(C)Nc1nc2cc(-c3noc(=O)[nH]3)nc(-c3cncc(Cl)c3)c2n1C[C@H]1CC[C@H](C)CC1,COCC(C)Nc1nc2cc(-c3noc(=O)[nH]3)nc(-c3cncc(Cl)c3)c2n1C[C@H]1CC[C@H](C)CC1,14.0,7.853871964321762,7.853871964321762,,2,active
CHEMBL3639488,COCC(C)c1nc2cc(-c3noc(=O)[nH]3)nc(-c3cncc(Cl)c3)c2n1C(C)[C@H]1CC[C@H](C)CC1,COCC(C)c1nc2cc(-c3noc(=O)[nH]3)nc(-c3cncc(Cl)c3)c2n1C(C)[C@H]1CC[C@H](C)CC1,44.0,7.356547323513812,7.356547323513812,,6,active
CHEMBL3649993,COCC(C)c1nc2cc(-c3noc(=O)[nH]3)nc(-c3cncc(Cl)c3)c2n1C[C@H]1CC[C@H](C)CC1,COCC(C)c1nc2cc(-c3noc(=O)[nH]3)nc(-c3cncc(Cl)c3)c2n1C[C@H]1CC[C@H](C)CC1,11.0,7.958607314841775,7.958607314841775,,6,active
CHEMBL6013409,COCC(COC)NC(=O)c1ccc2c(c1)nc1n2CC[C@H]2[C@@H]1[C@H](c1cccc(Cl)c1F)[C@]1(C(=O)Nc3cc(Cl)ccc31)N2CC1CC1,COCC(COC)NC(=O)c1ccc2c(c1)nc1n2CC[C@H]2[C@@H]1[C@H](c1cccc(Cl)c1F)[C@]1(C(=O)Nc3cc(Cl)ccc31)N2CC1CC1,4.0,8.397940008672037,8.397940008672037,,1,active
CHEMBL5815523,COCC(COC)NC(=O)c1ccc2c3n(nc2c1)[C@@H]1[C@H](C3)N(CC2CCC2)[C@@]2(C(=O)Nc3cc(Cl)ccc32)[C@H]1c1cccc(Cl)c1F,COCC(COC)NC(=O)c1ccc2c3n(nc2c1)[C@@H]1[C@H](C3)N(CC2CCC2)[C@@]2(C(=O)Nc3cc(Cl)ccc32)[C@H]1c1cccc(Cl)c1F,10.0,8.0,8.0,,1,active
CHEMBL3649997,COCC(COC)c1nc2cc(-c3noc(=O)[nH]3)nc(-c3cncc(Cl)c3)c2n1C[C@H]1CC[C@H](C)CC1,COCC(COC)c1nc2cc(-c3noc(=O)[nH]3)nc(-c3cncc(Cl)c3)c2n1C[C@H]1CC[C@H](C)CC1,8.0,8.096910013008056,8.096910013008056,,2,active
CHEMBL3649973,COCC(O)(c1ccccc1)c1nc2cc(-c3noc(=O)[nH]3)nc(-c3cncc(Cl)c3)c2n1C[C@H]1CC[C@H](C)CC1,COCC(O)(c1ccccc1)c1nc2cc(-c3noc(=O)[nH]3)nc(-c3cncc(Cl)c3)c2n1C[C@H]1CC[C@H](C)CC1,5.0,8.301029995663981,8.301029995663981,,2,active
CHEMBL3649989,COCC(c1ccccc1)c1nc2cc(-c3noc(=O)[nH]3)nc(-c3cncc(Cl)c3)c2n1C[C@H]1CC[C@H](C)CC1,COCC(c1ccccc1)c1nc2cc(-c3noc(=O)[nH]3)nc(-c3cncc(Cl)c3)c2n1C[C@H]1CC[C@H](C)CC1,2.0,8.698970004336019,8.698970004336019,,2,active
CHEMBL5865621,COCC(c1ccccc1)c1nc2nc(-c3noc(=O)[nH]3)nc(N[C@H](C)C3CCC3)c2n1C[C@H]1CC[C@H](C)CC1,COCC(c1ccccc1)c1nc2nc(-c3noc(=O)[nH]3)nc(N[C@H](C)C3CCC3)c2n1C[C@H]1CC[C@H](C)CC1,3.3295000000000003,8.477760891042447,8.477760891042447,,2,active
CHEMBL3649998,COCC(c1nc2cc(-c3noc(=O)[nH]3)nc(-c3cncc(Cl)c3)c2n1C[C@H]1CC[C@H](C)CC1)C(C)C,COCC(c1nc2cc(-c3noc(=O)[nH]3)nc(-c3cncc(Cl)c3)c2n1C[C@H]1CC[C@H](C)CC1)C(C)C,5.0,8.301029995663981,8.301029995663981,,2,active
CHEMBL5980375,COCC1(CO[C@]2(c3ccc(Cl)cc3)c3ccc(C(C)(C)O)cc3C(=O)N2Cc2ccc(Cl)cc2)CC1,COCC1(CO[C@]2(c3ccc(Cl)cc3)c3ccc(C(C)(C)O)cc3C(=O)N2Cc2ccc(Cl)cc2)CC1,38.0,7.42021640338319,7.42021640338319,,3,active
CHEMBL5813330,COCC1(N(C)c2nc3nc(-c4noc(=O)[nH]4)nc(N[C@H](C)C4CCC4)c3n2Cc2ccc(C(F)(F)F)cc2)CC1,COCC1(N(C)c2nc3nc(-c4noc(=O)[nH]4)nc(N[C@H](C)C4CCC4)c3n2Cc2ccc(C(F)(F)F)cc2)CC1,22.65,7.64493179365115,7.64493179365115,,1,active
CHEMBL2151052,COCC1=C(C(=O)N2CCNC(=O)C2)SC2=N[C@@H](c3ccc(Cl)cc3)[C@@H](c3ccc(Cl)cc3)N21,COCC1=C(C(=O)N2CCNC(=O)C2)SC2=N[C@@H](c3ccc(Cl)cc3)[C@@H](c3ccc(Cl)cc3)N21,7100.0,5.1487416512809245,5.1487416512809245,,1,intermediate
CHEMBL6001596,COCC1CCCCN1c1nc2nc(-c3noc(=O)[nH]3)nc(N[C@H](C)C3CCC3)c2n1C[C@H]1CC[C@H](C)CC1,COCC1CCCCN1c1nc2nc(-c3noc(=O)[nH]3)nc(N[C@H](C)C3CCC3)c2n1C[C@H]1CC[C@H](C)CC1,9.706,8.012959713020733,8.012959713020733,,1,active
CHEMBL5830250,COCC1CCCCN1c1nc2nc(-c3noc(=O)[nH]3)nc(N[C@H](C)C3CCC3)c2n1Cc1ccc(C(F)(F)F)cc1,COCC1CCCCN1c1nc2nc(-c3noc(=O)[nH]3)nc(N[C@H](C)C3CCC3)c2n1Cc1ccc(C(F)(F)F)cc1,8.779,8.05655495097497,8.05655495097497,,1,active
CHEMBL6056171,COCC1CN(c2nc3nc(C(=O)O)nc(N[C@H](C)C4CCC4)c3n2Cc2ccc(C(F)(F)F)cc2)CCO1,COCC1CN(c2nc3nc(C(=O)O)nc(N[C@H](C)C4CCC4)c3n2Cc2ccc(C(F)(F)F)cc2)CCO1,72.89,7.137332049771413,7.137332049771413,,1,active
CHEMBL5793491,COCC1COCCN1c1nc2nc(-c3noc(=O)[nH]3)nc(N[C@H](C)C3CCC3)c2n1C[C@H]1CC[C@H](C)CC1,COCC1COCCN1c1nc2nc(-c3noc(=O)[nH]3)nc(N[C@H](C)C3CCC3)c2n1C[C@H]1CC[C@H](C)CC1,13.7935,7.926432134113343,7.926432134113343,,2,active
CHEMBL3687317,COCCCOc1cc(Cl)ccc1C1(C)c2c(nn(-c3ccccc3OC)c2C(C)C)C(=O)N1c1cccc(Cl)c1F,COCCCOc1cc(Cl)ccc1C1(C)c2c(nn(-c3ccccc3OC)c2C(C)C)C(=O)N1c1cccc(Cl)c1F,5.2,8.2839966563652,8.2839966563652,,1,active
CHEMBL5838930,COCCCOc1ccc(C)cc1-c1nc2nc(C(=O)O)nc(N[C@H](C)C3CC3)c2n1Cc1ccc(Cl)cc1,COCCCOc1ccc(C)cc1-c1nc2nc(C(=O)O)nc(N[C@H](C)C3CC3)c2n1Cc1ccc(Cl)cc1,161.7,6.791289980093599,6.791289980093599,,1,active
CHEMBL5908156,COCCCOc1ccc(C)cc1-c1nc2nc(C(=O)O)nc(N[C@H](C)C3CCC3)c2n1Cc1ccc(Cl)cc1,COCCCOc1ccc(C)cc1-c1nc2nc(C(=O)O)nc(N[C@H](C)C3CCC3)c2n1Cc1ccc(Cl)cc1,48.69,7.3125602254541056,7.3125602254541056,,1,active
CHEMBL3649876,COCCN(C)c1nc2cc(-c3noc(=O)[nH]3)nc(-c3cncc(Cl)c3)c2n1C[C@H]1CC[C@H](C)CC1,COCCN(C)c1nc2cc(-c3noc(=O)[nH]3)nc(-c3cncc(Cl)c3)c2n1C[C@H]1CC[C@H](C)CC1,41.0,7.3872161432802645,7.3872161432802645,,2,active
CHEMBL5809319,COCCN(C)c1nc2nc(-c3noc(=O)[nH]3)nc(N[C@H](C)C3CCC3)c2n1C[C@H]1CC[C@H](C)CC1,COCCN(C)c1nc2nc(-c3noc(=O)[nH]3)nc(N[C@H](C)C3CCC3)c2n1C[C@H]1CC[C@H](C)CC1,21.04,7.676954264518299,7.676954264518299,,1,active
CHEMBL6017417,COCCN(CCCOc1ccc(C)cc1-c1nc2nc(C(=O)O)nc(N[C@H](C)C3CC3)c2n1Cc1ccc(Cl)cc1)CCOC,COCCN(CCCOc1ccc(C)cc1-c1nc2nc(C(=O)O)nc(N[C@H](C)C3CC3)c2n1Cc1ccc(Cl)cc1)CCOC,667.1,6.175809059347417,6.175809059347417,,1,active
CHEMBL3703317,COCCN(CCOC)C(=O)OC(C)OC(=O)c1ccc(NC(=O)[C@@H]2N[C@@H](CC(C)(C)C)[C@](C#N)(c3ccc(Cl)cc3F)[C@H]2c2cccc(Cl)c2F)c(OC)c1,COCCN(CCOC)C(=O)OC(C)OC(=O)c1ccc(NC(=O)[C@@H]2N[C@@H](CC(C)(C)C)[C@](C#N)(c3ccc(Cl)cc3F)[C@H]2c2cccc(Cl)c2F)c(OC)c1,16.3,7.787812395596042,7.787812395596042,,1,active
CHEMBL5976950,COCCN1[C@H]2CCn3c(nc4cc(C(=O)O)ccc43)[C@H]2[C@H](c2cccc(Cl)c2F)[C@]12C(=O)Nc1cc(Cl)ccc12,COCCN1[C@H]2CCn3c(nc4cc(C(=O)O)ccc43)[C@H]2[C@H](c2cccc(Cl)c2F)[C@]12C(=O)Nc1cc(Cl)ccc12,11.0,7.958607314841775,7.958607314841775,,1,active
CHEMBL6028723,COCCN1[C@H]2Cc3c4ccc(C(=O)O)cc4nn3[C@H]2[C@H](c2cccc(Cl)c2F)[C@]12C(=O)Nc1cc(Cl)ccc12,COCCN1[C@H]2Cc3c4ccc(C(=O)O)cc4nn3[C@H]2[C@H](c2cccc(Cl)c2F)[C@]12C(=O)Nc1cc(Cl)ccc12,3.0,8.522878745280337,8.522878745280337,,1,active
CHEMBL3219400,COCCNC(=O)[C@H]1c2ccccc2C(=O)N(Cc2ccc(Cl)cc2)[C@@H]1c1ccc(Cl)cc1,COCCNC(=O)[C@H]1c2ccccc2C(=O)N(Cc2ccc(Cl)cc2)[C@@H]1c1ccc(Cl)cc1,62500.0,4.204119982655925,4.204119982655925,,1,inactive
CHEMBL6030367,COCCNC(=O)c1ccc2c(c1)nc1n2CC[C@H]2[C@@H]1[C@H](c1cccc(Cl)c1F)[C@]1(C(=O)Nc3cc(Cl)ccc31)N2CC1CC1,COCCNC(=O)c1ccc2c(c1)nc1n2CC[C@H]2[C@@H]1[C@H](c1cccc(Cl)c1F)[C@]1(C(=O)Nc3cc(Cl)ccc31)N2CC1CC1,7.0,8.154901959985743,8.154901959985743,,1,active
CHEMBL3649969,COCCOC(c1nc2cc(-c3noc(=O)[nH]3)nc(-c3cncc(Cl)c3)c2n1C[C@H]1CC[C@H](C)CC1)C1CC1,COCCOC(c1nc2cc(-c3noc(=O)[nH]3)nc(-c3cncc(Cl)c3)c2n1C[C@H]1CC[C@H](C)CC1)C1CC1,4.5,8.426935982160881,8.426935982160881,,4,active
CHEMBL424876,COCCOCCN1C(=O)[C@H](c2ccc(Cl)cc2)N(Cc2ccc(Cl)cc2O)C(=O)c2cc(I)ccc21,COCCOCCN1C(=O)[C@H](c2ccc(Cl)cc2)N(Cc2ccc(Cl)cc2O)C(=O)c2cc(I)ccc21,2440.0,5.61261017366127,5.61261017366127,,1,intermediate
CHEMBL208625,COCCOCCN1C(=O)[C@H](c2ccc(Cl)cc2)N(Cc2ccc(Cl)nc2N)C(=O)c2cc(I)ccc21,COCCOCCN1C(=O)[C@H](c2ccc(Cl)cc2)N(Cc2ccc(Cl)nc2N)C(=O)c2cc(I)ccc21,11600.0,4.935542010773082,4.935542010773082,,1,inactive
CHEMBL207202,COCCOCCN1C(=O)[C@H](c2ccc(Cl)cc2)N([C@H](C)c2ccc(Cl)cc2)C(=O)c2cc(I)ccc21,COCCOCCN1C(=O)[C@H](c2ccc(Cl)cc2)N([C@H](C)c2ccc(Cl)cc2)C(=O)c2cc(I)ccc21,2390.0,5.621602099051863,5.621602099051863,,1,intermediate
CHEMBL210545,COCCOCCN1C(=O)[C@H](c2ccc(Cl)cc2)N([C@H](C)c2ccc(Cl)cc2N)C(=O)c2cc(I)ccc21,COCCOCCN1C(=O)[C@H](c2ccc(Cl)cc2)N([C@H](C)c2ccc(Cl)cc2N)C(=O)c2cc(I)ccc21,900.0,6.056754637413759,6.056754637413759,,4,active
CHEMBL3703350,COCCOCCNC(=O)OC(C)OC(=O)c1ccc(NC(=O)[C@@H]2N[C@@H](CC(C)(C)C)[C@](C#N)(c3ccc(Cl)cc3F)[C@H]2c2cccc(Cl)c2F)c(OC)c1,COCCOCCNC(=O)OC(C)OC(=O)c1ccc(NC(=O)[C@@H]2N[C@@H](CC(C)(C)C)[C@](C#N)(c3ccc(Cl)cc3F)[C@H]2c2cccc(Cl)c2F)c(OC)c1,5.09,8.293282217663242,8.293282217663242,,3,active
CHEMBL3703351,COCCOCCNC(=O)OCOC(=O)c1ccc(NC(=O)[C@@H]2N[C@@H](CC(C)(C)C)[C@](C#N)(c3ccc(Cl)cc3F)[C@H]2c2cccc(Cl)c2F)c(OC)c1,COCCOCCNC(=O)OCOC(=O)c1ccc(NC(=O)[C@@H]2N[C@@H](CC(C)(C)C)[C@](C#N)(c3ccc(Cl)cc3F)[C@H]2c2cccc(Cl)c2F)c(OC)c1,30.3,7.518557371497695,7.518557371497695,,3,active
CHEMBL575538,COCCOCCNC(=O)[C@@H]1N[C@H](CC(C)(C)C)[C@]2(C(=O)Nc3cc(Cl)ccc32)[C@H]1c1cccc(Cl)c1F,COCCOCCNC(=O)[C@@H]1N[C@H](CC(C)(C)C)[C@]2(C(=O)Nc3cc(Cl)ccc32)[C@H]1c1cccc(Cl)c1F,32.4,7.489454989793388,7.489454989793388,,1,active
CHEMBL4746561,COCCOCCNC(=O)c1ccc2c(c1)nc1n2CC[C@H]2[C@@H]1[C@H](c1cccc(Cl)c1F)[C@]1(C(=O)Nc3cc(Cl)ccc31)N2CC1CC1,COCCOCCNC(=O)c1ccc2c(c1)nc1n2CC[C@H]2[C@@H]1[C@H](c1cccc(Cl)c1F)[C@]1(C(=O)Nc3cc(Cl)ccc31)N2CC1CC1,5.0,8.301029995663981,8.301029995663981,,1,active
CHEMBL6052091,COCCOCCNC(=O)c1ccc2c3n(nc2c1)[C@@H]1[C@H](C3)N(CC2CCC2)[C@@]2(C(=O)Nc3cc(Cl)ccc32)[C@H]1c1cccc(Cl)c1F,COCCOCCNC(=O)c1ccc2c3n(nc2c1)[C@@H]1[C@H](C3)N(CC2CCC2)[C@@]2(C(=O)Nc3cc(Cl)ccc32)[C@H]1c1cccc(Cl)c1F,6.0,8.221848749616356,8.221848749616356,,1,active
CHEMBL3703336,COCCOCCOC(=O)OC(C)OC(=O)c1ccc(NC(=O)[C@@H]2N[C@@H](CC(C)(C)C)[C@](C#N)(c3ccc(Cl)cc3F)[C@H]2c2cccc(Cl)c2F)c(OC)c1,COCCOCCOC(=O)OC(C)OC(=O)c1ccc(NC(=O)[C@@H]2N[C@@H](CC(C)(C)C)[C@](C#N)(c3ccc(Cl)cc3F)[C@H]2c2cccc(Cl)c2F)c(OC)c1,7.135,8.14660612918598,8.14660612918598,,2,active
CHEMBL3703346,COCCOCCOC(=O)OCOC(=O)c1ccc(NC(=O)[C@@H]2N[C@@H](CC(C)(C)C)[C@](C#N)(c3ccc(Cl)cc3F)[C@H]2c2cccc(Cl)c2F)c(OC)c1,COCCOCCOC(=O)OCOC(=O)c1ccc(NC(=O)[C@@H]2N[C@@H](CC(C)(C)C)[C@](C#N)(c3ccc(Cl)cc3F)[C@H]2c2cccc(Cl)c2F)c(OC)c1,12.205,8.035183267358855,8.035183267358855,,2,active
CHEMBL3703332,COCCOCCOCCOC(=O)OC(C)OC(=O)c1ccc(NC(=O)[C@@H]2N[C@@H](CC(C)(C)C)[C@](C#N)(c3ccc(Cl)cc3F)[C@H]2c2cccc(Cl)c2F)c(OC)c1,COCCOCCOCCOC(=O)OC(C)OC(=O)c1ccc(NC(=O)[C@@H]2N[C@@H](CC(C)(C)C)[C@](C#N)(c3ccc(Cl)cc3F)[C@H]2c2cccc(Cl)c2F)c(OC)c1,13.1,7.882728704344236,7.882728704344236,,1,active
CHEMBL3703343,COCCOCCOCCOC(=O)OC(OC(=O)c1ccc(NC(=O)[C@@H]2N[C@@H](CC(C)(C)C)[C@](C#N)(c3ccc(Cl)cc3F)[C@H]2c2cccc(Cl)c2F)c(OC)c1)C(C)C,COCCOCCOCCOC(=O)OC(OC(=O)c1ccc(NC(=O)[C@@H]2N[C@@H](CC(C)(C)C)[C@](C#N)(c3ccc(Cl)cc3F)[C@H]2c2cccc(Cl)c2F)c(OC)c1)C(C)C,8.22,8.08512818245995,8.08512818245995,,1,active
CHEMBL3703344,COCCOCCOCCOC(=O)OCOC(=O)c1ccc(NC(=O)[C@@H]2N[C@@H](CC(C)(C)C)[C@](C#N)(c3ccc(Cl)cc3F)[C@H]2c2cccc(Cl)c2F)c(OC)c1,COCCOCCOCCOC(=O)OCOC(=O)c1ccc(NC(=O)[C@@H]2N[C@@H](CC(C)(C)C)[C@](C#N)(c3ccc(Cl)cc3F)[C@H]2c2cccc(Cl)c2F)c(OC)c1,9.09,8.041436116778033,8.041436116778033,,1,active
CHEMBL3703333,COCCOCCOCCOCCOC(=O)OC(C)OC(=O)c1ccc(NC(=O)[C@@H]2N[C@@H](CC(C)(C)C)[C@](C#N)(c3ccc(Cl)cc3F)[C@H]2c2cccc(Cl)c2F)c(OC)c1,COCCOCCOCCOCCOC(=O)OC(C)OC(=O)c1ccc(NC(=O)[C@@H]2N[C@@H](CC(C)(C)C)[C@](C#N)(c3ccc(Cl)cc3F)[C@H]2c2cccc(Cl)c2F)c(OC)c1,51.4,7.289036881004725,7.289036881004725,,1,active
CHEMBL3703334,COCCOCCOCCOCCOCCOC(=O)OC(C)OC(=O)c1ccc(NC(=O)[C@@H]2N[C@@H](CC(C)(C)C)[C@](C#N)(c3ccc(Cl)cc3F)[C@H]2c2cccc(Cl)c2F)c(OC)c1,COCCOCCOCCOCCOCCOC(=O)OC(C)OC(=O)c1ccc(NC(=O)[C@@H]2N[C@@H](CC(C)(C)C)[C@](C#N)(c3ccc(Cl)cc3F)[C@H]2c2cccc(Cl)c2F)c(OC)c1,5.84,8.233587152887601,8.233587152887601,,1,active
CHEMBL3703345,COCCOCCOCCOCCOCCOC(=O)OCOC(=O)c1ccc(NC(=O)[C@@H]2N[C@@H](CC(C)(C)C)[C@](C#N)(c3ccc(Cl)cc3F)[C@H]2c2cccc(Cl)c2F)c(OC)c1,COCCOCCOCCOCCOCCOC(=O)OCOC(=O)c1ccc(NC(=O)[C@@H]2N[C@@H](CC(C)(C)C)[C@](C#N)(c3ccc(Cl)cc3F)[C@H]2c2cccc(Cl)c2F)c(OC)c1,5.25,8.279840696594043,8.279840696594043,,1,active
CHEMBL3703335,COCCOCCOCCOCCOCCOCCOC(=O)OC(C)OC(=O)c1ccc(NC(=O)[C@@H]2N[C@@H](CC(C)(C)C)[C@](C#N)(c3ccc(Cl)cc3F)[C@H]2c2cccc(Cl)c2F)c(OC)c1,COCCOCCOCCOCCOCCOCCOC(=O)OC(C)OC(=O)c1ccc(NC(=O)[C@@H]2N[C@@H](CC(C)(C)C)[C@](C#N)(c3ccc(Cl)cc3F)[C@H]2c2cccc(Cl)c2F)c(OC)c1,43.5,7.361510743045363,7.361510743045363,,1,active
CHEMBL3703347,COCCOCCOCCOCCOCCOCCOC(=O)OCOC(=O)c1ccc(NC(=O)[C@@H]2N[C@@H](CC(C)(C)C)[C@](C#N)(c3ccc(Cl)cc3F)[C@H]2c2cccc(Cl)c2F)c(OC)c1,COCCOCCOCCOCCOCCOCCOC(=O)OCOC(=O)c1ccc(NC(=O)[C@@H]2N[C@@H](CC(C)(C)C)[C@](C#N)(c3ccc(Cl)cc3F)[C@H]2c2cccc(Cl)c2F)c(OC)c1,5.06,8.2958494831602,8.2958494831602,,1,active
CHEMBL3703349,COCCOCCOCCOCCOCCOCCOCCOC(=O)OC(C)OC(=O)c1ccc(NC(=O)[C@@H]2N[C@@H](CC(C)(C)C)[C@](C#N)(c3ccc(Cl)cc3F)[C@H]2c2cccc(Cl)c2F)c(OC)c1,COCCOCCOCCOCCOCCOCCOCCOC(=O)OC(C)OC(=O)c1ccc(NC(=O)[C@@H]2N[C@@H](CC(C)(C)C)[C@](C#N)(c3ccc(Cl)cc3F)[C@H]2c2cccc(Cl)c2F)c(OC)c1,5.18,8.285670240254767,8.285670240254767,,1,active
CHEMBL3703348,COCCOCCOCCOCCOCCOCCOCCOCCOC(=O)OC(C)OC(=O)c1ccc(NC(=O)[C@@H]2N[C@@H](CC(C)(C)C)[C@](C#N)(c3ccc(Cl)cc3F)[C@H]2c2cccc(Cl)c2F)c(OC)c1,COCCOCCOCCOCCOCCOCCOCCOCCOC(=O)OC(C)OC(=O)c1ccc(NC(=O)[C@@H]2N[C@@H](CC(C)(C)C)[C@](C#N)(c3ccc(Cl)cc3F)[C@H]2c2cccc(Cl)c2F)c(OC)c1,4.44,8.35261702988538,8.35261702988538,,1,active
CHEMBL6061678,COCCOc1cc(Cl)cc(-c2nc(-c3noc(=O)[nH]3)nc3nc(N4CCOC5CCCC54)n(C[C@H]4CC[C@H](C)CC4)c23)c1,COCCOc1cc(Cl)cc(-c2nc(-c3noc(=O)[nH]3)nc3nc(N4CCOC5CCCC54)n(C[C@H]4CC[C@H](C)CC4)c23)c1,21.0,7.6777807052660805,7.6777807052660805,,1,active
CHEMBL6030619,COCCOc1ccc(C)cc1-c1nc2nc(C(=O)O)nc(N[C@H](C)C3CC3)c2n1Cc1ccc(Cl)cc1,COCCOc1ccc(C)cc1-c1nc2nc(C(=O)O)nc(N[C@H](C)C3CC3)c2n1Cc1ccc(Cl)cc1,27.3,7.5638373529592435,7.5638373529592435,,1,active
CHEMBL5916598,COCCOc1ccc(C)cc1-c1nc2nc(C(=O)O)nc(N[C@H](C)C3CCC3)c2n1Cc1ccc(Cl)cc1,COCCOc1ccc(C)cc1-c1nc2nc(C(=O)O)nc(N[C@H](C)C3CCC3)c2n1Cc1ccc(Cl)cc1,55.0,7.259637310505756,7.259637310505756,,1,active
CHEMBL3233591,COCCOc1ccccc1N1CCN(C(=O)[C@@]2(Oc3ccc(C(F)(F)F)cc3)CN(C(=O)c3cnccc3C(F)(F)F)CC(C)(C)C2)CC1,COCCOc1ccccc1N1CCN(C(=O)[C@@]2(Oc3ccc(C(F)(F)F)cc3)CN(C(=O)c3cnccc3C(F)(F)F)CC(C)(C)C2)CC1,1000.0,6.0,6.0,,1,active
CHEMBL3233593,COCCOc1ccccc1N1CCN(C(=O)[C@@]2(Oc3ccc(C(F)(F)F)cc3)CN(C(=O)c3cnccc3C(F)(F)F)CC[C@H]2c2ccc(F)cc2)CC1,COCCOc1ccccc1N1CCN(C(=O)[C@@]2(Oc3ccc(C(F)(F)F)cc3)CN(C(=O)c3cnccc3C(F)(F)F)CC[C@H]2c2ccc(F)cc2)CC1,3900.0,5.4089353929735005,5.4089353929735005,,1,intermediate
CHEMBL3233588,COCCOc1ccccc1N1CCN(C(=O)[C@]2(Oc3ccc(C(F)(F)F)cc3)CCCN(C(=O)c3cnccc3C(F)(F)F)C2)CC1,COCCOc1ccccc1N1CCN(C(=O)[C@]2(Oc3ccc(C(F)(F)F)cc3)CCCN(C(=O)c3cnccc3C(F)(F)F)C2)CC1,300.0,6.522878745280337,6.522878745280337,,1,active
CHEMBL3288447,COCCOc1ccccc1N1CCN(C(=O)[C@]2(Oc3ccc(C(F)(F)F)cc3)CCCN(C(=O)c3cnccc3C(F)(F)F)C2)CC1.Cl,COCCOc1ccccc1N1CCN(C(=O)[C@]2(Oc3ccc(C(F)(F)F)cc3)CCCN(C(=O)c3cnccc3C(F)(F)F)C2)CC1.Cl,169.0,6.772113295386326,6.772113295386326,,1,active
CHEMBL3288450,COCCOc1ccccc1N1CCN(C(=O)[C@]2(Oc3ccc(C(F)(F)F)cc3)CCCN(C(=O)c3cnccc3C(F)(F)F)[C@@H]2CC(O)CO)CC1.Cl,COCCOc1ccccc1N1CCN(C(=O)[C@]2(Oc3ccc(C(F)(F)F)cc3)CCCN(C(=O)c3cnccc3C(F)(F)F)[C@@H]2CC(O)CO)CC1.Cl,20.0,7.707834387816234,7.707834387816234,,2,active
CHEMBL3288451,COCCOc1ccccc1N1CCN(C(=O)[C@]2(Oc3ccc(C(F)(F)F)cc3)CCCN(C(=O)c3cnccc3C(F)(F)F)[C@@H]2CCO)CC1.Cl,COCCOc1ccccc1N1CCN(C(=O)[C@]2(Oc3ccc(C(F)(F)F)cc3)CCCN(C(=O)c3cnccc3C(F)(F)F)[C@@H]2CCO)CC1.Cl,24.0,7.619788758288394,7.619788758288394,,1,active
CHEMBL3233589,COCCOc1ccccc1N1CCN(C(=O)[C@]2(Oc3ccc(C(F)(F)F)cc3)C[C@@H](C)CN(C(=O)c3cnccc3C(F)(F)F)C2)CC1,COCCOc1ccccc1N1CCN(C(=O)[C@]2(Oc3ccc(C(F)(F)F)cc3)C[C@@H](C)CN(C(=O)c3cnccc3C(F)(F)F)C2)CC1,4000.0,5.3979400086720375,5.3979400086720375,,1,intermediate
CHEMBL3233590,COCCOc1ccccc1N1CCN(C(=O)[C@]2(Oc3ccc(C(F)(F)F)cc3)C[C@H](C)CN(C(=O)c3cnccc3C(F)(F)F)C2)CC1,COCCOc1ccccc1N1CCN(C(=O)[C@]2(Oc3ccc(C(F)(F)F)cc3)C[C@H](C)CN(C(=O)c3cnccc3C(F)(F)F)C2)CC1,2700.0,5.568636235841012,5.568636235841012,,1,intermediate
CHEMBL3653320,COCCOc1ncc(Cl)cc1-c1nc(-c2noc(=O)[nH]2)cc2nc(N3CCO[C@@H]4CCC[C@H]43)n(C[C@H]3CC[C@H](C)CC3)c12,COCCOc1ncc(Cl)cc1-c1nc(-c2noc(=O)[nH]2)cc2nc(N3CCO[C@@H]4CCC[C@H]43)n(C[C@H]3CC[C@H](C)CC3)c12,1.0,9.0,9.0,,1,active
CHEMBL3653321,COCCOc1ncc(Cl)cc1-c1nc(-c2noc(=O)[nH]2)cc2nc(N3CCO[C@H]4CCC[C@@H]43)n(C[C@H]3CC[C@H](C)CC3)c12,COCCOc1ncc(Cl)cc1-c1nc(-c2noc(=O)[nH]2)cc2nc(N3CCO[C@H]4CCC[C@@H]43)n(C[C@H]3CC[C@H](C)CC3)c12,21.0,7.6777807052660805,7.6777807052660805,,3,active
CHEMBL3657042,COCCn1cc(N2C(=O)c3nc(-c4ccccc4OC)n(C(C)C)c3C2c2ccc(Cl)cc2C)cc(Cl)c1=O,COCCn1cc(N2C(=O)c3nc(-c4ccccc4OC)n(C(C)C)c3C2c2ccc(Cl)cc2C)cc(Cl)c1=O,0.56,9.2518119729938,9.2518119729938,,1,active
CHEMBL3691708,COCCn1cc(N2C(=O)c3nn(-c4ccccc4OC)c(C(C)C)c3C2c2ccc(Cl)cc2C)cc(Cl)c1=O,COCCn1cc(N2C(=O)c3nn(-c4ccccc4OC)c(C(C)C)c3C2c2ccc(Cl)cc2C)cc(Cl)c1=O,0.6835,9.266048026738599,9.266048026738599,,2,active
CHEMBL3687261,COCCn1nc2c(c1C(C)C)C(c1ccc(Cl)cc1C)N(c1cc(Cl)ccc1C)C2=O,COCCn1nc2c(c1C(C)C)C(c1ccc(Cl)cc1C)N(c1cc(Cl)ccc1C)C2=O,4.4,8.356547323513812,8.356547323513812,,1,active
CHEMBL3687258,COCCn1nc2c(c1C(C)C)C(c1ccc(Cl)cc1C)N(c1cccc(Cl)c1F)C2=O,COCCn1nc2c(c1C(C)C)C(c1ccc(Cl)cc1C)N(c1cccc(Cl)c1F)C2=O,4.2,8.3767507096021,8.3767507096021,,1,active
CHEMBL5896749,COCOc1ccc(C(C)C)cc1-c1nc2nc(C(=O)O)nc(N[C@H](C)C3CCC3)c2n1Cc1ccc(C(F)(F)F)cc1,COCOc1ccc(C(C)C)cc1-c1nc2nc(C(=O)O)nc(N[C@H](C)C3CCC3)c2n1Cc1ccc(C(F)(F)F)cc1,54.41,7.264321274094096,7.264321274094096,,1,active
CHEMBL3657121,COC[C@@H](C)n1c(-c2cnc(N(C)C)nc2OC)nc2c1C(c1ccc(Cl)cc1)N(c1cc(Cl)c(=O)n(C)c1)C2=O,COC[C@@H](C)n1c(-c2cnc(N(C)C)nc2OC)nc2c1C(c1ccc(Cl)cc1)N(c1cc(Cl)c(=O)n(C)c1)C2=O,0.144,9.84163750790475,9.84163750790475,,1,active
CHEMBL3657125,COC[C@@H](C)n1c(-c2cnc(N(C)C)nc2OC)nc2c1[C@@H](c1ccc(Cl)cc1)N(c1cc(Cl)c(=O)n(C)c1)C2=O,COC[C@@H](C)n1c(-c2cnc(N(C)C)nc2OC)nc2c1[C@@H](c1ccc(Cl)cc1)N(c1cc(Cl)c(=O)n(C)c1)C2=O,6.133,8.212327035312507,8.212327035312507,,1,active
CHEMBL3657124,COC[C@@H](C)n1c(-c2cnc(N(C)C)nc2OC)nc2c1[C@H](c1ccc(Cl)cc1)N(c1cc(Cl)c(=O)n(C)c1)C2=O,COC[C@@H](C)n1c(-c2cnc(N(C)C)nc2OC)nc2c1[C@H](c1ccc(Cl)cc1)N(c1cc(Cl)c(=O)n(C)c1)C2=O,0.059,10.229147988357855,10.229147988357855,,1,active
CHEMBL3657114,COC[C@@H](C)n1c(-c2cnc(N)nc2OC)nc2c1C(c1ccc(Cl)cc1)N(c1cc(Cl)ccc1C)C2=O,COC[C@@H](C)n1c(-c2cnc(N)nc2OC)nc2c1C(c1ccc(Cl)cc1)N(c1cc(Cl)ccc1C)C2=O,0.213,9.671620396561263,9.671620396561263,,1,active
CHEMBL3657113,COC[C@@H](C)n1c(-c2cnc(N)nc2OC)nc2c1C(c1ccc(Cl)cc1)N(c1ccc(F)c(Cl)c1)C2=O,COC[C@@H](C)n1c(-c2cnc(N)nc2OC)nc2c1C(c1ccc(Cl)cc1)N(c1ccc(F)c(Cl)c1)C2=O,0.371,9.430626090384955,9.430626090384955,,1,active
CHEMBL3657066,COC[C@@H](C)n1c(-c2cnc(OC)nc2OC)nc2c1C(c1ccc(C#N)cc1)N(c1cc(Cl)ccc1C)C2=O,COC[C@@H](C)n1c(-c2cnc(OC)nc2OC)nc2c1C(c1ccc(C#N)cc1)N(c1cc(Cl)ccc1C)C2=O,0.17,9.769551078621726,9.769551078621726,,1,active
CHEMBL3657065,COC[C@@H](C)n1c(-c2cnc(OC)nc2OC)nc2c1C(c1ccc(C#N)cc1)N(c1cccc(Cl)c1F)C2=O,COC[C@@H](C)n1c(-c2cnc(OC)nc2OC)nc2c1C(c1ccc(C#N)cc1)N(c1cccc(Cl)c1F)C2=O,0.28,9.55284196865778,9.55284196865778,,1,active
CHEMBL3657119,COC[C@@H](C)n1c(-c2cnc(OC)nc2OC)nc2c1C(c1ccc(Cl)cc1)N(c1cc(Cl)c(=O)n(C)c1)C2=O,COC[C@@H](C)n1c(-c2cnc(OC)nc2OC)nc2c1C(c1ccc(Cl)cc1)N(c1cc(Cl)c(=O)n(C)c1)C2=O,0.414,9.3829996588791,9.3829996588791,,1,active
CHEMBL3653265,COC[C@@H](C)n1c(-c2cnc(OC)nc2OC)nc2c1C(c1ccc(Cl)cc1)N(c1cc(Cl)ccc1C)C2=O,COC[C@@H](C)n1c(-c2cnc(OC)nc2OC)nc2c1C(c1ccc(Cl)cc1)N(c1cc(Cl)ccc1C)C2=O,0.25,9.602059991327963,9.602059991327963,,1,active
CHEMBL3657120,COC[C@@H](C)n1c(-c2cnc(OC)nc2OC)nc2c1C(c1ccc(Cl)cc1)N(c1cc(Cl)cn(C)c1=O)C2=O,COC[C@@H](C)n1c(-c2cnc(OC)nc2OC)nc2c1C(c1ccc(Cl)cc1)N(c1cc(Cl)cn(C)c1=O)C2=O,0.81,9.09151498112135,9.09151498112135,,1,active
CHEMBL3657068,COC[C@@H](C)n1c(-c2cnc(OC)nc2OC)nc2c1C(c1ccc(Cl)cc1)N(c1ccc(F)c(Cl)c1)C2=O,COC[C@@H](C)n1c(-c2cnc(OC)nc2OC)nc2c1C(c1ccc(Cl)cc1)N(c1ccc(F)c(Cl)c1)C2=O,0.15,9.823908740944319,9.823908740944319,,1,active
CHEMBL3657067,COC[C@@H](C)n1c(-c2cnc(OC)nc2OC)nc2c1C(c1ccc(Cl)cc1)N(c1cccc(Cl)c1F)C2=O,COC[C@@H](C)n1c(-c2cnc(OC)nc2OC)nc2c1C(c1ccc(Cl)cc1)N(c1cccc(Cl)c1F)C2=O,0.15,9.823908740944319,9.823908740944319,,1,active
CHEMBL3657123,COC[C@@H](C)n1c(-c2cnc(OC)nc2OC)nc2c1[C@@H](c1ccc(Cl)cc1)N(c1cc(Cl)c(=O)n(C)c1)C2=O,COC[C@@H](C)n1c(-c2cnc(OC)nc2OC)nc2c1[C@@H](c1ccc(Cl)cc1)N(c1cc(Cl)c(=O)n(C)c1)C2=O,21.71,7.66334017654558,7.66334017654558,,1,active
CHEMBL3657118,COC[C@@H](C)n1c(-c2cnc(OC)nc2OC)nc2c1[C@@H](c1ccc(Cl)cc1)N(c1ccc(F)c(Cl)c1)C2=O,COC[C@@H](C)n1c(-c2cnc(OC)nc2OC)nc2c1[C@@H](c1ccc(Cl)cc1)N(c1ccc(F)c(Cl)c1)C2=O,43.73,7.359220522655143,7.359220522655143,,1,active
CHEMBL3657122,COC[C@@H](C)n1c(-c2cnc(OC)nc2OC)nc2c1[C@H](c1ccc(Cl)cc1)N(c1cc(Cl)c(=O)n(C)c1)C2=O,COC[C@@H](C)n1c(-c2cnc(OC)nc2OC)nc2c1[C@H](c1ccc(Cl)cc1)N(c1cc(Cl)c(=O)n(C)c1)C2=O,0.135,9.869666231504993,9.869666231504993,,1,active
CHEMBL3657117,COC[C@@H](C)n1c(-c2cnc(OC)nc2OC)nc2c1[C@H](c1ccc(Cl)cc1)N(c1ccc(F)c(Cl)c1)C2=O,COC[C@@H](C)n1c(-c2cnc(OC)nc2OC)nc2c1[C@H](c1ccc(Cl)cc1)N(c1ccc(F)c(Cl)c1)C2=O,0.089,10.050609993355087,10.050609993355087,,1,active
CHEMBL3649843,COC[C@@H]1CCCN1c1nc2cc(-c3noc(=O)[nH]3)nc(-c3cncc(Cl)c3)c2n1C[C@H]1CC[C@H](C)CC1,COC[C@@H]1CCCN1c1nc2cc(-c3noc(=O)[nH]3)nc(-c3cncc(Cl)c3)c2n1C[C@H]1CC[C@H](C)CC1,3.0,8.522878745280337,8.522878745280337,,2,active
CHEMBL3649881,COC[C@@H]1CC[C@@H](COC)N1c1nc2cc(-c3noc(=O)[nH]3)nc(-c3cncc(Cl)c3)c2n1C[C@H]1CC[C@H](C)CC1,COC[C@@H]1CC[C@@H](COC)N1c1nc2cc(-c3noc(=O)[nH]3)nc(-c3cncc(Cl)c3)c2n1C[C@H]1CC[C@H](C)CC1,2.0,8.698970004336019,8.698970004336019,,2,active
CHEMBL6053474,COC[C@@H]1CC[C@@H](COC)N1c1nc2nc(-c3noc(=O)[nH]3)nc(-c3cccc(Cl)c3)c2n1C[C@H]1CC[C@H](C)CC1,COC[C@@H]1CC[C@@H](COC)N1c1nc2nc(-c3noc(=O)[nH]3)nc(-c3cccc(Cl)c3)c2n1C[C@H]1CC[C@H](C)CC1,3.771,8.42354346759438,8.42354346759438,,1,active
CHEMBL5905184,COC[C@@H]1COCCN1c1nc2nc(-c3noc(=O)[nH]3)nc(-c3cccc(Cl)c3)c2n1C[C@H]1CC[C@H](C)CC1,COC[C@@H]1COCCN1c1nc2nc(-c3noc(=O)[nH]3)nc(-c3cccc(Cl)c3)c2n1C[C@H]1CC[C@H](C)CC1,19.0,7.721246399047171,7.721246399047171,,1,active
CHEMBL3649892,COC[C@@H]1C[C@@H](OC)CN1c1nc2cc(-c3noc(=O)[nH]3)nc(-c3cncc(Cl)c3)c2n1C[C@H]1CC[C@H](C)CC1,COC[C@@H]1C[C@@H](OC)CN1c1nc2cc(-c3noc(=O)[nH]3)nc(-c3cncc(Cl)c3)c2n1C[C@H]1CC[C@H](C)CC1,3.0,8.522878745280337,8.522878745280337,,2,active
CHEMBL6021109,COC[C@@](C)(O)c1cc(F)c2c(c1)C(=O)N(Cc1ccc(Cl)cc1S(C)(=O)=O)[C@@]2(OCC1(CO)CC1)c1ccc(Cl)cc1,COC[C@@](C)(O)c1cc(F)c2c(c1)C(=O)N(Cc1ccc(Cl)cc1S(C)(=O)=O)[C@@]2(OCC1(CO)CC1)c1ccc(Cl)cc1,71000.0,4.1487416512809245,4.1487416512809245,,1,inactive
CHEMBL5977079,COC[C@@](C)(O)c1ccc2c(c1)C(=O)N([C@@H](C)c1ccc(Cl)cc1)[C@@]2(OCC1(CO)CC1)c1ccc(Cl)cc1,COC[C@@](C)(O)c1ccc2c(c1)C(=O)N([C@@H](C)c1ccc(Cl)cc1)[C@@]2(OCC1(CO)CC1)c1ccc(Cl)cc1,33.0,7.481486060122112,7.481486060122112,,1,active
CHEMBL3653308,COC[C@H](C)n1c(-c2cnc(OC)nc2OC)nc2c1C(c1ccc(Cl)cc1)N(c1cc(Cl)ccc1C)C2=O,COC[C@H](C)n1c(-c2cnc(OC)nc2OC)nc2c1C(c1ccc(Cl)cc1)N(c1cc(Cl)ccc1C)C2=O,1.27,8.896196279044043,8.896196279044043,,1,active
CHEMBL5854594,COC[C@H](Nc1nc2nc(-c3noc(=O)[nH]3)nc(-c3cccc(Cl)c3)c2n1C[C@H]1CC[C@H](C)CC1)c1ccccc1,COC[C@H](Nc1nc2nc(-c3noc(=O)[nH]3)nc(-c3cccc(Cl)c3)c2n1C[C@H]1CC[C@H](C)CC1)c1ccccc1,2.874,8.541513236201792,8.541513236201792,,1,active
CHEMBL5838083,COC[C@](C)(O)c1cc(F)c2c(c1)C(=O)N(Cc1ccc(Cl)cc1S(C)(=O)=O)[C@@]2(OCC1(CO)CC1)c1ccc(Cl)cc1,COC[C@](C)(O)c1cc(F)c2c(c1)C(=O)N(Cc1ccc(Cl)cc1S(C)(=O)=O)[C@@]2(OCC1(CO)CC1)c1ccc(Cl)cc1,2.1,8.67778070526608,8.67778070526608,,1,active
CHEMBL5898649,COC[C@](C)(O)c1ccc2c(c1)C(=O)N([C@@H](C)c1ccc(Cl)cc1)[C@@]2(OCC1(CO)CC1)c1ccc(Cl)cc1,COC[C@](C)(O)c1ccc2c(c1)C(=O)N([C@@H](C)c1ccc(Cl)cc1)[C@@]2(OCC1(CO)CC1)c1ccc(Cl)cc1,3.7,8.431798275933005,8.431798275933005,,1,active
CHEMBL5836016,COCc1cccc(CN2[C@@H]3Cn4c(nc5cc(C(=O)O)ccc54)[C@@H]3[C@@H](c3cccc(Cl)c3F)[C@@]23C(=O)Nc2cc(Cl)ccc23)c1,COCc1cccc(CN2[C@@H]3Cn4c(nc5cc(C(=O)O)ccc54)[C@@H]3[C@@H](c3cccc(Cl)c3F)[C@@]23C(=O)Nc2cc(Cl)ccc23)c1,14.0,7.853871964321762,7.853871964321762,,1,active
CHEMBL5800798,COCc1cccc(CN2[C@H]3CCn4c(nc5cc(C(=O)O)ccc54)[C@H]3[C@H](c3cccc(Cl)c3F)[C@]23C(=O)Nc2cc(Cl)ccc23)c1,COCc1cccc(CN2[C@H]3CCn4c(nc5cc(C(=O)O)ccc54)[C@H]3[C@H](c3cccc(Cl)c3F)[C@]23C(=O)Nc2cc(Cl)ccc23)c1,3.0,8.522878745280337,8.522878745280337,,1,active
CHEMBL5905106,COCc1cccc(CN2[C@H]3Cn4c(nc5cc(C(=O)O)ccc54)[C@H]3[C@H](c3cccc(Cl)c3F)[C@]23C(=O)Nc2cc(Cl)ccc23)c1,COCc1cccc(CN2[C@H]3Cn4c(nc5cc(C(=O)O)ccc54)[C@H]3[C@H](c3cccc(Cl)c3F)[C@]23C(=O)Nc2cc(Cl)ccc23)c1,2.5,8.610924374808178,8.610924374808178,,2,active
CHEMBL5827274,CONC(=O)c1nc(N[C@H](C)C2CCC2)c2c(n1)nc(-c1cc(C(C)C)ccn1)n2Cc1ccc(C(F)(F)F)cc1,CONC(=O)c1nc(N[C@H](C)C2CCC2)c2c(n1)nc(-c1cc(C(C)C)ccn1)n2Cc1ccc(C(F)(F)F)cc1,42.46,7.37202001017002,7.37202001017002,,1,active
CHEMBL3945674,CO[C@@H]1CCN(c2nc3cc(-c4nc(=O)o[nH]4)nc(-c4cncc(Cl)c4)c3n2C[C@H]2CC[C@H](C)CC2)[C@@H](C)C1,CO[C@@H]1CCN(c2nc3cc(-c4nc(=O)o[nH]4)nc(-c4cncc(Cl)c4)c3n2C[C@H]2CC[C@H](C)CC2)[C@@H](C)C1,9.0,8.045757490560675,8.045757490560675,,3,active
CHEMBL3649882,CO[C@@H]1CCN(c2nc3cc(-c4noc(=O)[nH]4)nc(-c4cncc(Cl)c4)c3n2C[C@H]2CC[C@H](C)CC2)[C@H](C)C1,CO[C@@H]1CCN(c2nc3cc(-c4noc(=O)[nH]4)nc(-c4cncc(Cl)c4)c3n2C[C@H]2CC[C@H](C)CC2)[C@H](C)C1,16.0,7.795880017344075,7.795880017344075,,5,active
CHEMBL3649897,CO[C@@H]1C[C@@H](C(F)F)N(c2nc3cc(-c4noc(=O)[nH]4)nc(-c4cncc(Cl)c4)c3n2C[C@H]2CC[C@H](C)CC2)C1,CO[C@@H]1C[C@@H](C(F)F)N(c2nc3cc(-c4noc(=O)[nH]4)nc(-c4cncc(Cl)c4)c3n2C[C@H]2CC[C@H](C)CC2)C1,1.0,9.0,9.0,,1,active
CHEMBL3649928,CO[C@@H]1C[C@@H](C)N(c2nc3cc(-c4noc(=O)[nH]4)nc(-c4cncc(Cl)c4)c3n2C(C)[C@H]2CC[C@H](C)CC2)C1,CO[C@@H]1C[C@@H](C)N(c2nc3cc(-c4noc(=O)[nH]4)nc(-c4cncc(Cl)c4)c3n2C(C)[C@H]2CC[C@H](C)CC2)C1,2.5,8.610924374808178,8.610924374808178,,2,active
CHEMBL3649835,CO[C@@H]1C[C@@H](C)N(c2nc3cc(-c4noc(=O)[nH]4)nc(-c4cncc(Cl)c4)c3n2C[C@H]2CC[C@H](C)CC2)C1,CO[C@@H]1C[C@@H](C)N(c2nc3cc(-c4noc(=O)[nH]4)nc(-c4cncc(Cl)c4)c3n2C[C@H]2CC[C@H](C)CC2)C1,4.0,8.397940008672037,8.397940008672037,,1,active
CHEMBL3649894,CO[C@@H]1C[C@@H](C2(OC)CC2)N(c2nc3cc(-c4noc(=O)[nH]4)nc(-c4cncc(Cl)c4)c3n2C[C@H]2CC[C@H](C)CC2)C1,CO[C@@H]1C[C@@H](C2(OC)CC2)N(c2nc3cc(-c4noc(=O)[nH]4)nc(-c4cncc(Cl)c4)c3n2C[C@H]2CC[C@H](C)CC2)C1,2.0,8.698970004336019,8.698970004336019,,1,active
CHEMBL3649926,CO[C@@H]1C[C@@H](CF)N(c2nc3cc(-c4noc(=O)[nH]4)nc(-c4cncc(Cl)c4)c3n2C(C)[C@H]2CC[C@H](C)CC2)C1,CO[C@@H]1C[C@@H](CF)N(c2nc3cc(-c4noc(=O)[nH]4)nc(-c4cncc(Cl)c4)c3n2C(C)[C@H]2CC[C@H](C)CC2)C1,1.0,9.0,9.0,,2,active
CHEMBL3649863,CO[C@@H]1C[C@@H](CF)N(c2nc3cc(-c4noc(=O)[nH]4)nc(-c4cncc(Cl)c4)c3n2C[C@H]2CC[C@H](C)CC2)C1,CO[C@@H]1C[C@@H](CF)N(c2nc3cc(-c4noc(=O)[nH]4)nc(-c4cncc(Cl)c4)c3n2C[C@H]2CC[C@H](C)CC2)C1,1.0,9.0,9.0,,2,active
CHEMBL3649895,CO[C@@H]1C[C@H](C2(OC)CC2)N(c2nc3cc(-c4noc(=O)[nH]4)nc(-c4cncc(Cl)c4)c3n2C[C@H]2CC[C@H](C)CC2)C1,CO[C@@H]1C[C@H](C2(OC)CC2)N(c2nc3cc(-c4noc(=O)[nH]4)nc(-c4cncc(Cl)c4)c3n2C[C@H]2CC[C@H](C)CC2)C1,10.0,8.0,8.0,,1,active
CHEMBL3649864,CO[C@@H]1C[C@H](CF)N(c2nc3cc(-c4noc(=O)[nH]4)nc(-c4cncc(Cl)c4)c3n2C[C@H]2CC[C@H](C)CC2)C1,CO[C@@H]1C[C@H](CF)N(c2nc3cc(-c4noc(=O)[nH]4)nc(-c4cncc(Cl)c4)c3n2C[C@H]2CC[C@H](C)CC2)C1,353.0,6.452225294612178,6.452225294612178,,1,active
CHEMBL3969880,CO[C@H]1CCN(c2nc3cc(-c4nc(=O)o[nH]4)nc(-c4cncc(Cl)c4)c3n2C[C@H]2CC[C@H](C)CC2)[C@@H](C)C1,CO[C@H]1CCN(c2nc3cc(-c4nc(=O)o[nH]4)nc(-c4cncc(Cl)c4)c3n2C[C@H]2CC[C@H](C)CC2)[C@@H](C)C1,16.0,7.795880017344075,7.795880017344075,,1,active
CHEMBL3649883,CO[C@H]1CCN(c2nc3cc(-c4noc(=O)[nH]4)nc(-c4cncc(Cl)c4)c3n2C[C@H]2CC[C@H](C)CC2)[C@H](C)C1,CO[C@H]1CCN(c2nc3cc(-c4noc(=O)[nH]4)nc(-c4cncc(Cl)c4)c3n2C[C@H]2CC[C@H](C)CC2)[C@H](C)C1,9.0,8.045757490560675,8.045757490560675,,3,active
CHEMBL3982496,CO[C@H]1COC[C@@H]1N(C)c1nc2cc(-c3noc(=O)[nH]3)nc(-c3cncc(Cl)c3)c2n1CC1CCC(C)CC1,CO[C@H]1COC[C@@H]1N(C)c1nc2cc(-c3noc(=O)[nH]3)nc(-c3cncc(Cl)c3)c2n1CC1CCC(C)CC1,26.0,7.585026652029182,7.585026652029182,,1,active
CHEMBL3649866,CO[C@H]1COC[C@@H]1N(C)c1nc2cc(-c3noc(=O)[nH]3)nc(-c3cncc(Cl)c3)c2n1C[C@H]1CC[C@H](C)CC1,CO[C@H]1COC[C@@H]1N(C)c1nc2cc(-c3noc(=O)[nH]3)nc(-c3cncc(Cl)c3)c2n1C[C@H]1CC[C@H](C)CC1,26.0,7.585026652029182,7.585026652029182,,1,active
CHEMBL3925339,CO[C@H]1C[C@@H](C2(OC)CC2)N(c2nc3cc(-c4nc(=O)o[nH]4)nc(-c4cncc(Cl)c4)c3n2C[C@H]2CC[C@H](C)CC2)C1,CO[C@H]1C[C@@H](C2(OC)CC2)N(c2nc3cc(-c4nc(=O)o[nH]4)nc(-c4cncc(Cl)c4)c3n2C[C@H]2CC[C@H](C)CC2)C1,10.0,8.0,8.0,,1,active
CHEMBL3927925,CO[C@H]1C[C@@H](CF)N(c2nc3cc(-c4nc(=O)o[nH]4)nc(-c4cncc(Cl)c4)c3n2C[C@H]2CC[C@H](C)CC2)C1,CO[C@H]1C[C@@H](CF)N(c2nc3cc(-c4nc(=O)o[nH]4)nc(-c4cncc(Cl)c4)c3n2C[C@H]2CC[C@H](C)CC2)C1,353.0,6.452225294612178,6.452225294612178,,1,active
CHEMBL3944443,CO[C@H]1C[C@H](C(F)F)N(c2nc3cc(-c4nc(=O)o[nH]4)nc(-c4cncc(Cl)c4)c3n2C[C@H]2CC[C@H](C)CC2)C1,CO[C@H]1C[C@H](C(F)F)N(c2nc3cc(-c4nc(=O)o[nH]4)nc(-c4cncc(Cl)c4)c3n2C[C@H]2CC[C@H](C)CC2)C1,1.0,9.0,9.0,,1,active
CHEMBL3894245,CO[C@H]1C[C@H](C)N(c2nc3cc(-c4nc(=O)o[nH]4)nc(-c4cncc(Cl)c4)c3n2C(C)[C@H]2CC[C@H](C)CC2)C1,CO[C@H]1C[C@H](C)N(c2nc3cc(-c4nc(=O)o[nH]4)nc(-c4cncc(Cl)c4)c3n2C(C)[C@H]2CC[C@H](C)CC2)C1,2.5,8.610924374808178,8.610924374808178,,2,active
CHEMBL3984635,CO[C@H]1C[C@H](C)N(c2nc3cc(-c4nc(=O)o[nH]4)nc(-c4cncc(Cl)c4)c3n2C[C@H]2CC[C@H](C)CC2)C1,CO[C@H]1C[C@H](C)N(c2nc3cc(-c4nc(=O)o[nH]4)nc(-c4cncc(Cl)c4)c3n2C[C@H]2CC[C@H](C)CC2)C1,4.0,8.397940008672037,8.397940008672037,,1,active
CHEMBL3907252,CO[C@H]1C[C@H](C2(OC)CC2)N(c2nc3cc(-c4nc(=O)o[nH]4)nc(-c4cncc(Cl)c4)c3n2C[C@H]2CC[C@H](C)CC2)C1,CO[C@H]1C[C@H](C2(OC)CC2)N(c2nc3cc(-c4nc(=O)o[nH]4)nc(-c4cncc(Cl)c4)c3n2C[C@H]2CC[C@H](C)CC2)C1,2.0,8.698970004336019,8.698970004336019,,1,active
CHEMBL5876084,CO[C@]1(c2ccc(Cl)cc2)c2c(F)cc(C(C)(C)O)cc2C(=O)N1Cc1ccc(C#N)cn1,CO[C@]1(c2ccc(Cl)cc2)c2c(F)cc(C(C)(C)O)cc2C(=O)N1Cc1ccc(C#N)cn1,25.0,7.6020599913279625,7.6020599913279625,,1,active
CHEMBL5866839,CO[C@]1(c2ccc(Cl)cc2)c2c(F)cc(C(C)(O)C3(F)CCOCC3)cc2C(=O)N1[C@@H](CC(=O)O)c1ccc(Cl)cc1,CO[C@]1(c2ccc(Cl)cc2)c2c(F)cc(C(C)(O)C3(F)CCOCC3)cc2C(=O)N1[C@@H](CC(=O)O)c1ccc(Cl)cc1,12.0,7.920818753952375,7.920818753952375,,3,active
CHEMBL5836158,CO[C@]1(c2ccc(Cl)cc2)c2c(F)cc(C(C)(O)C3CCC3)cc2C(=O)N1[C@@H](CC(=O)O)c1ccc(Cl)cc1,CO[C@]1(c2ccc(Cl)cc2)c2c(F)cc(C(C)(O)C3CCC3)cc2C(=O)N1[C@@H](CC(=O)O)c1ccc(Cl)cc1,22.0,7.657577319177793,7.657577319177793,,1,active
CHEMBL6007483,CO[C@]1(c2ccc(Cl)cc2)c2c(F)cc(C(C)(O)C3CCN(C(=O)CN(C)C)CC3)cc2C(=O)N1Cc1ccc(Cl)cn1,CO[C@]1(c2ccc(Cl)cc2)c2c(F)cc(C(C)(O)C3CCN(C(=O)CN(C)C)CC3)cc2C(=O)N1Cc1ccc(Cl)cn1,5.13,8.599092415709281,8.599092415709281,,2,active
CHEMBL6046759,CO[C@]1(c2ccc(Cl)cc2)c2c(F)cc(C(C)(O)C3CCN(C(=O)c4ncco4)CC3)cc2C(=O)N1Cc1ccc(Cl)cn1,CO[C@]1(c2ccc(Cl)cc2)c2c(F)cc(C(C)(O)C3CCN(C(=O)c4ncco4)CC3)cc2C(=O)N1Cc1ccc(Cl)cn1,0.93,9.031517051446064,9.031517051446064,,1,active
CHEMBL5938450,CO[C@]1(c2ccc(Cl)cc2)c2c(F)cc(C(C)(O)C3CCN(C(C)=N)CC3)cc2C(=O)N1Cc1ccc(Cl)cn1,CO[C@]1(c2ccc(Cl)cc2)c2c(F)cc(C(C)(O)C3CCN(C(C)=N)CC3)cc2C(=O)N1Cc1ccc(Cl)cn1,1.1,8.958607314841775,8.958607314841775,,1,active
CHEMBL5804272,CO[C@]1(c2ccc(Cl)cc2)c2c(F)cc(C(C)(O)C3CCN(C(C)=O)CC3)cc2C(=O)N1Cc1ccc(C#N)cn1,CO[C@]1(c2ccc(Cl)cc2)c2c(F)cc(C(C)(O)C3CCN(C(C)=O)CC3)cc2C(=O)N1Cc1ccc(C#N)cn1,2.6,8.585026652029182,8.585026652029182,,1,active
CHEMBL5886139,CO[C@]1(c2ccc(Cl)cc2)c2c(F)cc(C(C)(O)C3CCN(C)CC3)cc2C(=O)N1Cc1ccc(Cl)cc1C(=O)O,CO[C@]1(c2ccc(Cl)cc2)c2c(F)cc(C(C)(O)C3CCN(C)CC3)cc2C(=O)N1Cc1ccc(Cl)cc1C(=O)O,41015.5,5.797412226891005,5.797412226891005,,2,inactive
CHEMBL5905097,CO[C@]1(c2ccc(Cl)cc2)c2c(F)cc(C(C)(O)C3CCN(C)CC3)cc2C(=O)N1Cc1ccc(Cl)cn1,CO[C@]1(c2ccc(Cl)cc2)c2c(F)cc(C(C)(O)C3CCN(C)CC3)cc2C(=O)N1Cc1ccc(Cl)cn1,2.2,8.657577319177793,8.657577319177793,,1,active
CHEMBL5868258,CO[C@]1(c2ccc(Cl)cc2)c2c(F)cc(C(C)(O)C3CCN(CC(=O)O)CC3)cc2C(=O)N1Cc1ccc(Cl)cn1,CO[C@]1(c2ccc(Cl)cc2)c2c(F)cc(C(C)(O)C3CCN(CC(=O)O)CC3)cc2C(=O)N1Cc1ccc(Cl)cn1,2.0,8.698970004336019,8.698970004336019,,1,active
CHEMBL5792235,CO[C@]1(c2ccc(Cl)cc2)c2c(F)cc(C(C)(O)C3CCN(S(C)(=O)=O)CC3)cc2C(=O)N1Cc1ccc(Cl)cn1,CO[C@]1(c2ccc(Cl)cc2)c2c(F)cc(C(C)(O)C3CCN(S(C)(=O)=O)CC3)cc2C(=O)N1Cc1ccc(Cl)cn1,0.93,9.031517051446064,9.031517051446064,,1,active
CHEMBL5935755,CO[C@]1(c2ccc(Cl)cc2)c2c(F)cc(C(C)(O)C3CCN(c4ncccn4)CC3)cc2C(=O)N1Cc1ccc(Cl)cn1,CO[C@]1(c2ccc(Cl)cc2)c2c(F)cc(C(C)(O)C3CCN(c4ncccn4)CC3)cc2C(=O)N1Cc1ccc(Cl)cn1,4.1,8.387216143280265,8.387216143280265,,1,active
CHEMBL5849847,CO[C@]1(c2ccc(Cl)cc2)c2c(F)cc(C(C)(O)C3CCOCC3)cc2C(=O)N1[C@@H](CC(=O)O)c1ccc(Cl)cc1,CO[C@]1(c2ccc(Cl)cc2)c2c(F)cc(C(C)(O)C3CCOCC3)cc2C(=O)N1[C@@H](CC(=O)O)c1ccc(Cl)cc1,11.5,7.939713034397075,7.939713034397075,,4,active
CHEMBL5866592,CO[C@]1(c2ccc(Cl)cc2)c2c(F)cc(C(C)(O)C3CCS(=O)(=O)CC3)cc2C(=O)N1Cc1ccc(Cl)cn1,CO[C@]1(c2ccc(Cl)cc2)c2c(F)cc(C(C)(O)C3CCS(=O)(=O)CC3)cc2C(=O)N1Cc1ccc(Cl)cn1,2.6,8.585026652029182,8.585026652029182,,1,active
CHEMBL5777777,CO[C@]1(c2ccc(Cl)cc2)c2c(F)cc(C(C)(O)C3CN(C(=O)CO)C3)cc2C(=O)N1Cc1ccc(Cl)cn1,CO[C@]1(c2ccc(Cl)cc2)c2c(F)cc(C(C)(O)C3CN(C(=O)CO)C3)cc2C(=O)N1Cc1ccc(Cl)cn1,6.6,8.18045606445813,8.18045606445813,,1,active
CHEMBL5927893,CO[C@]1(c2ccc(Cl)cc2)c2c(F)cc(C(C)(O)C3CN(C(=O)N(C)C)C3)cc2C(=O)N1Cc1ccc(C#N)cn1,CO[C@]1(c2ccc(Cl)cc2)c2c(F)cc(C(C)(O)C3CN(C(=O)N(C)C)C3)cc2C(=O)N1Cc1ccc(C#N)cn1,6.5,8.187086643357144,8.187086643357144,,1,active
CHEMBL5936775,CO[C@]1(c2ccc(Cl)cc2)c2c(F)cc(C(C)(O)C3CN(C(C)=O)C3)cc2C(=O)N1Cc1ccc(Cl)cn1,CO[C@]1(c2ccc(Cl)cc2)c2c(F)cc(C(C)(O)C3CN(C(C)=O)C3)cc2C(=O)N1Cc1ccc(Cl)cn1,3.5,8.455931955649724,8.455931955649724,,1,active
CHEMBL5896621,CO[C@]1(c2ccc(Cl)cc2)c2c(F)cc(C(C)(O)C3CN(C)C3)cc2C(=O)N1Cc1ccc(Cl)cn1,CO[C@]1(c2ccc(Cl)cc2)c2c(F)cc(C(C)(O)C3CN(C)C3)cc2C(=O)N1Cc1ccc(Cl)cn1,44.0,7.356547323513812,7.356547323513812,,1,active
CHEMBL5934485,CO[C@]1(c2ccc(Cl)cc2)c2c(F)cc(C(C)(O)c3ccn(C)n3)cc2C(=O)N1Cc1ccc(Cl)cn1,CO[C@]1(c2ccc(Cl)cc2)c2c(F)cc(C(C)(O)c3ccn(C)n3)cc2C(=O)N1Cc1ccc(Cl)cn1,25.0,7.658927461813084,7.658927461813084,,2,active
CHEMBL5834766,CO[C@]1(c2ccc(Cl)cc2)c2c(F)cc(C(C)(O)c3cn(C)c(C)n3)cc2C(=O)N1Cc1ccc(Cl)cn1,CO[C@]1(c2ccc(Cl)cc2)c2c(F)cc(C(C)(O)c3cn(C)c(C)n3)cc2C(=O)N1Cc1ccc(Cl)cn1,9.1,8.226728668260934,8.226728668260934,,2,active
CHEMBL6051014,CO[C@]1(c2ccc(Cl)cc2)c2c(F)cc(C(C)(O)c3cn(C)nn3)cc2C(=O)N1Cc1ccc(Cl)cn1,CO[C@]1(c2ccc(Cl)cc2)c2c(F)cc(C(C)(O)c3cn(C)nn3)cc2C(=O)N1Cc1ccc(Cl)cn1,5.5,8.259637310505756,8.259637310505756,,1,active
CHEMBL5991768,CO[C@]1(c2ccc(Cl)cc2)c2c(F)cc(C(C)(O)c3cnn(C)c3)cc2C(=O)N1Cc1ncc(Cl)cc1S(C)(=O)=O,CO[C@]1(c2ccc(Cl)cc2)c2c(F)cc(C(C)(O)c3cnn(C)c3)cc2C(=O)N1Cc1ncc(Cl)cc1S(C)(=O)=O,2.3,8.638272163982407,8.638272163982407,,1,active
CHEMBL5784816,CO[C@]1(c2ccc(Cl)cc2)c2c(F)cc(C(C)(O)c3cnn(C4CN(C(C)=O)C4)c3)cc2C(=O)N1Cc1ccc(Cl)cn1,CO[C@]1(c2ccc(Cl)cc2)c2c(F)cc(C(C)(O)c3cnn(C4CN(C(C)=O)C4)c3)cc2C(=O)N1Cc1ccc(Cl)cn1,1.3,8.886056647693163,8.886056647693163,,1,active
CHEMBL5980185,CO[C@]1(c2ccc(Cl)cc2)c2c(F)cc(C(C)(O)c3cnn(CCN(C)C)c3)cc2C(=O)N1Cc1ccc(Cl)cn1,CO[C@]1(c2ccc(Cl)cc2)c2c(F)cc(C(C)(O)c3cnn(CCN(C)C)c3)cc2C(=O)N1Cc1ccc(Cl)cn1,25.05,7.998269733945246,7.998269733945246,,2,active
CHEMBL6021397,CO[C@]1(c2ccc(Cl)cc2)c2c(F)cc(C(C)(O)c3ncc[nH]3)cc2C(=O)N1Cc1ccc(Cl)cn1,CO[C@]1(c2ccc(Cl)cc2)c2c(F)cc(C(C)(O)c3ncc[nH]3)cc2C(=O)N1Cc1ccc(Cl)cn1,38.0,7.422635896279922,7.422635896279922,,2,active
CHEMBL5818560,CO[C@]1(c2ccc(Cl)cc2)c2c(F)cc(C(C)(O)c3nccs3)cc2C(=O)N1Cc1ccc(Cl)cn1,CO[C@]1(c2ccc(Cl)cc2)c2c(F)cc(C(C)(O)c3nccs3)cc2C(=O)N1Cc1ccc(Cl)cn1,17.0,7.769551078621726,7.769551078621726,,1,active
CHEMBL5996692,CO[C@]1(c2ccc(Cl)cc2)c2c(F)cc([C@@](C)(O)C3(F)CCOCC3)cc2C(=O)N1[C@H](CC(=O)O)c1ccc(Cl)cc1,CO[C@]1(c2ccc(Cl)cc2)c2c(F)cc([C@@](C)(O)C3(F)CCOCC3)cc2C(=O)N1[C@H](CC(=O)O)c1ccc(Cl)cc1,12.0,7.920818753952375,7.920818753952375,,1,active
CHEMBL5976378,CO[C@]1(c2ccc(Cl)cc2)c2c(F)cc([C@@](C)(O)C3CCC3)cc2C(=O)N1[C@@H](CC(=O)O)c1ccc(Cl)cc1,CO[C@]1(c2ccc(Cl)cc2)c2c(F)cc([C@@](C)(O)C3CCC3)cc2C(=O)N1[C@@H](CC(=O)O)c1ccc(Cl)cc1,70000.0,4.154901959985743,4.154901959985743,,1,inactive
CHEMBL5915214,CO[C@]1(c2ccc(Cl)cc2)c2c(F)cc([C@@](C)(O)C3CCOCC3)cc2C(=O)N1[C@@H](CC(=O)O)c1ccc(Cl)cc1,CO[C@]1(c2ccc(Cl)cc2)c2c(F)cc([C@@](C)(O)C3CCOCC3)cc2C(=O)N1[C@@H](CC(=O)O)c1ccc(Cl)cc1,0.79,9.102372908709558,9.102372908709558,,1,active
CHEMBL5785278,CO[C@]1(c2ccc(Cl)cc2)c2c(F)cc([C@](C)(O)C3(F)CCOCC3)cc2C(=O)N1[C@H](CC(=O)O)c1ccc(Cl)cc1,CO[C@]1(c2ccc(Cl)cc2)c2c(F)cc([C@](C)(O)C3(F)CCOCC3)cc2C(=O)N1[C@H](CC(=O)O)c1ccc(Cl)cc1,0.8,9.096910013008056,9.096910013008056,,1,active
CHEMBL5747950,CO[C@]1(c2ccc(Cl)cc2)c2c(F)cc([C@](C)(O)C3CCC3)cc2C(=O)N1[C@@H](CC(=O)O)c1ccc(Cl)cc1,CO[C@]1(c2ccc(Cl)cc2)c2c(F)cc([C@](C)(O)C3CCC3)cc2C(=O)N1[C@@H](CC(=O)O)c1ccc(Cl)cc1,55000.0,4.259637310505756,4.259637310505756,,1,inactive
CHEMBL5948868,CO[C@]1(c2ccc(Cl)cc2)c2c(F)cc([C@](C)(O)C3CCOCC3)cc2C(=O)N1[C@@H](CC(=O)O)c1ccc(Cl)cc1,CO[C@]1(c2ccc(Cl)cc2)c2c(F)cc([C@](C)(O)C3CCOCC3)cc2C(=O)N1[C@@H](CC(=O)O)c1ccc(Cl)cc1,12.0,7.920818753952375,7.920818753952375,,1,active
CHEMBL6009854,CO[C@]1(c2ccc(Cl)cc2)c2ccc(C(C)(C)O)cc2C(=O)N1Cc1ccc(Cl)cc1,CO[C@]1(c2ccc(Cl)cc2)c2ccc(C(C)(C)O)cc2C(=O)N1Cc1ccc(Cl)cc1,430.0,6.366531544420413,6.366531544420413,,3,active
CHEMBL5987846,CO[C@]1(c2ccc(Cl)cc2)c2ccc(C(C)(O)C(=O)NC(C)C)cc2C(=O)N1Cc1ccc(Cl)cn1,CO[C@]1(c2ccc(Cl)cc2)c2ccc(C(C)(O)C(=O)NC(C)C)cc2C(=O)N1Cc1ccc(Cl)cn1,300.0,6.522878745280337,6.522878745280337,,1,active
CHEMBL5847382,CO[C@]1(c2ccc(Cl)cc2)c2ccc(C(C)(O)C(=O)NC3CCN(C)CC3)cc2C(=O)N1Cc1ccc(Cl)cn1,CO[C@]1(c2ccc(Cl)cc2)c2ccc(C(C)(O)C(=O)NC3CCN(C)CC3)cc2C(=O)N1Cc1ccc(Cl)cn1,114.0,6.965907069126919,6.965907069126919,,2,active
CHEMBL5992235,CO[C@]1(c2ccc(Cl)cc2)c2ccc(C(C)(O)C(=O)NC3CN(C)C3)cc2C(=O)N1Cc1ccc(Cl)cn1,CO[C@]1(c2ccc(Cl)cc2)c2ccc(C(C)(O)C(=O)NC3CN(C)C3)cc2C(=O)N1Cc1ccc(Cl)cn1,210.0,6.6777807052660805,6.6777807052660805,,1,active
CHEMBL5974438,CO[C@]1(c2ccc(Cl)cc2)c2ccc(C(C)(O)C(=O)Nc3cnn(C)c3)cc2C(=O)N1Cc1ccc(Cl)cn1,CO[C@]1(c2ccc(Cl)cc2)c2ccc(C(C)(O)C(=O)Nc3cnn(C)c3)cc2C(=O)N1Cc1ccc(Cl)cn1,64.5,7.2414020510250126,7.2414020510250126,,2,active
CHEMBL5955019,CO[C@]1(c2ccc(Cl)cc2)c2ccc(C(C)(O)C3CCN(C)CC3)cc2C(=O)N1Cc1ccc(Cl)cn1,CO[C@]1(c2ccc(Cl)cc2)c2ccc(C(C)(O)C3CCN(C)CC3)cc2C(=O)N1Cc1ccc(Cl)cn1,7.6,8.119186407719209,8.119186407719209,,1,active
CHEMBL5941117,CO[C@]1(c2ccc(Cl)cc2)c2ccc(C(C)(O)CN(C)C3CCN(C(C)=O)CC3)cc2C(=O)N1Cc1ccc(Cl)cn1,CO[C@]1(c2ccc(Cl)cc2)c2ccc(C(C)(O)CN(C)C3CCN(C(C)=O)CC3)cc2C(=O)N1Cc1ccc(Cl)cn1,35.0,7.455931955649724,7.455931955649724,,1,active
CHEMBL5883291,CO[C@]1(c2ccc(Cl)cc2)c2ccc(C(C)(O)CN(C)C3CCN(C)CC3)cc2C(=O)N1Cc1ccc(Cl)cn1,CO[C@]1(c2ccc(Cl)cc2)c2ccc(C(C)(O)CN(C)C3CCN(C)CC3)cc2C(=O)N1Cc1ccc(Cl)cn1,15.0,7.823908740944319,7.823908740944319,,1,active
CHEMBL5983225,CO[C@]1(c2ccc(Cl)cc2)c2ccc(C(C)(O)CN3CCC(N)CC3)cc2C(=O)N1Cc1ccc(Cl)cn1,CO[C@]1(c2ccc(Cl)cc2)c2ccc(C(C)(O)CN3CCC(N)CC3)cc2C(=O)N1Cc1ccc(Cl)cn1,9.7,8.013228265733755,8.013228265733755,,1,active
CHEMBL5897643,CO[C@]1(c2ccc(Cl)cc2)c2ccc(C(C)(O)CN3CCC(O)CC3)cc2C(=O)N1Cc1ccc(Cl)cn1,CO[C@]1(c2ccc(Cl)cc2)c2ccc(C(C)(O)CN3CCC(O)CC3)cc2C(=O)N1Cc1ccc(Cl)cn1,22.0,7.657577319177793,7.657577319177793,,1,active
CHEMBL5919958,CO[C@]1(c2ccc(Cl)cc2)c2ccc(C(C)(O)CN3CCC3)cc2C(=O)N1Cc1ccc(Cl)cn1,CO[C@]1(c2ccc(Cl)cc2)c2ccc(C(C)(O)CN3CCC3)cc2C(=O)N1Cc1ccc(Cl)cn1,160.0,6.795880017344075,6.795880017344075,,1,active
CHEMBL5790054,CO[C@]1(c2ccc(Cl)cc2)c2ccc(C(C)(O)CN3CCCC3=O)cc2C(=O)N1Cc1ccc(Cl)cn1,CO[C@]1(c2ccc(Cl)cc2)c2ccc(C(C)(O)CN3CCCC3=O)cc2C(=O)N1Cc1ccc(Cl)cn1,120.0,6.920818753952375,6.920818753952375,,1,active
CHEMBL6045131,CO[C@]1(c2ccc(Cl)cc2)c2ccc(C(C)(O)CN3CCCN(C)CC3)cc2C(=O)N1Cc1ccc(Cl)cn1,CO[C@]1(c2ccc(Cl)cc2)c2ccc(C(C)(O)CN3CCCN(C)CC3)cc2C(=O)N1Cc1ccc(Cl)cn1,15.0,7.823908740944319,7.823908740944319,,1,active
CHEMBL5951891,CO[C@]1(c2ccc(Cl)cc2)c2ccc(C(C)(O)CN3CCCNCC3)cc2C(=O)N1Cc1ccc(Cl)cn1,CO[C@]1(c2ccc(Cl)cc2)c2ccc(C(C)(O)CN3CCCNCC3)cc2C(=O)N1Cc1ccc(Cl)cn1,18.0,7.7447274948966935,7.7447274948966935,,1,active
CHEMBL6000114,CO[C@]1(c2ccc(Cl)cc2)c2ccc(C(C)(O)CN3CCC[C@@H]3CO)cc2C(=O)N1Cc1ccc(Cl)cn1,CO[C@]1(c2ccc(Cl)cc2)c2ccc(C(C)(O)CN3CCC[C@@H]3CO)cc2C(=O)N1Cc1ccc(Cl)cn1,44.0,7.356547323513812,7.356547323513812,,1,active
CHEMBL5872924,CO[C@]1(c2ccc(Cl)cc2)c2ccc(C(C)(O)CN3CCC[C@H]3CO)cc2C(=O)N1Cc1ccc(Cl)cn1,CO[C@]1(c2ccc(Cl)cc2)c2ccc(C(C)(O)CN3CCC[C@H]3CO)cc2C(=O)N1Cc1ccc(Cl)cn1,7.2,8.142667503568731,8.142667503568731,,1,active
CHEMBL5829289,CO[C@]1(c2ccc(Cl)cc2)c2ccc(C(C)(O)CN3CCN(C)C(=O)C3)cc2C(=O)N1Cc1ccc(Cl)cn1,CO[C@]1(c2ccc(Cl)cc2)c2ccc(C(C)(O)CN3CCN(C)C(=O)C3)cc2C(=O)N1Cc1ccc(Cl)cn1,180.0,6.7447274948966935,6.7447274948966935,,1,active
CHEMBL5751447,CO[C@]1(c2ccc(Cl)cc2)c2ccc(C(C)(O)CN3CCN(C)CC3)cc2C(=O)N1Cc1ccc(Cl)cn1,CO[C@]1(c2ccc(Cl)cc2)c2ccc(C(C)(O)CN3CCN(C)CC3)cc2C(=O)N1Cc1ccc(Cl)cn1,3.2,8.494850021680094,8.494850021680094,,1,active
CHEMBL5787484,CO[C@]1(c2ccc(Cl)cc2)c2ccc(C(C)(O)CN3CCN(C)C[C@@H]3C)cc2C(=O)N1Cc1ccc(Cl)cn1,CO[C@]1(c2ccc(Cl)cc2)c2ccc(C(C)(O)CN3CCN(C)C[C@@H]3C)cc2C(=O)N1Cc1ccc(Cl)cn1,9.7,8.013228265733755,8.013228265733755,,1,active
CHEMBL5863598,CO[C@]1(c2ccc(Cl)cc2)c2ccc(C(C)(O)CN3CCN(C)[C@@H](C)C3)cc2C(=O)N1Cc1ccc(Cl)cn1,CO[C@]1(c2ccc(Cl)cc2)c2ccc(C(C)(O)CN3CCN(C)[C@@H](C)C3)cc2C(=O)N1Cc1ccc(Cl)cn1,14.0,7.853871964321762,7.853871964321762,,1,active
CHEMBL5887047,CO[C@]1(c2ccc(Cl)cc2)c2ccc(C(C)(O)CN3CCN(C)[C@H](C)C3)cc2C(=O)N1Cc1ccc(Cl)cn1,CO[C@]1(c2ccc(Cl)cc2)c2ccc(C(C)(O)CN3CCN(C)[C@H](C)C3)cc2C(=O)N1Cc1ccc(Cl)cn1,8.8,8.05551732784983,8.05551732784983,,1,active
CHEMBL5910008,CO[C@]1(c2ccc(Cl)cc2)c2ccc(C(C)(O)CN3CCN(CCO)CC3)cc2C(=O)N1Cc1ccc(Cl)cn1,CO[C@]1(c2ccc(Cl)cc2)c2ccc(C(C)(O)CN3CCN(CCO)CC3)cc2C(=O)N1Cc1ccc(Cl)cn1,13.0,7.886056647693163,7.886056647693163,,1,active
CHEMBL6025291,CO[C@]1(c2ccc(Cl)cc2)c2ccc(C(C)(O)CN3CCNC(=O)C3)cc2C(=O)N1Cc1ccc(Cl)cn1,CO[C@]1(c2ccc(Cl)cc2)c2ccc(C(C)(O)CN3CCNC(=O)C3)cc2C(=O)N1Cc1ccc(Cl)cn1,12.0,7.920818753952375,7.920818753952375,,1,active
CHEMBL6013214,CO[C@]1(c2ccc(Cl)cc2)c2ccc(C(C)(O)CN3CCNC(=O)CC3)cc2C(=O)N1Cc1ccc(Cl)cn1,CO[C@]1(c2ccc(Cl)cc2)c2ccc(C(C)(O)CN3CCNC(=O)CC3)cc2C(=O)N1Cc1ccc(Cl)cn1,48.0,7.318758762624412,7.318758762624412,,1,active
CHEMBL5743257,CO[C@]1(c2ccc(Cl)cc2)c2ccc(C(C)(O)CN3CCS(=O)(=O)CC3)cc2C(=O)N1Cc1ccc(Cl)cn1,CO[C@]1(c2ccc(Cl)cc2)c2ccc(C(C)(O)CN3CCS(=O)(=O)CC3)cc2C(=O)N1Cc1ccc(Cl)cn1,13.0,7.886056647693163,7.886056647693163,,1,active
CHEMBL5905927,CO[C@]1(c2ccc(Cl)cc2)c2ccc(C(C)(O)CN3CC[C@H](O)C3)cc2C(=O)N1Cc1ccc(Cl)cn1,CO[C@]1(c2ccc(Cl)cc2)c2ccc(C(C)(O)CN3CC[C@H](O)C3)cc2C(=O)N1Cc1ccc(Cl)cn1,36.0,7.443697499232712,7.443697499232712,,1,active
CHEMBL5822707,CO[C@]1(c2ccc(Cl)cc2)c2ccc(C(C)(O)CN3CCn4nncc4C3)cc2C(=O)N1Cc1ccc(Cl)cn1,CO[C@]1(c2ccc(Cl)cc2)c2ccc(C(C)(O)CN3CCn4nncc4C3)cc2C(=O)N1Cc1ccc(Cl)cn1,33.0,7.481486060122112,7.481486060122112,,1,active
CHEMBL6044050,CO[C@]1(c2ccc(Cl)cc2)c2ccc(C(C)(O)CN3C[C@H]4C[C@@H]3CN4C)cc2C(=O)N1Cc1ccc(Cl)cn1,CO[C@]1(c2ccc(Cl)cc2)c2ccc(C(C)(O)CN3C[C@H]4C[C@@H]3CN4C)cc2C(=O)N1Cc1ccc(Cl)cn1,43.0,7.366531544420414,7.366531544420414,,1,active
CHEMBL6053482,CO[C@]1(c2ccc(Cl)cc2)c2ccc(C(C)(O)CNC3CCOCC3)cc2C(=O)N1Cc1ccc(Cl)cn1,CO[C@]1(c2ccc(Cl)cc2)c2ccc(C(C)(O)CNC3CCOCC3)cc2C(=O)N1Cc1ccc(Cl)cn1,32.0,7.494850021680094,7.494850021680094,,1,active
CHEMBL5969206,CO[C@]1(c2ccc(Cl)cc2)c2ccc(C(C)(O)COC3CCNCC3)cc2C(=O)N1Cc1ccc(Cl)cn1,CO[C@]1(c2ccc(Cl)cc2)c2ccc(C(C)(O)COC3CCNCC3)cc2C(=O)N1Cc1ccc(Cl)cn1,110.0,6.958607314841775,6.958607314841775,,1,active
CHEMBL5851903,CO[C@]1(c2ccc(Cl)cc2)c2ccc(C(C)(O)COc3cccnc3)cc2C(=O)N1Cc1ccc(Cl)cn1,CO[C@]1(c2ccc(Cl)cc2)c2ccc(C(C)(O)COc3cccnc3)cc2C(=O)N1Cc1ccc(Cl)cn1,15.0,7.823908740944319,7.823908740944319,,1,active
CHEMBL5835549,CO[C@]1(c2ccc(Cl)cc2)c2ccc(C(C)(O)Cn3ccnc3)cc2C(=O)N1Cc1ccc(Cl)cn1,CO[C@]1(c2ccc(Cl)cc2)c2ccc(C(C)(O)Cn3ccnc3)cc2C(=O)N1Cc1ccc(Cl)cn1,31.0,7.508638306165727,7.508638306165727,,1,active
CHEMBL5912346,CO[C@]1(c2ccc(Cl)cc2)c2ccc(C(C)(O)c3ccccn3)cc2C(=O)N1Cc1ccc(Cl)cn1,CO[C@]1(c2ccc(Cl)cc2)c2ccc(C(C)(O)c3ccccn3)cc2C(=O)N1Cc1ccc(Cl)cn1,4.35,8.395242492728684,8.395242492728684,,2,active
CHEMBL3971319,COc1c(-c2nc(=O)o[nH]2)nc(-c2cncc(Cl)c2)c2c1nc(N1CCO[C@H]3CCC[C@@H]31)n2C[C@H]1CC[C@H](C)CC1,COc1c(-c2nc(=O)o[nH]2)nc(-c2cncc(Cl)c2)c2c1nc(N1CCO[C@H]3CCC[C@@H]31)n2C[C@H]1CC[C@H](C)CC1,1.0,9.0,9.0,,1,active
CHEMBL3650003,COc1c(-c2noc(=O)[nH]2)nc(-c2cncc(Cl)c2)c2c1nc(N1CCO[C@@H]3CCC[C@H]31)n2C[C@H]1CC[C@H](C)CC1,COc1c(-c2noc(=O)[nH]2)nc(-c2cncc(Cl)c2)c2c1nc(N1CCO[C@@H]3CCC[C@H]31)n2C[C@H]1CC[C@H](C)CC1,1.0,9.0,9.0,,1,active
CHEMBL4749651,COc1c(C(=O)O)ccc2c3n(nc12)[C@@H]1[C@H](C3)N(CC2CC2)[C@@]2(C(=O)Nc3cc(Cl)ccc32)[C@H]1c1cccc(Cl)c1F,COc1c(C(=O)O)ccc2c3n(nc12)[C@@H]1[C@H](C3)N(CC2CC2)[C@@]2(C(=O)Nc3cc(Cl)ccc32)[C@H]1c1cccc(Cl)c1F,5.0,8.301029995663981,8.301029995663981,,1,active
CHEMBL6011300,COc1c(C)cc(-c2nc3nc(C(=O)O)nc(N[C@H](C)C4CCC4)c3n2Cc2ccc(C(F)(F)F)cc2)cc1C,COc1c(C)cc(-c2nc3nc(C(=O)O)nc(N[C@H](C)C4CCC4)c3n2Cc2ccc(C(F)(F)F)cc2)cc1C,56.2,7.250263684430939,7.250263684430939,,1,active
CHEMBL3653252,COc1c[nH]c(=O)nc1-c1nc2c(n1C(C)C)C(c1ccc(Cl)cc1)N(c1cccc(Cl)c1F)C2=O,COc1c[nH]c(=O)nc1-c1nc2c(n1C(C)C)C(c1ccc(Cl)cc1)N(c1cccc(Cl)c1F)C2=O,0.62,9.207608310501746,9.207608310501746,,1,active
CHEMBL6005029,COc1cc(-c2nc(-c3noc(=O)[nH]3)nc3nc(N4CCOC[C@H]4c4ccccc4)n(C[C@H]4CC[C@H](C)CC4)c23)cc(Cl)n1,COc1cc(-c2nc(-c3noc(=O)[nH]3)nc3nc(N4CCOC[C@H]4c4ccccc4)n(C[C@H]4CC[C@H](C)CC4)c23)cc(Cl)n1,1.213,8.916139199133427,8.916139199133427,,1,active
CHEMBL3653184,COc1cc(-c2nc3c(n2C(C)C)C(c2ccc(Cl)cc2)N(c2cc(Cl)ccc2C)C3=O)c(OC)nn1,COc1cc(-c2nc3c(n2C(C)C)C(c2ccc(Cl)cc2)N(c2cc(Cl)ccc2C)C3=O)c(OC)nn1,0.62,9.207608310501746,9.207608310501746,,1,active
CHEMBL5929545,COc1cc(-c2nc3nc(C(=O)O)nc(N[C@H](C)C4CC4)c3n2Cc2ccc(C(F)(F)F)cc2)ccn1,COc1cc(-c2nc3nc(C(=O)O)nc(N[C@H](C)C4CC4)c3n2Cc2ccc(C(F)(F)F)cc2)ccn1,588.6,6.230179742236408,6.230179742236408,,1,active
CHEMBL5848786,COc1cc(-c2nc3nc(C(=O)O)nc(N[C@H](C)C4CCC4)c3n2Cc2ccc(C(F)(F)F)cc2)ccc1Cl,COc1cc(-c2nc3nc(C(=O)O)nc(N[C@H](C)C4CCC4)c3n2Cc2ccc(C(F)(F)F)cc2)ccc1Cl,26.41,7.578231598793076,7.578231598793076,,1,active
CHEMBL5965527,COc1cc(C#N)cc(-c2nc3nc(C(=O)O)nc(N[C@H](C)C4CCC4)c3n2Cc2ccc(C(F)(F)F)cc2)c1,COc1cc(C#N)cc(-c2nc3nc(C(=O)O)nc(N[C@H](C)C4CCC4)c3n2Cc2ccc(C(F)(F)F)cc2)c1,89.1,7.050122295963125,7.050122295963125,,1,active
CHEMBL3653182,COc1cc(C#N)ccc1-c1nc2c(n1C(C)C)C(c1ccc(Cl)cc1)N(c1cc(Cl)ccc1C)C2=O,COc1cc(C#N)ccc1-c1nc2c(n1C(C)C)C(c1ccc(Cl)cc1)N(c1cc(Cl)ccc1C)C2=O,0.26,9.587937083041727,9.587937083041727,,2,active
CHEMBL3653230,COc1cc(C(=O)N(C)C)ccc1-c1nc2c(n1C(C)C)C(c1ccc(Cl)cc1C)N(c1cc(Cl)ccc1C)C2=O,COc1cc(C(=O)N(C)C)ccc1-c1nc2c(n1C(C)C)C(c1ccc(Cl)cc1C)N(c1cc(Cl)ccc1C)C2=O,0.34,9.468521082957745,9.468521082957745,,1,active
CHEMBL3657033,COc1cc(C(=O)NC(C)C)ccc1-c1nc2c(n1C(C)C)C(c1ccc(Cl)cc1C)N(c1cc(Cl)ccc1C)C2=O,COc1cc(C(=O)NC(C)C)ccc1-c1nc2c(n1C(C)C)C(c1ccc(Cl)cc1C)N(c1cc(Cl)ccc1C)C2=O,0.24,9.619788758288394,9.619788758288394,,1,active
CHEMBL3657032,COc1cc(C(=O)NCCO)ccc1-c1nc2c(n1C(C)C)C(c1ccc(Cl)cc1C)N(c1cc(Cl)ccc1C)C2=O,COc1cc(C(=O)NCCO)ccc1-c1nc2c(n1C(C)C)C(c1ccc(Cl)cc1C)N(c1cc(Cl)ccc1C)C2=O,0.25,9.602059991327963,9.602059991327963,,1,active
CHEMBL3109044,COc1cc(C(=O)O)ccc1NC(=O)C1NC(CC(C)(C)C)C2(C(=O)Nc3cc(Cl)sc32)C1c1cccc(Cl)c1F,COc1cc(C(=O)O)ccc1NC(=O)C1NC(CC(C)(C)C)C2(C(=O)Nc3cc(Cl)sc32)C1c1cccc(Cl)c1F,33.0,7.481486060122112,7.481486060122112,,1,active
CHEMBL3407559,COc1cc(C(=O)O)ccc1NC(=O)C[C@@]1(C)C[C@H](c2cccc(Cl)c2)[C@@H](c2ccc(Cl)cc2)N([C@H](CS(=O)(=O)C(C)(C)C)C2CC2)C1=O,COc1cc(C(=O)O)ccc1NC(=O)C[C@@]1(C)C[C@H](c2cccc(Cl)c2)[C@@H](c2ccc(Cl)cc2)N([C@H](CS(=O)(=O)C(C)(C)C)C2CC2)C1=O,0.18,9.744727494896694,9.744727494896694,,1,active
CHEMBL3693976,COc1cc(C(=O)O)ccc1NC(=O)[C@@H]1NC2(CCCCC2)[C@@]2(C(=O)Nc3cc(Cl)ccc32)[C@H]1c1cccc(Cl)c1F,COc1cc(C(=O)O)ccc1NC(=O)[C@@H]1NC2(CCCCC2)[C@@]2(C(=O)Nc3cc(Cl)ccc32)[C@H]1c1cccc(Cl)c1F,4.7,8.327902142064282,8.327902142064282,,1,active
CHEMBL3109048,COc1cc(C(=O)O)ccc1NC(=O)[C@@H]1N[C@@H](CC(C)(C)C)[C@@]2(C(=O)Nc3cc(Cl)cnc32)[C@H]1c1cccc(Cl)c1F,COc1cc(C(=O)O)ccc1NC(=O)[C@@H]1N[C@@H](CC(C)(C)C)[C@@]2(C(=O)Nc3cc(Cl)cnc32)[C@H]1c1cccc(Cl)c1F,46.0,7.337242168318426,7.337242168318426,,1,active
CHEMBL3109052,COc1cc(C(=O)O)ccc1NC(=O)[C@@H]1N[C@@H](CC(C)(C)C)[C@@]2(C(=O)Nc3cc(Cl)ncc32)[C@H]1c1cccc(Cl)c1F,COc1cc(C(=O)O)ccc1NC(=O)[C@@H]1N[C@@H](CC(C)(C)C)[C@@]2(C(=O)Nc3cc(Cl)ncc32)[C@H]1c1cccc(Cl)c1F,47.0,7.327902142064282,7.327902142064282,,1,active
CHEMBL3109041,COc1cc(C(=O)O)ccc1NC(=O)[C@@H]1N[C@@H](CC(C)(C)C)[C@@]2(C(=O)Nc3cc(Cl)sc32)[C@H]1c1cccc(Cl)c1F,COc1cc(C(=O)O)ccc1NC(=O)[C@@H]1N[C@@H](CC(C)(C)C)[C@@]2(C(=O)Nc3cc(Cl)sc32)[C@H]1c1cccc(Cl)c1F,7.0,8.154901959985743,8.154901959985743,,1,active
CHEMBL3109054,COc1cc(C(=O)O)ccc1NC(=O)[C@@H]1N[C@@H](CC(C)(C)C)[C@@]2(C(=O)Nc3ccncc32)[C@H]1c1cccc(Cl)c1F,COc1cc(C(=O)O)ccc1NC(=O)[C@@H]1N[C@@H](CC(C)(C)C)[C@@]2(C(=O)Nc3ccncc32)[C@H]1c1cccc(Cl)c1F,52.0,7.2839966563652006,7.2839966563652006,,1,active
CHEMBL3109049,COc1cc(C(=O)O)ccc1NC(=O)[C@@H]1N[C@@H](CC(C)(C)C)[C@@]2(C(=O)Nc3nc(Cl)ccc32)[C@H]1c1cccc(Cl)c1F,COc1cc(C(=O)O)ccc1NC(=O)[C@@H]1N[C@@H](CC(C)(C)C)[C@@]2(C(=O)Nc3nc(Cl)ccc32)[C@H]1c1cccc(Cl)c1F,18.0,7.7447274948966935,7.7447274948966935,,1,active
CHEMBL3109046,COc1cc(C(=O)O)ccc1NC(=O)[C@@H]1N[C@@H](CC(C)(C)C)[C@@]2(C(=O)Nc3nc(Cl)ncc32)[C@H]1c1cccc(Cl)c1F,COc1cc(C(=O)O)ccc1NC(=O)[C@@H]1N[C@@H](CC(C)(C)C)[C@@]2(C(=O)Nc3nc(Cl)ncc32)[C@H]1c1cccc(Cl)c1F,25.0,7.6020599913279625,7.6020599913279625,,1,active
CHEMBL3109050,COc1cc(C(=O)O)ccc1NC(=O)[C@@H]1N[C@@H](CC(C)(C)C)[C@@]2(C(=O)Nc3ncccc32)[C@H]1c1cccc(Cl)c1F,COc1cc(C(=O)O)ccc1NC(=O)[C@@H]1N[C@@H](CC(C)(C)C)[C@@]2(C(=O)Nc3ncccc32)[C@H]1c1cccc(Cl)c1F,52.0,7.2839966563652006,7.2839966563652006,,1,active
CHEMBL2402737,COc1cc(C(=O)O)ccc1NC(=O)[C@@H]1N[C@@H](CC(C)(C)C)[C@](C#N)(c2ccc(Cl)cc2F)[C@H]1c1cccc(Cl)c1F,COc1cc(C(=O)O)ccc1NC(=O)[C@@H]1N[C@@H](CC(C)(C)C)[C@](C#N)(c2ccc(Cl)cc2F)[C@H]1c1cccc(Cl)c1F,6.0,8.221848749616356,8.221848749616356,,2,active
CHEMBL5196857,COc1cc(C(=O)O)ccc1NC(=O)[C@@H]1N[C@@H](CC(C)(C)C)[C@](C)(c2ccc(Cl)cc2F)[C@H]1c1cccc(Cl)c1F,COc1cc(C(=O)O)ccc1NC(=O)[C@@H]1N[C@@H](CC(C)(C)C)[C@](C)(c2ccc(Cl)cc2F)[C@H]1c1cccc(Cl)c1F,6.0,8.221848749616356,8.221848749616356,,1,active
CHEMBL6015392,COc1cc(C(=O)O)ccc1NC(=O)[C@@H]1N[C@@H](CC(C)(C)CF)[C@@]2(C(=O)Nc3cc(Cl)ccc32)C1c1cccc(Cl)c1F,COc1cc(C(=O)O)ccc1NC(=O)[C@@H]1N[C@@H](CC(C)(C)CF)[C@@]2(C(=O)Nc3cc(Cl)ccc32)C1c1cccc(Cl)c1F,3.6,8.443697499232712,8.443697499232712,,1,active
CHEMBL5835750,COc1cc(C(=O)O)ccc1NC(=O)[C@@H]1N[C@@H](CC(C)(C)CF)[C@@]2(C(=O)Nc3cc(Cl)ccc32)[C@H]1c1cccc(Cl)c1F,COc1cc(C(=O)O)ccc1NC(=O)[C@@H]1N[C@@H](CC(C)(C)CF)[C@@]2(C(=O)Nc3cc(Cl)ccc32)[C@H]1c1cccc(Cl)c1F,3.6,8.443697499232712,8.443697499232712,,1,active
CHEMBL5915530,COc1cc(C(=O)O)ccc1NC(=O)[C@@H]1N[C@@H](CC2(CF)CC2)C2(C(=O)Nc3cc(Cl)ccc32)[C@H]1c1cccc(Cl)c1F,COc1cc(C(=O)O)ccc1NC(=O)[C@@H]1N[C@@H](CC2(CF)CC2)C2(C(=O)Nc3cc(Cl)ccc32)[C@H]1c1cccc(Cl)c1F,7.2,8.142667503568731,8.142667503568731,,1,active
CHEMBL5747545,COc1cc(C(=O)O)ccc1NC(=O)[C@@H]1N[C@@H](CC2(CF)CC2)[C@@]2(C(=O)Nc3cc(Cl)ccc32)[C@H]1c1cccc(Cl)c1F,COc1cc(C(=O)O)ccc1NC(=O)[C@@H]1N[C@@H](CC2(CF)CC2)[C@@]2(C(=O)Nc3cc(Cl)ccc32)[C@H]1c1cccc(Cl)c1F,7.2,8.142667503568731,8.142667503568731,,1,active
CHEMBL5750094,COc1cc(C(=O)O)ccc1NC(=O)[C@@H]1N[C@@H](C[C@@H](C)C(F)(F)F)[C@@]2(C(=O)Nc3cc(Cl)ccc32)[C@H]1c1cccc(Cl)c1F,COc1cc(C(=O)O)ccc1NC(=O)[C@@H]1N[C@@H](C[C@@H](C)C(F)(F)F)[C@@]2(C(=O)Nc3cc(Cl)ccc32)[C@H]1c1cccc(Cl)c1F,5.4,8.293182501400722,8.293182501400722,,2,active
CHEMBL5842513,COc1cc(C(=O)O)ccc1NC(=O)[C@@H]1N[C@@H](C[C@H](C)C(F)(F)F)[C@@]2(C(=O)Nc3cc(Cl)ccc32)[C@H]1c1cccc(Cl)c1F,COc1cc(C(=O)O)ccc1NC(=O)[C@@H]1N[C@@H](C[C@H](C)C(F)(F)F)[C@@]2(C(=O)Nc3cc(Cl)ccc32)[C@H]1c1cccc(Cl)c1F,5.4,8.293182501400722,8.293182501400722,,2,active
CHEMBL3109038,COc1cc(C(=O)O)ccc1NC(=O)[C@H]1N[C@H](CC(C)(C)C)[C@]2(C(=O)Nc3cc(Cl)sc32)[C@@H]1c1cccc(Cl)c1F,COc1cc(C(=O)O)ccc1NC(=O)[C@H]1N[C@H](CC(C)(C)C)[C@]2(C(=O)Nc3cc(Cl)sc32)[C@@H]1c1cccc(Cl)c1F,57.0,7.2441251443275085,7.2441251443275085,,1,active
CHEMBL3703320,COc1cc(C(=O)OC(C)OC(=O)C(C)C)ccc1NC(=O)[C@@H]1N[C@@H](CC(C)(C)C)[C@](C#N)(c2ccc(Cl)cc2F)[C@H]1c1cccc(Cl)c1F,COc1cc(C(=O)OC(C)OC(=O)C(C)C)ccc1NC(=O)[C@@H]1N[C@@H](CC(C)(C)C)[C@](C#N)(c2ccc(Cl)cc2F)[C@H]1c1cccc(Cl)c1F,14.5,7.838631997765026,7.838631997765026,,1,active
CHEMBL3703326,COc1cc(C(=O)OC(C)OC(=O)N2CCN(C(=O)OC(C)(C)C)CC2)ccc1NC(=O)[C@@H]1N[C@@H](CC(C)(C)C)[C@](C#N)(c2ccc(Cl)cc2F)[C@H]1c1cccc(Cl)c1F,COc1cc(C(=O)OC(C)OC(=O)N2CCN(C(=O)OC(C)(C)C)CC2)ccc1NC(=O)[C@@H]1N[C@@H](CC(C)(C)C)[C@](C#N)(c2ccc(Cl)cc2F)[C@H]1c1cccc(Cl)c1F,23.8,7.623423042943488,7.623423042943488,,1,active
CHEMBL3703318,COc1cc(C(=O)OC(C)OC(=O)N2CCN(C)CC2)ccc1NC(=O)[C@@H]1N[C@@H](CC(C)(C)C)[C@](C#N)(c2ccc(Cl)cc2F)[C@H]1c1cccc(Cl)c1F,COc1cc(C(=O)OC(C)OC(=O)N2CCN(C)CC2)ccc1NC(=O)[C@@H]1N[C@@H](CC(C)(C)C)[C@](C#N)(c2ccc(Cl)cc2F)[C@H]1c1cccc(Cl)c1F,18.7,7.7281583934635005,7.7281583934635005,,1,active
CHEMBL3703327,COc1cc(C(=O)OC(C)OC(=O)N2CCNCC2)ccc1NC(=O)[C@@H]1N[C@@H](CC(C)(C)C)[C@](C#N)(c2ccc(Cl)cc2F)[C@H]1c1cccc(Cl)c1F,COc1cc(C(=O)OC(C)OC(=O)N2CCNCC2)ccc1NC(=O)[C@@H]1N[C@@H](CC(C)(C)C)[C@](C#N)(c2ccc(Cl)cc2F)[C@H]1c1cccc(Cl)c1F,14.2,7.847711655616943,7.847711655616943,,1,active
CHEMBL3703324,COc1cc(C(=O)OC(C)OC(=O)N2CCOCC2)ccc1NC(=O)[C@@H]1N[C@@H](CC(C)(C)C)[C@](C#N)(c2ccc(Cl)cc2F)[C@H]1c1cccc(Cl)c1F,COc1cc(C(=O)OC(C)OC(=O)N2CCOCC2)ccc1NC(=O)[C@@H]1N[C@@H](CC(C)(C)C)[C@](C#N)(c2ccc(Cl)cc2F)[C@H]1c1cccc(Cl)c1F,53.6,7.27083521030723,7.27083521030723,,1,active
CHEMBL3703328,COc1cc(C(=O)OC(C)OC(=O)N2CCS(=O)(=O)CC2)ccc1NC(=O)[C@@H]1N[C@@H](CC(C)(C)C)[C@](C#N)(c2ccc(Cl)cc2F)[C@H]1c1cccc(Cl)c1F,COc1cc(C(=O)OC(C)OC(=O)N2CCS(=O)(=O)CC2)ccc1NC(=O)[C@@H]1N[C@@H](CC(C)(C)C)[C@](C#N)(c2ccc(Cl)cc2F)[C@H]1c1cccc(Cl)c1F,12.0,7.920818753952375,7.920818753952375,,1,active
CHEMBL3703331,COc1cc(C(=O)OC(C)OC(=O)NC2CCOCC2)ccc1NC(=O)[C@@H]1N[C@@H](CC(C)(C)C)[C@](C#N)(c2ccc(Cl)cc2F)[C@H]1c1cccc(Cl)c1F,COc1cc(C(=O)OC(C)OC(=O)NC2CCOCC2)ccc1NC(=O)[C@@H]1N[C@@H](CC(C)(C)C)[C@](C#N)(c2ccc(Cl)cc2F)[C@H]1c1cccc(Cl)c1F,11.7,7.931814138253838,7.931814138253838,,1,active
CHEMBL3703338,COc1cc(C(=O)OC(C)OC(=O)NCC(=O)O)ccc1NC(=O)[C@@H]1N[C@@H](CC(C)(C)C)[C@](C#N)(c2ccc(Cl)cc2F)[C@H]1c1cccc(Cl)c1F,COc1cc(C(=O)OC(C)OC(=O)NCC(=O)O)ccc1NC(=O)[C@@H]1N[C@@H](CC(C)(C)C)[C@](C#N)(c2ccc(Cl)cc2F)[C@H]1c1cccc(Cl)c1F,4.39,8.357535479757878,8.357535479757878,,1,active
CHEMBL3703337,COc1cc(C(=O)OC(C)OC(=O)NCC(=O)OCc2ccccc2)ccc1NC(=O)[C@@H]1N[C@@H](CC(C)(C)C)[C@](C#N)(c2ccc(Cl)cc2F)[C@H]1c1cccc(Cl)c1F,COc1cc(C(=O)OC(C)OC(=O)NCC(=O)OCc2ccccc2)ccc1NC(=O)[C@@H]1N[C@@H](CC(C)(C)C)[C@](C#N)(c2ccc(Cl)cc2F)[C@H]1c1cccc(Cl)c1F,11.0,7.958607314841775,7.958607314841775,,1,active
CHEMBL3703330,COc1cc(C(=O)OC(C)OC(=O)NCC(O)CO)ccc1NC(=O)[C@@H]1N[C@@H](CC(C)(C)C)[C@](C#N)(c2ccc(Cl)cc2F)[C@H]1c1cccc(Cl)c1F,COc1cc(C(=O)OC(C)OC(=O)NCC(O)CO)ccc1NC(=O)[C@@H]1N[C@@H](CC(C)(C)C)[C@](C#N)(c2ccc(Cl)cc2F)[C@H]1c1cccc(Cl)c1F,13.4,7.872895201635192,7.872895201635192,,1,active
CHEMBL3703329,COc1cc(C(=O)OC(C)OC(=O)NCC2COC(C)(C)O2)ccc1NC(=O)[C@@H]1N[C@@H](CC(C)(C)C)[C@](C#N)(c2ccc(Cl)cc2F)[C@H]1c1cccc(Cl)c1F,COc1cc(C(=O)OC(C)OC(=O)NCC2COC(C)(C)O2)ccc1NC(=O)[C@@H]1N[C@@H](CC(C)(C)C)[C@](C#N)(c2ccc(Cl)cc2F)[C@H]1c1cccc(Cl)c1F,12.8,7.892790030352131,7.892790030352131,,1,active
CHEMBL3986603,COc1cc(C(=O)OC(C)OC(=O)N[C@@H](CCC(=O)OCc2ccccc2)C(=O)OCc2ccccc2)ccc1NC(=O)[C@@H]1N[C@@H](CC(C)(C)C)[C@](C#N)(c2ccc(Cl)cc2F)[C@H]1c1cccc(Cl)c1F.COc1cc(C(=O)OCOC(=O)NCC(=O)OCc2ccccc2)ccc1NC(=O)[C@@H]1N[C@@H](CC(C)(C)C)[C@](C#N)(c2ccc(Cl)cc2F)[C@H]1c1cccc(Cl)c1F,COc1cc(C(=O)OC(C)OC(=O)N[C@@H](CCC(=O)OCc2ccccc2)C(=O)OCc2ccccc2)ccc1NC(=O)[C@@H]1N[C@@H](CC(C)(C)C)[C@](C#N)(c2ccc(Cl)cc2F)[C@H]1c1cccc(Cl)c1F.COc1cc(C(=O)OCOC(=O)NCC(=O)OCc2ccccc2)ccc1NC(=O)[C@@H]1N[C@@H](CC(C)(C)C)[C@](C#N)(c2ccc(Cl)cc2F)[C@H]1c1cccc(Cl)c1F,5.82,8.235077015350111,8.235077015350111,,1,active
CHEMBL3703323,COc1cc(C(=O)OC(C)OC(=O)OC(C)C)ccc1NC(=O)[C@@H]1N[C@@H](CC(C)(C)C)[C@](C#N)(c2ccc(Cl)cc2F)[C@H]1c1cccc(Cl)c1F,COc1cc(C(=O)OC(C)OC(=O)OC(C)C)ccc1NC(=O)[C@@H]1N[C@@H](CC(C)(C)C)[C@](C#N)(c2ccc(Cl)cc2F)[C@H]1c1cccc(Cl)c1F,116.0,6.935542010773082,6.935542010773082,,1,active
CHEMBL3703322,COc1cc(C(=O)OC(C)OC(=O)OC2CCCCC2)ccc1NC(=O)[C@@H]1N[C@@H](CC(C)(C)C)[C@](C#N)(c2ccc(Cl)cc2F)[C@H]1c1cccc(Cl)c1F,COc1cc(C(=O)OC(C)OC(=O)OC2CCCCC2)ccc1NC(=O)[C@@H]1N[C@@H](CC(C)(C)C)[C@](C#N)(c2ccc(Cl)cc2F)[C@H]1c1cccc(Cl)c1F,53.6,7.27083521030723,7.27083521030723,,1,active
CHEMBL3703359,COc1cc(C(=O)OC(C)OC(=O)OCCOCCOCCOCCOP(=O)(O)O)ccc1NC(=O)[C@@H]1N[C@@H](CC(C)(C)C)[C@](C#N)(c2ccc(Cl)cc2F)[C@H]1c1cccc(Cl)c1F,COc1cc(C(=O)OC(C)OC(=O)OCCOCCOCCOCCOP(=O)(O)O)ccc1NC(=O)[C@@H]1N[C@@H](CC(C)(C)C)[C@](C#N)(c2ccc(Cl)cc2F)[C@H]1c1cccc(Cl)c1F,4.75,8.323306390375134,8.323306390375134,,1,active
CHEMBL3703358,COc1cc(C(=O)OC(C)OC(=O)OCCOCCOCCOCCOP(=O)(OCc2ccccc2)OCc2ccccc2)ccc1NC(=O)[C@@H]1N[C@@H](CC(C)(C)C)[C@](C#N)(c2ccc(Cl)cc2F)[C@H]1c1cccc(Cl)c1F,COc1cc(C(=O)OC(C)OC(=O)OCCOCCOCCOCCOP(=O)(OCc2ccccc2)OCc2ccccc2)ccc1NC(=O)[C@@H]1N[C@@H](CC(C)(C)C)[C@](C#N)(c2ccc(Cl)cc2F)[C@H]1c1cccc(Cl)c1F,4.21,8.375717904164333,8.375717904164333,,1,active
CHEMBL3703357,COc1cc(C(=O)OC(C)OC(=O)O[C@@H]2[C@@H](O)[C@@H](O)O[C@@H]2[C@H](O)CO)ccc1NC(=O)[C@@H]1N[C@@H](CC(C)(C)C)[C@](C#N)(c2ccc(Cl)cc2F)[C@H]1c1cccc(Cl)c1F,COc1cc(C(=O)OC(C)OC(=O)O[C@@H]2[C@@H](O)[C@@H](O)O[C@@H]2[C@H](O)CO)ccc1NC(=O)[C@@H]1N[C@@H](CC(C)(C)C)[C@](C#N)(c2ccc(Cl)cc2F)[C@H]1c1cccc(Cl)c1F,3.4,8.468521082957745,8.468521082957745,,1,active
CHEMBL3703356,COc1cc(C(=O)OC(C)OC(=O)O[C@H]2[C@@H]([C@H]3COC(C)(C)O3)C[C@@H]3OC(C)(C)O[C@H]23)ccc1NC(=O)[C@@H]1N[C@@H](CC(C)(C)C)[C@](C#N)(c2ccc(Cl)cc2F)[C@H]1c1cccc(Cl)c1F,COc1cc(C(=O)OC(C)OC(=O)O[C@H]2[C@@H]([C@H]3COC(C)(C)O3)C[C@@H]3OC(C)(C)O[C@H]23)ccc1NC(=O)[C@@H]1N[C@@H](CC(C)(C)C)[C@](C#N)(c2ccc(Cl)cc2F)[C@H]1c1cccc(Cl)c1F,26.7,7.573488738635425,7.573488738635425,,1,active
CHEMBL3703319,COc1cc(C(=O)OC(C)OC(C)=O)ccc1NC(=O)[C@@H]1N[C@@H](CC(C)(C)C)[C@](C#N)(c2ccc(Cl)cc2F)[C@H]1c1cccc(Cl)c1F,COc1cc(C(=O)OC(C)OC(C)=O)ccc1NC(=O)[C@@H]1N[C@@H](CC(C)(C)C)[C@](C#N)(c2ccc(Cl)cc2F)[C@H]1c1cccc(Cl)c1F,10.4,7.982966660701219,7.982966660701219,,1,active
CHEMBL3703340,COc1cc(C(=O)OCOC(=O)NCC(=O)O)ccc1NC(=O)[C@@H]1N[C@@H](CC(C)(C)C)[C@](C#N)(c2ccc(Cl)cc2F)[C@H]1c1cccc(Cl)c1F,COc1cc(C(=O)OCOC(=O)NCC(=O)O)ccc1NC(=O)[C@@H]1N[C@@H](CC(C)(C)C)[C@](C#N)(c2ccc(Cl)cc2F)[C@H]1c1cccc(Cl)c1F,8.19,8.086716098239581,8.086716098239581,,1,active
CHEMBL3703352,COc1cc(C(=O)OCOC(=O)N[C@@H](C)C(=O)O)ccc1NC(=O)[C@@H]1NC(CC(C)(C)C)[C@](C#N)(c2ccc(Cl)cc2F)C1c1cccc(Cl)c1F,COc1cc(C(=O)OCOC(=O)N[C@@H](C)C(=O)O)ccc1NC(=O)[C@@H]1NC(CC(C)(C)C)[C@](C#N)(c2ccc(Cl)cc2F)C1c1cccc(Cl)c1F,6.96,8.157390760389438,8.157390760389438,,1,active
CHEMBL3703342,COc1cc(C(=O)OCOC(=O)N[C@@H](CCC(=O)O)C(=O)O)ccc1NC(=O)[C@@H]1N[C@@H](CC(C)(C)C)[C@](C#N)(c2ccc(Cl)cc2F)[C@H]1c1cccc(Cl)c1F,COc1cc(C(=O)OCOC(=O)N[C@@H](CCC(=O)O)C(=O)O)ccc1NC(=O)[C@@H]1N[C@@H](CC(C)(C)C)[C@](C#N)(c2ccc(Cl)cc2F)[C@H]1c1cccc(Cl)c1F,162.0,6.790484985457369,6.790484985457369,,1,active
CHEMBL3703341,COc1cc(C(=O)OCOC(=O)N[C@@H](CCC(=O)OCc2ccccc2)C(=O)OCc2ccccc2)ccc1NC(=O)[C@@H]1N[C@@H](CC(C)(C)C)[C@](C#N)(c2ccc(Cl)cc2F)[C@H]1c1cccc(Cl)c1F,COc1cc(C(=O)OCOC(=O)N[C@@H](CCC(=O)OCc2ccccc2)C(=O)OCc2ccccc2)ccc1NC(=O)[C@@H]1N[C@@H](CC(C)(C)C)[C@](C#N)(c2ccc(Cl)cc2F)[C@H]1c1cccc(Cl)c1F,4.3,8.366531544420413,8.366531544420413,,1,active
CHEMBL3703354,COc1cc(C(=O)OCOC(=O)OCCOCCOCCOCCOP(=O)(O)O)ccc1NC(=O)[C@@H]1N[C@@H](CC(C)(C)C)[C@](C#N)(c2ccc(Cl)cc2F)[C@H]1c1cccc(Cl)c1F,COc1cc(C(=O)OCOC(=O)OCCOCCOCCOCCOP(=O)(O)O)ccc1NC(=O)[C@@H]1N[C@@H](CC(C)(C)C)[C@](C#N)(c2ccc(Cl)cc2F)[C@H]1c1cccc(Cl)c1F,26.5,7.576754126063192,7.576754126063192,,1,active
CHEMBL3703353,COc1cc(C(=O)OCOC(=O)OCCOCCOCCOCCOP(=O)(OCc2ccccc2)OCc2ccccc2)ccc1NC(=O)[C@@H]1N[C@@H](CC(C)(C)C)[C@](C#N)(c2ccc(Cl)cc2F)[C@H]1c1cccc(Cl)c1F,COc1cc(C(=O)OCOC(=O)OCCOCCOCCOCCOP(=O)(OCc2ccccc2)OCc2ccccc2)ccc1NC(=O)[C@@H]1N[C@@H](CC(C)(C)C)[C@](C#N)(c2ccc(Cl)cc2F)[C@H]1c1cccc(Cl)c1F,80.1,7.096367483915762,7.096367483915762,,1,active
CHEMBL3703321,COc1cc(C(=O)OCOC(C)=O)ccc1NC(=O)[C@@H]1N[C@@H](CC(C)(C)C)[C@](C#N)(c2ccc(Cl)cc2F)[C@H]1c1cccc(Cl)c1F,COc1cc(C(=O)OCOC(C)=O)ccc1NC(=O)[C@@H]1N[C@@H](CC(C)(C)C)[C@](C#N)(c2ccc(Cl)cc2F)[C@H]1c1cccc(Cl)c1F,45.0,7.346787486224656,7.346787486224656,,1,active
CHEMBL3703355,COc1cc(C(=O)OCOP(=O)(O)O)ccc1NC(=O)[C@@H]1N[C@@H](CC(C)(C)C)[C@](C#N)(c2ccc(Cl)cc2F)[C@H]1c1cccc(Cl)c1F,COc1cc(C(=O)OCOP(=O)(O)O)ccc1NC(=O)[C@@H]1N[C@@H](CC(C)(C)C)[C@](C#N)(c2ccc(Cl)cc2F)[C@H]1c1cccc(Cl)c1F,5.14,8.289036881004725,8.289036881004725,,1,active
CHEMBL3703316,COc1cc(C(=O)OCOP(=O)(OC(C)(C)C)OC(C)(C)C)ccc1NC(=O)[C@@H]1N[C@@H](CC(C)(C)C)[C@](C#N)(c2ccc(Cl)cc2F)[C@H]1c1cccc(Cl)c1F,COc1cc(C(=O)OCOP(=O)(OC(C)(C)C)OC(C)(C)C)ccc1NC(=O)[C@@H]1N[C@@H](CC(C)(C)C)[C@](C#N)(c2ccc(Cl)cc2F)[C@H]1c1cccc(Cl)c1F,10.8,7.966576244513051,7.966576244513051,,1,active
CHEMBL3703325,COc1cc(C(=O)O[C@@H](C)OC(=O)N2CCOCC2)ccc1NC(=O)[C@@H]1N[C@@H](CC(C)(C)C)[C@](C#N)(c2ccc(Cl)cc2F)[C@H]1c1cccc(Cl)c1F,COc1cc(C(=O)O[C@@H](C)OC(=O)N2CCOCC2)ccc1NC(=O)[C@@H]1N[C@@H](CC(C)(C)C)[C@](C#N)(c2ccc(Cl)cc2F)[C@H]1c1cccc(Cl)c1F,10.1,7.995678626217357,7.995678626217357,,1,active
CHEMBL3703360,COc1cc(C(=O)O[C@H](C)OC(=O)N2CCOCC2)ccc1NC(=O)[C@@H]1N[C@@H](CC(C)(C)C)[C@](C#N)(c2ccc(Cl)cc2F)[C@H]1c1cccc(Cl)c1F,COc1cc(C(=O)O[C@H](C)OC(=O)N2CCOCC2)ccc1NC(=O)[C@@H]1N[C@@H](CC(C)(C)C)[C@](C#N)(c2ccc(Cl)cc2F)[C@H]1c1cccc(Cl)c1F,19.4,7.7121982700697735,7.7121982700697735,,1,active
CHEMBL3109051,COc1cc(C(N)=O)ccc1NC(=O)C1NC(CC(C)(C)C)C2(C(=O)Nc3cc(Cl)ncc32)C1c1cccc(Cl)c1F,COc1cc(C(N)=O)ccc1NC(=O)C1NC(CC(C)(C)C)C2(C(=O)Nc3cc(Cl)ncc32)C1c1cccc(Cl)c1F,17.0,7.769551078621726,7.769551078621726,,1,active
CHEMBL3109043,COc1cc(C(N)=O)ccc1NC(=O)C1NC(CC(C)(C)C)C2(C(=O)Nc3cc(Cl)sc32)C1c1cccc(Cl)c1F,COc1cc(C(N)=O)ccc1NC(=O)C1NC(CC(C)(C)C)C2(C(=O)Nc3cc(Cl)sc32)C1c1cccc(Cl)c1F,40.0,7.3979400086720375,7.3979400086720375,,1,active
CHEMBL4101295,COc1cc(C(N)=O)ccc1NC(=O)[C@@H]1NC2(CCCCC2)[C@@]2(C(=O)Nc3cc(Cl)ccc32)[C@H]1c1cccc(Cl)c1F,COc1cc(C(N)=O)ccc1NC(=O)[C@@H]1NC2(CCCCC2)[C@@]2(C(=O)Nc3cc(Cl)ccc32)[C@H]1c1cccc(Cl)c1F,14.0,7.853871964321762,7.853871964321762,,1,active
CHEMBL3109036,COc1cc(C(N)=O)ccc1NC(=O)[C@@H]1N[C@@H](CC(C)(C)C)[C@@]2(C(=O)Nc3cc(Cl)ccc32)[C@H]1c1cccc(Cl)c1F,COc1cc(C(N)=O)ccc1NC(=O)[C@@H]1N[C@@H](CC(C)(C)C)[C@@]2(C(=O)Nc3cc(Cl)ccc32)[C@H]1c1cccc(Cl)c1F,5.0,8.301029995663981,8.301029995663981,,1,active
CHEMBL3109047,COc1cc(C(N)=O)ccc1NC(=O)[C@@H]1N[C@@H](CC(C)(C)C)[C@@]2(C(=O)Nc3cc(Cl)cnc32)[C@H]1c1cccc(Cl)c1F,COc1cc(C(N)=O)ccc1NC(=O)[C@@H]1N[C@@H](CC(C)(C)C)[C@@]2(C(=O)Nc3cc(Cl)cnc32)[C@H]1c1cccc(Cl)c1F,52.0,7.2839966563652006,7.2839966563652006,,1,active
CHEMBL3109042,COc1cc(C(N)=O)ccc1NC(=O)[C@@H]1N[C@@H](CC(C)(C)C)[C@@]2(C(=O)Nc3cc(Cl)ncc32)[C@H]1c1cccc(Cl)c1F,COc1cc(C(N)=O)ccc1NC(=O)[C@@H]1N[C@@H](CC(C)(C)C)[C@@]2(C(=O)Nc3cc(Cl)ncc32)[C@H]1c1cccc(Cl)c1F,6.0,8.221848749616356,8.221848749616356,,1,active
CHEMBL3109040,COc1cc(C(N)=O)ccc1NC(=O)[C@@H]1N[C@@H](CC(C)(C)C)[C@@]2(C(=O)Nc3cc(Cl)sc32)[C@H]1c1cccc(Cl)c1F,COc1cc(C(N)=O)ccc1NC(=O)[C@@H]1N[C@@H](CC(C)(C)C)[C@@]2(C(=O)Nc3cc(Cl)sc32)[C@H]1c1cccc(Cl)c1F,7.0,8.154901959985743,8.154901959985743,,1,active
CHEMBL3109053,COc1cc(C(N)=O)ccc1NC(=O)[C@@H]1N[C@@H](CC(C)(C)C)[C@@]2(C(=O)Nc3ccncc32)[C@H]1c1cccc(Cl)c1F,COc1cc(C(N)=O)ccc1NC(=O)[C@@H]1N[C@@H](CC(C)(C)C)[C@@]2(C(=O)Nc3ccncc32)[C@H]1c1cccc(Cl)c1F,140.0,6.853871964321762,6.853871964321762,,1,active
CHEMBL3109055,COc1cc(C(N)=O)ccc1NC(=O)[C@@H]1N[C@@H](CC(C)(C)C)[C@@]2(C(=O)Nc3nc(Cl)ccc32)[C@H]1c1cccc(Cl)c1F,COc1cc(C(N)=O)ccc1NC(=O)[C@@H]1N[C@@H](CC(C)(C)C)[C@@]2(C(=O)Nc3nc(Cl)ccc32)[C@H]1c1cccc(Cl)c1F,11.0,7.958607314841775,7.958607314841775,,1,active
CHEMBL3109045,COc1cc(C(N)=O)ccc1NC(=O)[C@@H]1N[C@@H](CC(C)(C)C)[C@@]2(C(=O)Nc3nc(Cl)ncc32)[C@H]1c1cccc(Cl)c1F,COc1cc(C(N)=O)ccc1NC(=O)[C@@H]1N[C@@H](CC(C)(C)C)[C@@]2(C(=O)Nc3nc(Cl)ncc32)[C@H]1c1cccc(Cl)c1F,45.0,7.346787486224656,7.346787486224656,,1,active
CHEMBL5809917,COc1cc(C(N)=O)ccc1NC(=O)[C@@H]1N[C@@H](CC(C)(C)CF)[C@@]2(C(=O)Nc3cc(Cl)ccc32)C1c1cccc(Cl)c1F,COc1cc(C(N)=O)ccc1NC(=O)[C@@H]1N[C@@H](CC(C)(C)CF)[C@@]2(C(=O)Nc3cc(Cl)ccc32)C1c1cccc(Cl)c1F,3.6,8.443697499232712,8.443697499232712,,1,active
CHEMBL5776083,COc1cc(C(N)=O)ccc1NC(=O)[C@@H]1N[C@@H](CC2(CF)CC2)C2(C(=O)Nc3cc(Cl)ccc32)[C@H]1c1cccc(Cl)c1F,COc1cc(C(N)=O)ccc1NC(=O)[C@@H]1N[C@@H](CC2(CF)CC2)C2(C(=O)Nc3cc(Cl)ccc32)[C@H]1c1cccc(Cl)c1F,7.2,8.142667503568731,8.142667503568731,,1,active
CHEMBL6005820,COc1cc(C(N)=O)ccc1NC(=O)[C@@H]1N[C@@H](CC2(CF)CC2)[C@@]2(C(=O)Nc3cc(Cl)ccc32)[C@H]1c1cccc(Cl)c1F,COc1cc(C(N)=O)ccc1NC(=O)[C@@H]1N[C@@H](CC2(CF)CC2)[C@@]2(C(=O)Nc3cc(Cl)ccc32)[C@H]1c1cccc(Cl)c1F,7.2,8.142667503568731,8.142667503568731,,1,active
CHEMBL5877097,COc1cc(C(N)=O)ccc1NC(=O)[C@@H]1N[C@@H](C[C@@H](C)C(F)(F)F)[C@@]2(C(=O)Nc3cc(Cl)ccc32)[C@H]1c1cccc(Cl)c1F,COc1cc(C(N)=O)ccc1NC(=O)[C@@H]1N[C@@H](C[C@@H](C)C(F)(F)F)[C@@]2(C(=O)Nc3cc(Cl)ccc32)[C@H]1c1cccc(Cl)c1F,5.4,8.293182501400722,8.293182501400722,,2,active
CHEMBL6015378,COc1cc(C(N)=O)ccc1NC(=O)[C@@H]1N[C@@H](C[C@H](C)C(F)(F)F)[C@@]2(C(=O)Nc3cc(Cl)ccc32)[C@H]1c1cccc(Cl)c1F,COc1cc(C(N)=O)ccc1NC(=O)[C@@H]1N[C@@H](C[C@H](C)C(F)(F)F)[C@@]2(C(=O)Nc3cc(Cl)ccc32)[C@H]1c1cccc(Cl)c1F,5.4,8.293182501400722,8.293182501400722,,2,active
CHEMBL3109039,COc1cc(C(N)=O)ccc1NC(=O)[C@H]1N[C@H](CC(C)(C)C)[C@]2(C(=O)Nc3cc(Cl)ncc32)[C@@H]1c1cccc(Cl)c1F,COc1cc(C(N)=O)ccc1NC(=O)[C@H]1N[C@H](CC(C)(C)C)[C@]2(C(=O)Nc3cc(Cl)ncc32)[C@@H]1c1cccc(Cl)c1F,5764.0,5.239276027858049,5.239276027858049,,1,intermediate
CHEMBL3109037,COc1cc(C(N)=O)ccc1NC(=O)[C@H]1N[C@H](CC(C)(C)C)[C@]2(C(=O)Nc3cc(Cl)sc32)[C@@H]1c1cccc(Cl)c1F,COc1cc(C(N)=O)ccc1NC(=O)[C@H]1N[C@H](CC(C)(C)C)[C@]2(C(=O)Nc3cc(Cl)sc32)[C@@H]1c1cccc(Cl)c1F,177.0,6.752026733638193,6.752026733638193,,1,active
CHEMBL2313485,COc1cc(C(O)c2c(-c3cc[nH]c3)[nH]c3ccccc23)cc(OC)c1OC,COc1cc(C(O)c2c(-c3cc[nH]c3)[nH]c3ccccc23)cc(OC)c1OC,90.0,7.045757490560675,7.045757490560675,,1,active
CHEMBL5805903,COc1cc(C)cc(-c2nc3nc(C(=O)O)nc(N[C@H](C)C4CCC4)c3n2Cc2ccc(C(F)(F)F)cc2)c1,COc1cc(C)cc(-c2nc3nc(C(=O)O)nc(N[C@H](C)C4CCC4)c3n2Cc2ccc(C(F)(F)F)cc2)c1,53.62,7.270673190353139,7.270673190353139,,1,active
CHEMBL462089,COc1cc(CCN(C)C)c2c(c1O)SSSSS2,COc1cc(CCN(C)C)c2c(c1O)SSSSS2,58600.0,4.23210238398191,4.23210238398191,,1,inactive
CHEMBL3653219,COc1cc(CN)ccc1-c1nc2c(n1C(C)C)C(c1ccc(Cl)cc1)N(c1cc(Cl)ccc1C)C2=O,COc1cc(CN)ccc1-c1nc2c(n1C(C)C)C(c1ccc(Cl)cc1)N(c1cc(Cl)ccc1C)C2=O,0.17,9.769551078621726,9.769551078621726,,1,active
CHEMBL3653177,COc1cc(CO)ccc1-c1nc2c(n1C(C)C)C(c1ccc(Cl)cc1)N(c1cc(Cl)ccc1C)C2=O,COc1cc(CO)ccc1-c1nc2c(n1C(C)C)C(c1ccc(Cl)cc1)N(c1cc(Cl)ccc1C)C2=O,0.12,9.920818753952375,9.920818753952375,,1,active
CHEMBL3653178,COc1cc(CO)ccc1-c1nc2c(n1C(C)C)C(c1ccc(Cl)cc1C)N(c1cc(Cl)ccc1C)C2=O,COc1cc(CO)ccc1-c1nc2c(n1C(C)C)C(c1ccc(Cl)cc1C)N(c1cc(Cl)ccc1C)C2=O,0.13,9.886056647693163,9.886056647693163,,1,active
CHEMBL5596017,COc1cc(Cc2c(-c3ccccc3)[nH]c3cc(C)ccc23)cc(OC)c1OC,COc1cc(Cc2c(-c3ccccc3)[nH]c3cc(C)ccc23)cc(OC)c1OC,300.0,6.522878745280337,6.522878745280337,,1,active
CHEMBL5199785,COc1cc(Cc2c(-c3ccn(S(=O)(=O)c4ccccc4)c3)[nH]c3ccccc23)cc(O)c1OC,COc1cc(Cc2c(-c3ccn(S(=O)(=O)c4ccccc4)c3)[nH]c3ccccc23)cc(O)c1OC,10.6,7.97469413473523,7.97469413473523,,1,active
CHEMBL2313487,COc1cc(Cc2c(-c3ccn(S(=O)(=O)c4ccccc4)c3)[nH]c3ccccc23)cc(OC)c1OC,COc1cc(Cc2c(-c3ccn(S(=O)(=O)c4ccccc4)c3)[nH]c3ccccc23)cc(OC)c1OC,10.0,8.0,8.0,,1,active
CHEMBL3703674,COc1cc(Cl)cnc1NC(c1ccc(OC)c(OC)c1OC)c1ccc2cccnc2c1O,COc1cc(Cl)cnc1NC(c1ccc(OC)c(OC)c1OC)c1ccc2cccnc2c1O,20000.0,4.698970004336019,4.698970004336019,,1,inactive
CHEMBL3407575,COc1cc(NC(=O)C[C@@]2(C)C[C@H](c3cccc(Cl)c3)[C@@H](c3ccc(Cl)c(F)c3)N([C@H](CS(=O)(=O)C(C)(C)C)C3CC3)C2=O)ccc1C(=O)O,COc1cc(NC(=O)C[C@@]2(C)C[C@H](c3cccc(Cl)c3)[C@@H](c3ccc(Cl)c(F)c3)N([C@H](CS(=O)(=O)C(C)(C)C)C3CC3)C2=O)ccc1C(=O)O,0.6,9.221848749616356,9.221848749616356,,1,active
CHEMBL3407558,COc1cc(NC(=O)C[C@@]2(C)C[C@H](c3cccc(Cl)c3)[C@@H](c3ccc(Cl)cc3)N([C@H](CS(=O)(=O)C(C)(C)C)C3CC3)C2=O)ccc1C(=O)O,COc1cc(NC(=O)C[C@@]2(C)C[C@H](c3cccc(Cl)c3)[C@@H](c3ccc(Cl)cc3)N([C@H](CS(=O)(=O)C(C)(C)C)C3CC3)C2=O)ccc1C(=O)O,0.315,9.593543321678572,9.593543321678572,,2,active
CHEMBL3407562,COc1cc(NC(=O)C[C@@]2(C)C[C@H](c3cccc(Cl)c3)[C@@H](c3ccc(Cl)cc3)N([C@H](CS(=O)(=O)C(C)(C)C)C3CC3)C2=O)ccc1C(N)=O,COc1cc(NC(=O)C[C@@]2(C)C[C@H](c3cccc(Cl)c3)[C@@H](c3ccc(Cl)cc3)N([C@H](CS(=O)(=O)C(C)(C)C)C3CC3)C2=O)ccc1C(N)=O,0.49,9.309803919971486,9.309803919971486,,1,active
CHEMBL3407576,COc1cc(NC(=O)C[C@@]2(C)C[C@H](c3cccc(Cl)c3F)[C@@H](c3ccc(Cl)cc3)N([C@H](CS(=O)(=O)C(C)(C)C)C3CC3)C2=O)ccc1C(=O)O,COc1cc(NC(=O)C[C@@]2(C)C[C@H](c3cccc(Cl)c3F)[C@@H](c3ccc(Cl)cc3)N([C@H](CS(=O)(=O)C(C)(C)C)C3CC3)C2=O)ccc1C(=O)O,0.5,9.301029995663981,9.301029995663981,,1,active
CHEMBL4066694,COc1cc(NC(=O)[C@@H]2NC3(CCCCC3)[C@@]3(C(=O)Nc4cc(Cl)ccc43)[C@H]2c2cccc(Cl)c2F)ccc1C(=O)O,COc1cc(NC(=O)[C@@H]2NC3(CCCCC3)[C@@]3(C(=O)Nc4cc(Cl)ccc43)[C@H]2c2cccc(Cl)c2F)ccc1C(=O)O,7.5,8.1249387366083,8.1249387366083,,1,active
CHEMBL2402734,COc1cc(NC(=O)[C@@H]2N[C@@H](CC(C)(C)C)[C@](C#N)(c3ccc(Cl)cc3F)[C@H]2c2cccc(Cl)c2F)ccc1C(=O)O,COc1cc(NC(=O)[C@@H]2N[C@@H](CC(C)(C)C)[C@](C#N)(c3ccc(Cl)cc3F)[C@H]2c2cccc(Cl)c2F)ccc1C(=O)O,20.0,7.698970004336019,7.698970004336019,,1,active
CHEMBL5785254,COc1cc(OC(F)(F)F)ccc1Cn1c(-c2cccc(C)c2)cc2nc(C(=O)O)nc(N[C@H](C)C3CCC3)c21,COc1cc(OC(F)(F)F)ccc1Cn1c(-c2cccc(C)c2)cc2nc(C(=O)O)nc(N[C@H](C)C3CCC3)c21,4374.0,5.359121221298382,5.359121221298382,,1,intermediate
CHEMBL5752029,COc1cc(OC)cc(-c2nc3nc(C(=O)O)nc(N[C@H](C)C4CC4)c3n2Cc2ccc(C(F)(F)F)cc2)c1,COc1cc(OC)cc(-c2nc3nc(C(=O)O)nc(N[C@H](C)C4CC4)c3n2Cc2ccc(C(F)(F)F)cc2)c1,454.6,6.342370568611048,6.342370568611048,,1,active
CHEMBL5939537,COc1cc2c(cc1C(=O)N(C)C)nc1n2CC[C@H]2[C@@H]1[C@H](c1cccc(Cl)c1F)[C@]1(C(=O)Nc3cc(Cl)ccc31)N2CC1CC1,COc1cc2c(cc1C(=O)N(C)C)nc1n2CC[C@H]2[C@@H]1[C@H](c1cccc(Cl)c1F)[C@]1(C(=O)Nc3cc(Cl)ccc31)N2CC1CC1,5.0,8.301029995663981,8.301029995663981,,1,active
CHEMBL5847145,COc1cc2c(cc1C(=O)O)nc1n2CC[C@H]2[C@@H]1[C@H](c1cccc(Cl)c1F)[C@]1(C(=O)Nc3cc(Cl)ccc31)N2CC1CC1,COc1cc2c(cc1C(=O)O)nc1n2CC[C@H]2[C@@H]1[C@H](c1cccc(Cl)c1F)[C@]1(C(=O)Nc3cc(Cl)ccc31)N2CC1CC1,2.0,8.698970004336019,8.698970004336019,,1,active
CHEMBL6051757,COc1cc2c(cc1C(N)=O)nc1n2CC[C@H]2[C@@H]1[C@H](c1cccc(Cl)c1F)[C@]1(C(=O)Nc3cc(Cl)ccc31)N2CC(C)C,COc1cc2c(cc1C(N)=O)nc1n2CC[C@H]2[C@@H]1[C@H](c1cccc(Cl)c1F)[C@]1(C(=O)Nc3cc(Cl)ccc31)N2CC(C)C,2.0,8.698970004336019,8.698970004336019,,1,active
CHEMBL3650064,COc1cc2c(cc1OC(C)C)C(c1ccc(Cl)cc1)N(C1CCC(C(=O)C3CCOCC3)CC1)C(=O)C2,COc1cc2c(cc1OC(C)C)C(c1ccc(Cl)cc1)N(C1CCC(C(=O)C3CCOCC3)CC1)C(=O)C2,610.0,6.214670164989233,6.214670164989233,,1,active
CHEMBL3650071,COc1cc2c(cc1OC(C)C)C(c1ccc(Cl)cc1)N(C1CCC(C(=O)c3cccc(F)c3)CC1)C(=O)C2,COc1cc2c(cc1OC(C)C)C(c1ccc(Cl)cc1)N(C1CCC(C(=O)c3cccc(F)c3)CC1)C(=O)C2,531.0,6.274905478918531,6.274905478918531,,1,active
CHEMBL3650062,COc1cc2c(cc1OC(C)C)C(c1ccc(Cl)cc1)N(C1CCC(C(C)(C)O)CC1)C(=O)C2,COc1cc2c(cc1OC(C)C)C(c1ccc(Cl)cc1)N(C1CCC(C(C)(C)O)CC1)C(=O)C2,55.0,7.259637310505756,7.259637310505756,,1,active
CHEMBL3650067,COc1cc2c(cc1OC(C)C)C(c1ccc(Cl)cc1)N(C1CCC(C(C)(O)C3CCOCC3)CC1)C(=O)C2,COc1cc2c(cc1OC(C)C)C(c1ccc(Cl)cc1)N(C1CCC(C(C)(O)C3CCOCC3)CC1)C(=O)C2,36.0,7.443697499232712,7.443697499232712,,1,active
CHEMBL3650074,COc1cc2c(cc1OC(C)C)C(c1ccc(Cl)cc1)N(C1CCC(C(C)(O)CC(C)C)CC1)C(=O)C2,COc1cc2c(cc1OC(C)C)C(c1ccc(Cl)cc1)N(C1CCC(C(C)(O)CC(C)C)CC1)C(=O)C2,3.9,8.4089353929735,8.4089353929735,,1,active
CHEMBL3650076,COc1cc2c(cc1OC(C)C)C(c1ccc(Cl)cc1)N(C1CCC(C(C)(O)CCC(C)C)CC1)C(=O)C2,COc1cc2c(cc1OC(C)C)C(c1ccc(Cl)cc1)N(C1CCC(C(C)(O)CCC(C)C)CC1)C(=O)C2,7.0,8.154901959985743,8.154901959985743,,1,active
CHEMBL3650072,COc1cc2c(cc1OC(C)C)C(c1ccc(Cl)cc1)N(C1CCC(C(C)(O)c3cccc(F)c3)CC1)C(=O)C2,COc1cc2c(cc1OC(C)C)C(c1ccc(Cl)cc1)N(C1CCC(C(C)(O)c3cccc(F)c3)CC1)C(=O)C2,61.0,7.214670164989233,7.214670164989233,,1,active
CHEMBL3650077,COc1cc2c(cc1OC(C)C)C(c1ccc(Cl)cc1)N(C1CCC(C(C)(O)c3ccoc3)CC1)C(=O)C2,COc1cc2c(cc1OC(C)C)C(c1ccc(Cl)cc1)N(C1CCC(C(C)(O)c3ccoc3)CC1)C(=O)C2,27.6,7.559090917934782,7.559090917934782,,1,active
CHEMBL3650061,COc1cc2c(cc1OC(C)C)C(c1ccc(Cl)cc1)N(C1CCC(C(C)=O)CC1)C(=O)C2,COc1cc2c(cc1OC(C)C)C(c1ccc(Cl)cc1)N(C1CCC(C(C)=O)CC1)C(=O)C2,993.0,6.0030507515046185,6.0030507515046185,,1,active
CHEMBL3650063,COc1cc2c(cc1OC(C)C)C(c1ccc(Cl)cc1)N(C1CCC(C(O)C3CCOCC3)CC1)C(=O)C2,COc1cc2c(cc1OC(C)C)C(c1ccc(Cl)cc1)N(C1CCC(C(O)C3CCOCC3)CC1)C(=O)C2,106.0,6.97469413473523,6.97469413473523,,1,active
CHEMBL3650070,COc1cc2c(cc1OC(C)C)C(c1ccc(Cl)cc1)N(C1CCC(C(O)c3cccc(F)c3)CC1)C(=O)C2,COc1cc2c(cc1OC(C)C)C(c1ccc(Cl)cc1)N(C1CCC(C(O)c3cccc(F)c3)CC1)C(=O)C2,72.0,7.142667503568731,7.142667503568731,,1,active
CHEMBL3650059,COc1cc2c(cc1OC(C)C)C(c1ccc(Cl)cc1)N(C1CCC(N(C(C)=O)C3CCOCC3)CC1)C(=O)C2,COc1cc2c(cc1OC(C)C)C(c1ccc(Cl)cc1)N(C1CCC(N(C(C)=O)C3CCOCC3)CC1)C(=O)C2,602.0,6.220403508742176,6.220403508742176,,1,active
CHEMBL3650055,COc1cc2c(cc1OC(C)C)C(c1ccc(Cl)cc1)N(C1CCC(N(C)C(=O)CCO)CC1)C(=O)C2,COc1cc2c(cc1OC(C)C)C(c1ccc(Cl)cc1)N(C1CCC(N(C)C(=O)CCO)CC1)C(=O)C2,406.0,6.391473966422806,6.391473966422806,,1,active
CHEMBL3650048,COc1cc2c(cc1OC(C)C)C(c1ccc(Cl)cc1)N(C1CCC(N(C)C(C)=O)CC1)C(=O)C2,COc1cc2c(cc1OC(C)C)C(c1ccc(Cl)cc1)N(C1CCC(N(C)C(C)=O)CC1)C(=O)C2,386.0,6.413412695328245,6.413412695328245,,1,active
CHEMBL3650053,COc1cc2c(cc1OC(C)C)C(c1ccc(Cl)cc1)N(C1CCC(N(C)C(N)=O)CC1)C(=O)C2,COc1cc2c(cc1OC(C)C)C(c1ccc(Cl)cc1)N(C1CCC(N(C)C(N)=O)CC1)C(=O)C2,372.0,6.429457060118103,6.429457060118103,,1,active
CHEMBL3650051,COc1cc2c(cc1OC(C)C)C(c1ccc(Cl)cc1)N(C1CCC(N(C)CCO)CC1)C(=O)C2,COc1cc2c(cc1OC(C)C)C(c1ccc(Cl)cc1)N(C1CCC(N(C)CCO)CC1)C(=O)C2,6429.0,5.191856574238509,5.191856574238509,,1,intermediate
CHEMBL3650060,COc1cc2c(cc1OC(C)C)C(c1ccc(Cl)cc1)N(C1CCC(N(CCCO)C(C)=O)CC1)C(=O)C2,COc1cc2c(cc1OC(C)C)C(c1ccc(Cl)cc1)N(C1CCC(N(CCCO)C(C)=O)CC1)C(=O)C2,720.0,6.142667503568731,6.142667503568731,,1,active
CHEMBL3650054,COc1cc2c(cc1OC(C)C)C(c1ccc(Cl)cc1)N(C1CCC(N3CCNC3=O)CC1)C(=O)C2,COc1cc2c(cc1OC(C)C)C(c1ccc(Cl)cc1)N(C1CCC(N3CCNC3=O)CC1)C(=O)C2,681.0,6.166852888087215,6.166852888087215,,1,active
CHEMBL3650050,COc1cc2c(cc1OC(C)C)C(c1ccc(Cl)cc1)N(C1CCC(NC(C)=O)CC1)C(=O)C2,COc1cc2c(cc1OC(C)C)C(c1ccc(Cl)cc1)N(C1CCC(NC(C)=O)CC1)C(=O)C2,969.0,6.013676222949234,6.013676222949234,,1,active
CHEMBL3650052,COc1cc2c(cc1OC(C)C)C(c1ccc(Cl)cc1)N(C1CCC(NC(N)=O)CC1)C(=O)C2,COc1cc2c(cc1OC(C)C)C(c1ccc(Cl)cc1)N(C1CCC(NC(N)=O)CC1)C(=O)C2,4408.0,5.355758414156272,5.355758414156272,,1,intermediate
CHEMBL3650047,COc1cc2c(cc1OC(C)C)C(c1ccc(Cl)cc1)N(C1CCCCC1)C(=O)C2,COc1cc2c(cc1OC(C)C)C(c1ccc(Cl)cc1)N(C1CCCCC1)C(=O)C2,894.0,6.048662481204082,6.048662481204082,,1,active
CHEMBL3683119,COc1cc2c(cc1OC(C)C)C(c1ccc(Cl)cc1)N(c1ccc(N(C)C)cc1)C(=O)C2,COc1cc2c(cc1OC(C)C)C(c1ccc(Cl)cc1)N(c1ccc(N(C)C)cc1)C(=O)C2,115.3,6.938170692705301,6.938170692705301,,1,active
CHEMBL3650066,COc1cc2c(cc1OC(C)C)[C@@H](c1ccc(Cl)cc1)N(C1CCC(C(=O)C3CCOCC3)CC1)C(=O)C2,COc1cc2c(cc1OC(C)C)[C@@H](c1ccc(Cl)cc1)N(C1CCC(C(=O)C3CCOCC3)CC1)C(=O)C2,4546.0,5.342370568611048,5.342370568611048,,1,intermediate
CHEMBL3650065,COc1cc2c(cc1OC(C)C)[C@H](c1ccc(Cl)cc1)N(C1CCC(C(=O)C3CCOCC3)CC1)C(=O)C2,COc1cc2c(cc1OC(C)C)[C@H](c1ccc(Cl)cc1)N(C1CCC(C(=O)C3CCOCC3)CC1)C(=O)C2,386.0,6.413412695328245,6.413412695328245,,1,active
CHEMBL3650068,COc1cc2c(cc1OC(C)C)[C@H](c1ccc(Cl)cc1)N(C1CCC([C@@](C)(O)C3CCOCC3)CC1)C(=O)C2,COc1cc2c(cc1OC(C)C)[C@H](c1ccc(Cl)cc1)N(C1CCC([C@@](C)(O)C3CCOCC3)CC1)C(=O)C2,12.5,7.903089986991944,7.903089986991944,,1,active
CHEMBL3650069,COc1cc2c(cc1OC(C)C)[C@H](c1ccc(Cl)cc1)N(C1CCC([C@](C)(O)C3CCOCC3)CC1)C(=O)C2,COc1cc2c(cc1OC(C)C)[C@H](c1ccc(Cl)cc1)N(C1CCC([C@](C)(O)C3CCOCC3)CC1)C(=O)C2,158.0,6.801342913045577,6.801342913045577,,1,active
CHEMBL3683170,COc1cc2c(cc1OC(C)C)[C@H](c1ccc(Cl)cc1)N(c1ccc(C(C)C(=O)N3CCC(N(C)C)CC3)cc1)C(=O)C2,COc1cc2c(cc1OC(C)C)[C@H](c1ccc(Cl)cc1)N(c1ccc(C(C)C(=O)N3CCC(N(C)C)CC3)cc1)C(=O)C2,98.3,7.007446482167865,7.007446482167865,,1,active
CHEMBL3683169,COc1cc2c(cc1OC(C)C)[C@H](c1ccc(Cl)cc1)N(c1ccc(C(C)CN3CCC(N(C)C)CC3)cc1)C(=O)C2,COc1cc2c(cc1OC(C)C)[C@H](c1ccc(Cl)cc1)N(c1ccc(C(C)CN3CCC(N(C)C)CC3)cc1)C(=O)C2,21.5,7.667561540084394,7.667561540084394,,1,active
CHEMBL3639820,COc1cc2c(cc1OC(C)C)[C@H](c1ccc(Cl)cc1)N(c1ccc(Cn3ccnc3)cc1)C(=O)C2,COc1cc2c(cc1OC(C)C)[C@H](c1ccc(Cl)cc1)N(c1ccc(Cn3ccnc3)cc1)C(=O)C2,104.0,6.982966660701219,6.982966660701219,,1,active
CHEMBL3683168,COc1cc2c(cc1OC(C)C)[C@H](c1ccc(Cl)cc1)N(c1ccc(N(C)C(=O)[C@H]3CC[C@H](N(C)C)CC3)cc1)C(=O)C2,COc1cc2c(cc1OC(C)C)[C@H](c1ccc(Cl)cc1)N(c1ccc(N(C)C(=O)[C@H]3CC[C@H](N(C)C)CC3)cc1)C(=O)C2,719.1,6.143210711246684,6.143210711246684,,1,active
CHEMBL3914742,COc1cc2c(cc1OC(C)C)[C@H](c1ccc(Cl)cc1)N(c1ccc(N(C)CC3CCC(N4CCNC(=O)C4)CC3)cn1)C(=O)C2,COc1cc2c(cc1OC(C)C)[C@H](c1ccc(Cl)cc1)N(c1ccc(N(C)CC3CCC(N4CCNC(=O)C4)CC3)cn1)C(=O)C2,4.7,8.327902142064282,8.327902142064282,,1,active
CHEMBL3601323,COc1cc2c(cc1OC(C)C)[C@H](c1ccc(Cl)cc1)N(c1ccc(N(C)C[C@H]3CC[C@H](N(C)C)CC3)cc1)C(=O)C2,COc1cc2c(cc1OC(C)C)[C@H](c1ccc(Cl)cc1)N(c1ccc(N(C)C[C@H]3CC[C@H](N(C)C)CC3)cc1)C(=O)C2,2.5,8.602059991327963,8.602059991327963,,1,active
CHEMBL3683162,COc1cc2c(cc1OC(C)C)[C@H](c1ccc(Cl)cc1)N(c1ccc(N(C)C[C@H]3CC[C@H](N(CC(N)=O)CC(N)=O)CC3)cc1)C(=O)C2,COc1cc2c(cc1OC(C)C)[C@H](c1ccc(Cl)cc1)N(c1ccc(N(C)C[C@H]3CC[C@H](N(CC(N)=O)CC(N)=O)CC3)cc1)C(=O)C2,1.8,8.744727494896694,8.744727494896694,,1,active
CHEMBL3683178,COc1cc2c(cc1OC(C)C)[C@H](c1ccc(Cl)cc1)N(c1ccc(N(C)C[C@H]3CC[C@H](N4CC(=O)N(C(C)C)C4)CC3)cn1)C(=O)C2,COc1cc2c(cc1OC(C)C)[C@H](c1ccc(Cl)cc1)N(c1ccc(N(C)C[C@H]3CC[C@H](N4CC(=O)N(C(C)C)C4)CC3)cn1)C(=O)C2,1.2,8.920818753952375,8.920818753952375,,1,active
CHEMBL3683172,COc1cc2c(cc1OC(C)C)[C@H](c1ccc(Cl)cc1)N(c1ccc(N(C)C[C@H]3CC[C@H](N4CC(=O)N(C)C4)CC3)cc1)C(=O)C2,COc1cc2c(cc1OC(C)C)[C@H](c1ccc(Cl)cc1)N(c1ccc(N(C)C[C@H]3CC[C@H](N4CC(=O)N(C)C4)CC3)cc1)C(=O)C2,1.8,8.744727494896694,8.744727494896694,,1,active
CHEMBL3683176,COc1cc2c(cc1OC(C)C)[C@H](c1ccc(Cl)cc1)N(c1ccc(N(C)C[C@H]3CC[C@H](N4CC(=O)N(C)C4)CC3)cn1)C(=O)C2,COc1cc2c(cc1OC(C)C)[C@H](c1ccc(Cl)cc1)N(c1ccc(N(C)C[C@H]3CC[C@H](N4CC(=O)N(C)C4)CC3)cn1)C(=O)C2,5.7,8.244125144327509,8.244125144327509,,1,active
CHEMBL3683161,COc1cc2c(cc1OC(C)C)[C@H](c1ccc(Cl)cc1)N(c1ccc(N(C)C[C@H]3CC[C@H](N4CC(=O)NCC4=O)CC3)cc1)C(=O)C2,COc1cc2c(cc1OC(C)C)[C@H](c1ccc(Cl)cc1)N(c1ccc(N(C)C[C@H]3CC[C@H](N4CC(=O)NCC4=O)CC3)cc1)C(=O)C2,6.3,8.200659450546418,8.200659450546418,,1,active
CHEMBL3683163,COc1cc2c(cc1OC(C)C)[C@H](c1ccc(Cl)cc1)N(c1ccc(N(C)C[C@H]3CC[C@H](N4CCCNC(=O)C4)CC3)cc1)C(=O)C2,COc1cc2c(cc1OC(C)C)[C@H](c1ccc(Cl)cc1)N(c1ccc(N(C)C[C@H]3CC[C@H](N4CCCNC(=O)C4)CC3)cc1)C(=O)C2,1.4,8.853871964321762,8.853871964321762,,1,active
CHEMBL3683173,COc1cc2c(cc1OC(C)C)[C@H](c1ccc(Cl)cc1)N(c1ccc(N(C)C[C@H]3CC[C@H](N4CCN(C(C)=O)CC4)CC3)cc1)C(=O)C2,COc1cc2c(cc1OC(C)C)[C@H](c1ccc(Cl)cc1)N(c1ccc(N(C)C[C@H]3CC[C@H](N4CCN(C(C)=O)CC4)CC3)cc1)C(=O)C2,1.4,8.853871964321762,8.853871964321762,,1,active
CHEMBL3601398,COc1cc2c(cc1OC(C)C)[C@H](c1ccc(Cl)cc1)N(c1ccc(N(C)C[C@H]3CC[C@H](N4CCN(C)C(=O)C4)CC3)cc1)C(=O)C2,COc1cc2c(cc1OC(C)C)[C@H](c1ccc(Cl)cc1)N(c1ccc(N(C)C[C@H]3CC[C@H](N4CCN(C)C(=O)C4)CC3)cc1)C(=O)C2,1.7,8.769551078621726,8.769551078621726,,4,active
CHEMBL3601402,COc1cc2c(cc1OC(C)C)[C@H](c1ccc(Cl)cc1)N(c1ccc(N(C)C[C@H]3CC[C@H](N4CCN(C)C(=O)C4)CC3)cn1)C(=O)C2,COc1cc2c(cc1OC(C)C)[C@H](c1ccc(Cl)cc1)N(c1ccc(N(C)C[C@H]3CC[C@H](N4CCN(C)C(=O)C4)CC3)cn1)C(=O)C2,7.0,8.154901959985743,8.154901959985743,,1,active
CHEMBL3601401,COc1cc2c(cc1OC(C)C)[C@H](c1ccc(Cl)cc1)N(c1ccc(N(C)C[C@H]3CC[C@H](N4CCN(C)C(=O)C4)CC3)nc1)C(=O)C2,COc1cc2c(cc1OC(C)C)[C@H](c1ccc(Cl)cc1)N(c1ccc(N(C)C[C@H]3CC[C@H](N4CCN(C)C(=O)C4)CC3)nc1)C(=O)C2,1.7,8.769551078621726,8.769551078621726,,1,active
CHEMBL3601397,COc1cc2c(cc1OC(C)C)[C@H](c1ccc(Cl)cc1)N(c1ccc(N(C)C[C@H]3CC[C@H](N4CCNC(=O)C4)CC3)cc1)C(=O)C2,COc1cc2c(cc1OC(C)C)[C@H](c1ccc(Cl)cc1)N(c1ccc(N(C)C[C@H]3CC[C@H](N4CCNC(=O)C4)CC3)cc1)C(=O)C2,1.6,8.795880017344075,8.795880017344075,,1,active
CHEMBL3683171,COc1cc2c(cc1OC(C)C)[C@H](c1ccc(Cl)cc1)N(c1ccc(N(C)C[C@H]3CC[C@H](N4CCNC(=O)C4)CC3)cc1OC)C(=O)C2,COc1cc2c(cc1OC(C)C)[C@H](c1ccc(Cl)cc1)N(c1ccc(N(C)C[C@H]3CC[C@H](N4CCNC(=O)C4)CC3)cc1OC)C(=O)C2,2.0,8.698970004336019,8.698970004336019,,1,active
CHEMBL3683160,COc1cc2c(cc1OC(C)C)[C@H](c1ccc(Cl)cc1)N(c1ccc(N(C)C[C@H]3CC[C@H](N4CCOCC4)CC3)cc1)C(=O)C2,COc1cc2c(cc1OC(C)C)[C@H](c1ccc(Cl)cc1)N(c1ccc(N(C)C[C@H]3CC[C@H](N4CCOCC4)CC3)cc1)C(=O)C2,3.3,8.481486060122112,8.481486060122112,,1,active
CHEMBL3683158,COc1cc2c(cc1OC(C)C)[C@H](c1ccc(Cl)cc1)N(c1ccc(N(C)C[C@H]3CC[C@H](NC(=O)c4cocn4)CC3)cc1)C(=O)C2,COc1cc2c(cc1OC(C)C)[C@H](c1ccc(Cl)cc1)N(c1ccc(N(C)C[C@H]3CC[C@H](NC(=O)c4cocn4)CC3)cc1)C(=O)C2,4.9,8.309803919971486,8.309803919971486,,1,active
CHEMBL3683157,COc1cc2c(cc1OC(C)C)[C@H](c1ccc(Cl)cc1)N(c1ccc(N(C)C[C@H]3CC[C@H](NS(C)(=O)=O)CC3)cc1)C(=O)C2,COc1cc2c(cc1OC(C)C)[C@H](c1ccc(Cl)cc1)N(c1ccc(N(C)C[C@H]3CC[C@H](NS(C)(=O)=O)CC3)cc1)C(=O)C2,3.6,8.443697499232712,8.443697499232712,,1,active
CHEMBL3683165,COc1cc2c(cc1OC(C)C)[C@H](c1ccc(Cl)cc1)N(c1ccc([C@H](C)N3CCN(C(C)=O)CC3)cc1)C(=O)C2,COc1cc2c(cc1OC(C)C)[C@H](c1ccc(Cl)cc1)N(c1ccc([C@H](C)N3CCN(C(C)=O)CC3)cc1)C(=O)C2,34.9,7.45717457304082,7.45717457304082,,1,active
CHEMBL3683184,COc1cc2c(cc1OC(C)C)[C@H](c1ccc(Cl)cc1)N(c1ccc([C@H](C)N3CCN(C(C)=O)CC3=O)cc1)C(=O)C2,COc1cc2c(cc1OC(C)C)[C@H](c1ccc(Cl)cc1)N(c1ccc([C@H](C)N3CCN(C(C)=O)CC3=O)cc1)C(=O)C2,33.0,7.481486060122112,7.481486060122112,,1,active
CHEMBL3683180,COc1cc2c(cc1OC(C)C)[C@H](c1ccc(Cl)cc1)N(c1ccc([C@H](C)N3CCNCC3=O)cc1)C(=O)C2,COc1cc2c(cc1OC(C)C)[C@H](c1ccc(Cl)cc1)N(c1ccc([C@H](C)N3CCNCC3=O)cc1)C(=O)C2,7.1,8.148741651280925,8.148741651280925,,1,active
CHEMBL3683164,COc1cc2c(cc1OC(C)C)[C@H](c1ccc(Cl)cc1)N(c1ccc([C@H](C)N3CCS(=O)(=O)CC3)cc1)C(=O)C2,COc1cc2c(cc1OC(C)C)[C@H](c1ccc(Cl)cc1)N(c1ccc([C@H](C)N3CCS(=O)(=O)CC3)cc1)C(=O)C2,33.3,7.47755576649368,7.47755576649368,,1,active
CHEMBL3683181,COc1cc2c(cc1OC(C)C)[C@H](c1ccc(Cl)cc1)N(c1ccc([C@H](C)NC(C)=O)cc1)C(=O)C2,COc1cc2c(cc1OC(C)C)[C@H](c1ccc(Cl)cc1)N(c1ccc([C@H](C)NC(C)=O)cc1)C(=O)C2,521.0,6.283162276700475,6.283162276700475,,1,active
CHEMBL3683179,COc1cc2c(cc1OC(C)C)[C@H](c1ccc(Cl)cc1)N(c1cnc(N(C)C[C@H]3CC[C@H](N4CC(=O)N(C)C4)CC3)cn1)C(=O)C2,COc1cc2c(cc1OC(C)C)[C@H](c1ccc(Cl)cc1)N(c1cnc(N(C)C[C@H]3CC[C@H](N4CC(=O)N(C)C4)CC3)cn1)C(=O)C2,4.3,8.366531544420413,8.366531544420413,,1,active
CHEMBL3601403,COc1cc2c(cc1OC(C)C)[C@H](c1ccc(Cl)cc1)N(c1cnc(N(C)C[C@H]3CC[C@H](N4CCN(C)C(=O)C4)CC3)cn1)C(=O)C2,COc1cc2c(cc1OC(C)C)[C@H](c1ccc(Cl)cc1)N(c1cnc(N(C)C[C@H]3CC[C@H](N4CCN(C)C(=O)C4)CC3)cn1)C(=O)C2,4.3,8.366531544420413,8.366531544420413,,1,active
CHEMBL4514512,COc1cc2c(cc1OC(C)C)[C@H](c1ccccc1)N(c1ccc(N(C)C[C@H]3CC[C@H](N4CCN(C)C(=O)C4)CC3)cc1)C(=O)C2,COc1cc2c(cc1OC(C)C)[C@H](c1ccccc1)N(c1ccc(N(C)C[C@H]3CC[C@H](N4CCN(C)C(=O)C4)CC3)cc1)C(=O)C2,0.8,9.096910013008056,9.096910013008056,,1,active
CHEMBL3683182,COc1cc2c(cc1OC1CCC1)[C@H](c1ccc(Cl)cc1)N(c1ccc(N(C)C[C@H]3CC[C@H](N4CC(=O)N(C)C4)CC3)nc1)C(=O)C2,COc1cc2c(cc1OC1CCC1)[C@H](c1ccc(Cl)cc1)N(c1ccc(N(C)C[C@H]3CC[C@H](N4CC(=O)N(C)C4)CC3)nc1)C(=O)C2,2.1,8.67778070526608,8.67778070526608,,1,active
CHEMBL3683183,COc1cc2c(cc1OCC1CCCO1)[C@H](c1ccc(Cl)cc1)N(c1ccc(N(C)C[C@H]3CC[C@H](N4CC(=O)N(C)C4)CC3)nc1)C(=O)C2,COc1cc2c(cc1OCC1CCCO1)[C@H](c1ccc(Cl)cc1)N(c1ccc(N(C)C[C@H]3CC[C@H](N4CC(=O)N(C)C4)CC3)nc1)C(=O)C2,3.8,8.42021640338319,8.42021640338319,,1,active
CHEMBL5773103,COc1cc2c3n(nc2cc1C(=O)O)[C@@H]1[C@H](C3)N(CC2CC2)[C@@]2(C(=O)Nc3cc(Cl)ccc32)[C@H]1c1cccc(Cl)c1F,COc1cc2c3n(nc2cc1C(=O)O)[C@@H]1[C@H](C3)N(CC2CC2)[C@@]2(C(=O)Nc3cc(Cl)ccc32)[C@H]1c1cccc(Cl)c1F,2.0,8.698970004336019,8.698970004336019,,1,active
CHEMBL5833165,COc1cc2c3n(nc2cc1C(=O)O)[C@@H]1[C@H](CCO3)N(CC2CC2)[C@@]2(C(=O)Nc3cc(Cl)ccc32)[C@H]1c1cccc(Cl)c1F,COc1cc2c3n(nc2cc1C(=O)O)[C@@H]1[C@H](CCO3)N(CC2CC2)[C@@]2(C(=O)Nc3cc(Cl)ccc32)[C@H]1c1cccc(Cl)c1F,37.0,7.431798275933005,7.431798275933005,,1,active
CHEMBL6041380,COc1cc2c3n(nc2cc1C(=O)O)[C@@H]1[C@H](CO3)N(CC2CC2)[C@@]2(C(=O)Nc3cc(Cl)ccc32)[C@H]1c1cccc(Cl)c1F,COc1cc2c3n(nc2cc1C(=O)O)[C@@H]1[C@H](CO3)N(CC2CC2)[C@@]2(C(=O)Nc3cc(Cl)ccc32)[C@H]1c1cccc(Cl)c1F,7.0,8.173393743112328,8.173393743112328,,2,active
CHEMBL6022028,COc1cc2c3n(nc2cc1C(=O)O)[C@H]1[C@@H](CO3)N(CC2CC2)[C@]2(C(=O)Nc3cc(Cl)ccc32)[C@@H]1c1cccc(Cl)c1F,COc1cc2c3n(nc2cc1C(=O)O)[C@H]1[C@@H](CO3)N(CC2CC2)[C@]2(C(=O)Nc3cc(Cl)ccc32)[C@@H]1c1cccc(Cl)c1F,818.0,6.087246696328677,6.087246696328677,,1,active
CHEMBL6055831,COc1cc2nn3c(c2cc1C#N)OC[C@H]1[C@@H]3[C@H](c2cccc(Cl)c2F)[C@]2(C(=O)Nc3cc(Cl)ccc32)N1CC1CC1,COc1cc2nn3c(c2cc1C#N)OC[C@H]1[C@@H]3[C@H](c2cccc(Cl)c2F)[C@]2(C(=O)Nc3cc(Cl)ccc32)N1CC1CC1,331.0,6.480172006224281,6.480172006224281,,1,active
CHEMBL5885537,COc1cc2nn3c(c2cc1C(=O)O)OC[C@@H]1[C@H]3[C@@H](c2cccc(Cl)c2F)[C@@]2(C(=O)Nc3cc(Cl)ccc32)N1CC1CC1,COc1cc2nn3c(c2cc1C(=O)O)OC[C@@H]1[C@H]3[C@@H](c2cccc(Cl)c2F)[C@@]2(C(=O)Nc3cc(Cl)ccc32)N1CC1CC1,986.0,6.006123085058789,6.006123085058789,,1,active
CHEMBL5753181,COc1cc2nn3c(c2cc1C(=O)O)OC[C@H]1[C@@H]3[C@H](c2cccc(Cl)c2F)[C@]2(C(=O)Nc3cc(Cl)ccc32)N1CC1CC1,COc1cc2nn3c(c2cc1C(=O)O)OC[C@H]1[C@@H]3[C@H](c2cccc(Cl)c2F)[C@]2(C(=O)Nc3cc(Cl)ccc32)N1CC1CC1,14.0,7.872363747448347,7.872363747448347,,2,active
CHEMBL3627748,COc1ccc(-c2cn(CCC[C@H](NC(=O)OCC3c4ccccc4-c4ccccc43)C(=O)O)nn2)cc1,COc1ccc(-c2cn(CCC[C@H](NC(=O)OCC3c4ccccc4-c4ccccc43)C(=O)O)nn2)cc1,5660.0,5.247183568811728,5.247183568811728,,1,intermediate
CHEMBL3291439,COc1ccc(-c2nc(-c3ccc(Cl)cc3)c(-c3ccc(Cl)cc3)n2C(=O)N2CCN(CCO)CC2)c(OC(C)C)c1,COc1ccc(-c2nc(-c3ccc(Cl)cc3)c(-c3ccc(Cl)cc3)n2C(=O)N2CCN(CCO)CC2)c(OC(C)C)c1,260.0,6.585026652029182,6.585026652029182,,1,active
CHEMBL3653188,COc1ccc(-c2nc3c(n2C(C)C)C(c2ccc(Cl)cc2)N(c2cc(Cl)ccc2C)C3=O)c(OC)n1,COc1ccc(-c2nc3c(n2C(C)C)C(c2ccc(Cl)cc2)N(c2cc(Cl)ccc2C)C3=O)c(OC)n1,0.19,9.721246399047171,9.721246399047171,,1,active
CHEMBL3653185,COc1ccc(-c2nc3c(n2C(C)C)C(c2ccc(Cl)cc2C)N(c2cc(Cl)ccc2C)C3=O)c(OC)n1,COc1ccc(-c2nc3c(n2C(C)C)C(c2ccc(Cl)cc2C)N(c2cc(Cl)ccc2C)C3=O)c(OC)n1,0.22,9.657577319177793,9.657577319177793,,2,active
CHEMBL6046940,COc1ccc(-c2nc3nc(C(=O)O)nc(N[C@H](C)C4CC4)c3n2Cc2ccc(C(F)(F)F)cc2)cc1,COc1ccc(-c2nc3nc(C(=O)O)nc(N[C@H](C)C4CC4)c3n2Cc2ccc(C(F)(F)F)cc2)cc1,253.0,6.596879478824182,6.596879478824182,,1,active
CHEMBL5768438,COc1ccc(-c2nc3nc(C(=O)O)nc(N[C@H](C)C4CC4)c3n2Cc2ccc(C(F)(F)F)cc2)cc1Cl,COc1ccc(-c2nc3nc(C(=O)O)nc(N[C@H](C)C4CC4)c3n2Cc2ccc(C(F)(F)F)cc2)cc1Cl,111.8,6.951558196449596,6.951558196449596,,1,active
CHEMBL5814439,COc1ccc(-c2nc3nc(C(=O)O)nc(N[C@H](C)C4CC4)c3n2Cc2ccc(C(F)(F)F)cc2)cn1,COc1ccc(-c2nc3nc(C(=O)O)nc(N[C@H](C)C4CC4)c3n2Cc2ccc(C(F)(F)F)cc2)cn1,680.0,6.167491087293763,6.167491087293763,,1,active
CHEMBL5751689,COc1ccc(-c2nc3nc(C(=O)O)nc(N[C@H](C)C4CCC4)c3n2Cc2ccc(C(F)(F)F)cc2)c(F)c1,COc1ccc(-c2nc3nc(C(=O)O)nc(N[C@H](C)C4CCC4)c3n2Cc2ccc(C(F)(F)F)cc2)c(F)c1,124.9,6.903437561625864,6.903437561625864,,1,active
CHEMBL5832065,COc1ccc(-c2nc3nc(C(=O)O)nc(N[C@H](C)C4CCC4)c3n2Cc2ccc(C(F)(F)F)cc2)cc1C,COc1ccc(-c2nc3nc(C(=O)O)nc(N[C@H](C)C4CCC4)c3n2Cc2ccc(C(F)(F)F)cc2)cc1C,16.53,7.781727146428553,7.781727146428553,,1,active
CHEMBL5829754,COc1ccc(-c2nc3nc(C(=O)O)nc(N[C@H](C)C4CCC4)c3n2Cc2ccc(C(F)(F)F)cc2)cc1F,COc1ccc(-c2nc3nc(C(=O)O)nc(N[C@H](C)C4CCC4)c3n2Cc2ccc(C(F)(F)F)cc2)cc1F,17.41,7.759201228882668,7.759201228882668,,1,active
CHEMBL5877875,COc1ccc(-c2nc3nc(C(=O)O)nc(N[C@H](C)C4CCC4)c3n2Cc2ccc(C(F)(F)F)cc2)nc1,COc1ccc(-c2nc3nc(C(=O)O)nc(N[C@H](C)C4CCC4)c3n2Cc2ccc(C(F)(F)F)cc2)nc1,24.1,7.617982957425132,7.617982957425132,,1,active
CHEMBL3220099,COc1ccc(-n2c(-c3ccccc3)cc(C=C3C(=O)NC(=O)NC3=O)c2-c2ccccc2)cc1,COc1ccc(-n2c(-c3ccccc3)cc(C=C3C(=O)NC(=O)NC3=O)c2-c2ccccc2)cc1,1900.0,5.721246399047171,5.721246399047171,,1,intermediate
CHEMBL3653180,COc1ccc(C#N)cc1-c1nc2c(n1C(C)C)C(c1ccc(Cl)cc1)N(c1cc(Cl)ccc1C)C2=O,COc1ccc(C#N)cc1-c1nc2c(n1C(C)C)C(c1ccc(Cl)cc1)N(c1cc(Cl)ccc1C)C2=O,0.2,9.698970004336019,9.698970004336019,,1,active
CHEMBL3657009,COc1ccc(C#N)cc1-c1nc2c(n1C(C)C)C(c1ccc(Cl)cc1)N(c1ccc(F)c(Cl)c1)C2=O,COc1ccc(C#N)cc1-c1nc2c(n1C(C)C)C(c1ccc(Cl)cc1)N(c1ccc(F)c(Cl)c1)C2=O,0.17,9.769551078621726,9.769551078621726,,1,active
CHEMBL3657026,COc1ccc(C#N)cc1-c1nc2c(n1C(C)C)C(c1ccc(Cl)cc1)N(c1cccc(Cl)c1)C2=O,COc1ccc(C#N)cc1-c1nc2c(n1C(C)C)C(c1ccc(Cl)cc1)N(c1cccc(Cl)c1)C2=O,0.39,9.4089353929735,9.4089353929735,,1,active
CHEMBL3653161,COc1ccc(C#N)cc1-c1nc2c(n1C(C)C)C(c1ccc(Cl)cc1C)N(c1cc(Cl)ccc1C)C2=O,COc1ccc(C#N)cc1-c1nc2c(n1C(C)C)C(c1ccc(Cl)cc1C)N(c1cc(Cl)ccc1C)C2=O,0.14,9.853871964321762,9.853871964321762,,1,active
CHEMBL3657029,COc1ccc(C#N)cc1-c1nc2c(n1C(C)C)C(c1ccc(Cl)cc1C)N(c1cccc(Cl)c1)C2=O,COc1ccc(C#N)cc1-c1nc2c(n1C(C)C)C(c1ccc(Cl)cc1C)N(c1cccc(Cl)c1)C2=O,0.43,9.366531544420413,9.366531544420413,,1,active
CHEMBL3691725,COc1ccc(C#N)cc1-n1nc2c(c1C(C)C)C(c1ccc(Cl)cc1C)N(c1cc(Cl)c(=O)n(C)c1)C2=O,COc1ccc(C#N)cc1-n1nc2c(c1C(C)C)C(c1ccc(Cl)cc1C)N(c1cc(Cl)c(=O)n(C)c1)C2=O,0.382,9.41793663708829,9.41793663708829,,1,active
CHEMBL3691721,COc1ccc(C#N)cc1-n1nc2c(c1C(C)C)C(c1ccc(Cl)cc1C)N(c1cc(Cl)ccc1C)C2=O,COc1ccc(C#N)cc1-n1nc2c(c1C(C)C)C(c1ccc(Cl)cc1C)N(c1cc(Cl)ccc1C)C2=O,0.9435,9.248854736042613,9.248854736042613,,2,active
CHEMBL3653237,COc1ccc(C(=O)N(C)C)cc1-c1nc2c(n1C(C)C)C(c1ccc(C#N)cc1)N(c1ccc(F)c(Cl)c1)C2=O,COc1ccc(C(=O)N(C)C)cc1-c1nc2c(n1C(C)C)C(c1ccc(C#N)cc1)N(c1ccc(F)c(Cl)c1)C2=O,0.35,9.455931955649724,9.455931955649724,,1,active
CHEMBL3657001,COc1ccc(C(=O)N(C)C)cc1-c1nc2c(n1C(C)C)C(c1ccc(C#N)cc1C)N(c1cc(Cl)ccc1C)C2=O,COc1ccc(C(=O)N(C)C)cc1-c1nc2c(n1C(C)C)C(c1ccc(C#N)cc1C)N(c1cc(Cl)ccc1C)C2=O,0.27,9.568636235841012,9.568636235841012,,1,active
CHEMBL3653224,COc1ccc(C(=O)N(C)C)cc1-c1nc2c(n1C(C)C)C(c1ccc(Cl)cc1)N(c1cc(Cl)c(=O)n(C)c1)C2=O,COc1ccc(C(=O)N(C)C)cc1-c1nc2c(n1C(C)C)C(c1ccc(Cl)cc1)N(c1cc(Cl)c(=O)n(C)c1)C2=O,0.71,9.148741651280925,9.148741651280925,,1,active
CHEMBL3653179,COc1ccc(C(=O)N(C)C)cc1-c1nc2c(n1C(C)C)C(c1ccc(Cl)cc1)N(c1cc(Cl)ccc1C)C2=O,COc1ccc(C(=O)N(C)C)cc1-c1nc2c(n1C(C)C)C(c1ccc(Cl)cc1)N(c1cc(Cl)ccc1C)C2=O,0.13,9.886056647693163,9.886056647693163,,1,active
CHEMBL3657015,COc1ccc(C(=O)N(C)C)cc1-c1nc2c(n1C(C)C)C(c1ccc(Cl)cc1)N(c1cc(Cl)cn(C)c1=O)C2=O,COc1ccc(C(=O)N(C)C)cc1-c1nc2c(n1C(C)C)C(c1ccc(Cl)cc1)N(c1cc(Cl)cn(C)c1=O)C2=O,0.29,9.537602002101044,9.537602002101044,,1,active
CHEMBL3657012,COc1ccc(C(=O)N(C)C)cc1-c1nc2c(n1C(C)C)C(c1ccc(Cl)cc1)N(c1ccc(F)c(Cl)c1)C2=O,COc1ccc(C(=O)N(C)C)cc1-c1nc2c(n1C(C)C)C(c1ccc(Cl)cc1)N(c1ccc(F)c(Cl)c1)C2=O,0.11,9.958607314841775,9.958607314841775,,1,active
CHEMBL3653229,COc1ccc(C(=O)N(C)C)cc1-c1nc2c(n1C(C)C)C(c1ccc(Cl)cc1)N(c1cccc(Cl)c1)C2=O,COc1ccc(C(=O)N(C)C)cc1-c1nc2c(n1C(C)C)C(c1ccc(Cl)cc1)N(c1cccc(Cl)c1)C2=O,0.42,9.3767507096021,9.3767507096021,,1,active
CHEMBL3653226,COc1ccc(C(=O)N(C)C)cc1-c1nc2c(n1C(C)C)C(c1ccc(Cl)cc1)N(c1cccc(Cl)c1F)C2=O,COc1ccc(C(=O)N(C)C)cc1-c1nc2c(n1C(C)C)C(c1ccc(Cl)cc1)N(c1cccc(Cl)c1F)C2=O,0.14,9.853871964321762,9.853871964321762,,1,active
CHEMBL3657022,COc1ccc(C(=O)N(C)C)cc1-c1nc2c(n1C(C)C)C(c1ccc(Cl)cc1)N(c1cncc(Cl)c1)C2=O,COc1ccc(C(=O)N(C)C)cc1-c1nc2c(n1C(C)C)C(c1ccc(Cl)cc1)N(c1cncc(Cl)c1)C2=O,1.05,8.978810700930062,8.978810700930062,,1,active
CHEMBL3653166,COc1ccc(C(=O)N(C)C)cc1-c1nc2c(n1C(C)C)C(c1ccc(Cl)cc1C)N(c1cc(Cl)ccc1C)C2=O,COc1ccc(C(=O)N(C)C)cc1-c1nc2c(n1C(C)C)C(c1ccc(Cl)cc1C)N(c1cc(Cl)ccc1C)C2=O,0.07,10.154901959985743,10.154901959985743,,1,active
CHEMBL3657004,COc1ccc(C(=O)N(C)C)cc1-c1nc2c(n1C(C)C)[C@@H](c1ccc(Cl)cc1)N(c1cc(Cl)ccc1C)C2=O,COc1ccc(C(=O)N(C)C)cc1-c1nc2c(n1C(C)C)[C@@H](c1ccc(Cl)cc1)N(c1cc(Cl)ccc1C)C2=O,70.5,7.151810883008602,7.151810883008602,,1,active
CHEMBL3639559,COc1ccc(C(=O)N(C)C)cc1-c1nc2c(n1C(C)C)[C@@H](c1ccc(Cl)cc1C)N(c1cc(Cl)ccc1C)C2=O,COc1ccc(C(=O)N(C)C)cc1-c1nc2c(n1C(C)C)[C@@H](c1ccc(Cl)cc1C)N(c1cc(Cl)ccc1C)C2=O,36.8,7.434152181326482,7.434152181326482,,1,active
CHEMBL3657005,COc1ccc(C(=O)N(C)C)cc1-c1nc2c(n1C(C)C)[C@H](c1ccc(Cl)cc1)N(c1cc(Cl)ccc1C)C2=O,COc1ccc(C(=O)N(C)C)cc1-c1nc2c(n1C(C)C)[C@H](c1ccc(Cl)cc1)N(c1cc(Cl)ccc1C)C2=O,0.13,9.886056647693163,9.886056647693163,,1,active
CHEMBL3657035,COc1ccc(C(=O)N(C)C)cc1-c1nc2c(n1C(C)C)[C@H](c1ccc(Cl)cc1C)N(c1cc(Cl)ccc1C)C2=O,COc1ccc(C(=O)N(C)C)cc1-c1nc2c(n1C(C)C)[C@H](c1ccc(Cl)cc1C)N(c1cc(Cl)ccc1C)C2=O,0.09,10.045757490560675,10.045757490560675,,1,active
CHEMBL3691702,COc1ccc(C(=O)N(C)C)cc1-n1nc2c(c1C(C)C)C(c1ccc(Cl)cc1C)N(c1cc(Cl)ccc1C)C2=O,COc1ccc(C(=O)N(C)C)cc1-n1nc2c(c1C(C)C)C(c1ccc(Cl)cc1C)N(c1cc(Cl)ccc1C)C2=O,1.1475,9.193873046951781,9.193873046951781,,2,active
CHEMBL3653171,COc1ccc(C(=O)N2CC(O)C2)cc1-c1nc2c(n1C(C)C)C(c1ccc(Cl)cc1C)N(c1cc(Cl)ccc1C)C2=O,COc1ccc(C(=O)N2CC(O)C2)cc1-c1nc2c(n1C(C)C)C(c1ccc(Cl)cc1C)N(c1cc(Cl)ccc1C)C2=O,0.18,9.744727494896694,9.744727494896694,,1,active
CHEMBL3653181,COc1ccc(C(=O)N2CCOCC2)cc1-c1nc2c(n1C(C)C)C(c1ccc(Cl)cc1)N(c1cc(Cl)ccc1C)C2=O,COc1ccc(C(=O)N2CCOCC2)cc1-c1nc2c(n1C(C)C)C(c1ccc(Cl)cc1)N(c1cc(Cl)ccc1C)C2=O,0.16,9.795880017344075,9.795880017344075,,1,active
CHEMBL3657010,COc1ccc(C(=O)N2CCOCC2)cc1-c1nc2c(n1C(C)C)C(c1ccc(Cl)cc1)N(c1ccc(F)c(Cl)c1)C2=O,COc1ccc(C(=O)N2CCOCC2)cc1-c1nc2c(n1C(C)C)C(c1ccc(Cl)cc1)N(c1ccc(F)c(Cl)c1)C2=O,0.15,9.823908740944319,9.823908740944319,,1,active
CHEMBL3653225,COc1ccc(C(=O)N2CCOCC2)cc1-c1nc2c(n1C(C)C)C(c1ccc(Cl)cc1)N(c1cccc(Cl)c1F)C2=O,COc1ccc(C(=O)N2CCOCC2)cc1-c1nc2c(n1C(C)C)C(c1ccc(Cl)cc1)N(c1cccc(Cl)c1F)C2=O,0.18,9.744727494896694,9.744727494896694,,1,active
CHEMBL3653170,COc1ccc(C(=O)N2CCOCC2)cc1-c1nc2c(n1C(C)C)C(c1ccc(Cl)cc1C)N(c1cc(Cl)ccc1C)C2=O,COc1ccc(C(=O)N2CCOCC2)cc1-c1nc2c(n1C(C)C)C(c1ccc(Cl)cc1C)N(c1cc(Cl)ccc1C)C2=O,0.18,9.744727494896694,9.744727494896694,,1,active
CHEMBL3657027,COc1ccc(C(=O)N2CCOCC2)cc1-c1nc2c(n1C(C)C)C(c1ccc(Cl)cc1C)N(c1cccc(Cl)c1)C2=O,COc1ccc(C(=O)N2CCOCC2)cc1-c1nc2c(n1C(C)C)C(c1ccc(Cl)cc1C)N(c1cccc(Cl)c1)C2=O,0.54,9.267606240177031,9.267606240177031,,1,active
CHEMBL3657024,COc1ccc(C(=O)NC(C)C)cc1-c1nc2c(n1C(C)C)C(c1ccc(Cl)cc1)N(c1cc(Cl)ccc1C)C2=O,COc1ccc(C(=O)NC(C)C)cc1-c1nc2c(n1C(C)C)C(c1ccc(Cl)cc1)N(c1cc(Cl)ccc1C)C2=O,0.09,10.045757490560675,10.045757490560675,,1,active
CHEMBL3653169,COc1ccc(C(=O)NC(C)C)cc1-c1nc2c(n1C(C)C)C(c1ccc(Cl)cc1C)N(c1cc(Cl)ccc1C)C2=O,COc1ccc(C(=O)NC(C)C)cc1-c1nc2c(n1C(C)C)C(c1ccc(Cl)cc1C)N(c1cc(Cl)ccc1C)C2=O,0.15,9.823908740944319,9.823908740944319,,1,active
CHEMBL3657037,COc1ccc(C(=O)NC(C)C)cc1-c1nc2c(n1C(C)C)[C@@H](c1ccc(Cl)cc1C)N(c1cc(Cl)ccc1C)C2=O,COc1ccc(C(=O)NC(C)C)cc1-c1nc2c(n1C(C)C)[C@@H](c1ccc(Cl)cc1C)N(c1cc(Cl)ccc1C)C2=O,5.39,8.26841123481326,8.26841123481326,,1,active
CHEMBL3657038,COc1ccc(C(=O)NC(C)C)cc1-c1nc2c(n1C(C)C)[C@H](c1ccc(Cl)cc1C)N(c1cc(Cl)ccc1C)C2=O,COc1ccc(C(=O)NC(C)C)cc1-c1nc2c(n1C(C)C)[C@H](c1ccc(Cl)cc1C)N(c1cc(Cl)ccc1C)C2=O,0.08,10.096910013008056,10.096910013008056,,1,active
CHEMBL3691698,COc1ccc(C(=O)NCCN2CCCC2)cc1-n1nc2c(c1C(C)C)C(c1ccc(Cl)cc1C)N(c1cc(Cl)ccc1C)C2=O,COc1ccc(C(=O)NCCN2CCCC2)cc1-n1nc2c(c1C(C)C)C(c1ccc(Cl)cc1C)N(c1cc(Cl)ccc1C)C2=O,1.0190000000000001,9.18407526892009,9.18407526892009,,2,active
CHEMBL3653168,COc1ccc(C(=O)NCCO)cc1-c1nc2c(n1C(C)C)C(c1ccc(Cl)cc1C)N(c1cc(Cl)ccc1C)C2=O,COc1ccc(C(=O)NCCO)cc1-c1nc2c(n1C(C)C)C(c1ccc(Cl)cc1C)N(c1cc(Cl)ccc1C)C2=O,0.15,9.823908740944319,9.823908740944319,,1,active
CHEMBL3657030,COc1ccc(C(=O)NCCO)cc1-c1nc2c(n1C(C)C)[C@@H](c1ccc(Cl)cc1C)N(c1cc(Cl)ccc1C)C2=O,COc1ccc(C(=O)NCCO)cc1-c1nc2c(n1C(C)C)[C@@H](c1ccc(Cl)cc1C)N(c1cc(Cl)ccc1C)C2=O,13.4,7.872895201635192,7.872895201635192,,1,active
CHEMBL3657031,COc1ccc(C(=O)NCCO)cc1-c1nc2c(n1C(C)C)[C@H](c1ccc(Cl)cc1C)N(c1cc(Cl)ccc1C)C2=O,COc1ccc(C(=O)NCCO)cc1-c1nc2c(n1C(C)C)[C@H](c1ccc(Cl)cc1C)N(c1cc(Cl)ccc1C)C2=O,0.05,10.301029995663981,10.301029995663981,,1,active
CHEMBL5892763,COc1ccc(C(C)C)cc1-c1nc2nc(C(=O)O)nc(N[C@H](C)C3CCC3)c2n1Cc1ccc(C(F)(F)F)cc1,COc1ccc(C(C)C)cc1-c1nc2nc(C(=O)O)nc(N[C@H](C)C3CCC3)c2n1Cc1ccc(C(F)(F)F)cc1,27.54,7.560036064079095,7.560036064079095,,1,active
CHEMBL3657047,COc1ccc(C(C)O)cc1-c1nc2c(n1C(C)C)C(c1ccc(Cl)cc1)N(c1cccc(Cl)c1F)C2=O,COc1ccc(C(C)O)cc1-c1nc2c(n1C(C)C)C(c1ccc(Cl)cc1)N(c1cccc(Cl)c1F)C2=O,0.21,9.67778070526608,9.67778070526608,,1,active
CHEMBL5931573,COc1ccc(C(F)(F)F)cc1-c1nc2nc(C(=O)O)nc(N[C@H](C)C3CCC3)c2n1Cc1ccc(C(F)(F)F)cc1,COc1ccc(C(F)(F)F)cc1-c1nc2nc(C(=O)O)nc(N[C@H](C)C3CCC3)c2n1Cc1ccc(C(F)(F)F)cc1,27.75,7.556737012541305,7.556737012541305,,1,active
CHEMBL3656992,COc1ccc(C(N)=O)cc1-c1nc2c(n1C(C)C)C(c1ccc(Cl)cc1)N(c1cc(Cl)ccc1C)C2=O,COc1ccc(C(N)=O)cc1-c1nc2c(n1C(C)C)C(c1ccc(Cl)cc1)N(c1cc(Cl)ccc1C)C2=O,0.1,10.0,10.0,,1,active
CHEMBL3656990,COc1ccc(C(N)=O)cc1-c1nc2c(n1C(C)C)C(c1ccc(Cl)cc1)N(c1ccc(F)c(Cl)c1)C2=O,COc1ccc(C(N)=O)cc1-c1nc2c(n1C(C)C)C(c1ccc(Cl)cc1)N(c1ccc(F)c(Cl)c1)C2=O,0.08,10.096910013008056,10.096910013008056,,1,active
CHEMBL3656991,COc1ccc(C(N)=O)cc1-c1nc2c(n1C(C)C)C(c1ccc(Cl)cc1)N(c1cccc(Cl)c1F)C2=O,COc1ccc(C(N)=O)cc1-c1nc2c(n1C(C)C)C(c1ccc(Cl)cc1)N(c1cccc(Cl)c1F)C2=O,0.11,9.958607314841775,9.958607314841775,,1,active
CHEMBL3703669,COc1ccc(C(Nc2cc(C)c(Cl)cn2)c2ccc3cccnc3c2O)c(OC)c1OC,COc1ccc(C(Nc2cc(C)c(Cl)cn2)c2ccc3cccnc3c2O)c(OC)c1OC,10000.0,5.0,5.0,,1,inactive
CHEMBL3703667,COc1ccc(C(Nc2cc(C)c(Cl)cn2)c2ccc3cccnc3c2O)cc1OC,COc1ccc(C(Nc2cc(C)c(Cl)cn2)c2ccc3cccnc3c2O)cc1OC,26000.0,4.585026652029182,4.585026652029182,,1,inactive
CHEMBL3703646,COc1ccc(C(Nc2cc(C)ccn2)c2ccc3cccnc3c2O)cc1O,COc1ccc(C(Nc2cc(C)ccn2)c2ccc3cccnc3c2O)cc1O,4200.0,5.376750709602099,5.376750709602099,,1,intermediate
CHEMBL3703670,COc1ccc(C(Nc2cc(Cl)c(Cl)cn2)c2ccc3cccnc3c2O)c(OC)c1OC,COc1ccc(C(Nc2cc(Cl)c(Cl)cn2)c2ccc3cccnc3c2O)c(OC)c1OC,18000.0,4.7447274948966935,4.7447274948966935,,1,inactive
CHEMBL3703668,COc1ccc(C(Nc2cc(Cl)c(Cl)cn2)c2ccc3cccnc3c2O)cc1OC,COc1ccc(C(Nc2cc(Cl)c(Cl)cn2)c2ccc3cccnc3c2O)cc1OC,26000.0,4.585026652029182,4.585026652029182,,1,inactive
CHEMBL3703651,COc1ccc(C(Nc2cccc(C)n2)c2ccc3cccnc3c2O)cc1O,COc1ccc(C(Nc2cccc(C)n2)c2ccc3cccnc3c2O)cc1O,4200.0,5.376750709602099,5.376750709602099,,1,intermediate
CHEMBL3703673,COc1ccc(C(Nc2nc(C)c(Cl)cc2Cl)c2ccc3cccnc3c2O)c(OC)c1OC,COc1ccc(C(Nc2nc(C)c(Cl)cc2Cl)c2ccc3cccnc3c2O)c(OC)c1OC,20000.0,4.698970004336019,4.698970004336019,,1,inactive
CHEMBL3703672,COc1ccc(C(Nc2ncc(Cl)cc2C)c2ccc3cccnc3c2O)c(OC)c1OC,COc1ccc(C(Nc2ncc(Cl)cc2C)c2ccc3cccnc3c2O)c(OC)c1OC,13000.0,4.886056647693163,4.886056647693163,,1,inactive
CHEMBL3703666,COc1ccc(C(Nc2ncc(Cl)cc2C)c2ccc3cccnc3c2O)cc1OC,COc1ccc(C(Nc2ncc(Cl)cc2C)c2ccc3cccnc3c2O)cc1OC,24000.0,4.619788758288394,4.619788758288394,,1,inactive
CHEMBL3657046,COc1ccc(C(O)C(C)C)cc1-c1nc2c(n1C(C)C)C(c1ccc(Cl)cc1)N(c1cccc(Cl)c1F)C2=O,COc1ccc(C(O)C(C)C)cc1-c1nc2c(n1C(C)C)C(c1ccc(Cl)cc1)N(c1cccc(Cl)c1F)C2=O,0.29,9.537602002101044,9.537602002101044,,1,active
CHEMBL5906443,COc1ccc(C)cc1-c1cc2nc(C(=O)O)nc(N[C@H](C)C3CCC3)c2n1Cc1ccc(C(F)(F)F)cc1,COc1ccc(C)cc1-c1cc2nc(C(=O)O)nc(N[C@H](C)C3CCC3)c2n1Cc1ccc(C(F)(F)F)cc1,42.0,7.376750709602099,7.376750709602099,,1,active
CHEMBL5852717,COc1ccc(C)cc1-c1nc2nc(C(=O)O)nc(NC(C)C3CC(C)C3)c2n1Cc1ccc(C(F)(F)F)cc1,COc1ccc(C)cc1-c1nc2nc(C(=O)O)nc(NC(C)C3CC(C)C3)c2n1Cc1ccc(C(F)(F)F)cc1,162.5,6.789146634685107,6.789146634685107,,1,active
CHEMBL5996412,COc1ccc(C)cc1-c1nc2nc(C(=O)O)nc(N[C@H](C)C3CC(F)(F)C3)c2n1Cc1ccc(C(F)(F)F)cc1,COc1ccc(C)cc1-c1nc2nc(C(=O)O)nc(N[C@H](C)C3CC(F)(F)C3)c2n1Cc1ccc(C(F)(F)F)cc1,58.89,7.229958445680332,7.229958445680332,,1,active
CHEMBL5891017,COc1ccc(C)cc1-c1nc2nc(C(=O)O)nc(N[C@H](C)C3CC3(C)C)c2n1Cc1ccc(C(F)(F)F)cc1,COc1ccc(C)cc1-c1nc2nc(C(=O)O)nc(N[C@H](C)C3CC3(C)C)c2n1Cc1ccc(C(F)(F)F)cc1,1415.0,5.849243560139691,5.849243560139691,,1,intermediate
CHEMBL5922465,COc1ccc(C)cc1-c1nc2nc(C(=O)O)nc(N[C@H](C)C3CC3(F)F)c2n1Cc1ccc(C(F)(F)F)cc1,COc1ccc(C)cc1-c1nc2nc(C(=O)O)nc(N[C@H](C)C3CC3(F)F)c2n1Cc1ccc(C(F)(F)F)cc1,72.2,7.141462802430361,7.141462802430361,,1,active
CHEMBL5775562,COc1ccc(C)cc1-c1nc2nc(C(=O)O)nc(N[C@H](C)C3CCC3)c2n1C[C@H]1CC[C@H](C)CC1,COc1ccc(C)cc1-c1nc2nc(C(=O)O)nc(N[C@H](C)C3CCC3)c2n1C[C@H]1CC[C@H](C)CC1,4.961,8.304430772963814,8.304430772963814,,1,active
CHEMBL5844852,COc1ccc(C)cc1-c1nc2nc(C(=O)O)nc(N[C@H](C)C3CCC3)c2n1Cc1ccc(C(F)(F)F)cc1,COc1ccc(C)cc1-c1nc2nc(C(=O)O)nc(N[C@H](C)C3CCC3)c2n1Cc1ccc(C(F)(F)F)cc1,9.967,8.001435541739058,8.001435541739058,,1,active
CHEMBL5811061,COc1ccc(C)nc1-c1nc2nc(C(=O)O)nc(N[C@H](C)C3CCC3)c2n1Cc1ccc(C(F)(F)F)cc1,COc1ccc(C)nc1-c1nc2nc(C(=O)O)nc(N[C@H](C)C3CCC3)c2n1Cc1ccc(C(F)(F)F)cc1,13.12,7.882066164960358,7.882066164960358,,1,active
CHEMBL515487,COc1ccc(C2=NC(c3ccc(Cl)cc3)C(c3ccc(Cl)cc3)N2)c(OC(C)C)c1,COc1ccc(C2=NC(c3ccc(Cl)cc3)C(c3ccc(Cl)cc3)N2)c(OC(C)C)c1,90.0,7.045757490560675,7.045757490560675,,1,active
CHEMBL1818538,COc1ccc(C2=NC(c3ccc(Cl)cc3)C(c3ccc(Cl)cc3)N2C(=O)N2CCN(C(C)=O)CC2)c(OC(C)C)c1,COc1ccc(C2=NC(c3ccc(Cl)cc3)C(c3ccc(Cl)cc3)N2C(=O)N2CCN(C(C)=O)CC2)c(OC(C)C)c1,180.0,6.792513326014591,6.792513326014591,,2,active
CHEMBL211045,COc1ccc(C2=NC(c3ccc(Cl)cc3)C(c3ccc(Cl)cc3)N2C(=O)N2CCNC(=O)C2)c(OC(C)C)c1,COc1ccc(C2=NC(c3ccc(Cl)cc3)C(c3ccc(Cl)cc3)N2C(=O)N2CCNC(=O)C2)c(OC(C)C)c1,180.0,6.7447274948966935,6.7447274948966935,,3,active
CHEMBL191334,COc1ccc(C2=N[C@@H](c3ccc(Cl)cc3)[C@@H](c3ccc(Cl)cc3)N2C(=O)N2CCNC(=O)C2)c(OC(C)C)c1,COc1ccc(C2=N[C@@H](c3ccc(Cl)cc3)[C@@H](c3ccc(Cl)cc3)N2C(=O)N2CCNC(=O)C2)c(OC(C)C)c1,90.0,7.045757490560675,7.045757490560675,,22,active
CHEMBL2152332,COc1ccc(C2=N[C@H](c3ccc(Cl)cc3)[C@H](c3ccc(Cl)cc3)N2C(=O)N2CCNC(=O)C2)c(OC(C)C)c1,COc1ccc(C2=N[C@H](c3ccc(Cl)cc3)[C@H](c3ccc(Cl)cc3)N2C(=O)N2CCNC(=O)C2)c(OC(C)C)c1,6854.0,5.916518668071416,5.916518668071416,,2,intermediate
CHEMBL5795467,COc1ccc(C2CCCCN2c2nc3nc(C(=O)O)nc(N[C@H](C)C4CCC4)c3n2Cc2ccc(C(F)(F)F)cc2)cc1,COc1ccc(C2CCCCN2c2nc3nc(C(=O)O)nc(N[C@H](C)C4CCC4)c3n2Cc2ccc(C(F)(F)F)cc2)cc1,9.286,8.032171320669844,8.032171320669844,,1,active
CHEMBL3653283,COc1ccc(CC#N)cc1-c1nc2c(n1C(C)C)C(c1ccc(C#N)cc1)N(c1cccc(Cl)c1F)C2=O,COc1ccc(CC#N)cc1-c1nc2c(n1C(C)C)C(c1ccc(C#N)cc1)N(c1cccc(Cl)c1F)C2=O,0.18,9.744727494896694,9.744727494896694,,1,active
CHEMBL3653307,COc1ccc(CC(=O)N(C)C)cc1-c1nc2c(n1C(C)C)C(c1ccc(Cl)cc1)N(c1cccc(Cl)c1F)C2=O,COc1ccc(CC(=O)N(C)C)cc1-c1nc2c(n1C(C)C)C(c1ccc(Cl)cc1)N(c1cccc(Cl)c1F)C2=O,0.17,9.769551078621726,9.769551078621726,,1,active
CHEMBL3656980,COc1ccc(CC(=O)O)cc1-c1nc2c(n1C(C)C)C(c1ccc(Cl)cc1)N(c1cccc(Cl)c1F)C2=O,COc1ccc(CC(=O)O)cc1-c1nc2c(n1C(C)C)C(c1ccc(Cl)cc1)N(c1cccc(Cl)c1F)C2=O,0.32,9.494850021680094,9.494850021680094,,1,active
CHEMBL611623,COc1ccc(CCCNC(=O)N(CC(CCC(=O)O)NC(N)=O)C(CCCCN)CN(C(=O)NCCc2ccc(Br)cc2)C(CCC(=O)O)CN(CCC(N)=O)C(=O)NCCCc2ccc(Br)cc2)cc1,COc1ccc(CCCNC(=O)N(CC(CCC(=O)O)NC(N)=O)C(CCCCN)CN(C(=O)NCCc2ccc(Br)cc2)C(CCC(=O)O)CN(CCC(N)=O)C(=O)NCCCc2ccc(Br)cc2)cc1,12000.0,4.920818753952375,4.920818753952375,,1,inactive
CHEMBL3653173,COc1ccc(CN)cc1-c1nc2c(n1C(C)C)C(c1ccc(Cl)cc1C)N(c1cc(Cl)ccc1C)C2=O,COc1ccc(CN)cc1-c1nc2c(n1C(C)C)C(c1ccc(Cl)cc1C)N(c1cc(Cl)ccc1C)C2=O,0.09,10.045757490560675,10.045757490560675,,1,active
CHEMBL3691726,COc1ccc(CN)cc1-n1nc2c(c1C(C)C)C(c1ccc(Cl)cc1C)N(c1cc(Cl)c(=O)n(C)c1)C2=O,COc1ccc(CN)cc1-n1nc2c(c1C(C)C)C(c1ccc(Cl)cc1C)N(c1cc(Cl)c(=O)n(C)c1)C2=O,0.551,9.258848401148216,9.258848401148216,,1,active
CHEMBL3691722,COc1ccc(CN)cc1-n1nc2c(c1C(C)C)C(c1ccc(Cl)cc1C)N(c1cc(Cl)ccc1C)C2=O,COc1ccc(CN)cc1-n1nc2c(c1C(C)C)C(c1ccc(Cl)cc1C)N(c1cc(Cl)ccc1C)C2=O,0.6729999999999999,9.37823294908397,9.37823294908397,,2,active
CHEMBL5903026,COc1ccc(CN2C(=O)c3cc(C(C)(O)c4cnn(C)c4)cc(F)c3[C@]2(OCC2(C(N)=O)CC2)c2ccc(Cl)cc2)cn1,COc1ccc(CN2C(=O)c3cc(C(C)(O)c4cnn(C)c4)cc(F)c3[C@]2(OCC2(C(N)=O)CC2)c2ccc(Cl)cc2)cn1,3.2,8.494850021680094,8.494850021680094,,1,active
CHEMBL5984310,COc1ccc(CN2C(=O)c3cc(C(C)(O)c4cnn(C)c4)cc(F)c3[C@]2(OCC2(CO)CC2)c2ccc(Cl)cc2)cn1,COc1ccc(CN2C(=O)c3cc(C(C)(O)c4cnn(C)c4)cc(F)c3[C@]2(OCC2(CO)CC2)c2ccc(Cl)cc2)cn1,4.5249999999999995,8.556895687916251,8.556895687916251,,2,active
CHEMBL5786098,COc1ccc(CN2C(=O)c3cc(C(C)(O)c4cnn(C)c4)cc(F)c3[C@]2(OCC2(CO)CC2)c2ccc(Cl)cc2)nc1,COc1ccc(CN2C(=O)c3cc(C(C)(O)c4cnn(C)c4)cc(F)c3[C@]2(OCC2(CO)CC2)c2ccc(Cl)cc2)nc1,5.1,8.588589177348448,8.588589177348448,,2,active
CHEMBL5847660,COc1ccc(CN2C(=O)c3cc(C(C)(O)c4cnn(C)c4)cc(F)c3[C@]2(OCC2(O)CC2)c2ccc(Cl)cc2)cn1,COc1ccc(CN2C(=O)c3cc(C(C)(O)c4cnn(C)c4)cc(F)c3[C@]2(OCC2(O)CC2)c2ccc(Cl)cc2)cn1,5.5,8.259637310505756,8.259637310505756,,1,active
CHEMBL1688283,COc1ccc(CN2C(=O)c3ccccc3C2(OCC2(CO)CC2)c2ccc(Cl)cc2)cc1,COc1ccc(CN2C(=O)c3ccccc3C2(OCC2(CO)CC2)c2ccc(Cl)cc2)cc1,2800.0,5.552841968657781,5.552841968657781,,2,intermediate
CHEMBL3657040,COc1ccc(CNC(=O)CO)cc1-c1nc2c(n1C(C)C)C(c1ccc(Cl)cc1C)N(c1cc(Cl)ccc1C)C2=O,COc1ccc(CNC(=O)CO)cc1-c1nc2c(n1C(C)C)C(c1ccc(Cl)cc1C)N(c1cc(Cl)ccc1C)C2=O,0.08,10.096910013008056,10.096910013008056,,1,active
CHEMBL4163281,COc1ccc(CNC(=O)[C@H](CC(=O)O)NC(=O)CNC(=O)c2cccc(NC(=N)N)c2)cc1,COc1ccc(CNC(=O)[C@H](CC(=O)O)NC(=O)CNC(=O)c2cccc(NC(=N)N)c2)cc1,720.0,6.142667503568731,6.142667503568731,,1,active
CHEMBL3639520,COc1ccc(CNC(C)=O)cc1-c1nc2c(n1C(C)C)C(c1ccc(Cl)cc1C)N(c1cc(Cl)ccc1C)C2=O,COc1ccc(CNC(C)=O)cc1-c1nc2c(n1C(C)C)C(c1ccc(Cl)cc1C)N(c1cc(Cl)ccc1C)C2=O,0.07,10.154901959985743,10.154901959985743,,1,active
CHEMBL3691727,COc1ccc(CNC(C)=O)cc1-n1nc2c(c1C(C)C)C(c1ccc(Cl)cc1C)N(c1cc(Cl)c(=O)n(C)c1)C2=O,COc1ccc(CNC(C)=O)cc1-n1nc2c(c1C(C)C)C(c1ccc(Cl)cc1C)N(c1cc(Cl)c(=O)n(C)c1)C2=O,0.396,9.402304814074487,9.402304814074487,,1,active
CHEMBL3691723,COc1ccc(CNC(C)=O)cc1-n1nc2c(c1C(C)C)C(c1ccc(Cl)cc1C)N(c1cc(Cl)ccc1C)C2=O,COc1ccc(CNC(C)=O)cc1-n1nc2c(c1C(C)C)C(c1ccc(Cl)cc1C)N(c1cc(Cl)ccc1C)C2=O,0.196,9.707743928643524,9.707743928643524,,1,active
CHEMBL3691724,COc1ccc(CNC=O)cc1-n1nc2c(c1C(C)C)C(c1ccc(Cl)cc1C)N(c1cc(Cl)ccc1C)C2=O,COc1ccc(CNC=O)cc1-n1nc2c(c1C(C)C)C(c1ccc(Cl)cc1C)N(c1cc(Cl)ccc1C)C2=O,0.169,9.772113295386326,9.772113295386326,,1,active
CHEMBL3653175,COc1ccc(CO)cc1-c1nc2c(n1C(C)C)C(c1ccc(Cl)cc1)N(c1cc(Cl)ccc1C)C2=O,COc1ccc(CO)cc1-c1nc2c(n1C(C)C)C(c1ccc(Cl)cc1)N(c1cc(Cl)ccc1C)C2=O,0.15,9.823908740944319,9.823908740944319,,1,active
CHEMBL3653176,COc1ccc(CO)cc1-c1nc2c(n1C(C)C)C(c1ccc(Cl)cc1)N(c1cccc(Cl)c1F)C2=O,COc1ccc(CO)cc1-c1nc2c(n1C(C)C)C(c1ccc(Cl)cc1)N(c1cccc(Cl)c1F)C2=O,0.17,9.769551078621726,9.769551078621726,,1,active
CHEMBL3653174,COc1ccc(CO)cc1-c1nc2c(n1C(C)C)C(c1ccc(Cl)cc1C)N(c1cc(Cl)ccc1C)C2=O,COc1ccc(CO)cc1-c1nc2c(n1C(C)C)C(c1ccc(Cl)cc1C)N(c1cc(Cl)ccc1C)C2=O,0.14,9.853871964321762,9.853871964321762,,1,active
CHEMBL3657036,COc1ccc(CO)cc1-c1nc2c(n1C(C)C)C(c1ccc(Cl)cc1C)N(c1cc(Cl)ccn1)C2=O,COc1ccc(CO)cc1-c1nc2c(n1C(C)C)C(c1ccc(Cl)cc1C)N(c1cc(Cl)ccn1)C2=O,5.81,8.23582386760967,8.23582386760967,,1,active
CHEMBL3653246,COc1ccc(CO)cc1-c1nc2c(n1C(C)C)[C@@H](c1ccc(Cl)cc1C)N(c1cc(Cl)ccc1C)C2=O,COc1ccc(CO)cc1-c1nc2c(n1C(C)C)[C@@H](c1ccc(Cl)cc1C)N(c1cc(Cl)ccc1C)C2=O,1.1,8.958607314841775,8.958607314841775,,1,active
CHEMBL3653245,COc1ccc(CO)cc1-c1nc2c(n1C(C)C)[C@H](c1ccc(Cl)cc1C)N(c1cc(Cl)ccc1C)C2=O,COc1ccc(CO)cc1-c1nc2c(n1C(C)C)[C@H](c1ccc(Cl)cc1C)N(c1cc(Cl)ccc1C)C2=O,0.04,10.397940008672037,10.397940008672037,,1,active
CHEMBL2397153,COc1ccc(COC(=O)N[C@@H](C)C(=O)N[C@@H](CCC(=O)OCc2ccccc2)C(=O)N[C@@H](CC(C)C)C(=O)N[C@H](C(=O)N[C@@H](CC(=O)OC2CCCCCC2)C(=O)N[C@@H](C)C(=O)NN)C(C)C)cc1,COc1ccc(COC(=O)N[C@@H](C)C(=O)N[C@@H](CCC(=O)OCc2ccccc2)C(=O)N[C@@H](CC(C)C)C(=O)N[C@H](C(=O)N[C@@H](CC(=O)OC2CCCCCC2)C(=O)N[C@@H](C)C(=O)NN)C(C)C)cc1,21300.0,4.671620396561262,4.671620396561262,,1,inactive
CHEMBL2397155,COc1ccc(COC(=O)N[C@H](C(=O)N[C@@H](CCC(C)=O)C(=O)N[C@@H](Cc2cn(S(=O)(=O)c3c(C)cc(C)cc3C)c3ccccc23)C(=O)N[C@@H](CC(C)C)C(=O)NN)C(C)C)cc1,COc1ccc(COC(=O)N[C@H](C(=O)N[C@@H](CCC(C)=O)C(=O)N[C@@H](Cc2cn(S(=O)(=O)c3c(C)cc(C)cc3C)c3ccccc23)C(=O)N[C@@H](CC(C)C)C(=O)NN)C(C)C)cc1,8510.0,5.070070439915412,5.070070439915412,,1,intermediate
CHEMBL2347381,COc1ccc(C[C@@H]2O[C@@H](c3ccc(Br)cc3)[C@@H](c3ccc(Br)cc3)N(C)C2=O)cc1,COc1ccc(C[C@@H]2O[C@@H](c3ccc(Br)cc3)[C@@H](c3ccc(Br)cc3)N(C)C2=O)cc1,1900.0,5.721246399047171,5.721246399047171,,1,intermediate
CHEMBL5926622,COc1ccc(C[C@H]2O[C@H](c3ccc(Br)cc3)[C@H](c3ccc(Br)cc3)N(C)C2=O)cc1,COc1ccc(C[C@H]2O[C@H](c3ccc(Br)cc3)[C@H](c3ccc(Br)cc3)N(C)C2=O)cc1,8450.0,5.073143291050307,5.073143291050307,,3,intermediate
CHEMBL5911773,COc1ccc(Cn2c(-c3cccc(C)c3)cc3nc(C(=O)O)nc(N[C@H](C)C4CCC4)c32)cc1,COc1ccc(Cn2c(-c3cccc(C)c3)cc3nc(C(=O)O)nc(N[C@H](C)C4CCC4)c32)cc1,6188.0,5.2084496949726695,5.2084496949726695,,1,intermediate
CHEMBL5840717,COc1ccc(Cn2c(-c3cccc(C)c3)nc3nc(C(=O)O)nc(N[C@H](C)C4CCC4)c32)cc1,COc1ccc(Cn2c(-c3cccc(C)c3)nc3nc(C(=O)O)nc(N[C@H](C)C4CCC4)c32)cc1,581.7,6.235300936201632,6.235300936201632,,1,active
CHEMBL3653158,COc1ccc(F)cc1-c1nc2c(n1C(C)C)C(c1ccc(Cl)cc1C)N(c1cc(Cl)ccc1C)C2=O,COc1ccc(F)cc1-c1nc2c(n1C(C)C)C(c1ccc(Cl)cc1C)N(c1cc(Cl)ccc1C)C2=O,0.15500000000000003,9.811711521471743,9.811711521471743,,2,active
CHEMBL3683114,COc1ccc(N2C(=O)Cc3cc(OCCN)c(OC)cc3C2c2ccc(Cl)cc2)cc1,COc1ccc(N2C(=O)Cc3cc(OCCN)c(OC)cc3C2c2ccc(Cl)cc2)cc1,25290.4,4.597044301678966,4.597044301678966,,1,inactive
CHEMBL3683113,COc1ccc(N2C(=O)Cc3cc(OCCN4CCOCC4)c(OC)cc3C2c2ccc(Cl)cc2)cc1,COc1ccc(N2C(=O)Cc3cc(OCCN4CCOCC4)c(OC)cc3C2c2ccc(Cl)cc2)cc1,10288.5,4.987647938085832,4.987647938085832,,1,inactive
CHEMBL3683111,COc1ccc(N2C(=O)Nc3cc(OC)c(OC)cc3C2c2ccc(Cl)cc2)cc1,COc1ccc(N2C(=O)Nc3cc(OC)c(OC)cc3C2c2ccc(Cl)cc2)cc1,970.6,6.012959713020733,6.012959713020733,,1,active
CHEMBL1689404,COc1ccc(N2N=C(C(=O)NCCCC[C@H](NC(=O)[C@H](CC(C)C)NC(=O)[C@H](CCC(N)=O)NC(=O)[C@H](CCCNC(=N)N)NC(=O)[C@H](Cc3c[nH]c4ccccc34)NC(=O)[C@H](Cc3ccc(O)cc3)NC(=O)[C@H](CCCNC(=N)N)NC(=O)[C@H](CCCCNC(C)=O)NC(=O)[C@H](Cc3ccccc3)NC(=O)[C@@H](NC(=O)[C@H](CC(C)C)NC(C)=O)[C@@H](C)O)C(=O)N[C@@H](CO)C(N)=O)CC2C(N)=O)cc1,COc1ccc(N2N=C(C(=O)NCCCC[C@H](NC(=O)[C@H](CC(C)C)NC(=O)[C@H](CCC(N)=O)NC(=O)[C@H](CCCNC(=N)N)NC(=O)[C@H](Cc3c[nH]c4ccccc34)NC(=O)[C@H](Cc3ccc(O)cc3)NC(=O)[C@H](CCCNC(=N)N)NC(=O)[C@H](CCCCNC(C)=O)NC(=O)[C@H](Cc3ccccc3)NC(=O)[C@@H](NC(=O)[C@H](CC(C)C)NC(C)=O)[C@@H](C)O)C(=O)N[C@@H](CO)C(N)=O)CC2C(N)=O)cc1,2300.0,5.638272163982407,5.638272163982407,,1,intermediate
CHEMBL1689394,COc1ccc(N2N=C3CC2(C)C(=O)NCCCC[C@H](NC(=O)[C@H](Cc2ccccc2)NC(=O)[C@@H](NC(=O)[C@H](CC(C)C)NC(C)=O)[C@@H](C)O)C(=O)N[C@@H](Cc2cnc[nH]2)C(=O)N[C@@H](Cc2ccc(O)cc2)C(=O)N[C@@H](Cc2c[nH]c4ccccc24)C(=O)N[C@H](C(=O)N[C@@H](CCC(N)=O)C(=O)N[C@@H](CC(C)C)C(=O)N[C@H](C(=O)N[C@@H](CO)C(N)=O)[C@@H](C)O)CCCCNC3=O)cc1,COc1ccc(N2N=C3CC2(C)C(=O)NCCCC[C@H](NC(=O)[C@H](Cc2ccccc2)NC(=O)[C@@H](NC(=O)[C@H](CC(C)C)NC(C)=O)[C@@H](C)O)C(=O)N[C@@H](Cc2cnc[nH]2)C(=O)N[C@@H](Cc2ccc(O)cc2)C(=O)N[C@@H](Cc2c[nH]c4ccccc24)C(=O)N[C@H](C(=O)N[C@@H](CCC(N)=O)C(=O)N[C@@H](CC(C)C)C(=O)N[C@H](C(=O)N[C@@H](CO)C(N)=O)[C@@H](C)O)CCCCNC3=O)cc1,61.0,7.214670164989233,7.214670164989233,,1,active
CHEMBL5822884,COc1ccc2cc(-c3nc4nc(C(=O)O)nc(N[C@H](C)C5CCC5)c4n3Cc3ccc(C(F)(F)F)cc3)ccc2c1,COc1ccc2cc(-c3nc4nc(C(=O)O)nc(N[C@H](C)C5CCC5)c4n3Cc3ccc(C(F)(F)F)cc3)ccc2c1,73.35,7.134599881820699,7.134599881820699,,1,active
CHEMBL5779393,COc1cccc(-c2nc3nc(C(=O)O)nc(N[C@H](C)C4CC4)c3n2Cc2ccc(C(F)(F)F)cc2)c1,COc1cccc(-c2nc3nc(C(=O)O)nc(N[C@H](C)C4CC4)c3n2Cc2ccc(C(F)(F)F)cc2)c1,339.0,6.4698003017969175,6.4698003017969175,,1,active
CHEMBL5799868,COc1cccc(-c2nc3nc(C(=O)O)nc(N[C@H](C)C4CCC4)c3n2Cc2ccc(C(F)(F)F)cc2)c1,COc1cccc(-c2nc3nc(C(=O)O)nc(N[C@H](C)C4CCC4)c3n2Cc2ccc(C(F)(F)F)cc2)c1,37.48,7.426200417784259,7.426200417784259,,1,active
CHEMBL5912959,COc1cccc(C2CCCCN2c2nc3nc(C(=O)O)nc(N[C@H](C)C4CCC4)c3n2C[C@H]2CC[C@H](C)CC2)c1,COc1cccc(C2CCCCN2c2nc3nc(C(=O)O)nc(N[C@H](C)C4CCC4)c3n2C[C@H]2CC[C@H](C)CC2)c1,2.256,8.646660904688696,8.646660904688696,,1,active
CHEMBL5869505,COc1cccc(CCN2[C@H]3CCn4c(nc5cc(C(=O)O)ccc54)[C@H]3[C@H](c3cccc(Cl)c3F)[C@]23C(=O)Nc2cc(Cl)ccc23)c1,COc1cccc(CCN2[C@H]3CCn4c(nc5cc(C(=O)O)ccc54)[C@H]3[C@H](c3cccc(Cl)c3F)[C@]23C(=O)Nc2cc(Cl)ccc23)c1,8.0,8.096910013008056,8.096910013008056,,1,active
CHEMBL5913673,COc1cccc(CCN2[C@H]3Cn4c(nc5cc(C(=O)O)ccc54)[C@H]3[C@H](c3cccc(Cl)c3F)[C@]23C(=O)Nc2cc(Cl)ccc23)c1,COc1cccc(CCN2[C@H]3Cn4c(nc5cc(C(=O)O)ccc54)[C@H]3[C@H](c3cccc(Cl)c3F)[C@]23C(=O)Nc2cc(Cl)ccc23)c1,4.0,8.397940008672037,8.397940008672037,,1,active
CHEMBL6010799,COc1cccc(CN(C[C@H](C2CC2)N2C(=O)[C@@](C)(CC(=O)O)CC(c3cccc(Cl)c3)[C@H]2c2ccc(Cl)cc2)S(C)(=O)=O)c1,COc1cccc(CN(C[C@H](C2CC2)N2C(=O)[C@@](C)(CC(=O)O)CC(c3cccc(Cl)c3)[C@H]2c2ccc(Cl)cc2)S(C)(=O)=O)c1,1.5,8.823908740944319,8.823908740944319,,1,active
CHEMBL2347382,COc1cccc(C[C@@H]2O[C@@H](c3ccc(Br)cc3)[C@@H](c3ccc(Br)cc3)N(C)C2=O)c1,COc1cccc(C[C@@H]2O[C@@H](c3ccc(Br)cc3)[C@@H](c3ccc(Br)cc3)N(C)C2=O)c1,2100.0,5.6777807052660805,5.6777807052660805,,1,intermediate
CHEMBL5927468,COc1cccc(C[C@H]2O[C@H](c3ccc(Br)cc3)[C@H](c3ccc(Br)cc3)N(C)C2=O)c1,COc1cccc(C[C@H]2O[C@H](c3ccc(Br)cc3)[C@H](c3ccc(Br)cc3)N(C)C2=O)c1,19270.0,5.054242421500876,5.054242421500876,,2,inactive
CHEMBL3653159,COc1cccc(F)c1-c1nc2c(n1C(C)C)C(c1ccc(Cl)cc1C)N(c1cc(Cl)ccc1C)C2=O,COc1cccc(F)c1-c1nc2c(n1C(C)C)C(c1ccc(Cl)cc1C)N(c1cc(Cl)ccc1C)C2=O,0.17,9.769551078621726,9.769551078621726,,2,active
CHEMBL2347394,COc1cccc2c1C1=C([C@H](c3ccc(Br)cc3)n3ncnc3N1C)[C@@H](c1ccc(Br)cc1)O2,COc1cccc2c1C1=C([C@H](c3ccc(Br)cc3)n3ncnc3N1C)[C@@H](c1ccc(Br)cc1)O2,515.0,6.586315363473087,6.586315363473087,,2,active
CHEMBL3653233,COc1ccccc1-c1nc2c(n1C(C)C)C(c1ccc(C#N)cc1)N(c1cc(Cl)ccc1C)C2=O,COc1ccccc1-c1nc2c(n1C(C)C)C(c1ccc(C#N)cc1)N(c1cc(Cl)ccc1C)C2=O,0.19,9.721246399047171,9.721246399047171,,1,active
CHEMBL3653236,COc1ccccc1-c1nc2c(n1C(C)C)C(c1ccc(C#N)cc1)N(c1ccc(F)c(Cl)c1)C2=O,COc1ccccc1-c1nc2c(n1C(C)C)C(c1ccc(C#N)cc1)N(c1ccc(F)c(Cl)c1)C2=O,0.27,9.568636235841012,9.568636235841012,,1,active
CHEMBL3657006,COc1ccccc1-c1nc2c(n1C(C)C)C(c1ccc(C#N)cc1C)N(c1cc(Cl)ccc1C)C2=O,COc1ccccc1-c1nc2c(n1C(C)C)C(c1ccc(C#N)cc1C)N(c1cc(Cl)ccc1C)C2=O,0.27,9.568636235841012,9.568636235841012,,1,active
CHEMBL3656998,COc1ccccc1-c1nc2c(n1C(C)C)C(c1ccc(C#N)cc1C)N(c1cccc(Cl)c1F)C2=O,COc1ccccc1-c1nc2c(n1C(C)C)C(c1ccc(C#N)cc1C)N(c1cccc(Cl)c1F)C2=O,0.38,9.42021640338319,9.42021640338319,,1,active
CHEMBL3653239,COc1ccccc1-c1nc2c(n1C(C)C)C(c1ccc(Cl)cc1)N(C1CCC(=O)N(C)C1)C2=O,COc1ccccc1-c1nc2c(n1C(C)C)C(c1ccc(Cl)cc1)N(C1CCC(=O)N(C)C1)C2=O,1.47,8.832682665251824,8.832682665251824,,1,active
CHEMBL3657043,COc1ccccc1-c1nc2c(n1C(C)C)C(c1ccc(Cl)cc1C)N(c1cc(Cl)c(=O)n(C)c1)C2=O,COc1ccccc1-c1nc2c(n1C(C)C)C(c1ccc(Cl)cc1C)N(c1cc(Cl)c(=O)n(C)c1)C2=O,0.77,9.113509274827518,9.113509274827518,,1,active
CHEMBL3657041,COc1ccccc1-c1nc2c(n1C(C)C)C(c1ccc(Cl)cc1C)N(c1cc(Cl)c(=O)n(CCO)c1)C2=O,COc1ccccc1-c1nc2c(n1C(C)C)C(c1ccc(Cl)cc1C)N(c1cc(Cl)c(=O)n(CCO)c1)C2=O,0.77,9.113509274827518,9.113509274827518,,1,active
CHEMBL3653162,COc1ccccc1-c1nc2c(n1C(C)C)C(c1ccc(Cl)cc1C)N(c1cc(Cl)ccc1C)C2=O,COc1ccccc1-c1nc2c(n1C(C)C)C(c1ccc(Cl)cc1C)N(c1cc(Cl)ccc1C)C2=O,0.25,9.602059991327963,9.602059991327963,,1,active
CHEMBL3657039,COc1ccccc1-c1nc2c(n1C(C)C)C(c1ccc(Cl)cc1C)N(c1cc(Cl)cnc1C)C2=O,COc1ccccc1-c1nc2c(n1C(C)C)C(c1ccc(Cl)cc1C)N(c1cc(Cl)cnc1C)C2=O,0.37,9.431798275933005,9.431798275933005,,1,active
CHEMBL3653220,COc1ccccc1-c1nc2c(n1C(C)C)C(c1ccc(Cl)cc1C)N(c1cccc(Cl)c1F)C2=O,COc1ccccc1-c1nc2c(n1C(C)C)C(c1ccc(Cl)cc1C)N(c1cccc(Cl)c1F)C2=O,4750.205,7.2047462689957085,7.2047462689957085,,2,intermediate
CHEMBL4290086,COc1ccccc1-c1nc2c(n1C(C)C)[C@H](c1ccc(Cl)cc1C)N(c1cc(Cl)ccc1C)C2=O,COc1ccccc1-c1nc2c(n1C(C)C)[C@H](c1ccc(Cl)cc1C)N(c1cc(Cl)ccc1C)C2=O,0.074,10.130768280269024,10.130768280269024,,1,active
CHEMBL3687316,COc1ccccc1-n1nc2c(c1C(C)C)C(C)(c1ccc(Cl)cc1)N(c1ccc(F)c(Cl)c1)C2=O,COc1ccccc1-n1nc2c(c1C(C)C)C(C)(c1ccc(Cl)cc1)N(c1ccc(F)c(Cl)c1)C2=O,1.6,8.795880017344075,8.795880017344075,,1,active
CHEMBL3687297,COc1ccccc1-n1nc2c(c1C(C)C)C(CC(=O)N1CCOCC1)(c1ccc(Cl)cc1)N(c1cccc(Cl)c1F)C2=O,COc1ccccc1-n1nc2c(c1C(C)C)C(CC(=O)N1CCOCC1)(c1ccc(Cl)cc1)N(c1cccc(Cl)c1F)C2=O,7.1,8.148741651280925,8.148741651280925,,1,active
CHEMBL3687318,COc1ccccc1-n1nc2c(c1C(C)C)C(CC(O)CN1CCCC1)(c1ccc(Cl)cc1)N(c1ccc(F)c(Cl)c1)C2=O,COc1ccccc1-n1nc2c(c1C(C)C)C(CC(O)CN1CCCC1)(c1ccc(Cl)cc1)N(c1ccc(F)c(Cl)c1)C2=O,3.4,8.468521082957745,8.468521082957745,,1,active
CHEMBL3691695,COc1ccccc1-n1nc2c(c1C(C)C)C(CC(O)CO)(c1ccc(Cl)cc1)N(c1ccc(F)c(Cl)c1)C2=O,COc1ccccc1-n1nc2c(c1C(C)C)C(CC(O)CO)(c1ccc(Cl)cc1)N(c1ccc(F)c(Cl)c1)C2=O,1.5,8.823908740944319,8.823908740944319,,1,active
CHEMBL3691696,COc1ccccc1-n1nc2c(c1C(C)C)C(CCO)(c1ccc(Cl)cc1)N(c1ccc(F)c(Cl)c1)C2=O,COc1ccccc1-n1nc2c(c1C(C)C)C(CCO)(c1ccc(Cl)cc1)N(c1ccc(F)c(Cl)c1)C2=O,1.3,8.886056647693163,8.886056647693163,,1,active
CHEMBL3687292,COc1ccccc1-n1nc2c(c1C(C)C)C(c1ccc(C)cc1)N(c1cccc(Cl)c1F)C2=O,COc1ccccc1-n1nc2c(c1C(C)C)C(c1ccc(C)cc1)N(c1cccc(Cl)c1F)C2=O,1.8,8.744727494896694,8.744727494896694,,1,active
CHEMBL3691704,COc1ccccc1-n1nc2c(c1C(C)C)C(c1ccc(Cl)cc1)N(c1cc(Cl)c(=O)n(C)c1)C2=O,COc1ccccc1-n1nc2c(c1C(C)C)C(c1ccc(Cl)cc1)N(c1cc(Cl)c(=O)n(C)c1)C2=O,0.8625,9.128833858821427,9.128833858821427,,2,active
CHEMBL3691711,COc1ccccc1-n1nc2c(c1C(C)C)C(c1ccc(Cl)cc1)N(c1cc(Cl)c(=O)n(CCN(C)C)c1)C2=O,COc1ccccc1-n1nc2c(c1C(C)C)C(c1ccc(Cl)cc1)N(c1cc(Cl)c(=O)n(CCN(C)C)c1)C2=O,2.7864999999999998,8.585753833891136,8.585753833891136,,2,active
CHEMBL3691707,COc1ccccc1-n1nc2c(c1C(C)C)C(c1ccc(Cl)cc1)N(c1cc(Cl)c(=O)n(CCO)c1)C2=O,COc1ccccc1-n1nc2c(c1C(C)C)C(c1ccc(Cl)cc1)N(c1cc(Cl)c(=O)n(CCO)c1)C2=O,10.7,7.97061622231479,7.97061622231479,,1,active
CHEMBL3691720,COc1ccccc1-n1nc2c(c1C(C)C)C(c1ccc(Cl)cc1)N(c1cc(Cl)ccc1OCc1nn[nH]n1)C2=O,COc1ccccc1-n1nc2c(c1C(C)C)C(c1ccc(Cl)cc1)N(c1cc(Cl)ccc1OCc1nn[nH]n1)C2=O,0.99,9.244727494896694,9.244727494896694,,2,active
CHEMBL3687311,COc1ccccc1-n1nc2c(c1C(C)C)C(c1ccc(Cl)cc1)N(c1ccc(F)c(Cl)c1)C2=O,COc1ccccc1-n1nc2c(c1C(C)C)C(c1ccc(Cl)cc1)N(c1ccc(F)c(Cl)c1)C2=O,2.3,8.638272163982407,8.638272163982407,,1,active
CHEMBL3691703,COc1ccccc1-n1nc2c(c1C(C)C)C(c1ccc(Cl)cc1)N(c1ccc(F)c(F)c1)C2=O,COc1ccccc1-n1nc2c(c1C(C)C)C(c1ccc(Cl)cc1)N(c1ccc(F)c(F)c1)C2=O,1.2005,8.961916530327533,8.961916530327533,,2,active
CHEMBL3687293,COc1ccccc1-n1nc2c(c1C(C)C)C(c1ccc(Cl)cc1)N(c1cccc(Cl)c1F)C2=O,COc1ccccc1-n1nc2c(c1C(C)C)C(c1ccc(Cl)cc1)N(c1cccc(Cl)c1F)C2=O,2.0,8.698970004336019,8.698970004336019,,1,active
CHEMBL3691706,COc1ccccc1-n1nc2c(c1C(C)C)C(c1ccc(Cl)cc1C)N(c1cc(Cl)c(=O)n(C)c1)C2=O,COc1ccccc1-n1nc2c(c1C(C)C)C(c1ccc(Cl)cc1C)N(c1cc(Cl)c(=O)n(C)c1)C2=O,0.7965,9.163213101788475,9.163213101788475,,2,active
CHEMBL3687310,COc1ccccc1-n1nc2c(c1C(C)C)C(c1ccc(Cl)cc1C)N(c1cc(Cl)c(F)cc1F)C2=O,COc1ccccc1-n1nc2c(c1C(C)C)C(c1ccc(Cl)cc1C)N(c1cc(Cl)c(F)cc1F)C2=O,1.9,8.721246399047171,8.721246399047171,,1,active
CHEMBL3691700,COc1ccccc1-n1nc2c(c1C(C)C)C(c1ccc(Cl)cc1C)N(c1cc(Cl)cc(C(N)=O)c1)C2=O,COc1ccccc1-n1nc2c(c1C(C)C)C(c1ccc(Cl)cc1C)N(c1cc(Cl)cc(C(N)=O)c1)C2=O,2.1,8.67778070526608,8.67778070526608,,1,active
CHEMBL3691701,COc1ccccc1-n1nc2c(c1C(C)C)C(c1ccc(Cl)cc1C)N(c1cc(Cl)cc(NC(C)=O)c1)C2=O,COc1ccccc1-n1nc2c(c1C(C)C)C(c1ccc(Cl)cc1C)N(c1cc(Cl)cc(NC(C)=O)c1)C2=O,2.9,8.537602002101044,8.537602002101044,,1,active
CHEMBL3687307,COc1ccccc1-n1nc2c(c1C(C)C)C(c1ccc(Cl)cc1C)N(c1cc(Cl)ccc1C)C2=O,COc1ccccc1-n1nc2c(c1C(C)C)C(c1ccc(Cl)cc1C)N(c1cc(Cl)ccc1C)C2=O,1.1,8.958607314841775,8.958607314841775,,1,active
CHEMBL3687315,COc1ccccc1-n1nc2c(c1C(C)C)C(c1ccc(Cl)cc1C)N(c1cc(Cl)ccc1OCCN(C)C)C2=O,COc1ccccc1-n1nc2c(c1C(C)C)C(c1ccc(Cl)cc1C)N(c1cc(Cl)ccc1OCCN(C)C)C2=O,1.7,8.769551078621726,8.769551078621726,,1,active
CHEMBL3687299,COc1ccccc1-n1nc2c(c1C(C)C)C(c1ccc(Cl)cc1C)N(c1cccc(Cl)c1F)C2=O,COc1ccccc1-n1nc2c(c1C(C)C)C(c1ccc(Cl)cc1C)N(c1cccc(Cl)c1F)C2=O,3.2,8.494850021680094,8.494850021680094,,1,active
CHEMBL3691714,COc1ccccc1-n1nc2c(c1C(C)C)C(c1ccc(Cl)cc1C)N(c1ccnc(Cl)c1)C2=O,COc1ccccc1-n1nc2c(c1C(C)C)C(c1ccc(Cl)cc1C)N(c1ccnc(Cl)c1)C2=O,7.2,8.142667503568731,8.142667503568731,,1,active
CHEMBL3687314,COc1ccccc1-n1nc2c(c1C(C)C)C(c1ccc(Cl)cc1C)N(c1cncc(Cl)c1)C2=O,COc1ccccc1-n1nc2c(c1C(C)C)C(c1ccc(Cl)cc1C)N(c1cncc(Cl)c1)C2=O,83.3,7.079354998593212,7.079354998593212,,1,active
CHEMBL3691694,COc1ccccc1-n1nc2c(c1C(C)C)C(c1ccc(Cl)cn1)N(c1cc(Cl)ccc1C)C2=O,COc1ccccc1-n1nc2c(c1C(C)C)C(c1ccc(Cl)cn1)N(c1cc(Cl)ccc1C)C2=O,1.9,8.721246399047171,8.721246399047171,,1,active
CHEMBL3691693,COc1ccccc1-n1nc2c(c1C(C)C)C(c1ccc(Cl)cn1)N(c1ccc(F)c(Cl)c1)C2=O,COc1ccccc1-n1nc2c(c1C(C)C)C(c1ccc(Cl)cn1)N(c1ccc(F)c(Cl)c1)C2=O,6.2,8.207608310501746,8.207608310501746,,1,active
CHEMBL3687290,COc1ccccc1-n1nc2c(c1C(C)C)C(c1ccc(F)c(F)c1)N(c1cccc(Cl)c1F)C2=O,COc1ccccc1-n1nc2c(c1C(C)C)C(c1ccc(F)c(F)c1)N(c1cccc(Cl)c1F)C2=O,3.3,8.481486060122112,8.481486060122112,,1,active
CHEMBL3687289,COc1ccccc1-n1nc2c(c1C(C)C)C(c1ccc(F)cc1)N(c1cccc(Cl)c1F)C2=O,COc1ccccc1-n1nc2c(c1C(C)C)C(c1ccc(F)cc1)N(c1cccc(Cl)c1F)C2=O,6.7,8.173925197299173,8.173925197299173,,1,active
CHEMBL3691738,COc1ccccc1-n1nc2c(c1C(C)C)[C@@H](c1ccc(Cl)cc1C)N(c1cc(Cl)ccc1C)C2=O,COc1ccccc1-n1nc2c(c1C(C)C)[C@@H](c1ccc(Cl)cc1C)N(c1cc(Cl)ccc1C)C2=O,505.8,6.296021174991614,6.296021174991614,,1,active
CHEMBL3691740,COc1ccccc1-n1nc2c(c1C(C)C)[C@@H](c1ccc(Cl)cc1C)N(c1cc(Cl)ccc1OCCN(C)C)C2=O,COc1ccccc1-n1nc2c(c1C(C)C)[C@@H](c1ccc(Cl)cc1C)N(c1cc(Cl)ccc1OCCN(C)C)C2=O,3.9,8.4089353929735,8.4089353929735,,1,active
CHEMBL3691737,COc1ccccc1-n1nc2c(c1C(C)C)[C@H](c1ccc(Cl)cc1C)N(c1cc(Cl)ccc1C)C2=O,COc1ccccc1-n1nc2c(c1C(C)C)[C@H](c1ccc(Cl)cc1C)N(c1cc(Cl)ccc1C)C2=O,0.161,9.79317412396815,9.79317412396815,,3,active
CHEMBL3691739,COc1ccccc1-n1nc2c(c1C(C)C)[C@H](c1ccc(Cl)cc1C)N(c1cc(Cl)ccc1OCCN(C)C)C2=O,COc1ccccc1-n1nc2c(c1C(C)C)[C@H](c1ccc(Cl)cc1C)N(c1cc(Cl)ccc1OCCN(C)C)C2=O,0.3005,9.648354310940668,9.648354310940668,,2,active
CHEMBL3687309,COc1ccccc1-n1nc2c(c1C1CC1)C(c1ccc(Cl)cc1C)N(c1cccc(Cl)c1F)C2=O,COc1ccccc1-n1nc2c(c1C1CC1)C(c1ccc(Cl)cc1C)N(c1cccc(Cl)c1F)C2=O,8.5,8.070581074285707,8.070581074285707,,1,active
CHEMBL5854582,COc1ccccc1C(C)(F)c1nc2nc(-c3n[nH]c(=O)o3)nc(-c3cncc(Cl)c3)c2n1C[C@H]1CC[C@H](C)CC1,COc1ccccc1C(C)(F)c1nc2nc(-c3n[nH]c(=O)o3)nc(-c3cncc(Cl)c3)c2n1C[C@H]1CC[C@H](C)CC1,5.5125,8.299885610452867,8.299885610452867,,2,active
CHEMBL5742922,COc1ccccc1C(C)(F)c1nc2nc(-c3noc(=O)[nH]3)nc(-c3cncc(Cl)c3)c2n1C[C@H]1CC[C@H](C)CC1,COc1ccccc1C(C)(F)c1nc2nc(-c3noc(=O)[nH]3)nc(-c3cncc(Cl)c3)c2n1C[C@H]1CC[C@H](C)CC1,3.4955000000000003,8.530214916540935,8.530214916540935,,2,active
CHEMBL5902327,COc1ccccc1C(C)(OC)c1nc2nc(-c3n[nH]c(=O)o3)nc(-c3cncc(Cl)c3)c2n1C[C@H]1CC[C@H](C)CC1,COc1ccccc1C(C)(OC)c1nc2nc(-c3n[nH]c(=O)o3)nc(-c3cncc(Cl)c3)c2n1C[C@H]1CC[C@H](C)CC1,8.222,8.085022527555669,8.085022527555669,,1,active
CHEMBL5795133,COc1ccccc1C(C)(OC)c1nc2nc(-c3noc(=O)[nH]3)nc(-c3cncc(Cl)c3)c2n1C[C@H]1CC[C@H](C)CC1,COc1ccccc1C(C)(OC)c1nc2nc(-c3noc(=O)[nH]3)nc(-c3cncc(Cl)c3)c2n1C[C@H]1CC[C@H](C)CC1,3.799,8.420330706445279,8.420330706445279,,1,active
CHEMBL3233587,COc1ccccc1N1CCN(C(=O)[C@]2(Oc3ccc(C(F)(F)F)cc3)CCCN(C(=O)c3cnccc3C(F)(F)F)C2)CC1,COc1ccccc1N1CCN(C(=O)[C@]2(Oc3ccc(C(F)(F)F)cc3)CCCN(C(=O)c3cnccc3C(F)(F)F)C2)CC1,600.0,6.221848749616356,6.221848749616356,,1,active
CHEMBL3233595,COc1ccccc1N1CCN(C(=O)[C@]2(Oc3ccc(C(F)(F)F)cc3)C[C@@H]3C[C@@H]3N(C(=O)c3cnccc3C(F)(F)F)C2)CC1,COc1ccccc1N1CCN(C(=O)[C@]2(Oc3ccc(C(F)(F)F)cc3)C[C@@H]3C[C@@H]3N(C(=O)c3cnccc3C(F)(F)F)C2)CC1,5600.0,5.251811972993799,5.251811972993799,,1,intermediate
CHEMBL3233592,COc1ccccc1N1CCN(C(=O)[C@]2(Oc3ccc(C(F)(F)F)cc3)C[C@H](c3ccccc3)CN(C(=O)c3cnccc3C(F)(F)F)C2)CC1,COc1ccccc1N1CCN(C(=O)[C@]2(Oc3ccc(C(F)(F)F)cc3)C[C@H](c3ccccc3)CN(C(=O)c3cnccc3C(F)(F)F)C2)CC1,3000.0,5.522878745280337,5.522878745280337,,1,intermediate
CHEMBL5850682,COc1ccnc(-c2nc3nc(C(=O)O)nc(N[C@H](C)C4CCC4)c3n2Cc2ccc(C(F)(F)F)cc2)c1,COc1ccnc(-c2nc3nc(C(=O)O)nc(N[C@H](C)C4CCC4)c3n2Cc2ccc(C(F)(F)F)cc2)c1,14.19,7.848017604542526,7.848017604542526,,1,active
CHEMBL5952434,COc1ccnc(-c2nc3nc(C(=O)O)nc(N[C@H](C)C4CCC4)c3n2Cc2ccc(C(F)(F)F)cc2)c1C,COc1ccnc(-c2nc3nc(C(=O)O)nc(N[C@H](C)C4CCC4)c3n2Cc2ccc(C(F)(F)F)cc2)c1C,72.45,7.139961610192806,7.139961610192806,,1,active
CHEMBL4293896,COc1ccncc1-c1nc2c(n1C(C)C)[C@H](c1ccc(Cl)cc1C)N(c1cc(Cl)ccc1C)C2=O,COc1ccncc1-c1nc2c(n1C(C)C)[C@H](c1ccc(Cl)cc1C)N(c1cc(Cl)ccc1C)C2=O,0.26,9.585026652029182,9.585026652029182,,1,active
CHEMBL3691717,COc1ccncc1-n1nc2c(c1C(C)C)C(c1ccc(Cl)cc1)N(c1cccc(Cl)c1F)C2=O,COc1ccncc1-n1nc2c(c1C(C)C)C(c1ccc(Cl)cc1)N(c1cccc(Cl)c1F)C2=O,6.9,8.161150909262744,8.161150909262744,,1,active
CHEMBL3691718,COc1ccncc1-n1nc2c(c1C(C)C)C(c1ccc(Cl)cc1C)N(c1cc(Cl)ccc1C)C2=O,COc1ccncc1-n1nc2c(c1C(C)C)C(c1ccc(Cl)cc1C)N(c1cc(Cl)ccc1C)C2=O,2.245,8.651603457459128,8.651603457459128,,2,active
CHEMBL3657110,COc1cn(C)c(=O)cc1-c1nc2c(n1C(C)C)C(c1ccc(Cl)cc1)N(c1c(F)c(C3CC3)nn1C)C2=O,COc1cn(C)c(=O)cc1-c1nc2c(n1C(C)C)C(c1ccc(Cl)cc1)N(c1c(F)c(C3CC3)nn1C)C2=O,3.224,8.491604966866946,8.491604966866946,,1,active
CHEMBL3657077,COc1cn(C)c(=O)cc1-c1nc2c(n1C(C)C)C(c1ccc(Cl)cc1)N(c1cc(C)ccc1OC)C2=O,COc1cn(C)c(=O)cc1-c1nc2c(n1C(C)C)C(c1ccc(Cl)cc1)N(c1cc(C)ccc1OC)C2=O,1.16,8.935542010773082,8.935542010773082,,1,active
CHEMBL3657054,COc1cn(C)c(=O)cc1-c1nc2c(n1C(C)C)C(c1ccc(Cl)cc1)N(c1cc(C)nc(C)n1)C2=O,COc1cn(C)c(=O)cc1-c1nc2c(n1C(C)C)C(c1ccc(Cl)cc1)N(c1cc(C)nc(C)n1)C2=O,142.55,6.846032805069812,6.846032805069812,,2,active
CHEMBL3653264,COc1cn(C)c(=O)cc1-c1nc2c(n1C(C)C)C(c1ccc(Cl)cc1)N(c1cc(Cl)ccc1C)C2=O,COc1cn(C)c(=O)cc1-c1nc2c(n1C(C)C)C(c1ccc(Cl)cc1)N(c1cc(Cl)ccc1C)C2=O,0.23,9.638272163982407,9.638272163982407,,1,active
CHEMBL3657076,COc1cn(C)c(=O)cc1-c1nc2c(n1C(C)C)C(c1ccc(Cl)cc1)N(c1ccc(F)c(C)c1)C2=O,COc1cn(C)c(=O)cc1-c1nc2c(n1C(C)C)C(c1ccc(Cl)cc1)N(c1ccc(F)c(C)c1)C2=O,1.18,8.928117992693874,8.928117992693874,,1,active
CHEMBL3653259,COc1cn(C)c(=O)cc1-c1nc2c(n1C(C)C)C(c1ccc(Cl)cc1)N(c1ccc(F)c(Cl)c1)C2=O,COc1cn(C)c(=O)cc1-c1nc2c(n1C(C)C)C(c1ccc(Cl)cc1)N(c1ccc(F)c(Cl)c1)C2=O,0.31,9.508638306165727,9.508638306165727,,1,active
CHEMBL3653263,COc1cn(C)c(=O)cc1-c1nc2c(n1C(C)C)C(c1ccc(Cl)cc1)N(c1cccc(Cl)c1F)C2=O,COc1cn(C)c(=O)cc1-c1nc2c(n1C(C)C)C(c1ccc(Cl)cc1)N(c1cccc(Cl)c1F)C2=O,0.35,9.455931955649724,9.455931955649724,,1,active
CHEMBL3691731,COc1cnc(C#N)cc1-n1nc2c(c1C(C)C)C(c1ccc(Cl)cc1C)N(c1cc(Cl)c(=O)n(C)c1)C2=O,COc1cnc(C#N)cc1-n1nc2c(c1C(C)C)C(c1ccc(Cl)cc1C)N(c1cc(Cl)c(=O)n(C)c1)C2=O,0.75,9.1249387366083,9.1249387366083,,1,active
CHEMBL3691730,COc1cnc(C#N)cc1-n1nc2c(c1C(C)C)C(c1ccc(Cl)cc1C)N(c1cc(Cl)ccc1C)C2=O,COc1cnc(C#N)cc1-n1nc2c(c1C(C)C)C(c1ccc(Cl)cc1C)N(c1cc(Cl)ccc1C)C2=O,0.267,9.573488738635424,9.573488738635424,,1,active
CHEMBL3656987,COc1cnc(C#N)nc1-c1nc2c(n1C(C)C)C(c1ccc(Cl)cc1)N(c1cc(Cl)ccc1C)C2=O,COc1cnc(C#N)nc1-c1nc2c(n1C(C)C)C(c1ccc(Cl)cc1)N(c1cc(Cl)ccc1C)C2=O,0.16,9.795880017344075,9.795880017344075,,1,active
CHEMBL3653291,COc1cnc(C(N)=O)nc1-c1nc2c(n1C(C)C)C(c1ccc(Cl)cc1)N(c1cc(Cl)ccc1C)C2=O,COc1cnc(C(N)=O)nc1-c1nc2c(n1C(C)C)C(c1ccc(Cl)cc1)N(c1cc(Cl)ccc1C)C2=O,0.66,9.18045606445813,9.18045606445813,,1,active
CHEMBL3653288,COc1cnc(CC#N)cc1-c1nc2c(n1C(C)C)C(c1ccc(C#N)cc1)N(c1cc(Cl)ccc1C)C2=O,COc1cnc(CC#N)cc1-c1nc2c(n1C(C)C)C(c1ccc(C#N)cc1)N(c1cc(Cl)ccc1C)C2=O,0.27,9.568636235841012,9.568636235841012,,1,active
CHEMBL3657051,COc1cnc(CC#N)cc1-c1nc2c(n1C(C)C)C(c1ccc(C#N)cc1)N(c1ccc(F)c(Cl)c1)C2=O,COc1cnc(CC#N)cc1-c1nc2c(n1C(C)C)C(c1ccc(C#N)cc1)N(c1ccc(F)c(Cl)c1)C2=O,1.2,8.920818753952375,8.920818753952375,,1,active
CHEMBL3653287,COc1cnc(CC#N)cc1-c1nc2c(n1C(C)C)C(c1ccc(C#N)cc1)N(c1cccc(Cl)c1F)C2=O,COc1cnc(CC#N)cc1-c1nc2c(n1C(C)C)C(c1ccc(C#N)cc1)N(c1cccc(Cl)c1F)C2=O,0.69,9.161150909262744,9.161150909262744,,1,active
CHEMBL3657053,COc1cnc(CC#N)cc1-c1nc2c(n1C(C)C)C(c1ccc(C#N)cc1C)N(c1cc(Cl)ccc1C)C2=O,COc1cnc(CC#N)cc1-c1nc2c(n1C(C)C)C(c1ccc(C#N)cc1C)N(c1cc(Cl)ccc1C)C2=O,0.27,9.568636235841012,9.568636235841012,,1,active
CHEMBL3657050,COc1cnc(CC#N)cc1-c1nc2c(n1C(C)C)C(c1ccc(C#N)cc1C)N(c1cccc(Cl)c1F)C2=O,COc1cnc(CC#N)cc1-c1nc2c(n1C(C)C)C(c1ccc(C#N)cc1C)N(c1cccc(Cl)c1F)C2=O,0.54,9.267606240177031,9.267606240177031,,1,active
CHEMBL3653261,COc1cnc(CC#N)cc1-c1nc2c(n1C(C)C)C(c1ccc(Cl)cc1)N(c1cc(Cl)ccc1C)C2=O,COc1cnc(CC#N)cc1-c1nc2c(n1C(C)C)C(c1ccc(Cl)cc1)N(c1cc(Cl)ccc1C)C2=O,0.32,9.494850021680094,9.494850021680094,,1,active
CHEMBL3653262,COc1cnc(CC#N)cc1-c1nc2c(n1C(C)C)C(c1ccc(Cl)cc1)N(c1cc(Cl)cn(C)c1=O)C2=O,COc1cnc(CC#N)cc1-c1nc2c(n1C(C)C)C(c1ccc(Cl)cc1)N(c1cc(Cl)cn(C)c1=O)C2=O,1.1,8.958607314841775,8.958607314841775,,1,active
CHEMBL3657052,COc1cnc(CC#N)cc1-c1nc2c(n1C(C)C)C(c1ccc(Cl)cc1)N(c1ccc(F)c(Cl)c1)C2=O,COc1cnc(CC#N)cc1-c1nc2c(n1C(C)C)C(c1ccc(Cl)cc1)N(c1ccc(F)c(Cl)c1)C2=O,0.41,9.387216143280265,9.387216143280265,,1,active
CHEMBL3653289,COc1cnc(CC#N)cc1-c1nc2c(n1C(C)C)C(c1ccc(Cl)cc1)N(c1cccc(Cl)c1F)C2=O,COc1cnc(CC#N)cc1-c1nc2c(n1C(C)C)C(c1ccc(Cl)cc1)N(c1cccc(Cl)c1F)C2=O,0.2,9.698970004336019,9.698970004336019,,1,active
CHEMBL3653260,COc1cnc(CC#N)cc1-c1nc2c(n1C(C)C)C(c1ccc(Cl)cc1C)N(c1cc(Cl)ccc1C)C2=O,COc1cnc(CC#N)cc1-c1nc2c(n1C(C)C)C(c1ccc(Cl)cc1C)N(c1cc(Cl)ccc1C)C2=O,0.28,9.55284196865778,9.55284196865778,,1,active
CHEMBL3657049,COc1cnc(CC#N)cc1-c1nc2c(n1C(C)C)C(c1ccc(Cl)cc1C)N(c1cc(Cl)cn(C)c1=O)C2=O,COc1cnc(CC#N)cc1-c1nc2c(n1C(C)C)C(c1ccc(Cl)cc1C)N(c1cc(Cl)cn(C)c1=O)C2=O,1.09,8.962573502059376,8.962573502059376,,1,active
CHEMBL3653249,COc1cnc(CC#N)cc1-c1nc2c(n1C(C)C)C(c1ccc(Cl)cc1C)N(c1cccc(Cl)c1F)C2=O,COc1cnc(CC#N)cc1-c1nc2c(n1C(C)C)C(c1ccc(Cl)cc1C)N(c1cccc(Cl)c1F)C2=O,0.36,9.443697499232712,9.443697499232712,,1,active
CHEMBL3657062,COc1cnc(CC#N)cc1-c1nc2c(n1C(C)C)[C@@H](c1ccc(C#N)cc1)N(c1cc(Cl)ccc1C)C2=O,COc1cnc(CC#N)cc1-c1nc2c(n1C(C)C)[C@@H](c1ccc(C#N)cc1)N(c1cc(Cl)ccc1C)C2=O,57.7,7.238824186844269,7.238824186844269,,1,active
CHEMBL3657064,COc1cnc(CC#N)cc1-c1nc2c(n1C(C)C)[C@@H](c1ccc(C#N)cc1)N(c1cccc(Cl)c1F)C2=O,COc1cnc(CC#N)cc1-c1nc2c(n1C(C)C)[C@@H](c1ccc(C#N)cc1)N(c1cccc(Cl)c1F)C2=O,60.4,7.218963061378869,7.218963061378869,,1,active
CHEMBL3657060,COc1cnc(CC#N)cc1-c1nc2c(n1C(C)C)[C@@H](c1ccc(Cl)cc1)N(c1cccc(Cl)c1F)C2=O,COc1cnc(CC#N)cc1-c1nc2c(n1C(C)C)[C@@H](c1ccc(Cl)cc1)N(c1cccc(Cl)c1F)C2=O,4.4,8.356547323513812,8.356547323513812,,1,active
CHEMBL3657061,COc1cnc(CC#N)cc1-c1nc2c(n1C(C)C)[C@H](c1ccc(C#N)cc1)N(c1cc(Cl)ccc1C)C2=O,COc1cnc(CC#N)cc1-c1nc2c(n1C(C)C)[C@H](c1ccc(C#N)cc1)N(c1cc(Cl)ccc1C)C2=O,0.2,9.698970004336019,9.698970004336019,,1,active
CHEMBL3657063,COc1cnc(CC#N)cc1-c1nc2c(n1C(C)C)[C@H](c1ccc(C#N)cc1)N(c1cccc(Cl)c1F)C2=O,COc1cnc(CC#N)cc1-c1nc2c(n1C(C)C)[C@H](c1ccc(C#N)cc1)N(c1cccc(Cl)c1F)C2=O,0.27,9.568636235841012,9.568636235841012,,1,active
CHEMBL3657059,COc1cnc(CC#N)cc1-c1nc2c(n1C(C)C)[C@H](c1ccc(Cl)cc1)N(c1cccc(Cl)c1F)C2=O,COc1cnc(CC#N)cc1-c1nc2c(n1C(C)C)[C@H](c1ccc(Cl)cc1)N(c1cccc(Cl)c1F)C2=O,0.13,9.886056647693163,9.886056647693163,,1,active
CHEMBL3691715,COc1cnc(Cl)cc1N1C(=O)c2nn(-c3ccccc3OC)c(C(C)C)c2C1c1ccc(Cl)cc1C,COc1cnc(Cl)cc1N1C(=O)c2nn(-c3ccccc3OC)c(C(C)C)c2C1c1ccc(Cl)cc1C,1.5130000000000001,8.855584859292073,8.855584859292073,,2,active
CHEMBL3656989,COc1cnc(N(C)C)nc1-c1nc2c(n1C(C)C)C(c1ccc(Cl)cc1)N(c1cc(Cl)ccc1C)C2=O,COc1cnc(N(C)C)nc1-c1nc2c(n1C(C)C)C(c1ccc(Cl)cc1)N(c1cc(Cl)ccc1C)C2=O,0.29,9.537602002101044,9.537602002101044,,1,active
CHEMBL3656988,COc1cnc(N(C)C)nc1-c1nc2c(n1C(C)C)C(c1ccc(Cl)cc1)N(c1cccc(Cl)c1F)C2=O,COc1cnc(N(C)C)nc1-c1nc2c(n1C(C)C)C(c1ccc(Cl)cc1)N(c1cccc(Cl)c1F)C2=O,0.315,9.621301985603488,9.621301985603488,,2,active
CHEMBL3653274,COc1cnc(N(C)CCO)nc1-c1nc2c(n1C(C)C)C(c1ccc(Cl)cc1)N(c1cc(Cl)ccc1C)C2=O,COc1cnc(N(C)CCO)nc1-c1nc2c(n1C(C)C)C(c1ccc(Cl)cc1)N(c1cc(Cl)ccc1C)C2=O,0.26,9.585026652029182,9.585026652029182,,1,active
CHEMBL3653266,COc1cnc(N(C)CCO)nc1-c1nc2c(n1C(C)C)C(c1ccc(Cl)cc1)N(c1ccc(F)c(Cl)c1)C2=O,COc1cnc(N(C)CCO)nc1-c1nc2c(n1C(C)C)C(c1ccc(Cl)cc1)N(c1ccc(F)c(Cl)c1)C2=O,0.56,9.2518119729938,9.2518119729938,,1,active
CHEMBL3653268,COc1cnc(N(C)CCO)nc1-c1nc2c(n1C(C)C)C(c1ccc(Cl)cc1)N(c1cccc(Cl)c1F)C2=O,COc1cnc(N(C)CCO)nc1-c1nc2c(n1C(C)C)C(c1ccc(Cl)cc1)N(c1cccc(Cl)c1F)C2=O,0.7,9.154901959985743,9.154901959985743,,1,active
CHEMBL3653172,COc1cnccc1-c1nc2c(n1C(C)C)C(c1ccc(Cl)cc1C)N(c1cc(Cl)ccc1C)C2=O,COc1cnccc1-c1nc2c(n1C(C)C)C(c1ccc(Cl)cc1C)N(c1cc(Cl)ccc1C)C2=O,0.22,9.657577319177793,9.657577319177793,,1,active
CHEMBL3657099,COc1nc(=O)[nH]cc1-c1nc2c(n1C(C)C)C(c1ccc(Cl)cc1)N(c1cc(Cl)cn(C)c1=O)C2=O,COc1nc(=O)[nH]cc1-c1nc2c(n1C(C)C)C(c1ccc(Cl)cc1)N(c1cc(Cl)cn(C)c1=O)C2=O,10.19,7.991825815993574,7.991825815993574,,1,active
CHEMBL5962437,COc1nc(C)ccc1CN1C(=O)c2cc(C(C)(C)O)cc(F)c2[C@]1(OC)c1ccc(Cl)cc1,COc1nc(C)ccc1CN1C(=O)c2cc(C(C)(C)O)cc(F)c2[C@]1(OC)c1ccc(Cl)cc1,460.0,6.337242168318426,6.337242168318426,,1,active
CHEMBL3657079,COc1nc(N(C)C)ncc1-c1nc2c(n1C(C)C)C(c1ccc(C#N)c(F)c1)N(c1cc(Cl)cn(C)c1=O)C2=O,COc1nc(N(C)C)ncc1-c1nc2c(n1C(C)C)C(c1ccc(C#N)c(F)c1)N(c1cc(Cl)cn(C)c1=O)C2=O,0.35,9.455931955649724,9.455931955649724,,1,active
CHEMBL3657058,COc1nc(N(C)C)ncc1-c1nc2c(n1C(C)C)C(c1ccc(C#N)c(F)c1)N(c1cccc(Cl)c1F)C2=O,COc1nc(N(C)C)ncc1-c1nc2c(n1C(C)C)C(c1ccc(C#N)c(F)c1)N(c1cccc(Cl)c1F)C2=O,0.08,10.096910013008056,10.096910013008056,,1,active
CHEMBL3653255,COc1nc(N(C)C)ncc1-c1nc2c(n1C(C)C)C(c1ccc(C#N)cc1)N(c1cc(Cl)cn(C)c1=O)C2=O,COc1nc(N(C)C)ncc1-c1nc2c(n1C(C)C)C(c1ccc(C#N)cc1)N(c1cc(Cl)cn(C)c1=O)C2=O,0.64,9.193820026016112,9.193820026016112,,1,active
CHEMBL3657089,COc1nc(N(C)C)ncc1-c1nc2c(n1C(C)C)C(c1ccc(Cl)c(F)c1)N(c1cc(Cl)c(=O)n(C)c1)C2=O,COc1nc(N(C)C)ncc1-c1nc2c(n1C(C)C)C(c1ccc(Cl)c(F)c1)N(c1cc(Cl)c(=O)n(C)c1)C2=O,0.117,9.931814138253838,9.931814138253838,,1,active
CHEMBL3657087,COc1nc(N(C)C)ncc1-c1nc2c(n1C(C)C)C(c1ccc(Cl)c(F)c1)N(c1cc(Cl)cn(C)c1=O)C2=O,COc1nc(N(C)C)ncc1-c1nc2c(n1C(C)C)C(c1ccc(Cl)c(F)c1)N(c1cc(Cl)cn(C)c1=O)C2=O,0.19,9.721246399047171,9.721246399047171,,1,active
CHEMBL3653282,COc1nc(N(C)C)ncc1-c1nc2c(n1C(C)C)C(c1ccc(Cl)cc1)N(C1CN(C)C(=O)N(C)C1)C2=O,COc1nc(N(C)C)ncc1-c1nc2c(n1C(C)C)C(c1ccc(Cl)cc1)N(C1CN(C)C(=O)N(C)C1)C2=O,0.41,9.387216143280265,9.387216143280265,,1,active
CHEMBL3657106,COc1nc(N(C)C)ncc1-c1nc2c(n1C(C)C)C(c1ccc(Cl)cc1)N(c1c(F)c(C)nn1C)C2=O,COc1nc(N(C)C)ncc1-c1nc2c(n1C(C)C)C(c1ccc(Cl)cc1)N(c1c(F)c(C)nn1C)C2=O,0.204,9.6903698325741,9.6903698325741,,1,active
CHEMBL3657095,COc1nc(N(C)C)ncc1-c1nc2c(n1C(C)C)C(c1ccc(Cl)cc1)N(c1cc(C)cn(C)c1=O)C2=O,COc1nc(N(C)C)ncc1-c1nc2c(n1C(C)C)C(c1ccc(Cl)cc1)N(c1cc(C)cn(C)c1=O)C2=O,0.253,9.596879478824182,9.596879478824182,,1,active
CHEMBL3653247,COc1nc(N(C)C)ncc1-c1nc2c(n1C(C)C)C(c1ccc(Cl)cc1)N(c1cc(C)nn1C)C2=O,COc1nc(N(C)C)ncc1-c1nc2c(n1C(C)C)C(c1ccc(Cl)cc1)N(c1cc(C)nn1C)C2=O,0.45,9.346787486224656,9.346787486224656,,1,active
CHEMBL3657102,COc1nc(N(C)C)ncc1-c1nc2c(n1C(C)C)C(c1ccc(Cl)cc1)N(c1cc(C)nnc1OC)C2=O,COc1nc(N(C)C)ncc1-c1nc2c(n1C(C)C)C(c1ccc(Cl)cc1)N(c1cc(C)nnc1OC)C2=O,1.268,8.896880746454286,8.896880746454286,,1,active
CHEMBL3653222,COc1nc(N(C)C)ncc1-c1nc2c(n1C(C)C)C(c1ccc(Cl)cc1)N(c1cc(Cl)c(=O)n(C)c1)C2=O,COc1nc(N(C)C)ncc1-c1nc2c(n1C(C)C)C(c1ccc(Cl)cc1)N(c1cc(Cl)c(=O)n(C)c1)C2=O,0.23,9.638272163982407,9.638272163982407,,1,active
CHEMBL3653192,COc1nc(N(C)C)ncc1-c1nc2c(n1C(C)C)C(c1ccc(Cl)cc1)N(c1cc(Cl)ccc1C)C2=O,COc1nc(N(C)C)ncc1-c1nc2c(n1C(C)C)C(c1ccc(Cl)cc1)N(c1cc(Cl)ccc1C)C2=O,0.13,9.886056647693163,9.886056647693163,,1,active
CHEMBL3657011,COc1nc(N(C)C)ncc1-c1nc2c(n1C(C)C)C(c1ccc(Cl)cc1)N(c1cc(Cl)cn(C)c1=O)C2=O,COc1nc(N(C)C)ncc1-c1nc2c(n1C(C)C)C(c1ccc(Cl)cc1)N(c1cc(Cl)cn(C)c1=O)C2=O,0.16,9.795880017344075,9.795880017344075,,1,active
CHEMBL3656976,COc1nc(N(C)C)ncc1-c1nc2c(n1C(C)C)C(c1ccc(Cl)cc1)N(c1cc(Cl)cnc1O)C2=O,COc1nc(N(C)C)ncc1-c1nc2c(n1C(C)C)C(c1ccc(Cl)cc1)N(c1cc(Cl)cnc1O)C2=O,0.14,9.853871964321762,9.853871964321762,,1,active
CHEMBL3653250,COc1nc(N(C)C)ncc1-c1nc2c(n1C(C)C)C(c1ccc(Cl)cc1)N(c1ccc(C(N)=O)cc1C)C2=O,COc1nc(N(C)C)ncc1-c1nc2c(n1C(C)C)C(c1ccc(Cl)cc1)N(c1ccc(C(N)=O)cc1C)C2=O,0.32,9.494850021680094,9.494850021680094,,1,active
CHEMBL3657000,COc1nc(N(C)C)ncc1-c1nc2c(n1C(C)C)C(c1ccc(Cl)cc1)N(c1ccc(F)c(Cl)c1)C2=O,COc1nc(N(C)C)ncc1-c1nc2c(n1C(C)C)C(c1ccc(Cl)cc1)N(c1ccc(F)c(Cl)c1)C2=O,0.36,9.443697499232712,9.443697499232712,,1,active
CHEMBL3656999,COc1nc(N(C)C)ncc1-c1nc2c(n1C(C)C)C(c1ccc(Cl)cc1)N(c1cccc(Cl)c1F)C2=O,COc1nc(N(C)C)ncc1-c1nc2c(n1C(C)C)C(c1ccc(Cl)cc1)N(c1cccc(Cl)c1F)C2=O,0.31,9.508638306165727,9.508638306165727,,1,active
CHEMBL3656994,COc1nc(N(C)C)ncc1-c1nc2c(n1C(C)C)C(c1ccc(Cl)cc1)N(c1cn(C)c(=O)n(C)c1=O)C2=O,COc1nc(N(C)C)ncc1-c1nc2c(n1C(C)C)C(c1ccc(Cl)cc1)N(c1cn(C)c(=O)n(C)c1=O)C2=O,6.83,8.165579296318468,8.165579296318468,,1,active
CHEMBL3653280,COc1nc(N(C)C)ncc1-c1nc2c(n1C(C)C)C(c1ccc(Cl)cc1)N(c1cnc(O)c(Cl)c1)C2=O,COc1nc(N(C)C)ncc1-c1nc2c(n1C(C)C)C(c1ccc(Cl)cc1)N(c1cnc(O)c(Cl)c1)C2=O,0.14,9.853871964321762,9.853871964321762,,1,active
CHEMBL3653191,COc1nc(N(C)C)ncc1-c1nc2c(n1C(C)C)C(c1ccc(Cl)cc1C)N(c1cc(Cl)ccc1C)C2=O,COc1nc(N(C)C)ncc1-c1nc2c(n1C(C)C)C(c1ccc(Cl)cc1C)N(c1cc(Cl)ccc1C)C2=O,0.16,9.795880017344075,9.795880017344075,,1,active
CHEMBL3657105,COc1nc(N(C)C)ncc1-c1nc2c(n1C(C)C)C(c1ccc(Cl)cc1F)N(c1cc(Cl)cn(C)c1=O)C2=O,COc1nc(N(C)C)ncc1-c1nc2c(n1C(C)C)C(c1ccc(Cl)cc1F)N(c1cc(Cl)cn(C)c1=O)C2=O,0.313,9.504455662453552,9.504455662453552,,1,active
CHEMBL3657103,COc1nc(N(C)C)ncc1-c1nc2c(n1C(C)C)C(c1ccc(Cl)cc1F)N(c1cccc(Cl)c1F)C2=O,COc1nc(N(C)C)ncc1-c1nc2c(n1C(C)C)C(c1ccc(Cl)cc1F)N(c1cccc(Cl)c1F)C2=O,0.352,9.453457336521868,9.453457336521868,,1,active
CHEMBL3657056,COc1nc(N(C)C)ncc1-c1nc2c(n1C(C)C)C(c1ccc(Cl)cn1)N(c1cc(Cl)ccc1C)C2=O,COc1nc(N(C)C)ncc1-c1nc2c(n1C(C)C)C(c1ccc(Cl)cn1)N(c1cc(Cl)ccc1C)C2=O,0.121,9.917229461638813,9.917229461638813,,2,active
CHEMBL3657090,COc1nc(N(C)C)ncc1-c1nc2c(n1C(C)C)[C@@H](c1ccc(C#N)c(F)c1)N(c1cc(Cl)cn(C)c1=O)C2=O,COc1nc(N(C)C)ncc1-c1nc2c(n1C(C)C)[C@@H](c1ccc(C#N)c(F)c1)N(c1cc(Cl)cn(C)c1=O)C2=O,51.1,7.291579099865287,7.291579099865287,,1,active
CHEMBL3656979,COc1nc(N(C)C)ncc1-c1nc2c(n1C(C)C)[C@@H](c1ccc(C#N)cc1)N(c1cc(Cl)cn(C)c1=O)C2=O,COc1nc(N(C)C)ncc1-c1nc2c(n1C(C)C)[C@@H](c1ccc(C#N)cc1)N(c1cc(Cl)cn(C)c1=O)C2=O,153.2,6.8147412347034155,6.8147412347034155,,1,active
CHEMBL3657082,COc1nc(N(C)C)ncc1-c1nc2c(n1C(C)C)[C@@H](c1ccc(Cl)cc1)N(c1cc(Cl)cn(C)c1=O)C2=O,COc1nc(N(C)C)ncc1-c1nc2c(n1C(C)C)[C@@H](c1ccc(Cl)cc1)N(c1cc(Cl)cn(C)c1=O)C2=O,417.08,6.3797806351311275,6.3797806351311275,,1,active
CHEMBL3656981,COc1nc(N(C)C)ncc1-c1nc2c(n1C(C)C)[C@@H](c1ccc(Cl)cc1)N(c1cc(Cl)cnc1O)C2=O,COc1nc(N(C)C)ncc1-c1nc2c(n1C(C)C)[C@@H](c1ccc(Cl)cc1)N(c1cc(Cl)cnc1O)C2=O,39.6,7.402304814074488,7.402304814074488,,1,active
CHEMBL3657091,COc1nc(N(C)C)ncc1-c1nc2c(n1C(C)C)[C@H](c1ccc(C#N)c(F)c1)N(c1cc(Cl)cn(C)c1=O)C2=O,COc1nc(N(C)C)ncc1-c1nc2c(n1C(C)C)[C@H](c1ccc(C#N)c(F)c1)N(c1cc(Cl)cn(C)c1=O)C2=O,0.152,9.818156412055227,9.818156412055227,,1,active
CHEMBL3656978,COc1nc(N(C)C)ncc1-c1nc2c(n1C(C)C)[C@H](c1ccc(C#N)cc1)N(c1cc(Cl)cn(C)c1=O)C2=O,COc1nc(N(C)C)ncc1-c1nc2c(n1C(C)C)[C@H](c1ccc(C#N)cc1)N(c1cc(Cl)cn(C)c1=O)C2=O,0.33,9.481486060122112,9.481486060122112,,1,active
CHEMBL3657083,COc1nc(N(C)C)ncc1-c1nc2c(n1C(C)C)[C@H](c1ccc(Cl)cc1)N(c1cc(Cl)cn(C)c1=O)C2=O,COc1nc(N(C)C)ncc1-c1nc2c(n1C(C)C)[C@H](c1ccc(Cl)cc1)N(c1cc(Cl)cn(C)c1=O)C2=O,0.081,10.09151498112135,10.09151498112135,,1,active
CHEMBL3656982,COc1nc(N(C)C)ncc1-c1nc2c(n1C(C)C)[C@H](c1ccc(Cl)cc1)N(c1cc(Cl)cnc1O)C2=O,COc1nc(N(C)C)ncc1-c1nc2c(n1C(C)C)[C@H](c1ccc(Cl)cc1)N(c1cc(Cl)cnc1O)C2=O,0.1,10.0,10.0,,1,active
CHEMBL3653267,COc1nc(N(C)C)ncc1-c1nc2c(n1[C@H](C)CO)C(c1ccc(Cl)cc1)N(c1cc(Cl)ccc1C)C2=O,COc1nc(N(C)C)ncc1-c1nc2c(n1[C@H](C)CO)C(c1ccc(Cl)cc1)N(c1cc(Cl)ccc1C)C2=O,0.11,9.958607314841775,9.958607314841775,,1,active
CHEMBL3691789,COc1nc(N(C)C)ncc1-n1nc2c(c1C(C)C)C(c1ccc(C#N)c(F)c1)N(c1c[nH]c(=O)c(Cl)c1)C2=O,COc1nc(N(C)C)ncc1-n1nc2c(c1C(C)C)C(c1ccc(C#N)c(F)c1)N(c1c[nH]c(=O)c(Cl)c1)C2=O,0.197,9.705533773838408,9.705533773838408,,1,active
CHEMBL3691787,COc1nc(N(C)C)ncc1-n1nc2c(c1C(C)C)C(c1ccc(C#N)c(F)c1)N(c1cc(Cl)c(=O)n(C)c1)C2=O,COc1nc(N(C)C)ncc1-n1nc2c(c1C(C)C)C(c1ccc(C#N)c(F)c1)N(c1cc(Cl)c(=O)n(C)c1)C2=O,0.213,9.671620396561263,9.671620396561263,,1,active
CHEMBL3691788,COc1nc(N(C)C)ncc1-n1nc2c(c1C(C)C)C(c1ccc(C#N)c(F)c1)N(c1cc(Cl)c[nH]c1=O)C2=O,COc1nc(N(C)C)ncc1-n1nc2c(c1C(C)C)C(c1ccc(C#N)c(F)c1)N(c1cc(Cl)c[nH]c1=O)C2=O,0.215,9.667561540084394,9.667561540084394,,1,active
CHEMBL3691786,COc1nc(N(C)C)ncc1-n1nc2c(c1C(C)C)C(c1ccc(C#N)c(F)c1)N(c1cc(Cl)cn(C)c1=O)C2=O,COc1nc(N(C)C)ncc1-n1nc2c(c1C(C)C)C(c1ccc(C#N)c(F)c1)N(c1cc(Cl)cn(C)c1=O)C2=O,0.376,9.424812155072338,9.424812155072338,,1,active
CHEMBL3691754,COc1nc(N(C)C)ncc1-n1nc2c(c1C(C)C)C(c1ccc(C#N)cc1)N(c1c[nH]c(=O)c(Cl)c1)C2=O,COc1nc(N(C)C)ncc1-n1nc2c(c1C(C)C)C(c1ccc(C#N)cc1)N(c1c[nH]c(=O)c(Cl)c1)C2=O,0.222,9.653647025549361,9.653647025549361,,1,active
CHEMBL3691746,COc1nc(N(C)C)ncc1-n1nc2c(c1C(C)C)C(c1ccc(C#N)cc1)N(c1cc(Cl)c(=O)n(C)c1)C2=O,COc1nc(N(C)C)ncc1-n1nc2c(c1C(C)C)C(c1ccc(C#N)cc1)N(c1cc(Cl)c(=O)n(C)c1)C2=O,0.25,9.602059991327963,9.602059991327963,,1,active
CHEMBL3691753,COc1nc(N(C)C)ncc1-n1nc2c(c1C(C)C)C(c1ccc(C#N)cc1)N(c1cc(Cl)c[nH]c1=O)C2=O,COc1nc(N(C)C)ncc1-n1nc2c(c1C(C)C)C(c1ccc(C#N)cc1)N(c1cc(Cl)c[nH]c1=O)C2=O,0.166,9.779891911959945,9.779891911959945,,1,active
CHEMBL3691747,COc1nc(N(C)C)ncc1-n1nc2c(c1C(C)C)C(c1ccc(C#N)cc1)N(c1cc(Cl)cn(C)c1=O)C2=O,COc1nc(N(C)C)ncc1-n1nc2c(c1C(C)C)C(c1ccc(C#N)cc1)N(c1cc(Cl)cn(C)c1=O)C2=O,0.37,9.431798275933005,9.431798275933005,,1,active
CHEMBL3691793,COc1nc(N(C)C)ncc1-n1nc2c(c1C(C)C)C(c1ccc(Cl)c(F)c1)N(c1c[nH]c(=O)c(Cl)c1)C2=O,COc1nc(N(C)C)ncc1-n1nc2c(c1C(C)C)C(c1ccc(Cl)c(F)c1)N(c1c[nH]c(=O)c(Cl)c1)C2=O,0.164,9.785156151952302,9.785156151952302,,1,active
CHEMBL3691792,COc1nc(N(C)C)ncc1-n1nc2c(c1C(C)C)C(c1ccc(Cl)c(F)c1)N(c1cc(Cl)c(=O)n(C)c1)C2=O,COc1nc(N(C)C)ncc1-n1nc2c(c1C(C)C)C(c1ccc(Cl)c(F)c1)N(c1cc(Cl)c(=O)n(C)c1)C2=O,0.155,9.809668301829708,9.809668301829708,,1,active
CHEMBL3691791,COc1nc(N(C)C)ncc1-n1nc2c(c1C(C)C)C(c1ccc(Cl)c(F)c1)N(c1cc(Cl)c[nH]c1=O)C2=O,COc1nc(N(C)C)ncc1-n1nc2c(c1C(C)C)C(c1ccc(Cl)c(F)c1)N(c1cc(Cl)c[nH]c1=O)C2=O,0.165,9.782516055786093,9.782516055786093,,1,active
CHEMBL3691790,COc1nc(N(C)C)ncc1-n1nc2c(c1C(C)C)C(c1ccc(Cl)c(F)c1)N(c1cc(Cl)cn(C)c1=O)C2=O,COc1nc(N(C)C)ncc1-n1nc2c(c1C(C)C)C(c1ccc(Cl)c(F)c1)N(c1cc(Cl)cn(C)c1=O)C2=O,0.128,9.892790030352131,9.892790030352131,,1,active
CHEMBL3691752,COc1nc(N(C)C)ncc1-n1nc2c(c1C(C)C)C(c1ccc(Cl)cc1)N(c1c[nH]c(=O)c(Cl)c1)C2=O,COc1nc(N(C)C)ncc1-n1nc2c(c1C(C)C)C(c1ccc(Cl)cc1)N(c1c[nH]c(=O)c(Cl)c1)C2=O,0.13,9.886056647693163,9.886056647693163,,1,active
CHEMBL3691795,COc1nc(N(C)C)ncc1-n1nc2c(c1C(C)C)C(c1ccc(Cl)cc1)N(c1cc(C)cn(C)c1=O)C2=O,COc1nc(N(C)C)ncc1-n1nc2c(c1C(C)C)C(c1ccc(Cl)cc1)N(c1cc(C)cn(C)c1=O)C2=O,0.528,9.277366077466187,9.277366077466187,,1,active
CHEMBL3691745,COc1nc(N(C)C)ncc1-n1nc2c(c1C(C)C)C(c1ccc(Cl)cc1)N(c1cc(Cl)c(=O)n(C)c1)C2=O,COc1nc(N(C)C)ncc1-n1nc2c(c1C(C)C)C(c1ccc(Cl)cc1)N(c1cc(Cl)c(=O)n(C)c1)C2=O,0.103,9.987162775294827,9.987162775294827,,1,active
CHEMBL3691743,COc1nc(N(C)C)ncc1-n1nc2c(c1C(C)C)C(c1ccc(Cl)cc1)N(c1cc(Cl)c[nH]c1=O)C2=O,COc1nc(N(C)C)ncc1-n1nc2c(c1C(C)C)C(c1ccc(Cl)cc1)N(c1cc(Cl)c[nH]c1=O)C2=O,0.13,9.886056647693163,9.886056647693163,,1,active
CHEMBL3691744,COc1nc(N(C)C)ncc1-n1nc2c(c1C(C)C)C(c1ccc(Cl)cc1)N(c1cc(Cl)cn(C)c1=O)C2=O,COc1nc(N(C)C)ncc1-n1nc2c(c1C(C)C)C(c1ccc(Cl)cc1)N(c1cc(Cl)cn(C)c1=O)C2=O,0.12,9.920818753952375,9.920818753952375,,1,active
CHEMBL3691775,COc1nc(N(C)C)ncc1-n1nc2c(c1C(C)C)[C@@H](c1ccc(C#N)cc1)N(c1cc(Cl)c(=O)n(C)c1)C2=O,COc1nc(N(C)C)ncc1-n1nc2c(c1C(C)C)[C@@H](c1ccc(C#N)cc1)N(c1cc(Cl)c(=O)n(C)c1)C2=O,22.7,7.6439741428068775,7.6439741428068775,,1,active
CHEMBL3691778,COc1nc(N(C)C)ncc1-n1nc2c(c1C(C)C)[C@@H](c1ccc(C#N)cc1)N(c1cc(Cl)c[nH]c1=O)C2=O,COc1nc(N(C)C)ncc1-n1nc2c(c1C(C)C)[C@@H](c1ccc(C#N)cc1)N(c1cc(Cl)c[nH]c1=O)C2=O,86.07,7.06514819703434,7.06514819703434,,1,active
CHEMBL3691766,COc1nc(N(C)C)ncc1-n1nc2c(c1C(C)C)[C@@H](c1ccc(C#N)cc1)N(c1cc(Cl)cn(C)c1=O)C2=O,COc1nc(N(C)C)ncc1-n1nc2c(c1C(C)C)[C@@H](c1ccc(C#N)cc1)N(c1cc(Cl)cn(C)c1=O)C2=O,86.64,7.062281556382736,7.062281556382736,,1,active
CHEMBL3691777,COc1nc(N(C)C)ncc1-n1nc2c(c1C(C)C)[C@@H](c1ccc(Cl)cc1)N(c1cc(Cl)c[nH]c1=O)C2=O,COc1nc(N(C)C)ncc1-n1nc2c(c1C(C)C)[C@@H](c1ccc(Cl)cc1)N(c1cc(Cl)c[nH]c1=O)C2=O,24.43,7.612076533026563,7.612076533026563,,1,active
CHEMBL3691774,COc1nc(N(C)C)ncc1-n1nc2c(c1C(C)C)[C@H](c1ccc(C#N)cc1)N(c1cc(Cl)c(=O)n(C)c1)C2=O,COc1nc(N(C)C)ncc1-n1nc2c(c1C(C)C)[C@H](c1ccc(C#N)cc1)N(c1cc(Cl)c(=O)n(C)c1)C2=O,0.12,9.920818753952375,9.920818753952375,,1,active
CHEMBL3691779,COc1nc(N(C)C)ncc1-n1nc2c(c1C(C)C)[C@H](c1ccc(C#N)cc1)N(c1cc(Cl)c[nH]c1=O)C2=O,COc1nc(N(C)C)ncc1-n1nc2c(c1C(C)C)[C@H](c1ccc(C#N)cc1)N(c1cc(Cl)c[nH]c1=O)C2=O,0.097,10.013228265733755,10.013228265733755,,1,active
CHEMBL3691767,COc1nc(N(C)C)ncc1-n1nc2c(c1C(C)C)[C@H](c1ccc(C#N)cc1)N(c1cc(Cl)cn(C)c1=O)C2=O,COc1nc(N(C)C)ncc1-n1nc2c(c1C(C)C)[C@H](c1ccc(C#N)cc1)N(c1cc(Cl)cn(C)c1=O)C2=O,0.129,9.88941028970075,9.88941028970075,,1,active
CHEMBL3691776,COc1nc(N(C)C)ncc1-n1nc2c(c1C(C)C)[C@H](c1ccc(Cl)cc1)N(c1cc(Cl)c[nH]c1=O)C2=O,COc1nc(N(C)C)ncc1-n1nc2c(c1C(C)C)[C@H](c1ccc(Cl)cc1)N(c1cc(Cl)c[nH]c1=O)C2=O,0.33399999999999996,9.694669918455059,9.694669918455059,,2,active
CHEMBL3653194,COc1nc(N(C)CCO)ncc1-c1nc2c(n1C(C)C)C(c1ccc(Cl)cc1)N(c1cc(Cl)ccc1C)C2=O,COc1nc(N(C)CCO)ncc1-c1nc2c(n1C(C)C)C(c1ccc(Cl)cc1)N(c1cc(Cl)ccc1C)C2=O,0.19,9.721246399047171,9.721246399047171,,1,active
CHEMBL3653207,COc1nc(N(C)CCO)ncc1-c1nc2c(n1C(C)C)C(c1ccc(Cl)cc1C)N(c1cc(Cl)ccc1C)C2=O,COc1nc(N(C)CCO)ncc1-c1nc2c(n1C(C)C)C(c1ccc(Cl)cc1C)N(c1cc(Cl)ccc1C)C2=O,0.16,9.795880017344075,9.795880017344075,,1,active
CHEMBL3653281,COc1nc(N)ncc1-c1nc2c(n1C(C)C)C(c1ccc(Cl)cc1)N(C1CN(C)C(=O)N(C)C1)C2=O,COc1nc(N)ncc1-c1nc2c(n1C(C)C)C(c1ccc(Cl)cc1)N(C1CN(C)C(=O)N(C)C1)C2=O,3.79,8.421360790031928,8.421360790031928,,1,active
CHEMBL3653223,COc1nc(N)ncc1-c1nc2c(n1C(C)C)C(c1ccc(Cl)cc1)N(c1cc(Cl)c(=O)n(C)c1)C2=O,COc1nc(N)ncc1-c1nc2c(n1C(C)C)C(c1ccc(Cl)cc1)N(c1cc(Cl)c(=O)n(C)c1)C2=O,1.15,8.939302159646388,8.939302159646388,,1,active
CHEMBL3653193,COc1nc(N)ncc1-c1nc2c(n1C(C)C)C(c1ccc(Cl)cc1)N(c1cc(Cl)ccc1C)C2=O,COc1nc(N)ncc1-c1nc2c(n1C(C)C)C(c1ccc(Cl)cc1)N(c1cc(Cl)ccc1C)C2=O,0.27,9.568636235841012,9.568636235841012,,1,active
CHEMBL3656977,COc1nc(N)ncc1-c1nc2c(n1C(C)C)C(c1ccc(Cl)cc1)N(c1cc(Cl)cn(C)c1=O)C2=O,COc1nc(N)ncc1-c1nc2c(n1C(C)C)C(c1ccc(Cl)cc1)N(c1cc(Cl)cn(C)c1=O)C2=O,1.35,8.869666231504993,8.869666231504993,,1,active
CHEMBL3653272,COc1nc(N)ncc1-c1nc2c(n1C(C)C)C(c1ccc(Cl)cc1)N(c1ccc(C#N)cc1C)C2=O,COc1nc(N)ncc1-c1nc2c(n1C(C)C)C(c1ccc(Cl)cc1)N(c1ccc(C#N)cc1C)C2=O,4.29,8.367542707815275,8.367542707815275,,1,active
CHEMBL3657008,COc1nc(N)ncc1-c1nc2c(n1C(C)C)C(c1ccc(Cl)cc1)N(c1ccc(F)c(Cl)c1)C2=O,COc1nc(N)ncc1-c1nc2c(n1C(C)C)C(c1ccc(Cl)cc1)N(c1ccc(F)c(Cl)c1)C2=O,0.49,9.309803919971486,9.309803919971486,,1,active
CHEMBL3656995,COc1nc(N)ncc1-c1nc2c(n1C(C)C)C(c1ccc(Cl)cc1)N(c1cn(C)c(=O)n(C)c1=O)C2=O,COc1nc(N)ncc1-c1nc2c(n1C(C)C)C(c1ccc(Cl)cc1)N(c1cn(C)c(=O)n(C)c1=O)C2=O,102.7,6.988429556402721,6.988429556402721,,1,active
CHEMBL3653204,COc1nc(N)ncc1-c1nc2c(n1C(C)C)C(c1ccc(Cl)cc1C)N(c1cc(Cl)ccc1C)C2=O,COc1nc(N)ncc1-c1nc2c(n1C(C)C)C(c1ccc(Cl)cc1C)N(c1cc(Cl)ccc1C)C2=O,0.34,9.468521082957745,9.468521082957745,,1,active
CHEMBL3653295,COc1nc(N)ncc1-c1nc2c(n1C(C)C)[C@@H](c1ccc(C#N)cc1)N(c1cccc(Cl)c1F)C2=O,COc1nc(N)ncc1-c1nc2c(n1C(C)C)[C@@H](c1ccc(C#N)cc1)N(c1cccc(Cl)c1F)C2=O,105.6,6.976336081802207,6.976336081802207,,1,active
CHEMBL3657021,COc1nc(N)ncc1-c1nc2c(n1C(C)C)[C@@H](c1ccc(Cl)cc1)N(c1cc(Cl)ccc1C)C2=O,COc1nc(N)ncc1-c1nc2c(n1C(C)C)[C@@H](c1ccc(Cl)cc1)N(c1cc(Cl)ccc1C)C2=O,82.5,7.0835460514500745,7.0835460514500745,,1,active
CHEMBL3657019,COc1nc(N)ncc1-c1nc2c(n1C(C)C)[C@@H](c1ccc(Cl)cc1)N(c1cc(Cl)cn(C)c1=O)C2=O,COc1nc(N)ncc1-c1nc2c(n1C(C)C)[C@@H](c1ccc(Cl)cc1)N(c1cc(Cl)cn(C)c1=O)C2=O,68.6,7.163675884293248,7.163675884293248,,1,active
CHEMBL3657073,COc1nc(N)ncc1-c1nc2c(n1C(C)C)[C@@H](c1ccc(Cl)cc1)N(c1ccc(F)c(Cl)c1)C2=O,COc1nc(N)ncc1-c1nc2c(n1C(C)C)[C@@H](c1ccc(Cl)cc1)N(c1ccc(F)c(Cl)c1)C2=O,284.2,6.546375926408549,6.546375926408549,,1,active
CHEMBL3657075,COc1nc(N)ncc1-c1nc2c(n1C(C)C)[C@@H](c1ccc(Cl)cc1)N(c1cccc(Cl)c1F)C2=O,COc1nc(N)ncc1-c1nc2c(n1C(C)C)[C@@H](c1ccc(Cl)cc1)N(c1cccc(Cl)c1F)C2=O,505.7,6.296107046367455,6.296107046367455,,1,active
CHEMBL3653294,COc1nc(N)ncc1-c1nc2c(n1C(C)C)[C@H](c1ccc(C#N)cc1)N(c1cccc(Cl)c1F)C2=O,COc1nc(N)ncc1-c1nc2c(n1C(C)C)[C@H](c1ccc(C#N)cc1)N(c1cccc(Cl)c1F)C2=O,0.36,9.443697499232712,9.443697499232712,,1,active
CHEMBL3657020,COc1nc(N)ncc1-c1nc2c(n1C(C)C)[C@H](c1ccc(Cl)cc1)N(c1cc(Cl)ccc1C)C2=O,COc1nc(N)ncc1-c1nc2c(n1C(C)C)[C@H](c1ccc(Cl)cc1)N(c1cc(Cl)ccc1C)C2=O,0.11,9.958607314841775,9.958607314841775,,1,active
CHEMBL3657018,COc1nc(N)ncc1-c1nc2c(n1C(C)C)[C@H](c1ccc(Cl)cc1)N(c1cc(Cl)cn(C)c1=O)C2=O,COc1nc(N)ncc1-c1nc2c(n1C(C)C)[C@H](c1ccc(Cl)cc1)N(c1cc(Cl)cn(C)c1=O)C2=O,0.68,9.167491087293763,9.167491087293763,,1,active
CHEMBL3657072,COc1nc(N)ncc1-c1nc2c(n1C(C)C)[C@H](c1ccc(Cl)cc1)N(c1ccc(F)c(Cl)c1)C2=O,COc1nc(N)ncc1-c1nc2c(n1C(C)C)[C@H](c1ccc(Cl)cc1)N(c1ccc(F)c(Cl)c1)C2=O,0.2,9.698970004336019,9.698970004336019,,1,active
CHEMBL3657074,COc1nc(N)ncc1-c1nc2c(n1C(C)C)[C@H](c1ccc(Cl)cc1)N(c1cccc(Cl)c1F)C2=O,COc1nc(N)ncc1-c1nc2c(n1C(C)C)[C@H](c1ccc(Cl)cc1)N(c1cccc(Cl)c1F)C2=O,0.18,9.744727494896694,9.744727494896694,,1,active
CHEMBL3657007,COc1nc(N)ncc1C1=NC2C(=O)N(c3cccc(Cl)c3F)C(c3ccc(Cl)cc3)C2N1C(C)C,COc1nc(N)ncc1C1=NC2C(=O)N(c3cccc(Cl)c3F)C(c3ccc(Cl)cc3)C2N1C(C)C,0.42,9.3767507096021,9.3767507096021,,1,active
CHEMBL3653215,COc1nc(N2CC(C)(O)C2)ncc1-c1nc2c(n1C(C)C)C(c1ccc(Cl)cc1)N(c1cc(Cl)ccc1C)C2=O,COc1nc(N2CC(C)(O)C2)ncc1-c1nc2c(n1C(C)C)C(c1ccc(Cl)cc1)N(c1cc(Cl)ccc1C)C2=O,0.2,9.698970004336019,9.698970004336019,,1,active
CHEMBL3653216,COc1nc(N2CC(C)(O)C2)ncc1-c1nc2c(n1C(C)C)C(c1ccc(Cl)cc1C)N(c1cc(Cl)ccc1C)C2=O,COc1nc(N2CC(C)(O)C2)ncc1-c1nc2c(n1C(C)C)C(c1ccc(Cl)cc1C)N(c1cc(Cl)ccc1C)C2=O,0.18,9.744727494896694,9.744727494896694,,1,active
CHEMBL3653217,COc1nc(N2CC(O)C2)ncc1-c1nc2c(n1C(C)C)C(c1ccc(Cl)cc1)N(c1cc(Cl)ccc1C)C2=O,COc1nc(N2CC(O)C2)ncc1-c1nc2c(n1C(C)C)C(c1ccc(Cl)cc1)N(c1cc(Cl)ccc1C)C2=O,0.13,9.886056647693163,9.886056647693163,,1,active
CHEMBL3657016,COc1nc(N2CC(O)C2)ncc1-c1nc2c(n1C(C)C)C(c1ccc(Cl)cc1)N(c1cc(Cl)cn(C)c1=O)C2=O,COc1nc(N2CC(O)C2)ncc1-c1nc2c(n1C(C)C)C(c1ccc(Cl)cc1)N(c1cc(Cl)cn(C)c1=O)C2=O,0.26,9.585026652029182,9.585026652029182,,1,active
CHEMBL3653218,COc1nc(N2CC(O)C2)ncc1-c1nc2c(n1C(C)C)C(c1ccc(Cl)cc1C)N(c1cc(Cl)ccc1C)C2=O,COc1nc(N2CC(O)C2)ncc1-c1nc2c(n1C(C)C)C(c1ccc(Cl)cc1C)N(c1cc(Cl)ccc1C)C2=O,0.21,9.67778070526608,9.67778070526608,,1,active
CHEMBL3657112,COc1nc(N2CCC[C@H](O)C2)ncc1-c1nc2c(n1C(C)C)C(c1ccc(C#N)cc1)N(c1cccc(Cl)c1F)C2=O,COc1nc(N2CCC[C@H](O)C2)ncc1-c1nc2c(n1C(C)C)C(c1ccc(C#N)cc1)N(c1cccc(Cl)c1F)C2=O,0.319,9.496209316942819,9.496209316942819,,1,active
CHEMBL3657111,COc1nc(N2CCS(=O)(=O)CC2)ncc1-c1nc2c(n1C(C)C)C(c1ccc(C#N)cc1)N(c1cccc(Cl)c1F)C2=O,COc1nc(N2CCS(=O)(=O)CC2)ncc1-c1nc2c(n1C(C)C)C(c1ccc(C#N)cc1)N(c1cccc(Cl)c1F)C2=O,0.631,9.199970640755865,9.199970640755865,,1,active
CHEMBL3653195,COc1nc(NCCO)ncc1-c1nc2c(n1C(C)C)C(c1ccc(Cl)cc1)N(c1cc(Cl)ccc1C)C2=O,COc1nc(NCCO)ncc1-c1nc2c(n1C(C)C)C(c1ccc(Cl)cc1)N(c1cc(Cl)ccc1C)C2=O,0.17,9.769551078621726,9.769551078621726,,1,active
CHEMBL3653208,COc1nc(NCCO)ncc1-c1nc2c(n1C(C)C)C(c1ccc(Cl)cc1C)N(c1cc(Cl)ccc1C)C2=O,COc1nc(NCCO)ncc1-c1nc2c(n1C(C)C)C(c1ccc(Cl)cc1C)N(c1cc(Cl)ccc1C)C2=O,0.17,9.769551078621726,9.769551078621726,,1,active
CHEMBL3657088,COc1ncc(-c2nc3c(n2C(C)C)C(C)(c2ccc(Cl)cc2)N(c2cc(Cl)cn(C)c2=O)C3=O)c(OC)n1,COc1ncc(-c2nc3c(n2C(C)C)C(C)(c2ccc(Cl)cc2)N(c2cc(Cl)cn(C)c2=O)C3=O)c(OC)n1,0.71,9.148741651280925,9.148741651280925,,1,active
CHEMBL3653305,COc1ncc(-c2nc3c(n2C(C)C)C(C)(c2ccc(Cl)cc2C)N(c2cc(Cl)ccc2C)C3=O)c(OC)n1,COc1ncc(-c2nc3c(n2C(C)C)C(C)(c2ccc(Cl)cc2C)N(c2cc(Cl)ccc2C)C3=O)c(OC)n1,0.38,9.42021640338319,9.42021640338319,,1,active
CHEMBL3653269,COc1ncc(-c2nc3c(n2C(C)C)C([C@H]2CC[C@H](C)CC2)N(c2cc(Cl)ccc2C)C3=O)c(OC)n1,COc1ncc(-c2nc3c(n2C(C)C)C([C@H]2CC[C@H](C)CC2)N(c2cc(Cl)ccc2C)C3=O)c(OC)n1,0.62,9.207608310501746,9.207608310501746,,1,active
CHEMBL3657080,COc1ncc(-c2nc3c(n2C(C)C)C(c2ccc(C#N)c(F)c2)N(c2cc(Cl)cn(C)c2=O)C3=O)c(OC)n1,COc1ncc(-c2nc3c(n2C(C)C)C(c2ccc(C#N)c(F)c2)N(c2cc(Cl)cn(C)c2=O)C3=O)c(OC)n1,0.99,9.00436480540245,9.00436480540245,,1,active
CHEMBL3653277,COc1ncc(-c2nc3c(n2C(C)C)C(c2ccc(C#N)cc2)N(c2cc(Cl)cn(C)c2=O)C3=O)c(OC)n1,COc1ncc(-c2nc3c(n2C(C)C)C(c2ccc(C#N)cc2)N(c2cc(Cl)cn(C)c2=O)C3=O)c(OC)n1,2.33,8.63264407897398,8.63264407897398,,1,active
CHEMBL3653238,COc1ncc(-c2nc3c(n2C(C)C)C(c2ccc(C#N)cc2)N(c2ccc(F)c(Cl)c2)C3=O)c(OC)n1,COc1ncc(-c2nc3c(n2C(C)C)C(c2ccc(C#N)cc2)N(c2ccc(F)c(Cl)c2)C3=O)c(OC)n1,0.4,9.397940008672037,9.397940008672037,,1,active
CHEMBL3653235,COc1ncc(-c2nc3c(n2C(C)C)C(c2ccc(C#N)cc2)N(c2cccc(Cl)c2F)C3=O)c(OC)n1,COc1ncc(-c2nc3c(n2C(C)C)C(c2ccc(C#N)cc2)N(c2cccc(Cl)c2F)C3=O)c(OC)n1,0.36,9.443697499232712,9.443697499232712,,1,active
CHEMBL3657003,COc1ncc(-c2nc3c(n2C(C)C)C(c2ccc(C#N)cc2C)N(c2cc(Cl)ccc2C)C3=O)c(OC)n1,COc1ncc(-c2nc3c(n2C(C)C)C(c2ccc(C#N)cc2C)N(c2cc(Cl)ccc2C)C3=O)c(OC)n1,0.33,9.481486060122112,9.481486060122112,,1,active
CHEMBL3656997,COc1ncc(-c2nc3c(n2C(C)C)C(c2ccc(C#N)cc2C)N(c2cccc(Cl)c2F)C3=O)c(OC)n1,COc1ncc(-c2nc3c(n2C(C)C)C(c2ccc(C#N)cc2C)N(c2cccc(Cl)c2F)C3=O)c(OC)n1,0.18,9.744727494896694,9.744727494896694,,1,active
CHEMBL3657092,COc1ncc(-c2nc3c(n2C(C)C)C(c2ccc(Cl)c(F)c2)N(c2cc(Cl)c(=O)n(C)c2)C3=O)c(OC)n1,COc1ncc(-c2nc3c(n2C(C)C)C(c2ccc(Cl)c(F)c2)N(c2cc(Cl)c(=O)n(C)c2)C3=O)c(OC)n1,0.252,9.598599459218455,9.598599459218455,,1,active
CHEMBL3657086,COc1ncc(-c2nc3c(n2C(C)C)C(c2ccc(Cl)c(F)c2)N(c2cc(Cl)cn(C)c2=O)C3=O)c(OC)n1,COc1ncc(-c2nc3c(n2C(C)C)C(c2ccc(Cl)c(F)c2)N(c2cc(Cl)cn(C)c2=O)C3=O)c(OC)n1,0.525,9.279840696594043,9.279840696594043,,1,active
CHEMBL3653240,COc1ncc(-c2nc3c(n2C(C)C)C(c2ccc(Cl)cc2)N(C2CCC(=O)N(C)C2)C3=O)c(OC)n1,COc1ncc(-c2nc3c(n2C(C)C)C(c2ccc(Cl)cc2)N(C2CCC(=O)N(C)C2)C3=O)c(OC)n1,1.54,8.812479279163536,8.812479279163536,,1,active
CHEMBL3653297,COc1ncc(-c2nc3c(n2C(C)C)C(c2ccc(Cl)cc2)N(C2CN(C)C(=O)N(C)C2)C3=O)c(OC)n1,COc1ncc(-c2nc3c(n2C(C)C)C(c2ccc(Cl)cc2)N(C2CN(C)C(=O)N(C)C2)C3=O)c(OC)n1,2.8,8.55284196865778,8.55284196865778,,1,active
CHEMBL3653253,COc1ncc(-c2nc3c(n2C(C)C)C(c2ccc(Cl)cc2)N([C@H]2CC[C@H](C(=O)O)CC2)C3=O)c(OC)n1,COc1ncc(-c2nc3c(n2C(C)C)C(c2ccc(Cl)cc2)N([C@H]2CC[C@H](C(=O)O)CC2)C3=O)c(OC)n1,15.1,7.82102305270683,7.82102305270683,,1,active
CHEMBL3653254,COc1ncc(-c2nc3c(n2C(C)C)C(c2ccc(Cl)cc2)N([C@H]2CC[C@H](NC(C)=O)CC2)C3=O)c(OC)n1,COc1ncc(-c2nc3c(n2C(C)C)C(c2ccc(Cl)cc2)N([C@H]2CC[C@H](NC(C)=O)CC2)C3=O)c(OC)n1,11.8,7.928117992693874,7.928117992693874,,1,active
CHEMBL3657109,COc1ncc(-c2nc3c(n2C(C)C)C(c2ccc(Cl)cc2)N(c2c(F)c(C4CC4)nn2C)C3=O)c(OC)n1,COc1ncc(-c2nc3c(n2C(C)C)C(c2ccc(Cl)cc2)N(c2c(F)c(C4CC4)nn2C)C3=O)c(OC)n1,1.77,8.752026733638193,8.752026733638193,,1,active
CHEMBL3657093,COc1ncc(-c2nc3c(n2C(C)C)C(c2ccc(Cl)cc2)N(c2cc(C)cc(=O)n2C)C3=O)c(OC)n1,COc1ncc(-c2nc3c(n2C(C)C)C(c2ccc(Cl)cc2)N(c2cc(C)cc(=O)n2C)C3=O)c(OC)n1,2.406,8.618704376996174,8.618704376996174,,1,active
CHEMBL3657070,COc1ncc(-c2nc3c(n2C(C)C)C(c2ccc(Cl)cc2)N(c2cc(C)ccc2OC)C3=O)c(OC)n1,COc1ncc(-c2nc3c(n2C(C)C)C(c2ccc(Cl)cc2)N(c2cc(C)ccc2OC)C3=O)c(OC)n1,0.63,9.200659450546418,9.200659450546418,,1,active
CHEMBL3657094,COc1ncc(-c2nc3c(n2C(C)C)C(c2ccc(Cl)cc2)N(c2cc(C)cn(C)c2=O)C3=O)c(OC)n1,COc1ncc(-c2nc3c(n2C(C)C)C(c2ccc(Cl)cc2)N(c2cc(C)cn(C)c2=O)C3=O)c(OC)n1,1.16,8.935542010773082,8.935542010773082,,1,active
CHEMBL3657071,COc1ncc(-c2nc3c(n2C(C)C)C(c2ccc(Cl)cc2)N(c2cc(C)nc(C)n2)C3=O)c(OC)n1,COc1ncc(-c2nc3c(n2C(C)C)C(c2ccc(Cl)cc2)N(c2cc(C)nc(C)n2)C3=O)c(OC)n1,92.7,7.032920265855503,7.032920265855503,,1,active
CHEMBL3653248,COc1ncc(-c2nc3c(n2C(C)C)C(c2ccc(Cl)cc2)N(c2cc(C)nn2C)C3=O)c(OC)n1,COc1ncc(-c2nc3c(n2C(C)C)C(c2ccc(Cl)cc2)N(c2cc(C)nn2C)C3=O)c(OC)n1,1.64,8.785156151952302,8.785156151952302,,1,active
CHEMBL3657100,COc1ncc(-c2nc3c(n2C(C)C)C(c2ccc(Cl)cc2)N(c2cc(C)nnc2OC)C3=O)c(OC)n1,COc1ncc(-c2nc3c(n2C(C)C)C(c2ccc(Cl)cc2)N(c2cc(C)nnc2OC)C3=O)c(OC)n1,5.926,8.227238352855968,8.227238352855968,,1,active
CHEMBL3657096,COc1ncc(-c2nc3c(n2C(C)C)C(c2ccc(Cl)cc2)N(c2cc(Cl)c(=O)n(C(F)F)c2)C3=O)c(OC)n1,COc1ncc(-c2nc3c(n2C(C)C)C(c2ccc(Cl)cc2)N(c2cc(Cl)c(=O)n(C(F)F)c2)C3=O)c(OC)n1,0.396,9.402304814074487,9.402304814074487,,1,active
CHEMBL3653221,COc1ncc(-c2nc3c(n2C(C)C)C(c2ccc(Cl)cc2)N(c2cc(Cl)c(=O)n(C)c2)C3=O)c(OC)n1,COc1ncc(-c2nc3c(n2C(C)C)C(c2ccc(Cl)cc2)N(c2cc(Cl)c(=O)n(C)c2)C3=O)c(OC)n1,3.58,8.446116973356126,8.446116973356126,,1,active
CHEMBL5784605,COc1ncc(-c2nc3c(n2C(C)C)C(c2ccc(Cl)cc2)N(c2cc(Cl)cc4[nH]ncc24)C3=O)c(OC)n1,COc1ncc(-c2nc3c(n2C(C)C)C(c2ccc(Cl)cc2)N(c2cc(Cl)cc4[nH]ncc24)C3=O)c(OC)n1,1.1,8.958607314841775,8.958607314841775,,1,active
CHEMBL3653273,COc1ncc(-c2nc3c(n2C(C)C)C(c2ccc(Cl)cc2)N(c2cc(Cl)ccc2C#N)C3=O)c(OC)n1,COc1ncc(-c2nc3c(n2C(C)C)C(c2ccc(Cl)cc2)N(c2cc(Cl)ccc2C#N)C3=O)c(OC)n1,0.57,9.244125144327509,9.244125144327509,,1,active
CHEMBL3653183,COc1ncc(-c2nc3c(n2C(C)C)C(c2ccc(Cl)cc2)N(c2cc(Cl)ccc2C)C3=O)c(OC)n1,COc1ncc(-c2nc3c(n2C(C)C)C(c2ccc(Cl)cc2)N(c2cc(Cl)ccc2C)C3=O)c(OC)n1,0.137,9.863279432843592,9.863279432843592,,1,active
CHEMBL3657129,COc1ncc(-c2nc3c(n2C(C)C)C(c2ccc(Cl)cc2)N(c2cc(Cl)cn(C)c2=O)C3=O)c(OC)n1,COc1ncc(-c2nc3c(n2C(C)C)C(c2ccc(Cl)cc2)N(c2cc(Cl)cn(C)c2=O)C3=O)c(OC)n1,0.318,9.497572880015568,9.497572880015568,,3,active
CHEMBL3653275,COc1ncc(-c2nc3c(n2C(C)C)C(c2ccc(Cl)cc2)N(c2cc(Cl)cnc2O)C3=O)c(OC)n1,COc1ncc(-c2nc3c(n2C(C)C)C(c2ccc(Cl)cc2)N(c2cc(Cl)cnc2O)C3=O)c(OC)n1,0.25,9.602059991327963,9.602059991327963,,1,active
CHEMBL3657101,COc1ncc(-c2nc3c(n2C(C)C)C(c2ccc(Cl)cc2)N(c2cc(Cl)cnc2OC)C3=O)c(OC)n1,COc1ncc(-c2nc3c(n2C(C)C)C(c2ccc(Cl)cc2)N(c2cc(Cl)cnc2OC)C3=O)c(OC)n1,0.243,9.614393726401687,9.614393726401687,,1,active
CHEMBL5957735,COc1ncc(-c2nc3c(n2C(C)C)C(c2ccc(Cl)cc2)N(c2cc(F)c4c(c2)OCO4)C3=O)c(OC)n1,COc1ncc(-c2nc3c(n2C(C)C)C(c2ccc(Cl)cc2)N(c2cc(F)c4c(c2)OCO4)C3=O)c(OC)n1,1.12,8.950781977329818,8.950781977329818,,1,active
CHEMBL3639521,COc1ncc(-c2nc3c(n2C(C)C)C(c2ccc(Cl)cc2)N(c2ccc(C#N)cc2C)C3=O)c(OC)n1,COc1ncc(-c2nc3c(n2C(C)C)C(c2ccc(Cl)cc2)N(c2ccc(C#N)cc2C)C3=O)c(OC)n1,4.97,8.303643611266669,8.303643611266669,,1,active
CHEMBL3653251,COc1ncc(-c2nc3c(n2C(C)C)C(c2ccc(Cl)cc2)N(c2ccc(C(N)=O)cc2C)C3=O)c(OC)n1,COc1ncc(-c2nc3c(n2C(C)C)C(c2ccc(Cl)cc2)N(c2ccc(C(N)=O)cc2C)C3=O)c(OC)n1,1.31,8.882728704344236,8.882728704344236,,1,active
CHEMBL3657069,COc1ncc(-c2nc3c(n2C(C)C)C(c2ccc(Cl)cc2)N(c2ccc(F)c(C)c2)C3=O)c(OC)n1,COc1ncc(-c2nc3c(n2C(C)C)C(c2ccc(Cl)cc2)N(c2ccc(F)c(C)c2)C3=O)c(OC)n1,0.85,9.070581074285707,9.070581074285707,,1,active
CHEMBL3657013,COc1ncc(-c2nc3c(n2C(C)C)C(c2ccc(Cl)cc2)N(c2ccc(F)c(Cl)c2)C3=O)c(OC)n1,COc1ncc(-c2nc3c(n2C(C)C)C(c2ccc(Cl)cc2)N(c2ccc(F)c(Cl)c2)C3=O)c(OC)n1,0.2,9.698970004336019,9.698970004336019,,1,active
CHEMBL5803291,COc1ncc(-c2nc3c(n2C(C)C)C(c2ccc(Cl)cc2)N(c2ccc4c(c2)OC(F)(F)O4)C3=O)c(OC)n1,COc1ncc(-c2nc3c(n2C(C)C)C(c2ccc(Cl)cc2)N(c2ccc4c(c2)OC(F)(F)O4)C3=O)c(OC)n1,4.57,8.34008379993015,8.34008379993015,,1,active
CHEMBL6021894,COc1ncc(-c2nc3c(n2C(C)C)C(c2ccc(Cl)cc2)N(c2ccc4ncsc4c2)C3=O)c(OC)n1,COc1ncc(-c2nc3c(n2C(C)C)C(c2ccc(Cl)cc2)N(c2ccc4ncsc4c2)C3=O)c(OC)n1,3.07,8.512861624522813,8.512861624522813,,1,active
CHEMBL5790500,COc1ncc(-c2nc3c(n2C(C)C)C(c2ccc(Cl)cc2)N(c2ccc4scnc4c2)C3=O)c(OC)n1,COc1ncc(-c2nc3c(n2C(C)C)C(c2ccc(Cl)cc2)N(c2ccc4scnc4c2)C3=O)c(OC)n1,1.64,8.785156151952302,8.785156151952302,,1,active
CHEMBL3657025,COc1ncc(-c2nc3c(n2C(C)C)C(c2ccc(Cl)cc2)N(c2cccc(Cl)c2)C3=O)c(OC)n1,COc1ncc(-c2nc3c(n2C(C)C)C(c2ccc(Cl)cc2)N(c2cccc(Cl)c2)C3=O)c(OC)n1,0.63,9.200659450546418,9.200659450546418,,1,active
CHEMBL3657023,COc1ncc(-c2nc3c(n2C(C)C)C(c2ccc(Cl)cc2)N(c2cccc(Cl)c2F)C3=O)c(OC)n1,COc1ncc(-c2nc3c(n2C(C)C)C(c2ccc(Cl)cc2)N(c2cccc(Cl)c2F)C3=O)c(OC)n1,0.15,9.823908740944319,9.823908740944319,,1,active
CHEMBL3657128,COc1ncc(-c2nc3c(n2C(C)C)C(c2ccc(Cl)cc2)N(c2cn(C)c(=O)n(C)c2=O)C3=O)c(OC)n1,COc1ncc(-c2nc3c(n2C(C)C)C(c2ccc(Cl)cc2)N(c2cn(C)c(=O)n(C)c2=O)C3=O)c(OC)n1,43.4,7.36251027048749,7.36251027048749,,1,active
CHEMBL3653293,COc1ncc(-c2nc3c(n2C(C)C)C(c2ccc(Cl)cc2)N(c2cnc(O)c(Cl)c2)C3=O)c(OC)n1,COc1ncc(-c2nc3c(n2C(C)C)C(c2ccc(Cl)cc2)N(c2cnc(O)c(Cl)c2)C3=O)c(OC)n1,0.2,9.698970004336019,9.698970004336019,,1,active
CHEMBL3653228,COc1ncc(-c2nc3c(n2C(C)C)C(c2ccc(Cl)cc2)N(c2cncc(Cl)c2)C3=O)c(OC)n1,COc1ncc(-c2nc3c(n2C(C)C)C(c2ccc(Cl)cc2)N(c2cncc(Cl)c2)C3=O)c(OC)n1,1.02,8.991399828238082,8.991399828238082,,1,active
CHEMBL3653164,COc1ncc(-c2nc3c(n2C(C)C)C(c2ccc(Cl)cc2C)N(c2cc(Cl)ccc2C)C3=O)c(OC)n1,COc1ncc(-c2nc3c(n2C(C)C)C(c2ccc(Cl)cc2C)N(c2cc(Cl)ccc2C)C3=O)c(OC)n1,0.165,9.7827155479829,9.7827155479829,,2,active
CHEMBL3657098,COc1ncc(-c2nc3c(n2C(C)C)C(c2ccc(Cl)cc2C)N(c2cc(Cl)cn(C)c2=O)C3=O)c(OC)n1,COc1ncc(-c2nc3c(n2C(C)C)C(c2ccc(Cl)cc2C)N(c2cc(Cl)cn(C)c2=O)C3=O)c(OC)n1,0.417,9.379863945026242,9.379863945026242,,1,active
CHEMBL3657028,COc1ncc(-c2nc3c(n2C(C)C)C(c2ccc(Cl)cc2C)N(c2cccc(Cl)c2)C3=O)c(OC)n1,COc1ncc(-c2nc3c(n2C(C)C)C(c2ccc(Cl)cc2C)N(c2cccc(Cl)c2)C3=O)c(OC)n1,0.5,9.301029995663981,9.301029995663981,,1,active
CHEMBL3657104,COc1ncc(-c2nc3c(n2C(C)C)C(c2ccc(Cl)cc2F)N(c2cc(Cl)cn(C)c2=O)C3=O)c(OC)n1,COc1ncc(-c2nc3c(n2C(C)C)C(c2ccc(Cl)cc2F)N(c2cc(Cl)cn(C)c2=O)C3=O)c(OC)n1,1.065,8.972650392225244,8.972650392225244,,1,active
CHEMBL3657078,COc1ncc(-c2nc3c(n2C(C)C)C(c2ccc(Cl)cn2)N(c2cc(Cl)ccc2C)C3=O)c(OC)n1,COc1ncc(-c2nc3c(n2C(C)C)C(c2ccc(Cl)cn2)N(c2cc(Cl)ccc2C)C3=O)c(OC)n1,2.813,8.5508302678348,8.5508302678348,,1,active
CHEMBL3657127,COc1ncc(-c2nc3c(n2C(C)C)[C@@H](c2ccc(C#N)c(F)c2)N(c2ccc(F)c(Cl)c2)C3=O)c(OC)n1,COc1ncc(-c2nc3c(n2C(C)C)[C@@H](c2ccc(C#N)c(F)c2)N(c2ccc(F)c(Cl)c2)C3=O)c(OC)n1,0.44,9.356547323513812,9.356547323513812,,1,active
CHEMBL3656984,COc1ncc(-c2nc3c(n2C(C)C)[C@@H](c2ccc(C#N)cc2)N(c2cccc(Cl)c2F)C3=O)c(OC)n1,COc1ncc(-c2nc3c(n2C(C)C)[C@@H](c2ccc(C#N)cc2)N(c2cccc(Cl)c2F)C3=O)c(OC)n1,214.3,6.668977828958171,6.668977828958171,,1,active
CHEMBL3657108,COc1ncc(-c2nc3c(n2C(C)C)[C@@H](c2ccc(Cl)cc2)N(c2cc(Cl)c(=O)n(C)c2)C3=O)c(OC)n1,COc1ncc(-c2nc3c(n2C(C)C)[C@@H](c2ccc(Cl)cc2)N(c2cc(Cl)c(=O)n(C)c2)C3=O)c(OC)n1,125.33,6.9019449603307566,6.9019449603307566,,1,active
CHEMBL3657085,COc1ncc(-c2nc3c(n2C(C)C)[C@@H](c2ccc(Cl)cc2)N(c2cc(Cl)c[nH]c2=O)C3=O)c(OC)n1,COc1ncc(-c2nc3c(n2C(C)C)[C@@H](c2ccc(Cl)cc2)N(c2cc(Cl)c[nH]c2=O)C3=O)c(OC)n1,76.54,7.116111542111519,7.116111542111519,,1,active
CHEMBL3656985,COc1ncc(-c2nc3c(n2C(C)C)[C@@H](c2ccc(Cl)cc2)N(c2cc(Cl)ccc2C)C3=O)c(OC)n1,COc1ncc(-c2nc3c(n2C(C)C)[C@@H](c2ccc(Cl)cc2)N(c2cc(Cl)ccc2C)C3=O)c(OC)n1,15.8,7.801342913045577,7.801342913045577,,1,active
CHEMBL3653257,COc1ncc(-c2nc3c(n2C(C)C)[C@@H](c2ccc(Cl)cc2)N(c2cc(Cl)cn(C)c2=O)C3=O)c(OC)n1,COc1ncc(-c2nc3c(n2C(C)C)[C@@H](c2ccc(Cl)cc2)N(c2cc(Cl)cn(C)c2=O)C3=O)c(OC)n1,299.7,6.523313257054355,6.523313257054355,,1,active
CHEMBL6055628,COc1ncc(-c2nc3c(n2C(C)C)[C@@H](c2ccc(Cl)cc2)N(c2cc(Cl)cn4ccnc24)C3=O)c(OC)n1,COc1ncc(-c2nc3c(n2C(C)C)[C@@H](c2ccc(Cl)cc2)N(c2cc(Cl)cn4ccnc24)C3=O)c(OC)n1,0.25,9.602059991327963,9.602059991327963,,1,active
CHEMBL6045300,COc1ncc(-c2nc3c(n2C(C)C)[C@@H](c2ccc(Cl)cc2)N(c2cc(Cl)cn4cnnc24)C3=O)c(OC)n1,COc1ncc(-c2nc3c(n2C(C)C)[C@@H](c2ccc(Cl)cc2)N(c2cc(Cl)cn4cnnc24)C3=O)c(OC)n1,2.86,8.543633966870956,8.543633966870956,,1,active
CHEMBL3653232,COc1ncc(-c2nc3c(n2C(C)C)[C@@H](c2ccc(Cl)cc2C)N(c2cc(Cl)ccc2C)C3=O)c(OC)n1,COc1ncc(-c2nc3c(n2C(C)C)[C@@H](c2ccc(Cl)cc2C)N(c2cc(Cl)ccc2C)C3=O)c(OC)n1,13.85,7.859369656472493,7.859369656472493,,2,active
CHEMBL5915566,COc1ncc(-c2nc3c(n2C(C)C)[C@@H](c2ccc(Cl)s2)N(c2cc4c(cc2Cl)OCO4)C3=O)c(OC)n1,COc1ncc(-c2nc3c(n2C(C)C)[C@@H](c2ccc(Cl)s2)N(c2cc4c(cc2Cl)OCO4)C3=O)c(OC)n1,0.59,9.229147988357855,9.229147988357855,,1,active
CHEMBL5945177,COc1ncc(-c2nc3c(n2C(C)C)[C@@](C)(c2ccc(Cl)cc2)N(c2ccc4c(c2)OCO4)C3=O)c(OC)n1,COc1ncc(-c2nc3c(n2C(C)C)[C@@](C)(c2ccc(Cl)cc2)N(c2ccc4c(c2)OCO4)C3=O)c(OC)n1,0.44,9.356547323513812,9.356547323513812,,1,active
CHEMBL3657014,COc1ncc(-c2nc3c(n2C(C)C)[C@H](c2ccc(C#N)cc2)N(c2cccc(Cl)c2F)C3=O)c(OC)n1,COc1ncc(-c2nc3c(n2C(C)C)[C@H](c2ccc(C#N)cc2)N(c2cccc(Cl)c2F)C3=O)c(OC)n1,0.16,9.795880017344075,9.795880017344075,,1,active
CHEMBL5206050,COc1ncc(-c2nc3c(n2C(C)C)[C@H](c2ccc(Cl)cc2)N([C@@H](C)c2cccc(Cl)c2)C3=O)c(OC)n1,COc1ncc(-c2nc3c(n2C(C)C)[C@H](c2ccc(Cl)cc2)N([C@@H](C)c2cccc(Cl)c2)C3=O)c(OC)n1,9.0,8.045757490560675,8.045757490560675,,1,active
CHEMBL5805098,COc1ncc(-c2nc3c(n2C(C)C)[C@H](c2ccc(Cl)cc2)N(c2cc(C)c4c(c2)OCO4)C3=O)c(OC)n1,COc1ncc(-c2nc3c(n2C(C)C)[C@H](c2ccc(Cl)cc2)N(c2cc(C)c4c(c2)OCO4)C3=O)c(OC)n1,0.69,9.161150909262744,9.161150909262744,,1,active
CHEMBL3657107,COc1ncc(-c2nc3c(n2C(C)C)[C@H](c2ccc(Cl)cc2)N(c2cc(Cl)c(=O)n(C)c2)C3=O)c(OC)n1,COc1ncc(-c2nc3c(n2C(C)C)[C@H](c2ccc(Cl)cc2)N(c2cc(Cl)c(=O)n(C)c2)C3=O)c(OC)n1,0.124,9.906578314837764,9.906578314837764,,1,active
CHEMBL6014971,COc1ncc(-c2nc3c(n2C(C)C)[C@H](c2ccc(Cl)cc2)N(c2cc(Cl)c4c(c2)OCO4)C3=O)c(OC)n1,COc1ncc(-c2nc3c(n2C(C)C)[C@H](c2ccc(Cl)cc2)N(c2cc(Cl)c4c(c2)OCO4)C3=O)c(OC)n1,0.24,9.619788758288394,9.619788758288394,,1,active
CHEMBL3656986,COc1ncc(-c2nc3c(n2C(C)C)[C@H](c2ccc(Cl)cc2)N(c2cc(Cl)ccc2C)C3=O)c(OC)n1,COc1ncc(-c2nc3c(n2C(C)C)[C@H](c2ccc(Cl)cc2)N(c2cc(Cl)ccc2C)C3=O)c(OC)n1,0.11,9.958607314841775,9.958607314841775,,1,active
CHEMBL3653256,COc1ncc(-c2nc3c(n2C(C)C)[C@H](c2ccc(Cl)cc2)N(c2cc(Cl)cn(C)c2=O)C3=O)c(OC)n1,COc1ncc(-c2nc3c(n2C(C)C)[C@H](c2ccc(Cl)cc2)N(c2cc(Cl)cn(C)c2=O)C3=O)c(OC)n1,0.21,9.67778070526608,9.67778070526608,,3,active
CHEMBL3657084,COc1ncc(-c2nc3c(n2C(C)C)[C@H](c2ccc(Cl)cc2)N(c2cc(Cl)cnc2O)C3=O)c(OC)n1,COc1ncc(-c2nc3c(n2C(C)C)[C@H](c2ccc(Cl)cc2)N(c2cc(Cl)cnc2O)C3=O)c(OC)n1,0.1015,9.993533957750769,9.993533957750769,,1,active
CHEMBL5922106,COc1ncc(-c2nc3c(n2C(C)C)[C@H](c2ccc(Cl)cc2)N(c2ccc4c(c2)OCO4)C3=O)c(OC)n1,COc1ncc(-c2nc3c(n2C(C)C)[C@H](c2ccc(Cl)cc2)N(c2ccc4c(c2)OCO4)C3=O)c(OC)n1,0.71,9.148741651280925,9.148741651280925,,1,active
CHEMBL3653231,COc1ncc(-c2nc3c(n2C(C)C)[C@H](c2ccc(Cl)cc2C)N(c2cc(Cl)ccc2C)C3=O)c(OC)n1,COc1ncc(-c2nc3c(n2C(C)C)[C@H](c2ccc(Cl)cc2C)N(c2cc(Cl)ccc2C)C3=O)c(OC)n1,0.07500000000000001,10.1259059864969,10.1259059864969,,2,active
CHEMBL5986213,COc1ncc(-c2nc3c(n2C(C)C)[C@H](c2ccc(Cl)s2)N(c2cc4c(cc2F)OCO4)C3=O)c(OC)n1,COc1ncc(-c2nc3c(n2C(C)C)[C@H](c2ccc(Cl)s2)N(c2cc4c(cc2F)OCO4)C3=O)c(OC)n1,0.87,9.060480747381382,9.060480747381382,,1,active
CHEMBL5916827,COc1ncc(-c2nc3c(n2C(C)C)[C@H](c2ccc(Cl)s2)N(c2ccc4c(c2)OCO4)C3=O)c(OC)n1,COc1ncc(-c2nc3c(n2C(C)C)[C@H](c2ccc(Cl)s2)N(c2ccc4c(c2)OCO4)C3=O)c(OC)n1,0.79,9.102372908709558,9.102372908709558,,1,active
CHEMBL3656996,COc1ncc(-c2nc3c(n2C2CC2)C(c2ccc(Cl)cc2)N(c2cc(Cl)ccc2C)C3=O)c(OC)n1,COc1ncc(-c2nc3c(n2C2CC2)C(c2ccc(Cl)cc2)N(c2cc(Cl)ccc2C)C3=O)c(OC)n1,1.32,8.87942606879415,8.87942606879415,,1,active
CHEMBL3653244,COc1ncc(-c2nc3c(n2C2CC2)C(c2ccc(Cl)cc2)N(c2ccc(F)c(Cl)c2)C3=O)c(OC)n1,COc1ncc(-c2nc3c(n2C2CC2)C(c2ccc(Cl)cc2)N(c2ccc(F)c(Cl)c2)C3=O)c(OC)n1,3.6,8.443697499232712,8.443697499232712,,1,active
CHEMBL3653243,COc1ncc(-c2nc3c(n2C2CCC2)C(c2ccc(C#N)cc2)N(c2ccc(F)c(Cl)c2)C3=O)c(OC)n1,COc1ncc(-c2nc3c(n2C2CCC2)C(c2ccc(C#N)cc2)N(c2ccc(F)c(Cl)c2)C3=O)c(OC)n1,31.7,7.498940737782249,7.498940737782249,,1,active
CHEMBL3653242,COc1ncc(-c2nc3c(n2C2CCC2)C(c2ccc(Cl)cc2)N(c2cc(Cl)ccc2C)C3=O)c(OC)n1,COc1ncc(-c2nc3c(n2C2CCC2)C(c2ccc(Cl)cc2)N(c2cc(Cl)ccc2C)C3=O)c(OC)n1,4.6,8.337242168318426,8.337242168318426,,1,active
CHEMBL3653241,COc1ncc(-c2nc3c(n2C2CCC2)C(c2ccc(Cl)cc2)N(c2ccc(F)c(Cl)c2)C3=O)c(OC)n1,COc1ncc(-c2nc3c(n2C2CCC2)C(c2ccc(Cl)cc2)N(c2ccc(F)c(Cl)c2)C3=O)c(OC)n1,11.8,7.928117992693874,7.928117992693874,,1,active
CHEMBL3653301,COc1ncc(-c2nc3c(n2[C@@H](C)CO)C(c2ccc(Cl)cc2)N(c2cc(Cl)ccc2C)C3=O)c(OC)n1,COc1ncc(-c2nc3c(n2[C@@H](C)CO)C(c2ccc(Cl)cc2)N(c2cc(Cl)ccc2C)C3=O)c(OC)n1,1.74,8.7594507517174,8.7594507517174,,1,active
CHEMBL3653271,COc1ncc(-c2nc3c(n2[C@H](C)CO)C(c2ccc(Cl)cc2)N(c2cc(Cl)ccc2C)C3=O)c(OC)n1,COc1ncc(-c2nc3c(n2[C@H](C)CO)C(c2ccc(Cl)cc2)N(c2cc(Cl)ccc2C)C3=O)c(OC)n1,0.09,10.045757490560675,10.045757490560675,,1,active
CHEMBL3657115,COc1ncc(-c2nc3c(n2[C@H](C)CO)[C@@H](c2ccc(Cl)cc2)N(c2cccc(Cl)c2F)C3=O)c(OC)n1,COc1ncc(-c2nc3c(n2[C@H](C)CO)[C@@H](c2ccc(Cl)cc2)N(c2cccc(Cl)c2F)C3=O)c(OC)n1,40.95,7.387746093903562,7.387746093903562,,1,active
CHEMBL3657116,COc1ncc(-c2nc3c(n2[C@H](C)CO)[C@H](c2ccc(Cl)cc2)N(c2cccc(Cl)c2F)C3=O)c(OC)n1,COc1ncc(-c2nc3c(n2[C@H](C)CO)[C@H](c2ccc(Cl)cc2)N(c2cccc(Cl)c2F)C3=O)c(OC)n1,0.107,9.97061622231479,9.97061622231479,,1,active
CHEMBL5816182,COc1ncc(-c2nc3nc(C(=O)O)nc(N[C@H](C)C4CC4)c3n2Cc2ccc(C(F)(F)F)cc2)cc1F,COc1ncc(-c2nc3nc(C(=O)O)nc(N[C@H](C)C4CC4)c3n2Cc2ccc(C(F)(F)F)cc2)cc1F,310.0,6.508638306165727,6.508638306165727,,1,active
CHEMBL5937682,COc1ncc(-c2nc3nc(C(=O)O)nc(N[C@H](C)C4CCC4)c3n2Cc2ccc(C(F)(F)F)cc2)cc1Cl,COc1ncc(-c2nc3nc(C(=O)O)nc(N[C@H](C)C4CCC4)c3n2Cc2ccc(C(F)(F)F)cc2)cc1Cl,51.0,7.292429823902063,7.292429823902063,,1,active
CHEMBL3691755,COc1ncc(-n2nc3c(c2C(C)C)C(c2ccc(C#N)cc2)N(c2c[nH]c(=O)c(Cl)c2)C3=O)c(OC)n1,COc1ncc(-n2nc3c(c2C(C)C)C(c2ccc(C#N)cc2)N(c2c[nH]c(=O)c(Cl)c2)C3=O)c(OC)n1,0.772,9.112382699664265,9.112382699664265,,1,active
CHEMBL3691757,COc1ncc(-n2nc3c(c2C(C)C)C(c2ccc(C#N)cc2)N(c2cc(Cl)c(=O)n(C)c2)C3=O)c(OC)n1,COc1ncc(-n2nc3c(c2C(C)C)C(c2ccc(C#N)cc2)N(c2cc(Cl)c(=O)n(C)c2)C3=O)c(OC)n1,1.302,8.885389015767826,8.885389015767826,,1,active
CHEMBL3691756,COc1ncc(-n2nc3c(c2C(C)C)C(c2ccc(C#N)cc2)N(c2cc(Cl)c[nH]c2=O)C3=O)c(OC)n1,COc1ncc(-n2nc3c(c2C(C)C)C(c2ccc(C#N)cc2)N(c2cc(Cl)c[nH]c2=O)C3=O)c(OC)n1,1.242,8.905878404159438,8.905878404159438,,1,active
CHEMBL3691758,COc1ncc(-n2nc3c(c2C(C)C)C(c2ccc(C#N)cc2)N(c2cc(Cl)cn(C)c2=O)C3=O)c(OC)n1,COc1ncc(-n2nc3c(c2C(C)C)C(c2ccc(C#N)cc2)N(c2cc(Cl)cn(C)c2=O)C3=O)c(OC)n1,1.447,8.839531468880962,8.839531468880962,,1,active
CHEMBL3691782,COc1ncc(-n2nc3c(c2C(C)C)C(c2ccc(Cl)c(F)c2)N(c2cc(Cl)c(=O)n(C)c2)C3=O)c(OC)n1,COc1ncc(-n2nc3c(c2C(C)C)C(c2ccc(Cl)c(F)c2)N(c2cc(Cl)c(=O)n(C)c2)C3=O)c(OC)n1,0.384,9.415668775632469,9.415668775632469,,1,active
CHEMBL3691783,COc1ncc(-n2nc3c(c2C(C)C)C(c2ccc(Cl)c(F)c2)N(c2cc(Cl)cn(C)c2=O)C3=O)c(OC)n1,COc1ncc(-n2nc3c(c2C(C)C)C(c2ccc(Cl)c(F)c2)N(c2cc(Cl)cn(C)c2=O)C3=O)c(OC)n1,0.553,9.257274868695301,9.257274868695301,,1,active
CHEMBL3691751,COc1ncc(-n2nc3c(c2C(C)C)C(c2ccc(Cl)cc2)N(c2c[nH]c(=O)c(Cl)c2)C3=O)c(OC)n1,COc1ncc(-n2nc3c(c2C(C)C)C(c2ccc(Cl)cc2)N(c2c[nH]c(=O)c(Cl)c2)C3=O)c(OC)n1,0.176,9.75448733218585,9.75448733218585,,1,active
CHEMBL3691794,COc1ncc(-n2nc3c(c2C(C)C)C(c2ccc(Cl)cc2)N(c2cc(C)cn(C)c2=O)C3=O)c(OC)n1,COc1ncc(-n2nc3c(c2C(C)C)C(c2ccc(Cl)cc2)N(c2cc(C)cn(C)c2=O)C3=O)c(OC)n1,2.13,8.671620396561263,8.671620396561263,,1,active
CHEMBL3691760,COc1ncc(-n2nc3c(c2C(C)C)C(c2ccc(Cl)cc2)N(c2cc(Cl)c(=O)n(C)c2)C3=O)c(OC)n1,COc1ncc(-n2nc3c(c2C(C)C)C(c2ccc(Cl)cc2)N(c2cc(Cl)c(=O)n(C)c2)C3=O)c(OC)n1,0.453,9.343901797987169,9.343901797987169,,1,active
CHEMBL3691748,COc1ncc(-n2nc3c(c2C(C)C)C(c2ccc(Cl)cc2)N(c2cc(Cl)c[nH]c2=O)C3=O)c(OC)n1,COc1ncc(-n2nc3c(c2C(C)C)C(c2ccc(Cl)cc2)N(c2cc(Cl)c[nH]c2=O)C3=O)c(OC)n1,0.232,9.6345120151091,9.6345120151091,,1,active
CHEMBL3691741,COc1ncc(-n2nc3c(c2C(C)C)C(c2ccc(Cl)cc2)N(c2cc(Cl)cn(C)c2=O)C3=O)c(OC)n1,COc1ncc(-n2nc3c(c2C(C)C)C(c2ccc(Cl)cc2)N(c2cc(Cl)cn(C)c2=O)C3=O)c(OC)n1,0.53,9.275724130399212,9.275724130399212,,1,active
CHEMBL3691728,COc1ncc(-n2nc3c(c2C(C)C)C(c2ccc(Cl)cc2C)N(c2cc(Cl)c(=O)n(C)c2)C3=O)c(OC)n1,COc1ncc(-n2nc3c(c2C(C)C)C(c2ccc(Cl)cc2C)N(c2cc(Cl)c(=O)n(C)c2)C3=O)c(OC)n1,0.45,9.346787486224656,9.346787486224656,,1,active
CHEMBL3691729,COc1ncc(-n2nc3c(c2C(C)C)C(c2ccc(Cl)cc2C)N(c2cc(Cl)ccc2C)C3=O)c(OC)n1,COc1ncc(-n2nc3c(c2C(C)C)C(c2ccc(Cl)cc2C)N(c2cc(Cl)ccc2C)C3=O)c(OC)n1,0.22,9.657577319177793,9.657577319177793,,1,active
CHEMBL3691742,COc1ncc(-n2nc3c(c2C(C)C)C(c2ccc(Cl)cc2C)N(c2cc(Cl)cn(C)c2=O)C3=O)c(OC)n1,COc1ncc(-n2nc3c(c2C(C)C)C(c2ccc(Cl)cc2C)N(c2cc(Cl)cn(C)c2=O)C3=O)c(OC)n1,0.348,9.45842075605342,9.45842075605342,,1,active
CHEMBL3691780,COc1ncc(-n2nc3c(c2C(C)C)C(c2ccc(Cl)cc2F)N(c2cc(Cl)c(=O)n(C)c2)C3=O)c(OC)n1,COc1ncc(-n2nc3c(c2C(C)C)C(c2ccc(Cl)cc2F)N(c2cc(Cl)c(=O)n(C)c2)C3=O)c(OC)n1,1.089,8.962972120244226,8.962972120244226,,1,active
CHEMBL3691781,COc1ncc(-n2nc3c(c2C(C)C)C(c2ccc(Cl)cc2F)N(c2cc(Cl)cn(C)c2=O)C3=O)c(OC)n1,COc1ncc(-n2nc3c(c2C(C)C)C(c2ccc(Cl)cc2F)N(c2cc(Cl)cn(C)c2=O)C3=O)c(OC)n1,1.437,8.842543231865774,8.842543231865774,,1,active
CHEMBL3691773,COc1ncc(-n2nc3c(c2C(C)C)[C@@H](c2ccc(Cl)cc2)N(c2cc(Cl)c(=O)n(C)c2)C3=O)c(OC)n1,COc1ncc(-n2nc3c(c2C(C)C)[C@@H](c2ccc(Cl)cc2)N(c2cc(Cl)c(=O)n(C)c2)C3=O)c(OC)n1,266.77,6.573863011213576,6.573863011213576,,1,active
CHEMBL3691763,COc1ncc(-n2nc3c(c2C(C)C)[C@@H](c2ccc(Cl)cc2)N(c2cc(Cl)c[nH]c2=O)C3=O)c(OC)n1,COc1ncc(-n2nc3c(c2C(C)C)[C@@H](c2ccc(Cl)cc2)N(c2cc(Cl)c[nH]c2=O)C3=O)c(OC)n1,14.83,7.828858848971618,7.828858848971618,,1,active
CHEMBL3691750,COc1ncc(-n2nc3c(c2C(C)C)[C@@H](c2ccc(Cl)cc2C)N(c2cc(Cl)c(=O)n(C)c2)C3=O)c(OC)n1,COc1ncc(-n2nc3c(c2C(C)C)[C@@H](c2ccc(Cl)cc2C)N(c2cc(Cl)c(=O)n(C)c2)C3=O)c(OC)n1,111.31,6.953465817249031,6.953465817249031,,1,active
CHEMBL3691772,COc1ncc(-n2nc3c(c2C(C)C)[C@H](c2ccc(Cl)cc2)N(c2cc(Cl)c(=O)n(C)c2)C3=O)c(OC)n1,COc1ncc(-n2nc3c(c2C(C)C)[C@H](c2ccc(Cl)cc2)N(c2cc(Cl)c(=O)n(C)c2)C3=O)c(OC)n1,0.4285,9.479501153788256,9.479501153788256,,2,active
CHEMBL3691764,COc1ncc(-n2nc3c(c2C(C)C)[C@H](c2ccc(Cl)cc2)N(c2cc(Cl)c[nH]c2=O)C3=O)c(OC)n1,COc1ncc(-n2nc3c(c2C(C)C)[C@H](c2ccc(Cl)cc2)N(c2cc(Cl)c[nH]c2=O)C3=O)c(OC)n1,0.161,9.79317412396815,9.79317412396815,,1,active
CHEMBL3691749,COc1ncc(-n2nc3c(c2C(C)C)[C@H](c2ccc(Cl)cc2C)N(c2cc(Cl)c(=O)n(C)c2)C3=O)c(OC)n1,COc1ncc(-n2nc3c(c2C(C)C)[C@H](c2ccc(Cl)cc2C)N(c2cc(Cl)c(=O)n(C)c2)C3=O)c(OC)n1,0.241,9.61798295742513,9.61798295742513,,1,active
CHEMBL3653284,COc1ncc(CC#N)cc1-c1nc2c(n1C(C)C)C(c1ccc(C#N)cc1)N(c1cc(Cl)ccc1C)C2=O,COc1ncc(CC#N)cc1-c1nc2c(n1C(C)C)C(c1ccc(C#N)cc1)N(c1cc(Cl)ccc1C)C2=O,1.65,8.782516055786093,8.782516055786093,,1,active
CHEMBL3653285,COc1ncc(CC#N)cc1-c1nc2c(n1C(C)C)C(c1ccc(C#N)cc1)N(c1cccc(Cl)c1F)C2=O,COc1ncc(CC#N)cc1-c1nc2c(n1C(C)C)C(c1ccc(C#N)cc1)N(c1cccc(Cl)c1F)C2=O,1.93,8.714442690992227,8.714442690992227,,1,active
CHEMBL3653286,COc1ncc(CC#N)cc1-c1nc2c(n1C(C)C)C(c1ccc(Cl)cc1)N(c1cccc(Cl)c1F)C2=O,COc1ncc(CC#N)cc1-c1nc2c(n1C(C)C)C(c1ccc(Cl)cc1)N(c1cccc(Cl)c1F)C2=O,0.65,9.187086643357144,9.187086643357144,,1,active
CHEMBL3653298,COc1ncc(CC(=O)O)cc1-c1nc2c(n1C(C)C)C(c1ccc(C#N)cc1)N(c1cc(Cl)ccc1C)C2=O,COc1ncc(CC(=O)O)cc1-c1nc2c(n1C(C)C)C(c1ccc(C#N)cc1)N(c1cc(Cl)ccc1C)C2=O,2.4,8.619788758288394,8.619788758288394,,1,active
CHEMBL3657126,COc1ncc(CC(=O)O)cc1-c1nc2c(n1C(C)C)C(c1ccc(C#N)cc1)N(c1cccc(Cl)c1F)C2=O,COc1ncc(CC(=O)O)cc1-c1nc2c(n1C(C)C)C(c1ccc(C#N)cc1)N(c1cccc(Cl)c1F)C2=O,4.74,8.324221658325914,8.324221658325914,,1,active
CHEMBL3653292,COc1ncc(CC(=O)O)cc1-c1nc2c(n1C(C)C)C(c1ccc(Cl)cc1)N(c1cccc(Cl)c1F)C2=O,COc1ncc(CC(=O)O)cc1-c1nc2c(n1C(C)C)C(c1ccc(Cl)cc1)N(c1cccc(Cl)c1F)C2=O,1.32,8.87942606879415,8.87942606879415,,1,active
CHEMBL5951883,COc1ncc(Cl)cc1-c1nc(-c2n[nH]c(=O)o2)nc2nc(N3CCOC[C@H]3c3ccccc3)n(C[C@H]3CC[C@H](C)CC3)c12,COc1ncc(Cl)cc1-c1nc(-c2n[nH]c(=O)o2)nc2nc(N3CCOC[C@H]3c3ccccc3)n(C[C@H]3CC[C@H](C)CC3)c12,0.882,9.05453141486818,9.05453141486818,,1,active
CHEMBL3653319,COc1ncc(Cl)cc1-c1nc(-c2noc(=O)[nH]2)cc2nc(N3CCO[C@@H]4CCC[C@H]43)n(C[C@H]3CC[C@H](C)CC3)c12,COc1ncc(Cl)cc1-c1nc(-c2noc(=O)[nH]2)cc2nc(N3CCO[C@@H]4CCC[C@H]43)n(C[C@H]3CC[C@H](C)CC3)c12,1.0,9.0,9.0,,1,active
CHEMBL3653318,COc1ncc(Cl)cc1-c1nc(-c2noc(=O)[nH]2)cc2nc(N3CCO[C@H]4CCC[C@@H]43)n(C[C@H]3CC[C@H](C)CC3)c12,COc1ncc(Cl)cc1-c1nc(-c2noc(=O)[nH]2)cc2nc(N3CCO[C@H]4CCC[C@@H]43)n(C[C@H]3CC[C@H](C)CC3)c12,24.0,7.619788758288394,7.619788758288394,,3,active
CHEMBL5822040,COc1ncc(Cl)cc1-c1nc(-c2noc(=O)[nH]2)nc2nc(C3(c4ccccc4)CCC3)n(C[C@H]3CC[C@H](C)CC3)c12,COc1ncc(Cl)cc1-c1nc(-c2noc(=O)[nH]2)nc2nc(C3(c4ccccc4)CCC3)n(C[C@H]3CC[C@H](C)CC3)c12,6.115,8.213603538627696,8.213603538627696,,1,active
CHEMBL5994079,COc1ncc(Cl)cc1-c1nc(-c2noc(=O)[nH]2)nc2nc(N3CCOC[C@H]3c3ccccc3)n(C[C@H]3CC[C@H](C)CC3)c12,COc1ncc(Cl)cc1-c1nc(-c2noc(=O)[nH]2)nc2nc(N3CCOC[C@H]3c3ccccc3)n(C[C@H]3CC[C@H](C)CC3)c12,0.851,9.070070439915412,9.070070439915412,,1,active
CHEMBL3653165,COc1ncccc1-c1nc2c(n1C(C)C)C(c1ccc(Cl)cc1C)N(c1cc(Cl)ccc1C)C2=O,COc1ncccc1-c1nc2c(n1C(C)C)C(c1ccc(Cl)cc1C)N(c1cc(Cl)ccc1C)C2=O,2.27,8.643974142806877,8.643974142806877,,1,active
CHEMBL3653206,COc1ncncc1-c1nc2c(n1C(C)C)C(c1ccc(Cl)cc1)N(c1cc(Cl)ccc1C)C2=O,COc1ncncc1-c1nc2c(n1C(C)C)C(c1ccc(Cl)cc1)N(c1cc(Cl)ccc1C)C2=O,0.39,9.4089353929735,9.4089353929735,,1,active
CHEMBL3653186,COc1ncncc1-c1nc2c(n1C(C)C)C(c1ccc(Cl)cc1C)N(c1cc(Cl)ccc1C)C2=O,COc1ncncc1-c1nc2c(n1C(C)C)C(c1ccc(Cl)cc1C)N(c1cc(Cl)ccc1C)C2=O,0.315,9.508412463981093,9.508412463981093,,2,active
CHEMBL3657055,COc1nn(C)c(=O)cc1-c1nc2c(n1C(C)C)C(c1ccc(Cl)cc1)N(c1cccc(Cl)c1F)C2=O,COc1nn(C)c(=O)cc1-c1nc2c(n1C(C)C)C(c1ccc(Cl)cc1)N(c1cccc(Cl)c1F)C2=O,21.5,7.667561540084394,7.667561540084394,,1,active
CHEMBL3657048,COc1nnc(C(=O)N(C)C)cc1-c1nc2c(n1C(C)C)C(c1ccc(Cl)cc1)N(c1cccc(Cl)c1F)C2=O,COc1nnc(C(=O)N(C)C)cc1-c1nc2c(n1C(C)C)C(c1ccc(Cl)cc1)N(c1cccc(Cl)c1F)C2=O,2.22,8.653647025549361,8.653647025549361,,1,active
CHEMBL5766896,CS(=O)(=O)CCCN1[C@H]2CCn3c(nc4cc(C(=O)O)ccc43)[C@H]2[C@H](c2cccc(Cl)c2F)[C@]12C(=O)Nc1cc(Cl)ccc12,CS(=O)(=O)CCCN1[C@H]2CCn3c(nc4cc(C(=O)O)ccc43)[C@H]2[C@H](c2cccc(Cl)c2F)[C@]12C(=O)Nc1cc(Cl)ccc12,58.0,7.236572006437063,7.236572006437063,,1,active
CHEMBL5961791,CS(=O)(=O)CCNC(=O)c1ccc2c(c1)nc1n2CC[C@H]2[C@@H]1[C@H](c1cccc(Cl)c1F)[C@]1(C(=O)Nc3cc(Cl)ccc31)N2CC1CC1,CS(=O)(=O)CCNC(=O)c1ccc2c(c1)nc1n2CC[C@H]2[C@@H]1[C@H](c1cccc(Cl)c1F)[C@]1(C(=O)Nc3cc(Cl)ccc31)N2CC1CC1,4.0,8.397940008672037,8.397940008672037,,1,active
CHEMBL4098834,CS(=O)(=O)NC(=O)C12CCC(NC(=O)[C@@H]3NC4(CCCCC4)[C@@]4(C(=O)Nc5cc(Cl)ccc54)[C@H]3c3cccc(Cl)c3F)(CC1)CC2,CS(=O)(=O)NC(=O)C12CCC(NC(=O)[C@@H]3NC4(CCCCC4)[C@@]4(C(=O)Nc5cc(Cl)ccc54)[C@H]3c3cccc(Cl)c3F)(CC1)CC2,6.3,8.200659450546418,8.200659450546418,,1,active
CHEMBL5855483,CS(=O)(=O)NC(=O)C[C@@H]1C[C@H](c2cccc(Cl)c2)[C@@H](c2ccc(Cl)cc2)N(CC2CC2)C1=O,CS(=O)(=O)NC(=O)C[C@@H]1C[C@H](c2cccc(Cl)c2)[C@@H](c2ccc(Cl)cc2)N(CC2CC2)C1=O,700.0,6.154901959985743,6.154901959985743,,1,active
CHEMBL3693975,CS(=O)(=O)NC(=O)[C@@H]1NC2(CCCCC2)[C@@]2(C(=O)Nc3cc(Cl)ccc32)[C@H]1c1cccc(Cl)c1F,CS(=O)(=O)NC(=O)[C@@H]1NC2(CCCCC2)[C@@]2(C(=O)Nc3cc(Cl)ccc32)[C@H]1c1cccc(Cl)c1F,65.0,7.187086643357144,7.187086643357144,,1,active
CHEMBL3650006,CS(=O)(=O)NC(=O)c1cc2nc(N3CCO[C@@H]4CCC[C@H]43)n(C[C@H]3CC[C@H](C)CC3)c2c(-c2cncc(Cl)c2)n1,CS(=O)(=O)NC(=O)c1cc2nc(N3CCO[C@@H]4CCC[C@H]43)n(C[C@H]3CC[C@H](C)CC3)c2c(-c2cncc(Cl)c2)n1,1.0,9.0,9.0,,1,active
CHEMBL3933428,CS(=O)(=O)NC(=O)c1cc2nc(N3CCO[C@H]4CCC[C@@H]43)n(C[C@H]3CC[C@H](C)CC3)c2c(-c2cncc(Cl)c2)n1,CS(=O)(=O)NC(=O)c1cc2nc(N3CCO[C@H]4CCC[C@@H]43)n(C[C@H]3CC[C@H](C)CC3)c2c(-c2cncc(Cl)c2)n1,1.0,9.0,9.0,,1,active
CHEMBL4085815,CS(=O)(=O)NC(=O)c1ccc(NC(=O)[C@@H]2NC3(CCCCC3)[C@@]3(C(=O)Nc4cc(Cl)ccc43)[C@H]2c2cccc(Cl)c2F)cc1,CS(=O)(=O)NC(=O)c1ccc(NC(=O)[C@@H]2NC3(CCCCC3)[C@@]3(C(=O)Nc4cc(Cl)ccc43)[C@H]2c2cccc(Cl)c2F)cc1,8.1,8.09151498112135,8.09151498112135,,1,active
CHEMBL3650010,CS(=O)(=O)Nc1cc2nc(N3CCOC[C@H]3c3ccccc3)n(C[C@H]3CC[C@H](C)CC3)c2c(-c2cncc(Cl)c2)n1,CS(=O)(=O)Nc1cc2nc(N3CCOC[C@H]3c3ccccc3)n(C[C@H]3CC[C@H](C)CC3)c2c(-c2cncc(Cl)c2)n1,122.0,6.913640169325252,6.913640169325252,,2,active
CHEMBL5817611,CS(=O)(=O)c1cc(Cl)cc(-c2nc(-c3noc(=O)[nH]3)nc3nc(N4CCOC[C@H]4c4ccccc4)n(C[C@H]4CC[C@H](C)CC4)c23)c1,CS(=O)(=O)c1cc(Cl)cc(-c2nc(-c3noc(=O)[nH]3)nc3nc(N4CCOC[C@H]4c4ccccc4)n(C[C@H]4CC[C@H](C)CC4)c23)c1,2.903,8.537152964168326,8.537152964168326,,1,active
CHEMBL5778175,CS(=O)(=O)c1cc(Cl)ccc1CN1C(=O)c2cc(C(O)C3CCOCC3)cc(F)c2[C@]1(OCC1(CO)CC1)c1ccc(Cl)cc1,CS(=O)(=O)c1cc(Cl)ccc1CN1C(=O)c2cc(C(O)C3CCOCC3)cc(F)c2[C@]1(OCC1(CO)CC1)c1ccc(Cl)cc1,11.5,8.328788659588897,8.328788659588897,,2,active
CHEMBL5966209,CS(=O)(=O)c1cc(Cl)ccc1CN1C(=O)c2cc([C@@H](O)C3CCOCC3)cc(F)c2[C@]1(OCC1(CO)CC1)c1ccc(Cl)cc1,CS(=O)(=O)c1cc(Cl)ccc1CN1C(=O)c2cc([C@@H](O)C3CCOCC3)cc(F)c2[C@]1(OCC1(CO)CC1)c1ccc(Cl)cc1,1.0,9.0,9.0,,1,active
CHEMBL5849760,CS(=O)(=O)c1cc(Cl)ccc1CN1C(=O)c2cc([C@H](O)C3CCOCC3)cc(F)c2[C@]1(OCC1(CO)CC1)c1ccc(Cl)cc1,CS(=O)(=O)c1cc(Cl)ccc1CN1C(=O)c2cc([C@H](O)C3CCOCC3)cc(F)c2[C@]1(OCC1(CO)CC1)c1ccc(Cl)cc1,39000.0,4.4089353929735005,4.4089353929735005,,1,inactive
CHEMBL5957787,CS(=O)(=O)c1ccc(C[C@H]2O[C@H](c3ccc(Cl)cc3)C(c3ccc(Cl)cc3)N(c3cccnc3)C2=O)c(F)c1,CS(=O)(=O)c1ccc(C[C@H]2O[C@H](c3ccc(Cl)cc3)C(c3ccc(Cl)cc3)N(c3cccnc3)C2=O)c(F)c1,20000.0,4.698970004336019,4.698970004336019,,1,inactive
CHEMBL5761852,CS(=O)(=O)c1ccc(C[C@H]2O[C@H](c3ccc(Cl)cc3)C(c3ccc(Cl)cc3)N(c3cccnc3)C2=O)cc1,CS(=O)(=O)c1ccc(C[C@H]2O[C@H](c3ccc(Cl)cc3)C(c3ccc(Cl)cc3)N(c3cccnc3)C2=O)cc1,15800.0,4.801342913045578,4.801342913045578,,1,inactive
CHEMBL4077946,CS(=O)(=O)c1ccc(NC(=O)[C@@H]2NC3(CCCCC3)[C@@]3(C(=O)Nc4cc(Cl)ccc43)[C@H]2c2cccc(Cl)c2F)cc1,CS(=O)(=O)c1ccc(NC(=O)[C@@H]2NC3(CCCCC3)[C@@]3(C(=O)Nc4cc(Cl)ccc43)[C@H]2c2cccc(Cl)c2F)cc1,128.0,6.892790030352131,6.892790030352131,,1,active
CHEMBL5761925,CS(=O)(=O)c1ccc2c(c1)nc1n2CC[C@H]2[C@@H]1[C@H](c1cccc(Cl)c1F)[C@]1(C(=O)Nc3cc(Cl)ccc31)N2CC1CC1,CS(=O)(=O)c1ccc2c(c1)nc1n2CC[C@H]2[C@@H]1[C@H](c1cccc(Cl)c1F)[C@]1(C(=O)Nc3cc(Cl)ccc31)N2CC1CC1,9.5,8.037860356969059,8.037860356969059,,2,active
CHEMBL5868671,CS(=O)(=O)c1ccc2c3n(nc2c1)[C@@H]1[C@H](CO3)N(CC2CC2)[C@@]2(C(=O)Nc3cc(Cl)ccc32)[C@H]1c1cccc(Cl)c1F,CS(=O)(=O)c1ccc2c3n(nc2c1)[C@@H]1[C@H](CO3)N(CC2CC2)[C@@]2(C(=O)Nc3cc(Cl)ccc32)[C@H]1c1cccc(Cl)c1F,69.0,7.1764552856417225,7.1764552856417225,,2,active
CHEMBL5889097,CS(=O)(=O)c1ccc2c3n(nc2c1)[C@H]1[C@@H](CO3)N(CC2CC2)[C@]2(C(=O)Nc3cc(Cl)ccc32)[C@@H]1c1cccc(Cl)c1F,CS(=O)(=O)c1ccc2c3n(nc2c1)[C@H]1[C@@H](CO3)N(CC2CC2)[C@]2(C(=O)Nc3cc(Cl)ccc32)[C@@H]1c1cccc(Cl)c1F,261.0,6.583359492661719,6.583359492661719,,1,active
CHEMBL5799076,CSC1(C(=O)O)CCN(c2nc(N[C@H](C)C3CCC3)c3c(n2)nc(N2CCOC[C@H]2c2ccccc2)n3C[C@H]2CC[C@H](C)CC2)C1,CSC1(C(=O)O)CCN(c2nc(N[C@H](C)C3CCC3)c3c(n2)nc(N2CCOC[C@H]2c2ccccc2)n3C[C@H]2CC[C@H](C)CC2)C1,248.4,6.6048484084954575,6.6048484084954575,,1,active
CHEMBL3653331,CSCC(C)c1nc2cc(-c3noc(=O)[nH]3)nc(-c3cncc(Cl)c3)c2n1C[C@H]1CC[C@H](C)CC1,CSCC(C)c1nc2cc(-c3noc(=O)[nH]3)nc(-c3cncc(Cl)c3)c2n1C[C@H]1CC[C@H](C)CC1,7.0,8.154901959985743,8.154901959985743,,2,active
CHEMBL2381405,CSCC[C@H](NC(=O)[C@@H](N)Cc1ccccc1)C(=O)N[C@@H](CC(=O)O)C(=O)N[C@@H](Cc1ccc(O)cc1)C(=O)N[C@@H](Cc1c[nH]c2ccccc12)C(=O)N[C@@H](CCC(=O)O)C(=O)NCC(=O)N[C@@H](CC(C)C)C(N)=O,CSCC[C@H](NC(=O)[C@@H](N)Cc1ccccc1)C(=O)N[C@@H](CC(=O)O)C(=O)N[C@@H](Cc1ccc(O)cc1)C(=O)N[C@@H](Cc1c[nH]c2ccccc12)C(=O)N[C@@H](CCC(=O)O)C(=O)NCC(=O)N[C@@H](CC(C)C)C(N)=O,8900.0,5.050609993355087,5.050609993355087,,1,intermediate
CHEMBL582845,CSCC[C@H](NC(=O)[C@H](Cc1ccccc1)NC(=O)CCNC(=O)CCNC(=O)c1ccc2c(c1)C(=O)OC21c2ccc(O)cc2Cc2cc(O)ccc21)C(=O)NC(C)(C)C(=O)N[C@@H](Cc1ccc(O)cc1)C(=O)N[C@@H](Cc1c[nH]c2cc(Cl)ccc12)C(=O)N[C@@H](CCC(=O)O)C(=O)NC1(C(=O)N[C@@H](CC(C)C)C(=O)N[C@@H](CC(N)=O)C(N)=O)CC1,CSCC[C@H](NC(=O)[C@H](Cc1ccccc1)NC(=O)CCNC(=O)CCNC(=O)c1ccc2c(c1)C(=O)OC21c2ccc(O)cc2Cc2cc(O)ccc21)C(=O)NC(C)(C)C(=O)N[C@@H](Cc1ccc(O)cc1)C(=O)N[C@@H](Cc1c[nH]c2cc(Cl)ccc12)C(=O)N[C@@H](CCC(=O)O)C(=O)NC1(C(=O)N[C@@H](CC(C)C)C(=O)N[C@@H](CC(N)=O)C(N)=O)CC1,140.0,6.853871964321762,6.853871964321762,,1,active
CHEMBL3347576,CSCC[C@H](NC(=O)[C@H](Cc1ccccc1)NC(=O)[C@H](CCCNC(=N)N)NC(=O)[C@@H]1CCCN1C(=O)[C@@H](N)CCSC)C(=O)N[C@@H](CC(=O)O)C(=O)N[C@@H](Cc1ccc(O)cc1)C(=O)N[C@@H](Cc1c[nH]c2ccccc12)C(=O)N[C@@H](CCC(=O)O)C(=O)NCC(=O)N[C@@H](CC(C)C)C(=O)N[C@@H](CC(N)=O)C(=O)O,CSCC[C@H](NC(=O)[C@H](Cc1ccccc1)NC(=O)[C@H](CCCNC(=N)N)NC(=O)[C@@H]1CCCN1C(=O)[C@@H](N)CCSC)C(=O)N[C@@H](CC(=O)O)C(=O)N[C@@H](Cc1ccc(O)cc1)C(=O)N[C@@H](Cc1c[nH]c2ccccc12)C(=O)N[C@@H](CCC(=O)O)C(=O)NCC(=O)N[C@@H](CC(C)C)C(=O)N[C@@H](CC(N)=O)C(=O)O,150.0,6.823908740944319,6.823908740944319,,1,active
CHEMBL2381404,CSCC[C@H](NC(=O)[C@H](Cc1ccccc1)NC(=O)[C@H](CCCNC(=N)N)NC(=O)[C@@H]1CCCN1C(=O)[C@H](CCSC)NC(C)=O)C(=O)N[C@@H](CC(=O)O)C(=O)N[C@@H](Cc1ccc(O)cc1)C(=O)N[C@@H](Cc1c[nH]c2ccccc12)C(=O)N[C@@H](CCC(=O)O)C(=O)NCC(=O)N[C@@H](CC(C)C)C(=O)N[C@@H](CC(N)=O)C(N)=O,CSCC[C@H](NC(=O)[C@H](Cc1ccccc1)NC(=O)[C@H](CCCNC(=N)N)NC(=O)[C@@H]1CCCN1C(=O)[C@H](CCSC)NC(C)=O)C(=O)N[C@@H](CC(=O)O)C(=O)N[C@@H](Cc1ccc(O)cc1)C(=O)N[C@@H](Cc1c[nH]c2ccccc12)C(=O)N[C@@H](CCC(=O)O)C(=O)NCC(=O)N[C@@H](CC(C)C)C(=O)N[C@@H](CC(N)=O)C(N)=O,313.0,6.504455662453552,6.504455662453552,,1,active
CHEMBL405395,CSCC[C@H](NC(=O)[C@H](Cc1ccccc1)NC(C)=O)C(=O)NC(C)(C)C(=O)N[C@@H](Cc1ccc(CP(=O)(O)O)cc1)C(=O)N[C@@H](Cc1c[nH]c2cc(Cl)ccc12)C(=O)N[C@@H](CCC(=O)O)C(=O)NC1(C(=O)N[C@@H](CC(C)C)C(N)=O)CC1,CSCC[C@H](NC(=O)[C@H](Cc1ccccc1)NC(C)=O)C(=O)NC(C)(C)C(=O)N[C@@H](Cc1ccc(CP(=O)(O)O)cc1)C(=O)N[C@@H](Cc1c[nH]c2cc(Cl)ccc12)C(=O)N[C@@H](CCC(=O)O)C(=O)NC1(C(=O)N[C@@H](CC(C)C)C(N)=O)CC1,5.0,8.301029995663981,8.301029995663981,,2,active
CHEMBL5866679,CSc1cc(Cl)ccc1CN1C(=O)c2cc(C(C)(C)O)cc(F)c2[C@]1(OCC1(CO)CC1)c1ccc(Cl)cc1,CSc1cc(Cl)ccc1CN1C(=O)c2cc(C(C)(C)O)cc(F)c2[C@]1(OCC1(CO)CC1)c1ccc(Cl)cc1,14.0,7.853871964321762,7.853871964321762,,3,active
CHEMBL5861281,C[C@@H](CO)Nc1nc2nc(C(=O)O)nc(N[C@H](C)C3CCC3)c2n1Cc1ccc(C(F)(F)F)cc1,C[C@@H](CO)Nc1nc2nc(C(=O)O)nc(N[C@H](C)C3CCC3)c2n1Cc1ccc(C(F)(F)F)cc1,85.93,7.065855188207523,7.065855188207523,,1,active
CHEMBL4856832,C[C@@H](CO[C@]1(c2ccc(Cl)cc2)c2c(F)cc(C(C)(C)O)cc2C(=O)N1Cc1ccc(Cl)cn1)C(N)=O,C[C@@H](CO[C@]1(c2ccc(Cl)cc2)c2c(F)cc(C(C)(C)O)cc2C(=O)N1Cc1ccc(Cl)cn1)C(N)=O,11.0,7.958607314841775,7.958607314841775,,1,active
CHEMBL3233136,C[C@@H](CS(=O)(=O)C(C)(C)C)N1C(=O)[C@@H](CC(=O)O)O[C@H](c2cccc(Cl)c2)[C@H]1c1ccc(Cl)cc1,C[C@@H](CS(=O)(=O)C(C)(C)C)N1C(=O)[C@@H](CC(=O)O)O[C@H](c2cccc(Cl)c2)[C@H]1c1ccc(Cl)cc1,4.0,8.55987911205226,8.55987911205226,,2,active
CHEMBL3125534,C[C@@H](CS(=O)(=O)C(C)(C)C)N1C(=O)[C@@](C)(CC(=O)O)C[C@H](c2cccc(Cl)c2)[C@H]1c1ccc(Cl)cc1,C[C@@H](CS(=O)(=O)C(C)(C)C)N1C(=O)[C@@](C)(CC(=O)O)C[C@H](c2cccc(Cl)c2)[C@H]1c1ccc(Cl)cc1,0.1,10.0,10.0,,1,active
CHEMBL3125699,C[C@@H](CS(C)(=O)=O)N1C(=O)[C@@](C)(CC(=O)O)C[C@H](c2cccc(Cl)c2)[C@H]1c1ccc(Cl)cc1,C[C@@H](CS(C)(=O)=O)N1C(=O)[C@@](C)(CC(=O)O)C[C@H](c2cccc(Cl)c2)[C@H]1c1ccc(Cl)cc1,0.9,9.045757490560675,9.045757490560675,,1,active
CHEMBL4165669,C[C@@H](NC(=O)[C@H](CC(=O)O)NC(=O)CNC(=O)c1cccc(NC(=N)N)c1)c1ccccc1,C[C@@H](NC(=O)[C@H](CC(=O)O)NC(=O)CNC(=O)c1cccc(NC(=N)N)c1)c1ccccc1,685.0,6.164309428507575,6.164309428507575,,1,active
CHEMBL6051684,C[C@@H](Nc1cc(C(=O)O)cc2nc(-c3ccc4sccc4c3)n(Cc3ccc(C(F)(F)F)cc3)c12)C1CC1,C[C@@H](Nc1cc(C(=O)O)cc2nc(-c3ccc4sccc4c3)n(Cc3ccc(C(F)(F)F)cc3)c12)C1CC1,16.3,7.787812395596042,7.787812395596042,,1,active
CHEMBL5830208,C[C@@H](Nc1nc(-c2coc(=O)[nH]2)nc2nc(N(C)CCc3ccccc3)n(Cc3ccc(C(F)(F)F)cc3)c12)C1CCC1,C[C@@H](Nc1nc(-c2coc(=O)[nH]2)nc2nc(N(C)CCc3ccccc3)n(Cc3ccc(C(F)(F)F)cc3)c12)C1CCC1,96.74,7.014393916947563,7.014393916947563,,1,active
CHEMBL5943256,C[C@@H](Nc1nc(-c2n[nH]c(=O)n2C)nc2nc(C3(c4ccccc4)CCC3)n(C[C@H]3CC[C@H](C)CC3)c12)C1CCC1,C[C@@H](Nc1nc(-c2n[nH]c(=O)n2C)nc2nc(C3(c4ccccc4)CCC3)n(C[C@H]3CC[C@H](C)CC3)c12)C1CCC1,84.42,7.073554652181611,7.073554652181611,,1,active
CHEMBL5085709,C[C@@H](Nc1nc(-c2n[nH]c(=O)n2C)nc2nc(N3CCOC[C@H]3c3ccccc3)n(C[C@H]3CC[C@H](C)CC3)c12)C1CCC1,C[C@@H](Nc1nc(-c2n[nH]c(=O)n2C)nc2nc(N3CCOC[C@H]3c3ccccc3)n(C[C@H]3CC[C@H](C)CC3)c12)C1CCC1,14.5,7.838631997765026,7.838631997765026,,1,active
CHEMBL5878866,C[C@@H](Nc1nc(-c2n[nH]c(=O)o2)nc2nc(C(=O)c3ccccc3)n(C[C@H]3CC[C@H](C)CC3)c12)C1CCC1,C[C@@H](Nc1nc(-c2n[nH]c(=O)o2)nc2nc(C(=O)c3ccccc3)n(C[C@H]3CC[C@H](C)CC3)c12)C1CCC1,3.927,8.405939098729581,8.405939098729581,,1,active
CHEMBL5770459,C[C@@H](Nc1nc(-c2n[nH]c(=O)o2)nc2nc(C3(c4ccccc4)CCC3)n(C[C@H]3CC[C@H](C)CC3)c12)C1CCC1,C[C@@H](Nc1nc(-c2n[nH]c(=O)o2)nc2nc(C3(c4ccccc4)CCC3)n(C[C@H]3CC[C@H](C)CC3)c12)C1CCC1,28.87,7.5395532161192795,7.5395532161192795,,1,active
CHEMBL5830799,C[C@@H](Nc1nc(-c2n[nH]c(=O)o2)nc2nc(C3CCCCC3)n(C[C@H]3CC[C@H](C)CC3)c12)C1CCC1,C[C@@H](Nc1nc(-c2n[nH]c(=O)o2)nc2nc(C3CCCCC3)n(C[C@H]3CC[C@H](C)CC3)c12)C1CCC1,4.292,8.367340286706087,8.367340286706087,,1,active
CHEMBL5970771,C[C@@H](Nc1nc(-c2n[nH]c(=O)o2)nc2nc(N3CCC[C@H]3C(F)(F)F)n(C[C@H]3CC[C@H](C)CC3)c12)C1CCC1,C[C@@H](Nc1nc(-c2n[nH]c(=O)o2)nc2nc(N3CCC[C@H]3C(F)(F)F)n(C[C@H]3CC[C@H](C)CC3)c12)C1CCC1,0.8813,9.05487622987788,9.05487622987788,,1,active
CHEMBL6003671,C[C@@H](Nc1nc(-c2n[nH]c(=O)o2)nc2nc(N3CCOC4CCCC43)n(C[C@H]3CC[C@H](C)CC3)c12)C1CCC1,C[C@@H](Nc1nc(-c2n[nH]c(=O)o2)nc2nc(N3CCOC4CCCC43)n(C[C@H]3CC[C@H](C)CC3)c12)C1CCC1,5.356,8.540421426147045,8.540421426147045,,2,active
CHEMBL5763692,C[C@@H](Nc1nc(-c2n[nH]c(=O)o2)nc2nc(N3CCOC4CCCCC43)n(C[C@H]3CC[C@H](C)CC3)c12)C1CCC1,C[C@@H](Nc1nc(-c2n[nH]c(=O)o2)nc2nc(N3CCOC4CCCCC43)n(C[C@H]3CC[C@H](C)CC3)c12)C1CCC1,7.445,8.128142541755428,8.128142541755428,,4,active
CHEMBL5080229,C[C@@H](Nc1nc(-c2n[nH]c(=O)o2)nc2nc(N3CCOC[C@H]3c3ccccc3)n(C[C@H]3CC[C@H](C)CC3)c12)C1CCC1,C[C@@H](Nc1nc(-c2n[nH]c(=O)o2)nc2nc(N3CCOC[C@H]3c3ccccc3)n(C[C@H]3CC[C@H](C)CC3)c12)C1CCC1,2.137,8.67019547783593,8.67019547783593,,1,active
CHEMBL5850186,C[C@@H](Nc1nc(-c2n[nH]c(=O)o2)nc2nc(N3CCO[C@H](C)[C@H]3c3ccccc3)n(C[C@H]3CC[C@H](C)CC3)c12)C1CCC1,C[C@@H](Nc1nc(-c2n[nH]c(=O)o2)nc2nc(N3CCO[C@H](C)[C@H]3c3ccccc3)n(C[C@H]3CC[C@H](C)CC3)c12)C1CCC1,0.79,9.102372908709558,9.102372908709558,,1,active
CHEMBL5083548,C[C@@H](Nc1nc(-c2nc(=O)n(C)[nH]2)nc2nc(N3CCOC[C@H]3c3ccccc3)n(C[C@H]3CC[C@H](C)CC3)c12)C1CCC1,C[C@@H](Nc1nc(-c2nc(=O)n(C)[nH]2)nc2nc(N3CCOC[C@H]3c3ccccc3)n(C[C@H]3CC[C@H](C)CC3)c12)C1CCC1,1.608,8.793713955587567,8.793713955587567,,1,active
CHEMBL5070769,C[C@@H](Nc1nc(-c2nnc[nH]2)nc2nc(N3CCOC[C@H]3c3ccccc3)n(C[C@H]3CC[C@H](C)CC3)c12)C1CCC1,C[C@@H](Nc1nc(-c2nnc[nH]2)nc2nc(N3CCOC[C@H]3c3ccccc3)n(C[C@H]3CC[C@H](C)CC3)c12)C1CCC1,10.76,7.96818772866963,7.96818772866963,,1,active
CHEMBL6025757,C[C@@H](Nc1nc(-c2nnn(C)n2)nc2nc(N3CCOC[C@H]3c3ccccc3)n(C[C@H]3CC[C@H](C)CC3)c12)C1CCC1,C[C@@H](Nc1nc(-c2nnn(C)n2)nc2nc(N3CCOC[C@H]3c3ccccc3)n(C[C@H]3CC[C@H](C)CC3)c12)C1CCC1,32.47,7.488517711373999,7.488517711373999,,1,active
CHEMBL6039369,C[C@@H](Nc1nc(-c2nnnn2C)nc2nc(N3CCOC[C@H]3c3ccccc3)n(C[C@H]3CC[C@H](C)CC3)c12)C1CCC1,C[C@@H](Nc1nc(-c2nnnn2C)nc2nc(N3CCOC[C@H]3c3ccccc3)n(C[C@H]3CC[C@H](C)CC3)c12)C1CCC1,27.27,7.56431486205837,7.56431486205837,,1,active
CHEMBL5794264,C[C@@H](Nc1nc(-c2noc(=O)[nH]2)nc2nc(-c3cc(C(C)(C)O)c(F)cn3)n(C[C@H]3CC[C@H](C)CC3)c12)C1CCC1,C[C@@H](Nc1nc(-c2noc(=O)[nH]2)nc2nc(-c3cc(C(C)(C)O)c(F)cn3)n(C[C@H]3CC[C@H](C)CC3)c12)C1CCC1,3.954,8.402963335022346,8.402963335022346,,1,active
CHEMBL5871623,C[C@@H](Nc1nc(-c2noc(=O)[nH]2)nc2nc(-c3cc(C(C)(C)O)ccn3)n(C[C@H]3CC[C@H](C)CC3)c12)C1CCC1,C[C@@H](Nc1nc(-c2noc(=O)[nH]2)nc2nc(-c3cc(C(C)(C)O)ccn3)n(C[C@H]3CC[C@H](C)CC3)c12)C1CCC1,4.745,8.32376378323669,8.32376378323669,,1,active
CHEMBL5921912,C[C@@H](Nc1nc(-c2noc(=O)[nH]2)nc2nc(-c3nccs3)n(C[C@H]3CC[C@H](C)CC3)c12)C1CCC1,C[C@@H](Nc1nc(-c2noc(=O)[nH]2)nc2nc(-c3nccs3)n(C[C@H]3CC[C@H](C)CC3)c12)C1CCC1,6.279,8.20210951694165,8.20210951694165,,1,active
CHEMBL6064615,C[C@@H](Nc1nc(-c2noc(=O)[nH]2)nc2nc(-n3ccnc3)n(C[C@H]3CC[C@H](C)CC3)c12)C1CCC1,C[C@@H](Nc1nc(-c2noc(=O)[nH]2)nc2nc(-n3ccnc3)n(C[C@H]3CC[C@H](C)CC3)c12)C1CCC1,16.45,7.783834097714007,7.783834097714007,,1,active
CHEMBL5833947,C[C@@H](Nc1nc(-c2noc(=O)[nH]2)nc2nc(/C=C/c3ccccc3)n(C[C@H]3CC[C@H](C)CC3)c12)C1CCC1,C[C@@H](Nc1nc(-c2noc(=O)[nH]2)nc2nc(/C=C/c3ccccc3)n(C[C@H]3CC[C@H](C)CC3)c12)C1CCC1,1.889,8.723768042078166,8.723768042078166,,1,active
CHEMBL5771906,C[C@@H](Nc1nc(-c2noc(=O)[nH]2)nc2nc(C(=O)C(C)(C)C)n(C[C@H]3CC[C@H](C)CC3)c12)C1CCC1,C[C@@H](Nc1nc(-c2noc(=O)[nH]2)nc2nc(C(=O)C(C)(C)C)n(C[C@H]3CC[C@H](C)CC3)c12)C1CCC1,4.653,8.332266947466733,8.332266947466733,,1,active
CHEMBL5989394,C[C@@H](Nc1nc(-c2noc(=O)[nH]2)nc2nc(C(=O)C3CCOCC3)n(C[C@H]3CC[C@H](C)CC3)c12)C1CCC1,C[C@@H](Nc1nc(-c2noc(=O)[nH]2)nc2nc(C(=O)C3CCOCC3)n(C[C@H]3CC[C@H](C)CC3)c12)C1CCC1,6.448,8.190574971202965,8.190574971202965,,1,active
CHEMBL5985351,C[C@@H](Nc1nc(-c2noc(=O)[nH]2)nc2nc(C(=O)c3ccccc3)n(C[C@H]3CC[C@H](C)CC3)c12)C1CCC1,C[C@@H](Nc1nc(-c2noc(=O)[nH]2)nc2nc(C(=O)c3ccccc3)n(C[C@H]3CC[C@H](C)CC3)c12)C1CCC1,1.0,9.0,9.0,,1,active
CHEMBL5961771,C[C@@H](Nc1nc(-c2noc(=O)[nH]2)nc2nc(C(C)(C)O)n(C[C@H]3CC[C@H](C)CC3)c12)C1CCC1,C[C@@H](Nc1nc(-c2noc(=O)[nH]2)nc2nc(C(C)(C)O)n(C[C@H]3CC[C@H](C)CC3)c12)C1CCC1,20.52,7.687822643560221,7.687822643560221,,1,active
CHEMBL6038507,C[C@@H](Nc1nc(-c2noc(=O)[nH]2)nc2nc(C(C)(F)c3ccccc3)n(C[C@H]3CC[C@H](C)CC3)c12)C1CCC1,C[C@@H](Nc1nc(-c2noc(=O)[nH]2)nc2nc(C(C)(F)c3ccccc3)n(C[C@H]3CC[C@H](C)CC3)c12)C1CCC1,7.6495,8.219329134926259,8.219329134926259,,2,active
CHEMBL5997195,C[C@@H](Nc1nc(-c2noc(=O)[nH]2)nc2nc(C(C)(F)c3ccccc3F)n(C[C@H]3CC[C@H](C)CC3)c12)C1CCC1,C[C@@H](Nc1nc(-c2noc(=O)[nH]2)nc2nc(C(C)(F)c3ccccc3F)n(C[C@H]3CC[C@H](C)CC3)c12)C1CCC1,11.606499999999999,8.447211699399901,8.447211699399901,,2,active
CHEMBL5984242,C[C@@H](Nc1nc(-c2noc(=O)[nH]2)nc2nc(C(C)(F)c3ccccn3)n(C[C@H]3CC[C@H](C)CC3)c12)C1CCC1,C[C@@H](Nc1nc(-c2noc(=O)[nH]2)nc2nc(C(C)(F)c3ccccn3)n(C[C@H]3CC[C@H](C)CC3)c12)C1CCC1,2.07,8.715918212548388,8.715918212548388,,2,active
CHEMBL5991573,C[C@@H](Nc1nc(-c2noc(=O)[nH]2)nc2nc(C(C)(O)C(C)(C)C)n(C[C@H]3CC[C@H](C)CC3)c12)C1CCC1,C[C@@H](Nc1nc(-c2noc(=O)[nH]2)nc2nc(C(C)(O)C(C)(C)C)n(C[C@H]3CC[C@H](C)CC3)c12)C1CCC1,10.57,7.975925012692574,7.975925012692574,,1,active
CHEMBL6037112,C[C@@H](Nc1nc(-c2noc(=O)[nH]2)nc2nc(C(C)(O)C(F)(F)F)n(C[C@H]3CC[C@H](C)CC3)c12)C1CCC1,C[C@@H](Nc1nc(-c2noc(=O)[nH]2)nc2nc(C(C)(O)C(F)(F)F)n(C[C@H]3CC[C@H](C)CC3)c12)C1CCC1,16.264,7.9036936677802485,7.9036936677802485,,2,active
CHEMBL6051606,C[C@@H](Nc1nc(-c2noc(=O)[nH]2)nc2nc(C(C)(O)C3CCOCC3)n(C[C@H]3CC[C@H](C)CC3)c12)C1CCC1,C[C@@H](Nc1nc(-c2noc(=O)[nH]2)nc2nc(C(C)(O)C3CCOCC3)n(C[C@H]3CC[C@H](C)CC3)c12)C1CCC1,4.755,8.322849478726567,8.322849478726567,,1,active
CHEMBL5754403,C[C@@H](Nc1nc(-c2noc(=O)[nH]2)nc2nc(C(C)(O)c3cccc(F)c3)n(C[C@H]3CC[C@H](C)CC3)c12)C1CCC1,C[C@@H](Nc1nc(-c2noc(=O)[nH]2)nc2nc(C(C)(O)c3cccc(F)c3)n(C[C@H]3CC[C@H](C)CC3)c12)C1CCC1,162.155,6.942429939616943,6.942429939616943,,2,active
CHEMBL6054208,C[C@@H](Nc1nc(-c2noc(=O)[nH]2)nc2nc(C(C)(O)c3ccccc3)n(C[C@H]3CC[C@H](C)CC3)c12)C1CCC1,C[C@@H](Nc1nc(-c2noc(=O)[nH]2)nc2nc(C(C)(O)c3ccccc3)n(C[C@H]3CC[C@H](C)CC3)c12)C1CCC1,20.098,7.833139044175111,7.833139044175111,,2,active
CHEMBL6000893,C[C@@H](Nc1nc(-c2noc(=O)[nH]2)nc2nc(C(C)(O)c3ccccc3F)n(C[C@H]3CC[C@H](C)CC3)c12)C1CCC1,C[C@@H](Nc1nc(-c2noc(=O)[nH]2)nc2nc(C(C)(O)c3ccccc3F)n(C[C@H]3CC[C@H](C)CC3)c12)C1CCC1,24.207,7.76346332299226,7.76346332299226,,2,active
CHEMBL5771149,C[C@@H](Nc1nc(-c2noc(=O)[nH]2)nc2nc(C(C)(O)c3ccccn3)n(C[C@H]3CC[C@H](C)CC3)c12)C1CCC1,C[C@@H](Nc1nc(-c2noc(=O)[nH]2)nc2nc(C(C)(O)c3ccccn3)n(C[C@H]3CC[C@H](C)CC3)c12)C1CCC1,15.195,7.840579277788645,7.840579277788645,,2,active
CHEMBL5829995,C[C@@H](Nc1nc(-c2noc(=O)[nH]2)nc2nc(C(C)(O)c3cccnc3)n(C[C@H]3CC[C@H](C)CC3)c12)C1CCC1,C[C@@H](Nc1nc(-c2noc(=O)[nH]2)nc2nc(C(C)(O)c3cccnc3)n(C[C@H]3CC[C@H](C)CC3)c12)C1CCC1,31.41,7.527080644903967,7.527080644903967,,2,active
CHEMBL5746001,C[C@@H](Nc1nc(-c2noc(=O)[nH]2)nc2nc(C(C)(O)c3ccncc3)n(C[C@H]3CC[C@H](C)CC3)c12)C1CCC1,C[C@@H](Nc1nc(-c2noc(=O)[nH]2)nc2nc(C(C)(O)c3ccncc3)n(C[C@H]3CC[C@H](C)CC3)c12)C1CCC1,13.65,7.864867348623225,7.864867348623225,,1,active
CHEMBL5839084,C[C@@H](Nc1nc(-c2noc(=O)[nH]2)nc2nc(C(C)(O)c3cn(C)cn3)n(C[C@H]3CC[C@H](C)CC3)c12)C1CCC1,C[C@@H](Nc1nc(-c2noc(=O)[nH]2)nc2nc(C(C)(O)c3cn(C)cn3)n(C[C@H]3CC[C@H](C)CC3)c12)C1CCC1,22.72,7.643591672961019,7.643591672961019,,1,active
CHEMBL6016311,C[C@@H](Nc1nc(-c2noc(=O)[nH]2)nc2nc(C(C)(O)c3cscn3)n(C[C@H]3CC[C@H](C)CC3)c12)C1CCC1,C[C@@H](Nc1nc(-c2noc(=O)[nH]2)nc2nc(C(C)(O)c3cscn3)n(C[C@H]3CC[C@H](C)CC3)c12)C1CCC1,6.053,8.361310471267155,8.361310471267155,,2,active
CHEMBL5883840,C[C@@H](Nc1nc(-c2noc(=O)[nH]2)nc2nc(C(C)(O)c3nccs3)n(C[C@H]3CC[C@H](C)CC3)c12)C1CCC1,C[C@@H](Nc1nc(-c2noc(=O)[nH]2)nc2nc(C(C)(O)c3nccs3)n(C[C@H]3CC[C@H](C)CC3)c12)C1CCC1,4.83,8.37639083161218,8.37639083161218,,2,active
CHEMBL5988208,C[C@@H](Nc1nc(-c2noc(=O)[nH]2)nc2nc(C(F)(F)c3ccccc3)n(C[C@H]3CC[C@H](C)CC3)c12)C1CCC1,C[C@@H](Nc1nc(-c2noc(=O)[nH]2)nc2nc(C(F)(F)c3ccccc3)n(C[C@H]3CC[C@H](C)CC3)c12)C1CCC1,3.363,8.473273132685364,8.473273132685364,,1,active
CHEMBL5868236,C[C@@H](Nc1nc(-c2noc(=O)[nH]2)nc2nc(C(F)c3ccccc3)n(C[C@H]3CC[C@H](C)CC3)c12)C1CCC1,C[C@@H](Nc1nc(-c2noc(=O)[nH]2)nc2nc(C(F)c3ccccc3)n(C[C@H]3CC[C@H](C)CC3)c12)C1CCC1,7.119,8.147581007062998,8.147581007062998,,1,active
CHEMBL5931218,C[C@@H](Nc1nc(-c2noc(=O)[nH]2)nc2nc(C(O)(CO)c3ccccc3)n(C[C@H]3CC[C@H](C)CC3)c12)C1CCC1,C[C@@H](Nc1nc(-c2noc(=O)[nH]2)nc2nc(C(O)(CO)c3ccccc3)n(C[C@H]3CC[C@H](C)CC3)c12)C1CCC1,57.899,7.750036923180386,7.750036923180386,,2,active
CHEMBL6044462,C[C@@H](Nc1nc(-c2noc(=O)[nH]2)nc2nc(C(O)(c3ccccc3)C(F)(F)F)n(C[C@H]3CC[C@H](C)CC3)c12)C1CCC1,C[C@@H](Nc1nc(-c2noc(=O)[nH]2)nc2nc(C(O)(c3ccccc3)C(F)(F)F)n(C[C@H]3CC[C@H](C)CC3)c12)C1CCC1,264.15,6.931999813545999,6.931999813545999,,2,active
CHEMBL5869704,C[C@@H](Nc1nc(-c2noc(=O)[nH]2)nc2nc(C(O)C3CCC3)n(C[C@H]3CC[C@H](C)CC3)c12)C1CCC1,C[C@@H](Nc1nc(-c2noc(=O)[nH]2)nc2nc(C(O)C3CCC3)n(C[C@H]3CC[C@H](C)CC3)c12)C1CCC1,9.754,8.010817248744452,8.010817248744452,,1,active
CHEMBL6010365,C[C@@H](Nc1nc(-c2noc(=O)[nH]2)nc2nc(C(O)C3CCCC3)n(C[C@H]3CC[C@H](C)CC3)c12)C1CCC1,C[C@@H](Nc1nc(-c2noc(=O)[nH]2)nc2nc(C(O)C3CCCC3)n(C[C@H]3CC[C@H](C)CC3)c12)C1CCC1,3.1275,8.607040389477952,8.607040389477952,,2,active
CHEMBL5967422,C[C@@H](Nc1nc(-c2noc(=O)[nH]2)nc2nc(C(O)C3CCOCC3)n(C[C@H]3CC[C@H](C)CC3)c12)C1CCC1,C[C@@H](Nc1nc(-c2noc(=O)[nH]2)nc2nc(C(O)C3CCOCC3)n(C[C@H]3CC[C@H](C)CC3)c12)C1CCC1,24.65,7.6081830763867515,7.6081830763867515,,1,active
CHEMBL5836490,C[C@@H](Nc1nc(-c2noc(=O)[nH]2)nc2nc(C(O)CO)n(C[C@H]3CC[C@H](C)CC3)c12)C1CCC1,C[C@@H](Nc1nc(-c2noc(=O)[nH]2)nc2nc(C(O)CO)n(C[C@H]3CC[C@H](C)CC3)c12)C1CCC1,119.805,6.9337177892747,6.9337177892747,,2,active
CHEMBL5811214,C[C@@H](Nc1nc(-c2noc(=O)[nH]2)nc2nc(C(O)c3ccccc3)n(C[C@H]3CC[C@H](C)CC3)c12)C1CCC1,C[C@@H](Nc1nc(-c2noc(=O)[nH]2)nc2nc(C(O)c3ccccc3)n(C[C@H]3CC[C@H](C)CC3)c12)C1CCC1,1.66,8.779891911959945,8.779891911959945,,1,active
CHEMBL5927851,C[C@@H](Nc1nc(-c2noc(=O)[nH]2)nc2nc(C3(F)CCC3)n(C[C@H]3CC[C@H](C)CC3)c12)C1CCC1,C[C@@H](Nc1nc(-c2noc(=O)[nH]2)nc2nc(C3(F)CCC3)n(C[C@H]3CC[C@H](C)CC3)c12)C1CCC1,16.86,7.773142429711276,7.773142429711276,,1,active
CHEMBL5789348,C[C@@H](Nc1nc(-c2noc(=O)[nH]2)nc2nc(C3(O)CCC3)n(C[C@H]3CC[C@H](C)CC3)c12)C1CCC1,C[C@@H](Nc1nc(-c2noc(=O)[nH]2)nc2nc(C3(O)CCC3)n(C[C@H]3CC[C@H](C)CC3)c12)C1CCC1,19.31,7.714217726220605,7.714217726220605,,1,active
CHEMBL5876648,C[C@@H](Nc1nc(-c2noc(=O)[nH]2)nc2nc(C3(O)CCCCC3)n(C[C@H]3CC[C@H](C)CC3)c12)C1CCC1,C[C@@H](Nc1nc(-c2noc(=O)[nH]2)nc2nc(C3(O)CCCCC3)n(C[C@H]3CC[C@H](C)CC3)c12)C1CCC1,13.09,7.8830603534492445,7.8830603534492445,,1,active
CHEMBL5862952,C[C@@H](Nc1nc(-c2noc(=O)[nH]2)nc2nc(C3(O)CCOCC3)n(C[C@H]3CC[C@H](C)CC3)c12)C1CCC1,C[C@@H](Nc1nc(-c2noc(=O)[nH]2)nc2nc(C3(O)CCOCC3)n(C[C@H]3CC[C@H](C)CC3)c12)C1CCC1,48.96,7.310158590862495,7.310158590862495,,1,active
CHEMBL5741896,C[C@@H](Nc1nc(-c2noc(=O)[nH]2)nc2nc(C3(c4ccc(F)cc4)CC3)n(C[C@H]3CC[C@H](C)CC3)c12)C1CCC1,C[C@@H](Nc1nc(-c2noc(=O)[nH]2)nc2nc(C3(c4ccc(F)cc4)CC3)n(C[C@H]3CC[C@H](C)CC3)c12)C1CCC1,10.05,7.997833938243492,7.997833938243492,,1,active
CHEMBL5795530,C[C@@H](Nc1nc(-c2noc(=O)[nH]2)nc2nc(C3(c4cccc(F)c4)CC3)n(C[C@H]3CC[C@H](C)CC3)c12)C1CCC1,C[C@@H](Nc1nc(-c2noc(=O)[nH]2)nc2nc(C3(c4cccc(F)c4)CC3)n(C[C@H]3CC[C@H](C)CC3)c12)C1CCC1,16.92,7.771599641296995,7.771599641296995,,1,active
CHEMBL5846123,C[C@@H](Nc1nc(-c2noc(=O)[nH]2)nc2nc(C3(c4ccccc4)CC3)n(C[C@H]3CC[C@H](C)CC3)c12)C1CCC1,C[C@@H](Nc1nc(-c2noc(=O)[nH]2)nc2nc(C3(c4ccccc4)CC3)n(C[C@H]3CC[C@H](C)CC3)c12)C1CCC1,4.978,8.302945107727426,8.302945107727426,,1,active
CHEMBL5970504,C[C@@H](Nc1nc(-c2noc(=O)[nH]2)nc2nc(C3(c4ccccc4)CCC3)n(C[C@H]3CC[C@H](C)CC3)c12)C1CCC1,C[C@@H](Nc1nc(-c2noc(=O)[nH]2)nc2nc(C3(c4ccccc4)CCC3)n(C[C@H]3CC[C@H](C)CC3)c12)C1CCC1,5.959,8.224826614575214,8.224826614575214,,1,active
CHEMBL5958767,C[C@@H](Nc1nc(-c2noc(=O)[nH]2)nc2nc(C3(c4ccccc4)CCO3)n(C[C@H]3CC[C@H](C)CC3)c12)C1CCC1,C[C@@H](Nc1nc(-c2noc(=O)[nH]2)nc2nc(C3(c4ccccc4)CCO3)n(C[C@H]3CC[C@H](C)CC3)c12)C1CCC1,11.04,7.95703092660682,7.95703092660682,,1,active
CHEMBL5865560,C[C@@H](Nc1nc(-c2noc(=O)[nH]2)nc2nc(C3(c4ccccc4F)CC3)n(C[C@H]3CC[C@H](C)CC3)c12)C1CCC1,C[C@@H](Nc1nc(-c2noc(=O)[nH]2)nc2nc(C3(c4ccccc4F)CC3)n(C[C@H]3CC[C@H](C)CC3)c12)C1CCC1,3.573,8.44696698379756,8.44696698379756,,1,active
CHEMBL5962091,C[C@@H](Nc1nc(-c2noc(=O)[nH]2)nc2nc(C3(c4ccccn4)CC3)n(C[C@H]3CC[C@H](C)CC3)c12)C1CCC1,C[C@@H](Nc1nc(-c2noc(=O)[nH]2)nc2nc(C3(c4ccccn4)CC3)n(C[C@H]3CC[C@H](C)CC3)c12)C1CCC1,6.294,8.201073261422799,8.201073261422799,,1,active
CHEMBL6024926,C[C@@H](Nc1nc(-c2noc(=O)[nH]2)nc2nc(C3(c4cccnc4)CC3)n(C[C@H]3CC[C@H](C)CC3)c12)C1CCC1,C[C@@H](Nc1nc(-c2noc(=O)[nH]2)nc2nc(C3(c4cccnc4)CC3)n(C[C@H]3CC[C@H](C)CC3)c12)C1CCC1,13.92,7.856360764725457,7.856360764725457,,1,active
CHEMBL5872869,C[C@@H](Nc1nc(-c2noc(=O)[nH]2)nc2nc(C3(c4ccncc4)CC3)n(C[C@H]3CC[C@H](C)CC3)c12)C1CCC1,C[C@@H](Nc1nc(-c2noc(=O)[nH]2)nc2nc(C3(c4ccncc4)CC3)n(C[C@H]3CC[C@H](C)CC3)c12)C1CCC1,4.596,8.337619979983753,8.337619979983753,,1,active
CHEMBL5825243,C[C@@H](Nc1nc(-c2noc(=O)[nH]2)nc2nc(C3(c4cnn(C)c4)CC3)n(C[C@H]3CC[C@H](C)CC3)c12)C1CCC1,C[C@@H](Nc1nc(-c2noc(=O)[nH]2)nc2nc(C3(c4cnn(C)c4)CC3)n(C[C@H]3CC[C@H](C)CC3)c12)C1CCC1,7.93,8.100726812682396,8.100726812682396,,1,active
CHEMBL5974136,C[C@@H](Nc1nc(-c2noc(=O)[nH]2)nc2nc(C3(c4cscn4)CC3)n(C[C@H]3CC[C@H](C)CC3)c12)C1CCC1,C[C@@H](Nc1nc(-c2noc(=O)[nH]2)nc2nc(C3(c4cscn4)CC3)n(C[C@H]3CC[C@H](C)CC3)c12)C1CCC1,2.263,8.645315446045272,8.645315446045272,,1,active
CHEMBL5879732,C[C@@H](Nc1nc(-c2noc(=O)[nH]2)nc2nc(C3(c4nccs4)CC3)n(C[C@H]3CC[C@H](C)CC3)c12)C1CCC1,C[C@@H](Nc1nc(-c2noc(=O)[nH]2)nc2nc(C3(c4nccs4)CC3)n(C[C@H]3CC[C@H](C)CC3)c12)C1CCC1,2.301,8.638083381331356,8.638083381331356,,1,active
CHEMBL5802599,C[C@@H](Nc1nc(-c2noc(=O)[nH]2)nc2nc(C3=C(c4ccccc4)CCCC3)n(C[C@H]3CC[C@H](C)CC3)c12)C1CCC1,C[C@@H](Nc1nc(-c2noc(=O)[nH]2)nc2nc(C3=C(c4ccccc4)CCCC3)n(C[C@H]3CC[C@H](C)CC3)c12)C1CCC1,12.17,7.914709421769935,7.914709421769935,,1,active
CHEMBL5849584,C[C@@H](Nc1nc(-c2noc(=O)[nH]2)nc2nc(C3=CCCC3)n(C[C@H]3CC[C@H](C)CC3)c12)C1CCC1,C[C@@H](Nc1nc(-c2noc(=O)[nH]2)nc2nc(C3=CCCC3)n(C[C@H]3CC[C@H](C)CC3)c12)C1CCC1,4.872,8.312292720375181,8.312292720375181,,1,active
CHEMBL6022966,C[C@@H](Nc1nc(-c2noc(=O)[nH]2)nc2nc(C3=CCCCC3)n(C[C@H]3CC[C@H](C)CC3)c12)C1CCC1,C[C@@H](Nc1nc(-c2noc(=O)[nH]2)nc2nc(C3=CCCCC3)n(C[C@H]3CC[C@H](C)CC3)c12)C1CCC1,3.788,8.421590029668764,8.421590029668764,,1,active
CHEMBL5849977,C[C@@H](Nc1nc(-c2noc(=O)[nH]2)nc2nc(C3CC3)n(C[C@H]3CC[C@H](C)CC3)c12)C1CCC1,C[C@@H](Nc1nc(-c2noc(=O)[nH]2)nc2nc(C3CC3)n(C[C@H]3CC[C@H](C)CC3)c12)C1CCC1,18.02,7.744245213356956,7.744245213356956,,1,active
CHEMBL5997960,C[C@@H](Nc1nc(-c2noc(=O)[nH]2)nc2nc(C3CCC3)n(C[C@H]3CC[C@H](C)CC3)c12)C1CCC1,C[C@@H](Nc1nc(-c2noc(=O)[nH]2)nc2nc(C3CCC3)n(C[C@H]3CC[C@H](C)CC3)c12)C1CCC1,15.05,7.822463500070138,7.822463500070138,,1,active
CHEMBL5958770,C[C@@H](Nc1nc(-c2noc(=O)[nH]2)nc2nc(C3CCCC3)n(C[C@H]3CC[C@H](C)CC3)c12)C1CCC1,C[C@@H](Nc1nc(-c2noc(=O)[nH]2)nc2nc(C3CCCC3)n(C[C@H]3CC[C@H](C)CC3)c12)C1CCC1,7.759,8.110194248131915,8.110194248131915,,1,active
CHEMBL5771541,C[C@@H](Nc1nc(-c2noc(=O)[nH]2)nc2nc(C3CCCCC3)n(C[C@H]3CC[C@H](C)CC3)c12)C1CCC1,C[C@@H](Nc1nc(-c2noc(=O)[nH]2)nc2nc(C3CCCCC3)n(C[C@H]3CC[C@H](C)CC3)c12)C1CCC1,7.871,8.103970087603773,8.103970087603773,,1,active
CHEMBL5796358,C[C@@H](Nc1nc(-c2noc(=O)[nH]2)nc2nc(C3CCCCC3O)n(C[C@H]3CC[C@H](C)CC3)c12)C1CCC1,C[C@@H](Nc1nc(-c2noc(=O)[nH]2)nc2nc(C3CCCCC3O)n(C[C@H]3CC[C@H](C)CC3)c12)C1CCC1,444.8,6.351835221425999,6.351835221425999,,1,active
CHEMBL5753810,C[C@@H](Nc1nc(-c2noc(=O)[nH]2)nc2nc(C3CCCCC3c3ccccc3)n(C[C@H]3CC[C@H](C)CC3)c12)C1CCC1,C[C@@H](Nc1nc(-c2noc(=O)[nH]2)nc2nc(C3CCCCC3c3ccccc3)n(C[C@H]3CC[C@H](C)CC3)c12)C1CCC1,25.225,7.602827441373351,7.602827441373351,,2,active
CHEMBL5987922,C[C@@H](Nc1nc(-c2noc(=O)[nH]2)nc2nc(C3CCOCC3c3ccccc3)n(C[C@H]3CC[C@H](C)CC3)c12)C1CCC1,C[C@@H](Nc1nc(-c2noc(=O)[nH]2)nc2nc(C3CCOCC3c3ccccc3)n(C[C@H]3CC[C@H](C)CC3)c12)C1CCC1,11.764,8.085146694388943,8.085146694388943,,2,active
CHEMBL5985089,C[C@@H](Nc1nc(-c2noc(=O)[nH]2)nc2nc(C3OCc4ccccc43)n(C[C@H]3CC[C@H](C)CC3)c12)C1CCC1,C[C@@H](Nc1nc(-c2noc(=O)[nH]2)nc2nc(C3OCc4ccccc43)n(C[C@H]3CC[C@H](C)CC3)c12)C1CCC1,2.466,8.608006927740288,8.608006927740288,,1,active
CHEMBL6009917,C[C@@H](Nc1nc(-c2noc(=O)[nH]2)nc2nc(CC(C)(C)C)n(C[C@H]3CC[C@H](C)CC3)c12)C1CCC1,C[C@@H](Nc1nc(-c2noc(=O)[nH]2)nc2nc(CC(C)(C)C)n(C[C@H]3CC[C@H](C)CC3)c12)C1CCC1,20.88,7.680269505669775,7.680269505669775,,1,active
CHEMBL5869810,C[C@@H](Nc1nc(-c2noc(=O)[nH]2)nc2nc(CC(C)(C)O)n(C[C@H]3CC[C@H](C)CC3)c12)C1CCC1,C[C@@H](Nc1nc(-c2noc(=O)[nH]2)nc2nc(CC(C)(C)O)n(C[C@H]3CC[C@H](C)CC3)c12)C1CCC1,55.6,7.2549252084179425,7.2549252084179425,,1,active
CHEMBL5760926,C[C@@H](Nc1nc(-c2noc(=O)[nH]2)nc2nc(CCc3ccccc3)n(C[C@H]3CC[C@H](C)CC3)c12)C1CCC1,C[C@@H](Nc1nc(-c2noc(=O)[nH]2)nc2nc(CCc3ccccc3)n(C[C@H]3CC[C@H](C)CC3)c12)C1CCC1,8.022,8.095717342354373,8.095717342354373,,1,active
CHEMBL5777175,C[C@@H](Nc1nc(-c2noc(=O)[nH]2)nc2nc(N(C)C3CCCC3)n(Cc3ccc(C(F)(F)F)cc3)c12)C1CCC1,C[C@@H](Nc1nc(-c2noc(=O)[nH]2)nc2nc(N(C)C3CCCC3)n(Cc3ccc(C(F)(F)F)cc3)c12)C1CCC1,13.74,7.862013267276469,7.862013267276469,,1,active
CHEMBL5996542,C[C@@H](Nc1nc(-c2noc(=O)[nH]2)nc2nc(N(C)C3CCCCC3)n(Cc3ccc(C(F)(F)F)cc3)c12)C1CCC1,C[C@@H](Nc1nc(-c2noc(=O)[nH]2)nc2nc(N(C)C3CCCCC3)n(Cc3ccc(C(F)(F)F)cc3)c12)C1CCC1,23.37,7.631341287607773,7.631341287607773,,1,active
CHEMBL6056798,C[C@@H](Nc1nc(-c2noc(=O)[nH]2)nc2nc(N(C)C3CCCC[C@@H]3O)n(C[C@H]3CC[C@H](C)CC3)c12)C1CCC1,C[C@@H](Nc1nc(-c2noc(=O)[nH]2)nc2nc(N(C)C3CCCC[C@@H]3O)n(C[C@H]3CC[C@H](C)CC3)c12)C1CCC1,17.543,7.807771965139288,7.807771965139288,,2,active
CHEMBL5931633,C[C@@H](Nc1nc(-c2noc(=O)[nH]2)nc2nc(N(C)C3CCc4ccccc43)n(Cc3ccc(C(F)(F)F)cc3)c12)C1CCC1,C[C@@H](Nc1nc(-c2noc(=O)[nH]2)nc2nc(N(C)C3CCc4ccccc43)n(Cc3ccc(C(F)(F)F)cc3)c12)C1CCC1,60.74,7.2165252124177535,7.2165252124177535,,1,active
CHEMBL5999131,C[C@@H](Nc1nc(-c2noc(=O)[nH]2)nc2nc(N(C)CC(C)(C)C)n(C[C@H]3CC[C@H](C)CC3)c12)C1CCC1,C[C@@H](Nc1nc(-c2noc(=O)[nH]2)nc2nc(N(C)CC(C)(C)C)n(C[C@H]3CC[C@H](C)CC3)c12)C1CCC1,19.43,7.7115271994002175,7.7115271994002175,,1,active
CHEMBL5810010,C[C@@H](Nc1nc(-c2noc(=O)[nH]2)nc2nc(N(C)CC(C)(C)C)n(Cc3ccc(C(F)(F)F)cc3)c12)C1CCC1,C[C@@H](Nc1nc(-c2noc(=O)[nH]2)nc2nc(N(C)CC(C)(C)C)n(Cc3ccc(C(F)(F)F)cc3)c12)C1CCC1,13.28,7.876801924968001,7.876801924968001,,1,active
CHEMBL5875773,C[C@@H](Nc1nc(-c2noc(=O)[nH]2)nc2nc(N(C)CC3(C)CCN(C)C3)n(Cc3ccc(C(F)(F)F)cc3)c12)C1CCC1,C[C@@H](Nc1nc(-c2noc(=O)[nH]2)nc2nc(N(C)CC3(C)CCN(C)C3)n(Cc3ccc(C(F)(F)F)cc3)c12)C1CCC1,71.05,7.148435917736512,7.148435917736512,,1,active
CHEMBL5883242,C[C@@H](Nc1nc(-c2noc(=O)[nH]2)nc2nc(N(C)CC3CC3)n(C[C@H]3CC[C@H](C)CC3)c12)C1CCC1,C[C@@H](Nc1nc(-c2noc(=O)[nH]2)nc2nc(N(C)CC3CC3)n(C[C@H]3CC[C@H](C)CC3)c12)C1CCC1,5.341,8.272377422030862,8.272377422030862,,1,active
CHEMBL5806383,C[C@@H](Nc1nc(-c2noc(=O)[nH]2)nc2nc(N(C)CC3CCCN(C)C3)n(Cc3ccc(C(F)(F)F)cc3)c12)C1CCC1,C[C@@H](Nc1nc(-c2noc(=O)[nH]2)nc2nc(N(C)CC3CCCN(C)C3)n(Cc3ccc(C(F)(F)F)cc3)c12)C1CCC1,44.96,7.347173697438995,7.347173697438995,,1,active
CHEMBL5917382,C[C@@H](Nc1nc(-c2noc(=O)[nH]2)nc2nc(N(C)CC3CCOCC3)n(Cc3ccc(C(F)(F)F)cc3)c12)C1CCC1,C[C@@H](Nc1nc(-c2noc(=O)[nH]2)nc2nc(N(C)CC3CCOCC3)n(Cc3ccc(C(F)(F)F)cc3)c12)C1CCC1,46.97,7.328179439816751,7.328179439816751,,1,active
CHEMBL5853243,C[C@@H](Nc1nc(-c2noc(=O)[nH]2)nc2nc(N(C)CCCN3CCCC3)n(Cc3ccc(C(F)(F)F)cc3)c12)C1CCC1,C[C@@H](Nc1nc(-c2noc(=O)[nH]2)nc2nc(N(C)CCCN3CCCC3)n(Cc3ccc(C(F)(F)F)cc3)c12)C1CCC1,148.4,6.828566099056992,6.828566099056992,,1,active
CHEMBL6029804,C[C@@H](Nc1nc(-c2noc(=O)[nH]2)nc2nc(N(C)Cc3ccncn3)n(C[C@H]3CC[C@H](C)CC3)c12)C1CCC1,C[C@@H](Nc1nc(-c2noc(=O)[nH]2)nc2nc(N(C)Cc3ccncn3)n(C[C@H]3CC[C@H](C)CC3)c12)C1CCC1,22.76,7.642827742276967,7.642827742276967,,1,active
CHEMBL5827418,C[C@@H](Nc1nc(-c2noc(=O)[nH]2)nc2nc(N(C)Cc3ccon3)n(C[C@H]3CC[C@H](C)CC3)c12)C1CCC1,C[C@@H](Nc1nc(-c2noc(=O)[nH]2)nc2nc(N(C)Cc3ccon3)n(C[C@H]3CC[C@H](C)CC3)c12)C1CCC1,5.773,8.238598442501369,8.238598442501369,,1,active
CHEMBL5866353,C[C@@H](Nc1nc(-c2noc(=O)[nH]2)nc2nc(N(C)Cc3cnccn3)n(C[C@H]3CC[C@H](C)CC3)c12)C1CCC1,C[C@@H](Nc1nc(-c2noc(=O)[nH]2)nc2nc(N(C)Cc3cnccn3)n(C[C@H]3CC[C@H](C)CC3)c12)C1CCC1,5.983,8.223080997157954,8.223080997157954,,1,active
CHEMBL5928412,C[C@@H](Nc1nc(-c2noc(=O)[nH]2)nc2nc(N(C)Cc3cncs3)n(C[C@H]3CC[C@H](C)CC3)c12)C1CCC1,C[C@@H](Nc1nc(-c2noc(=O)[nH]2)nc2nc(N(C)Cc3cncs3)n(C[C@H]3CC[C@H](C)CC3)c12)C1CCC1,11.49,7.9396799713117145,7.9396799713117145,,1,active
CHEMBL5880527,C[C@@H](Nc1nc(-c2noc(=O)[nH]2)nc2nc(N(C)Cc3cnn(C)c3)n(C[C@H]3CC[C@H](C)CC3)c12)C1CCC1,C[C@@H](Nc1nc(-c2noc(=O)[nH]2)nc2nc(N(C)Cc3cnn(C)c3)n(C[C@H]3CC[C@H](C)CC3)c12)C1CCC1,24.34,7.6136794261059535,7.6136794261059535,,1,active
CHEMBL5773968,C[C@@H](Nc1nc(-c2noc(=O)[nH]2)nc2nc(N(C)Cc3cscn3)n(C[C@H]3CC[C@H](C)CC3)c12)C1CCC1,C[C@@H](Nc1nc(-c2noc(=O)[nH]2)nc2nc(N(C)Cc3cscn3)n(C[C@H]3CC[C@H](C)CC3)c12)C1CCC1,133.3,6.875169850586141,6.875169850586141,,1,active
CHEMBL5838929,C[C@@H](Nc1nc(-c2noc(=O)[nH]2)nc2nc(N(C)Cc3noc(C4CC4)n3)n(C[C@H]3CC[C@H](C)CC3)c12)C1CCC1,C[C@@H](Nc1nc(-c2noc(=O)[nH]2)nc2nc(N(C)Cc3noc(C4CC4)n3)n(C[C@H]3CC[C@H](C)CC3)c12)C1CCC1,9.577,8.01877051258,8.01877051258,,1,active
CHEMBL5831642,C[C@@H](Nc1nc(-c2noc(=O)[nH]2)nc2nc(N3C4CCC3COC4)n(C[C@H]3CC[C@H](C)CC3)c12)C1CCC1,C[C@@H](Nc1nc(-c2noc(=O)[nH]2)nc2nc(N3C4CCC3COC4)n(C[C@H]3CC[C@H](C)CC3)c12)C1CCC1,9.398,8.026964559313067,8.026964559313067,,1,active
CHEMBL5838260,C[C@@H](Nc1nc(-c2noc(=O)[nH]2)nc2nc(N3C4CCCC3CC4)n(C[C@H]3CC[C@H](C)CC3)c12)C1CCC1,C[C@@H](Nc1nc(-c2noc(=O)[nH]2)nc2nc(N3C4CCCC3CC4)n(C[C@H]3CC[C@H](C)CC3)c12)C1CCC1,11.62,7.934793871945688,7.934793871945688,,1,active
CHEMBL5901726,C[C@@H](Nc1nc(-c2noc(=O)[nH]2)nc2nc(N3CC(C)(O)C3)n(C[C@H]3CC[C@H](C)CC3)c12)C1CCC1,C[C@@H](Nc1nc(-c2noc(=O)[nH]2)nc2nc(N3CC(C)(O)C3)n(C[C@H]3CC[C@H](C)CC3)c12)C1CCC1,36.21,7.441171475182989,7.441171475182989,,1,active
CHEMBL5744422,C[C@@H](Nc1nc(-c2noc(=O)[nH]2)nc2nc(N3CC4CC4C3C(F)(F)F)n(C[C@H]3CC[C@H](C)CC3)c12)C1CCC1,C[C@@H](Nc1nc(-c2noc(=O)[nH]2)nc2nc(N3CC4CC4C3C(F)(F)F)n(C[C@H]3CC[C@H](C)CC3)c12)C1CCC1,3.088,8.510322708336302,8.510322708336302,,1,active
CHEMBL6018869,C[C@@H](Nc1nc(-c2noc(=O)[nH]2)nc2nc(N3CCC(C)(O)C3)n(C[C@H]3CC[C@H](C)CC3)c12)C1CCC1,C[C@@H](Nc1nc(-c2noc(=O)[nH]2)nc2nc(N3CCC(C)(O)C3)n(C[C@H]3CC[C@H](C)CC3)c12)C1CCC1,57.74,7.238523220455298,7.238523220455298,,1,active
CHEMBL5854418,C[C@@H](Nc1nc(-c2noc(=O)[nH]2)nc2nc(N3CCC(F)(F)CC3)n(C[C@H]3CC[C@H](C)CC3)c12)C1CCC1,C[C@@H](Nc1nc(-c2noc(=O)[nH]2)nc2nc(N3CCC(F)(F)CC3)n(C[C@H]3CC[C@H](C)CC3)c12)C1CCC1,25.86,7.587371479455625,7.587371479455625,,1,active
CHEMBL5912478,C[C@@H](Nc1nc(-c2noc(=O)[nH]2)nc2nc(N3CCCC3(C)C)n(Cc3ccc(C(F)(F)F)cc3)c12)C1CCC1,C[C@@H](Nc1nc(-c2noc(=O)[nH]2)nc2nc(N3CCCC3(C)C)n(Cc3ccc(C(F)(F)F)cc3)c12)C1CCC1,25.59,7.591929714112815,7.591929714112815,,1,active
CHEMBL5929400,C[C@@H](Nc1nc(-c2noc(=O)[nH]2)nc2nc(N3CCCC3C(C)(C)C)n(C[C@H]3CC[C@H](C)CC3)c12)C1CCC1,C[C@@H](Nc1nc(-c2noc(=O)[nH]2)nc2nc(N3CCCC3C(C)(C)C)n(C[C@H]3CC[C@H](C)CC3)c12)C1CCC1,3.931,8.405496956179912,8.405496956179912,,1,active
CHEMBL5994426,C[C@@H](Nc1nc(-c2noc(=O)[nH]2)nc2nc(N3CCCC3C3CCC3)n(C[C@H]3CC[C@H](C)CC3)c12)C1CCC1,C[C@@H](Nc1nc(-c2noc(=O)[nH]2)nc2nc(N3CCCC3C3CCC3)n(C[C@H]3CC[C@H](C)CC3)c12)C1CCC1,4.86,8.313363730737706,8.313363730737706,,1,active
CHEMBL6036534,C[C@@H](Nc1nc(-c2noc(=O)[nH]2)nc2nc(N3CCCC3C3CCCCC3)n(Cc3ccc(C(F)(F)F)cc3)c12)C1CCC1,C[C@@H](Nc1nc(-c2noc(=O)[nH]2)nc2nc(N3CCCC3C3CCCCC3)n(Cc3ccc(C(F)(F)F)cc3)c12)C1CCC1,31.86,7.496754228534887,7.496754228534887,,1,active
CHEMBL5897235,C[C@@H](Nc1nc(-c2noc(=O)[nH]2)nc2nc(N3CCCC3CC(C)(C)C)n(C[C@H]3CC[C@H](C)CC3)c12)C1CCC1,C[C@@H](Nc1nc(-c2noc(=O)[nH]2)nc2nc(N3CCCC3CC(C)(C)C)n(C[C@H]3CC[C@H](C)CC3)c12)C1CCC1,6.976,8.156393528075489,8.156393528075489,,1,active
CHEMBL5772332,C[C@@H](Nc1nc(-c2noc(=O)[nH]2)nc2nc(N3CCCC3CS(C)(=O)=O)n(C[C@H]3CC[C@H](C)CC3)c12)C1CCC1,C[C@@H](Nc1nc(-c2noc(=O)[nH]2)nc2nc(N3CCCC3CS(C)(=O)=O)n(C[C@H]3CC[C@H](C)CC3)c12)C1CCC1,65.57,7.183294816333484,7.183294816333484,,1,active
CHEMBL5897939,C[C@@H](Nc1nc(-c2noc(=O)[nH]2)nc2nc(N3CCCC3C[S+](C)[O-])n(C[C@H]3CC[C@H](C)CC3)c12)C1CCC1,C[C@@H](Nc1nc(-c2noc(=O)[nH]2)nc2nc(N3CCCC3C[S+](C)[O-])n(C[C@H]3CC[C@H](C)CC3)c12)C1CCC1,118.045,6.966053256561087,6.966053256561087,,2,active
CHEMBL5798439,C[C@@H](Nc1nc(-c2noc(=O)[nH]2)nc2nc(N3CCCC3Cc3cccnc3)n(Cc3ccc(C(F)(F)F)cc3)c12)C1CCC1,C[C@@H](Nc1nc(-c2noc(=O)[nH]2)nc2nc(N3CCCC3Cc3cccnc3)n(Cc3ccc(C(F)(F)F)cc3)c12)C1CCC1,14.04,7.852632892206214,7.852632892206214,,1,active
CHEMBL5810011,C[C@@H](Nc1nc(-c2noc(=O)[nH]2)nc2nc(N3CCCC3c3ccccc3)n(C[C@H]3CC[C@H](C)CC3)c12)C1CCC1,C[C@@H](Nc1nc(-c2noc(=O)[nH]2)nc2nc(N3CCCC3c3ccccc3)n(C[C@H]3CC[C@H](C)CC3)c12)C1CCC1,2.079,8.68214551066853,8.68214551066853,,3,active
CHEMBL5825732,C[C@@H](Nc1nc(-c2noc(=O)[nH]2)nc2nc(N3CCCC4OCCCC43)n(C[C@H]3CC[C@H](C)CC3)c12)C1CCC1,C[C@@H](Nc1nc(-c2noc(=O)[nH]2)nc2nc(N3CCCC4OCCCC43)n(C[C@H]3CC[C@H](C)CC3)c12)C1CCC1,9.1375,8.073042499613752,8.073042499613752,,2,active
CHEMBL5864904,C[C@@H](Nc1nc(-c2noc(=O)[nH]2)nc2nc(N3CCCCC34CC4)n(Cc3ccc(C(F)(F)F)cc3)c12)C1CCC1,C[C@@H](Nc1nc(-c2noc(=O)[nH]2)nc2nc(N3CCCCC34CC4)n(Cc3ccc(C(F)(F)F)cc3)c12)C1CCC1,9.84,8.007004901568658,8.007004901568658,,1,active
CHEMBL5740393,C[C@@H](Nc1nc(-c2noc(=O)[nH]2)nc2nc(N3CCCCC3C3CCCCC3)n(C[C@H]3CC[C@H](C)CC3)c12)C1CCC1,C[C@@H](Nc1nc(-c2noc(=O)[nH]2)nc2nc(N3CCCCC3C3CCCCC3)n(C[C@H]3CC[C@H](C)CC3)c12)C1CCC1,449.9,6.346884006834433,6.346884006834433,,1,active
CHEMBL5997703,C[C@@H](Nc1nc(-c2noc(=O)[nH]2)nc2nc(N3CCCCC3CF)n(C[C@H]3CC[C@H](C)CC3)c12)C1CCC1,C[C@@H](Nc1nc(-c2noc(=O)[nH]2)nc2nc(N3CCCCC3CF)n(C[C@H]3CC[C@H](C)CC3)c12)C1CCC1,8.524,8.069356558957836,8.069356558957836,,1,active
CHEMBL5854563,C[C@@H](Nc1nc(-c2noc(=O)[nH]2)nc2nc(N3CCCCC3CF)n(Cc3ccc(C(F)(F)F)cc3)c12)C1CCC1,C[C@@H](Nc1nc(-c2noc(=O)[nH]2)nc2nc(N3CCCCC3CF)n(Cc3ccc(C(F)(F)F)cc3)c12)C1CCC1,12.1,7.91721462968355,7.91721462968355,,1,active
CHEMBL5969511,C[C@@H](Nc1nc(-c2noc(=O)[nH]2)nc2nc(N3CCCCC3Cc3ccccc3)n(C[C@H]3CC[C@H](C)CC3)c12)C1CCC1,C[C@@H](Nc1nc(-c2noc(=O)[nH]2)nc2nc(N3CCCCC3Cc3ccccc3)n(C[C@H]3CC[C@H](C)CC3)c12)C1CCC1,81.86,7.086928259690749,7.086928259690749,,1,active
CHEMBL6058349,C[C@@H](Nc1nc(-c2noc(=O)[nH]2)nc2nc(N3CCCCC3Cc3ccccc3)n(Cc3ccc(C(F)(F)F)cc3)c12)C1CCC1,C[C@@H](Nc1nc(-c2noc(=O)[nH]2)nc2nc(N3CCCCC3Cc3ccccc3)n(Cc3ccc(C(F)(F)F)cc3)c12)C1CCC1,59.9,7.2225731776106885,7.2225731776106885,,1,active
CHEMBL5827603,C[C@@H](Nc1nc(-c2noc(=O)[nH]2)nc2nc(N3CCCCC3c3ccc(F)cc3)n(Cc3ccc(C(F)(F)F)cc3)c12)C1CCC1,C[C@@H](Nc1nc(-c2noc(=O)[nH]2)nc2nc(N3CCCCC3c3ccc(F)cc3)n(Cc3ccc(C(F)(F)F)cc3)c12)C1CCC1,9.546,8.020178569969774,8.020178569969774,,1,active
CHEMBL6044309,C[C@@H](Nc1nc(-c2noc(=O)[nH]2)nc2nc(N3CCCCC3c3cccc(F)c3)n(Cc3ccc(C(F)(F)F)cc3)c12)C1CCC1,C[C@@H](Nc1nc(-c2noc(=O)[nH]2)nc2nc(N3CCCCC3c3cccc(F)c3)n(Cc3ccc(C(F)(F)F)cc3)c12)C1CCC1,25.93,7.586197483230649,7.586197483230649,,1,active
CHEMBL5832505,C[C@@H](Nc1nc(-c2noc(=O)[nH]2)nc2nc(N3CCCCC3c3ccccc3)n(Cc3ccc(C(F)(F)F)cc3)c12)C1CCC1,C[C@@H](Nc1nc(-c2noc(=O)[nH]2)nc2nc(N3CCCCC3c3ccccc3)n(Cc3ccc(C(F)(F)F)cc3)c12)C1CCC1,12.72,7.895512888687605,7.895512888687605,,1,active
CHEMBL5861844,C[C@@H](Nc1nc(-c2noc(=O)[nH]2)nc2nc(N3CCCCC3c3cccnc3)n(C[C@H]3CC[C@H](C)CC3)c12)C1CCC1,C[C@@H](Nc1nc(-c2noc(=O)[nH]2)nc2nc(N3CCCCC3c3cccnc3)n(C[C@H]3CC[C@H](C)CC3)c12)C1CCC1,8.3795,8.229163147398763,8.229163147398763,,2,active
CHEMBL6058043,C[C@@H](Nc1nc(-c2noc(=O)[nH]2)nc2nc(N3CCCCC3c3nccn3C)n(Cc3ccc(C(F)(F)F)cc3)c12)C1CCC1,C[C@@H](Nc1nc(-c2noc(=O)[nH]2)nc2nc(N3CCCCC3c3nccn3C)n(Cc3ccc(C(F)(F)F)cc3)c12)C1CCC1,11.49,7.9396799713117145,7.9396799713117145,,1,active
CHEMBL6003563,C[C@@H](Nc1nc(-c2noc(=O)[nH]2)nc2nc(N3CCCC[C@@H]3c3ccccc3)n(C[C@H]3CC[C@H](C)CC3)c12)C1CCC1,C[C@@H](Nc1nc(-c2noc(=O)[nH]2)nc2nc(N3CCCC[C@@H]3c3ccccc3)n(C[C@H]3CC[C@H](C)CC3)c12)C1CCC1,26.75,7.572676213642753,7.572676213642753,,1,active
CHEMBL6027351,C[C@@H](Nc1nc(-c2noc(=O)[nH]2)nc2nc(N3CCCC[C@H]3c3ccccc3)n(C[C@H]3CC[C@H](C)CC3)c12)C1CCC1,C[C@@H](Nc1nc(-c2noc(=O)[nH]2)nc2nc(N3CCCC[C@H]3c3ccccc3)n(C[C@H]3CC[C@H](C)CC3)c12)C1CCC1,2.815,8.550521600812635,8.550521600812635,,1,active
CHEMBL5880713,C[C@@H](Nc1nc(-c2noc(=O)[nH]2)nc2nc(N3CCCOCC3)n(C[C@H]3CC[C@H](C)CC3)c12)C1CCC1,C[C@@H](Nc1nc(-c2noc(=O)[nH]2)nc2nc(N3CCCOCC3)n(C[C@H]3CC[C@H](C)CC3)c12)C1CCC1,42.59,7.370692359926251,7.370692359926251,,1,active
CHEMBL5828524,C[C@@H](Nc1nc(-c2noc(=O)[nH]2)nc2nc(N3CCC[C@@H]4CCCC[C@H]43)n(C[C@H]3CC[C@H](C)CC3)c12)C1CCC1,C[C@@H](Nc1nc(-c2noc(=O)[nH]2)nc2nc(N3CCC[C@@H]4CCCC[C@H]43)n(C[C@H]3CC[C@H](C)CC3)c12)C1CCC1,5.128,8.290051983489239,8.290051983489239,,1,active
CHEMBL5751796,C[C@@H](Nc1nc(-c2noc(=O)[nH]2)nc2nc(N3CCC[C@H]3C(F)(F)F)n(C[C@H]3CC[C@H](C)CC3)c12)C1CCC1,C[C@@H](Nc1nc(-c2noc(=O)[nH]2)nc2nc(N3CCC[C@H]3C(F)(F)F)n(C[C@H]3CC[C@H](C)CC3)c12)C1CCC1,0.6423,9.1922620779859,9.1922620779859,,1,active
CHEMBL6027948,C[C@@H](Nc1nc(-c2noc(=O)[nH]2)nc2nc(N3CCC[C@H]3CF)n(C[C@H]3CC[C@H](C)CC3)c12)C1CCC1,C[C@@H](Nc1nc(-c2noc(=O)[nH]2)nc2nc(N3CCC[C@H]3CF)n(C[C@H]3CC[C@H](C)CC3)c12)C1CCC1,2.364,8.626352527790782,8.626352527790782,,1,active
CHEMBL5847931,C[C@@H](Nc1nc(-c2noc(=O)[nH]2)nc2nc(N3CCC[C@H]3c3nnnn3C)n(C[C@H]3CC[C@H](C)CC3)c12)C1CCC1,C[C@@H](Nc1nc(-c2noc(=O)[nH]2)nc2nc(N3CCC[C@H]3c3nnnn3C)n(C[C@H]3CC[C@H](C)CC3)c12)C1CCC1,6.762,8.16992483357025,8.16992483357025,,1,active
CHEMBL6055341,C[C@@H](Nc1nc(-c2noc(=O)[nH]2)nc2nc(N3CCC[C@H]4CCCC[C@@H]43)n(C[C@H]3CC[C@H](C)CC3)c12)C1CCC1,C[C@@H](Nc1nc(-c2noc(=O)[nH]2)nc2nc(N3CCC[C@H]4CCCC[C@@H]43)n(C[C@H]3CC[C@H](C)CC3)c12)C1CCC1,10.46,7.980468315468745,7.980468315468745,,1,active
CHEMBL5911344,C[C@@H](Nc1nc(-c2noc(=O)[nH]2)nc2nc(N3CCN(S(C)(=O)=O)C[C@H]3c3ccccc3)n(C[C@H]3CC[C@H](C)CC3)c12)C1CCC1,C[C@@H](Nc1nc(-c2noc(=O)[nH]2)nc2nc(N3CCN(S(C)(=O)=O)C[C@H]3c3ccccc3)n(C[C@H]3CC[C@H](C)CC3)c12)C1CCC1,1.859,8.7307206102281,8.7307206102281,,1,active
CHEMBL6045754,C[C@@H](Nc1nc(-c2noc(=O)[nH]2)nc2nc(N3CCOC4CC43)n(C[C@H]3CC[C@H](C)CC3)c12)C1CCC1,C[C@@H](Nc1nc(-c2noc(=O)[nH]2)nc2nc(N3CCOC4CC43)n(C[C@H]3CC[C@H](C)CC3)c12)C1CCC1,26.23,7.581201709409647,7.581201709409647,,1,active
CHEMBL5903832,C[C@@H](Nc1nc(-c2noc(=O)[nH]2)nc2nc(N3CCOC4CCCC43)n(C[C@H]3CC[C@H](C)CC3)c12)C1CCC1,C[C@@H](Nc1nc(-c2noc(=O)[nH]2)nc2nc(N3CCOC4CCCC43)n(C[C@H]3CC[C@H](C)CC3)c12)C1CCC1,5.2965,8.300165994202134,8.300165994202134,,4,active
CHEMBL5759348,C[C@@H](Nc1nc(-c2noc(=O)[nH]2)nc2nc(N3CCOC4CCCCC43)n(C[C@H]3CC[C@H](C)CC3)c12)C1CCC1,C[C@@H](Nc1nc(-c2noc(=O)[nH]2)nc2nc(N3CCOC4CCCCC43)n(C[C@H]3CC[C@H](C)CC3)c12)C1CCC1,4.051,8.392634793238242,8.392634793238242,,4,active
CHEMBL5740607,C[C@@H](Nc1nc(-c2noc(=O)[nH]2)nc2nc(N3CCOCC(F)(F)C3)n(C[C@H]3CC[C@H](C)CC3)c12)C1CCC1,C[C@@H](Nc1nc(-c2noc(=O)[nH]2)nc2nc(N3CCOCC(F)(F)C3)n(C[C@H]3CC[C@H](C)CC3)c12)C1CCC1,9.236,8.034516075754862,8.034516075754862,,1,active
CHEMBL5884232,C[C@@H](Nc1nc(-c2noc(=O)[nH]2)nc2nc(N3CCOCC3(C)C)n(C[C@H]3CC[C@H](C)CC3)c12)C1CCC1,C[C@@H](Nc1nc(-c2noc(=O)[nH]2)nc2nc(N3CCOCC3(C)C)n(C[C@H]3CC[C@H](C)CC3)c12)C1CCC1,2.524,8.597910649427904,8.597910649427904,,1,active
CHEMBL5969039,C[C@@H](Nc1nc(-c2noc(=O)[nH]2)nc2nc(N3CCOCC3(C)C)n(Cc3ccc(C(F)(F)F)cc3)c12)C1CCC1,C[C@@H](Nc1nc(-c2noc(=O)[nH]2)nc2nc(N3CCOCC3(C)C)n(Cc3ccc(C(F)(F)F)cc3)c12)C1CCC1,12.23,7.912573542963715,7.912573542963715,,1,active
CHEMBL5956344,C[C@@H](Nc1nc(-c2noc(=O)[nH]2)nc2nc(N3CCOCC3c3ccc(Cl)cc3)n(C[C@H]3CC[C@H](C)CC3)c12)C1CCC1,C[C@@H](Nc1nc(-c2noc(=O)[nH]2)nc2nc(N3CCOCC3c3ccc(Cl)cc3)n(C[C@H]3CC[C@H](C)CC3)c12)C1CCC1,14.129999999999999,8.034864580201333,8.034864580201333,,2,active
CHEMBL6050909,C[C@@H](Nc1nc(-c2noc(=O)[nH]2)nc2nc(N3CCOCC3c3ccccc3)n(Cc3ccc(C(F)(F)F)c(F)c3)c12)C1CCC1,C[C@@H](Nc1nc(-c2noc(=O)[nH]2)nc2nc(N3CCOCC3c3ccccc3)n(Cc3ccc(C(F)(F)F)c(F)c3)c12)C1CCC1,2.651,8.581641870132852,8.581641870132852,,2,active
CHEMBL5830201,C[C@@H](Nc1nc(-c2noc(=O)[nH]2)nc2nc(N3CCOCC3c3ccccc3Cl)n(C[C@H]3CC[C@H](C)CC3)c12)C1CCC1,C[C@@H](Nc1nc(-c2noc(=O)[nH]2)nc2nc(N3CCOCC3c3ccccc3Cl)n(C[C@H]3CC[C@H](C)CC3)c12)C1CCC1,0.9358,9.028816959143839,9.028816959143839,,3,active
CHEMBL6055042,C[C@@H](Nc1nc(-c2noc(=O)[nH]2)nc2nc(N3CCOC[C@@H]3C)n(C[C@H]3CC[C@H](C)CC3)c12)C1CCC1,C[C@@H](Nc1nc(-c2noc(=O)[nH]2)nc2nc(N3CCOC[C@@H]3C)n(C[C@H]3CC[C@H](C)CC3)c12)C1CCC1,5.799,8.236646891251784,8.236646891251784,,1,active
CHEMBL5818654,C[C@@H](Nc1nc(-c2noc(=O)[nH]2)nc2nc(N3CCOC[C@@H]3c3ccccc3)n(C[C@H]3CC[C@H](C)CC3)c12)C1CCC1,C[C@@H](Nc1nc(-c2noc(=O)[nH]2)nc2nc(N3CCOC[C@@H]3c3ccccc3)n(C[C@H]3CC[C@H](C)CC3)c12)C1CCC1,10.84,7.964970717797632,7.964970717797632,,1,active
CHEMBL5858026,C[C@@H](Nc1nc(-c2noc(=O)[nH]2)nc2nc(N3CCOC[C@H]3Cc3ccccc3)n(C[C@H]3CC[C@H](C)CC3)c12)C1CCC1,C[C@@H](Nc1nc(-c2noc(=O)[nH]2)nc2nc(N3CCOC[C@H]3Cc3ccccc3)n(C[C@H]3CC[C@H](C)CC3)c12)C1CCC1,16.21,7.790216985151485,7.790216985151485,,1,active
CHEMBL5816864,C[C@@H](Nc1nc(-c2noc(=O)[nH]2)nc2nc(N3CCOC[C@H]3c3ccccc3)n(C[C@H]3CC[C@H](C)CC3)c12)C(F)(F)F,C[C@@H](Nc1nc(-c2noc(=O)[nH]2)nc2nc(N3CCOC[C@H]3c3ccccc3)n(C[C@H]3CC[C@H](C)CC3)c12)C(F)(F)F,4.682,8.329568590639395,8.329568590639395,,1,active
CHEMBL5076263,C[C@@H](Nc1nc(-c2noc(=O)[nH]2)nc2nc(N3CCOC[C@H]3c3ccccc3)n(C[C@H]3CC[C@H](C)CC3)c12)C1CCC1,C[C@@H](Nc1nc(-c2noc(=O)[nH]2)nc2nc(N3CCOC[C@H]3c3ccccc3)n(C[C@H]3CC[C@H](C)CC3)c12)C1CCC1,0.6257,9.203633845022479,9.203633845022479,,1,active
CHEMBL5983335,C[C@@H](Nc1nc(-c2noc(=O)[nH]2)nc2nc(N3CCOC[C@H]3c3ccccc3)n(Cc3ccc(C(F)(F)F)cc3)c12)C1CCC1,C[C@@H](Nc1nc(-c2noc(=O)[nH]2)nc2nc(N3CCOC[C@H]3c3ccccc3)n(Cc3ccc(C(F)(F)F)cc3)c12)C1CCC1,1.718,8.764976840504776,8.764976840504776,,1,active
CHEMBL5837353,C[C@@H](Nc1nc(-c2noc(=O)[nH]2)nc2nc(N3CCOC[C@H]3c3ccccc3)n(Cc3ccc(Cl)c(F)c3)c12)C1CCC1,C[C@@H](Nc1nc(-c2noc(=O)[nH]2)nc2nc(N3CCOC[C@H]3c3ccccc3)n(Cc3ccc(Cl)c(F)c3)c12)C1CCC1,0.8475,9.07186029312488,9.07186029312488,,1,active
CHEMBL5929228,C[C@@H](Nc1nc(-c2noc(=O)[nH]2)nc2nc(N3CCOC[C@H]3c3ccccn3)n(C[C@H]3CC[C@H](C)CC3)c12)C1CCC1,C[C@@H](Nc1nc(-c2noc(=O)[nH]2)nc2nc(N3CCOC[C@H]3c3ccccn3)n(C[C@H]3CC[C@H](C)CC3)c12)C1CCC1,0.774,9.111259039317108,9.111259039317108,,1,active
CHEMBL5890258,C[C@@H](Nc1nc(-c2noc(=O)[nH]2)nc2nc(N3CCOC[C@H]3c3ccncc3)n(C[C@H]3CC[C@H](C)CC3)c12)C1CCC1,C[C@@H](Nc1nc(-c2noc(=O)[nH]2)nc2nc(N3CCOC[C@H]3c3ccncc3)n(C[C@H]3CC[C@H](C)CC3)c12)C1CCC1,1.312,8.882066164960358,8.882066164960358,,1,active
CHEMBL5837960,C[C@@H](Nc1nc(-c2noc(=O)[nH]2)nc2nc(N3CCO[C@H](C)[C@H]3c3ccccc3)n(C[C@H]3CC[C@H](C)CC3)c12)C1CCC1,C[C@@H](Nc1nc(-c2noc(=O)[nH]2)nc2nc(N3CCO[C@H](C)[C@H]3c3ccccc3)n(C[C@H]3CC[C@H](C)CC3)c12)C1CCC1,0.767,9.115204636051018,9.115204636051018,,1,active
CHEMBL5884034,C[C@@H](Nc1nc(-c2noc(=O)[nH]2)nc2nc(N3CCS(=O)(=O)CC3)n(C[C@H]3CC[C@H](C)CC3)c12)C1CCC1,C[C@@H](Nc1nc(-c2noc(=O)[nH]2)nc2nc(N3CCS(=O)(=O)CC3)n(C[C@H]3CC[C@H](C)CC3)c12)C1CCC1,33.34,7.4770344045080135,7.4770344045080135,,1,active
CHEMBL5964981,C[C@@H](Nc1nc(-c2noc(=O)[nH]2)nc2nc(NC(CO)c3ccccc3)n(C[C@H]3CC[C@H](C)CC3)c12)C1CCC1,C[C@@H](Nc1nc(-c2noc(=O)[nH]2)nc2nc(NC(CO)c3ccccc3)n(C[C@H]3CC[C@H](C)CC3)c12)C1CCC1,22.151500000000002,7.888041227777226,7.888041227777226,,2,active
CHEMBL5760886,C[C@@H](Nc1nc(-c2noc(=O)[nH]2)nc2nc(NCc3c[nH]nc3-c3ccccc3)n(C[C@H]3CC[C@H](C)CC3)c12)C1CCC1,C[C@@H](Nc1nc(-c2noc(=O)[nH]2)nc2nc(NCc3c[nH]nc3-c3ccccc3)n(C[C@H]3CC[C@H](C)CC3)c12)C1CCC1,214.6,6.668370282370068,6.668370282370068,,1,active
CHEMBL5901276,C[C@@H](Nc1nc(-c2noc(=O)[nH]2)nc2nc(S(=O)(=O)c3ccccc3)n(C[C@H]3CC[C@H](C)CC3)c12)C1CCC1,C[C@@H](Nc1nc(-c2noc(=O)[nH]2)nc2nc(S(=O)(=O)c3ccccc3)n(C[C@H]3CC[C@H](C)CC3)c12)C1CCC1,0.9433,9.025350165561278,9.025350165561278,,1,active
CHEMBL5845007,C[C@@H](Nc1nc(-c2noc(=O)[nH]2)nc2nc(Sc3ccccc3)n(C[C@H]3CC[C@H](C)CC3)c12)C1CCC1,C[C@@H](Nc1nc(-c2noc(=O)[nH]2)nc2nc(Sc3ccccc3)n(C[C@H]3CC[C@H](C)CC3)c12)C1CCC1,0.7627,9.117646253611285,9.117646253611285,,1,active
CHEMBL5763133,C[C@@H](Nc1nc(-c2noc(=O)[nH]2)nc2nc([S+]([O-])c3ccccc3)n(C[C@H]3CC[C@H](C)CC3)c12)C1CCC1,C[C@@H](Nc1nc(-c2noc(=O)[nH]2)nc2nc([S+]([O-])c3ccccc3)n(C[C@H]3CC[C@H](C)CC3)c12)C1CCC1,1.766,8.75300930075845,8.75300930075845,,1,active
CHEMBL5898850,C[C@@H](Nc1nc(C(=O)NS(=O)(=O)N(C)C)nc2nc(N3CCOC[C@H]3c3ccccc3)n(C[C@H]3CC[C@H](C)CC3)c12)C1CCC1,C[C@@H](Nc1nc(C(=O)NS(=O)(=O)N(C)C)nc2nc(N3CCOC[C@H]3c3ccccc3)n(C[C@H]3CC[C@H](C)CC3)c12)C1CCC1,1.413,8.849857838151442,8.849857838151442,,1,active
CHEMBL5957360,C[C@@H](Nc1nc(C(=O)NS(C)(=O)=O)nc2nc(N3CCOC[C@H]3c3ccccc3)n(C[C@H]3CC[C@H](C)CC3)c12)C1CCC1,C[C@@H](Nc1nc(C(=O)NS(C)(=O)=O)nc2nc(N3CCOC[C@H]3c3ccccc3)n(C[C@H]3CC[C@H](C)CC3)c12)C1CCC1,0.5847,9.233066906162716,9.233066906162716,,1,active
CHEMBL5782737,C[C@@H](Nc1nc(C(=O)O)nc2cc(-c3ccc4occc4c3)n(Cc3ccc(C(F)(F)F)cc3)c12)C1CCC1,C[C@@H](Nc1nc(C(=O)O)nc2cc(-c3ccc4occc4c3)n(Cc3ccc(C(F)(F)F)cc3)c12)C1CCC1,105.0,6.978810700930062,6.978810700930062,,1,active
CHEMBL6045894,C[C@@H](Nc1nc(C(=O)O)nc2nc(-c3cc(-c4ccccc4)ccn3)n(Cc3ccc(C(F)(F)F)cc3)c12)C1CCC1,C[C@@H](Nc1nc(C(=O)O)nc2nc(-c3cc(-c4ccccc4)ccn3)n(Cc3ccc(C(F)(F)F)cc3)c12)C1CCC1,12.12,7.916497380169733,7.916497380169733,,1,active
CHEMBL5971690,C[C@@H](Nc1nc(C(=O)O)nc2nc(-c3cc(-c4cccs4)ccn3)n(Cc3ccc(C(F)(F)F)cc3)c12)C1CCC1,C[C@@H](Nc1nc(C(=O)O)nc2nc(-c3cc(-c4cccs4)ccn3)n(Cc3ccc(C(F)(F)F)cc3)c12)C1CCC1,5.954,8.225191169689294,8.225191169689294,,1,active
CHEMBL5955434,C[C@@H](Nc1nc(C(=O)O)nc2nc(-c3cc(C(C)(C)C)cc(C(C)(C)C)c3)n(Cc3ccc(C(F)(F)F)cc3)c12)C1CCC1,C[C@@H](Nc1nc(C(=O)O)nc2nc(-c3cc(C(C)(C)C)cc(C(C)(C)C)c3)n(Cc3ccc(C(F)(F)F)cc3)c12)C1CCC1,224.5,6.648783654660658,6.648783654660658,,1,active
CHEMBL5838038,C[C@@H](Nc1nc(C(=O)O)nc2nc(-c3cc(C(C)(C)C)ccn3)n(C[C@H]3CC[C@H](C)CC3)c12)C1CCC1,C[C@@H](Nc1nc(C(=O)O)nc2nc(-c3cc(C(C)(C)C)ccn3)n(C[C@H]3CC[C@H](C)CC3)c12)C1CCC1,1.037,8.984221243610959,8.984221243610959,,1,active
CHEMBL5924592,C[C@@H](Nc1nc(C(=O)O)nc2nc(-c3cc(C(C)(C)C)ccn3)n(Cc3ccc(C(F)(F)F)c(F)c3)c12)C1CCC1,C[C@@H](Nc1nc(C(=O)O)nc2nc(-c3cc(C(C)(C)C)ccn3)n(Cc3ccc(C(F)(F)F)c(F)c3)c12)C1CCC1,8.493,8.070938875915235,8.070938875915235,,1,active
CHEMBL6050837,C[C@@H](Nc1nc(C(=O)O)nc2nc(-c3cc(C(C)(C)C)ccn3)n(Cc3ccc(C(F)(F)F)cc3)c12)C1CCC1,C[C@@H](Nc1nc(C(=O)O)nc2nc(-c3cc(C(C)(C)C)ccn3)n(Cc3ccc(C(F)(F)F)cc3)c12)C1CCC1,4.364,8.360115258083695,8.360115258083695,,1,active
CHEMBL5805862,C[C@@H](Nc1nc(C(=O)O)nc2nc(-c3cc(C(C)(C)O)ccn3)n(Cc3ccc(C(F)(F)F)cc3)c12)C1CCC1,C[C@@H](Nc1nc(C(=O)O)nc2nc(-c3cc(C(C)(C)O)ccn3)n(Cc3ccc(C(F)(F)F)cc3)c12)C1CCC1,9.415,8.026179675647317,8.026179675647317,,1,active
CHEMBL5978684,C[C@@H](Nc1nc(C(=O)O)nc2nc(-c3cc(C(F)(F)F)ccc3F)n(Cc3ccc(C(F)(F)F)cc3)c12)C1CCC1,C[C@@H](Nc1nc(C(=O)O)nc2nc(-c3cc(C(F)(F)F)ccc3F)n(Cc3ccc(C(F)(F)F)cc3)c12)C1CCC1,27.51,7.560509409610317,7.560509409610317,,1,active
CHEMBL5792274,C[C@@H](Nc1nc(C(=O)O)nc2nc(-c3cc(C(F)(F)F)ccn3)n(Cc3ccc(C(F)(F)F)cc3)c12)C1CCC1,C[C@@H](Nc1nc(C(=O)O)nc2nc(-c3cc(C(F)(F)F)ccn3)n(Cc3ccc(C(F)(F)F)cc3)c12)C1CCC1,15.18,7.818728228440539,7.818728228440539,,1,active
CHEMBL5830889,C[C@@H](Nc1nc(C(=O)O)nc2nc(-c3cc(C(F)F)cc(C(F)F)n3)n(Cc3ccc(C(F)(F)F)cc3)c12)C1CCC1,C[C@@H](Nc1nc(C(=O)O)nc2nc(-c3cc(C(F)F)cc(C(F)F)n3)n(Cc3ccc(C(F)(F)F)cc3)c12)C1CCC1,22.85,7.641113795594131,7.641113795594131,,1,active
CHEMBL5836614,C[C@@H](Nc1nc(C(=O)O)nc2nc(-c3cc(C(F)F)ccn3)n(Cc3ccc(C(F)(F)F)cc3)c12)C1CCC1,C[C@@H](Nc1nc(C(=O)O)nc2nc(-c3cc(C(F)F)ccn3)n(Cc3ccc(C(F)(F)F)cc3)c12)C1CCC1,12.28,7.910801633194851,7.910801633194851,,1,active
CHEMBL6034972,C[C@@H](Nc1nc(C(=O)O)nc2nc(-c3cc(C(O)c4ccccc4)ccn3)n(Cc3ccc(C(F)(F)F)cc3)c12)C1CCC1,C[C@@H](Nc1nc(C(=O)O)nc2nc(-c3cc(C(O)c4ccccc4)ccn3)n(Cc3ccc(C(F)(F)F)cc3)c12)C1CCC1,20.05,7.697885623043799,7.697885623043799,,1,active
CHEMBL6039508,C[C@@H](Nc1nc(C(=O)O)nc2nc(-c3cc(C4CC4)ccn3)n(C[C@H]3CC[C@H](C)CC3)c12)C1CCC1,C[C@@H](Nc1nc(C(=O)O)nc2nc(-c3cc(C4CC4)ccn3)n(C[C@H]3CC[C@H](C)CC3)c12)C1CCC1,2.091,8.679645967182328,8.679645967182328,,1,active
CHEMBL5779944,C[C@@H](Nc1nc(C(=O)O)nc2nc(-c3cc(C4CC4)ccn3)n(Cc3ccc(C(F)(F)F)c(F)c3)c12)C1CCC1,C[C@@H](Nc1nc(C(=O)O)nc2nc(-c3cc(C4CC4)ccn3)n(Cc3ccc(C(F)(F)F)c(F)c3)c12)C1CCC1,19.98,7.699404516110036,7.699404516110036,,1,active
CHEMBL5837139,C[C@@H](Nc1nc(C(=O)O)nc2nc(-c3cc(C4CC4)ccn3)n(Cc3ccc(C(F)(F)F)cc3)c12)C1CCC1,C[C@@H](Nc1nc(C(=O)O)nc2nc(-c3cc(C4CC4)ccn3)n(Cc3ccc(C(F)(F)F)cc3)c12)C1CCC1,8.389,8.076289805603437,8.076289805603437,,1,active
CHEMBL5893333,C[C@@H](Nc1nc(C(=O)O)nc2nc(-c3cc(C4CCC4)ccn3)n(C[C@H]3CC[C@H](C)CC3)c12)C1CCC1,C[C@@H](Nc1nc(C(=O)O)nc2nc(-c3cc(C4CCC4)ccn3)n(C[C@H]3CC[C@H](C)CC3)c12)C1CCC1,1.802,8.744245213356956,8.744245213356956,,1,active
CHEMBL5846056,C[C@@H](Nc1nc(C(=O)O)nc2nc(-c3cc(C4CCC4)ccn3)n(Cc3ccc(C(F)(F)F)c(F)c3)c12)C1CCC1,C[C@@H](Nc1nc(C(=O)O)nc2nc(-c3cc(C4CCC4)ccn3)n(Cc3ccc(C(F)(F)F)c(F)c3)c12)C1CCC1,9.255,8.033623576911078,8.033623576911078,,1,active
CHEMBL5810332,C[C@@H](Nc1nc(C(=O)O)nc2nc(-c3cc(C4CCC4)ccn3)n(Cc3ccc(C(F)(F)F)cc3)c12)C1CCC1,C[C@@H](Nc1nc(C(=O)O)nc2nc(-c3cc(C4CCC4)ccn3)n(Cc3ccc(C(F)(F)F)cc3)c12)C1CCC1,5.605,8.251424383069008,8.251424383069008,,1,active
CHEMBL5795427,C[C@@H](Nc1nc(C(=O)O)nc2nc(-c3cc(C4CCCC4)ccn3)n(Cc3ccc(C(F)(F)F)cc3)c12)C1CCC1,C[C@@H](Nc1nc(C(=O)O)nc2nc(-c3cc(C4CCCC4)ccn3)n(Cc3ccc(C(F)(F)F)cc3)c12)C1CCC1,4.771,8.321390583441074,8.321390583441074,,1,active
CHEMBL5874536,C[C@@H](Nc1nc(C(=O)O)nc2nc(-c3cc(C4CCCCC4)ccn3)n(Cc3ccc(C(F)(F)F)cc3)c12)C1CCC1,C[C@@H](Nc1nc(C(=O)O)nc2nc(-c3cc(C4CCCCC4)ccn3)n(Cc3ccc(C(F)(F)F)cc3)c12)C1CCC1,6.99,8.15552282425432,8.15552282425432,,1,active
CHEMBL5882763,C[C@@H](Nc1nc(C(=O)O)nc2nc(-c3cc(CCC(C)(C)C)ccn3)n(Cc3ccc(C(F)(F)F)cc3)c12)C1CCC1,C[C@@H](Nc1nc(C(=O)O)nc2nc(-c3cc(CCC(C)(C)C)ccn3)n(Cc3ccc(C(F)(F)F)cc3)c12)C1CCC1,19.57,7.708409174341999,7.708409174341999,,1,active
CHEMBL5905370,C[C@@H](Nc1nc(C(=O)O)nc2nc(-c3cc(CCC4CC4)ccn3)n(Cc3ccc(C(F)(F)F)cc3)c12)C1CCC1,C[C@@H](Nc1nc(C(=O)O)nc2nc(-c3cc(CCC4CC4)ccn3)n(Cc3ccc(C(F)(F)F)cc3)c12)C1CCC1,8.674,8.061780582187257,8.061780582187257,,1,active
CHEMBL5803922,C[C@@H](Nc1nc(C(=O)O)nc2nc(-c3cc(Cc4ccccc4)ccn3)n(Cc3ccc(C(F)(F)F)cc3)c12)C1CCC1,C[C@@H](Nc1nc(C(=O)O)nc2nc(-c3cc(Cc4ccccc4)ccn3)n(Cc3ccc(C(F)(F)F)cc3)c12)C1CCC1,37.35,7.427709393848582,7.427709393848582,,1,active
CHEMBL5878443,C[C@@H](Nc1nc(C(=O)O)nc2nc(-c3cc(Cl)ccc3Cl)n(Cc3ccc(C(F)(F)F)cc3)c12)C1CCC1,C[C@@H](Nc1nc(C(=O)O)nc2nc(-c3cc(Cl)ccc3Cl)n(Cc3ccc(C(F)(F)F)cc3)c12)C1CCC1,10.92,7.961777361631281,7.961777361631281,,1,active
CHEMBL5944097,C[C@@H](Nc1nc(C(=O)O)nc2nc(-c3cc(Cl)ccn3)n(Cc3ccc(C(F)(F)F)cc3)c12)C1CCC1,C[C@@H](Nc1nc(C(=O)O)nc2nc(-c3cc(Cl)ccn3)n(Cc3ccc(C(F)(F)F)cc3)c12)C1CCC1,16.48,7.783042792638903,7.783042792638903,,1,active
CHEMBL5778647,C[C@@H](Nc1nc(C(=O)O)nc2nc(-c3cc(N(C)C)ccc3O)n(Cc3ccc(C(F)(F)F)cc3)c12)C1CCC1,C[C@@H](Nc1nc(C(=O)O)nc2nc(-c3cc(N(C)C)ccc3O)n(Cc3ccc(C(F)(F)F)cc3)c12)C1CCC1,77.05,7.113227356945562,7.113227356945562,,1,active
CHEMBL5855113,C[C@@H](Nc1nc(C(=O)O)nc2nc(-c3cc(N(C)C)ccc3OC(F)(F)F)n(Cc3ccc(C(F)(F)F)cc3)c12)C1CCC1,C[C@@H](Nc1nc(C(=O)O)nc2nc(-c3cc(N(C)C)ccc3OC(F)(F)F)n(Cc3ccc(C(F)(F)F)cc3)c12)C1CCC1,11.44,7.941573975542995,7.941573975542995,,1,active
CHEMBL5870100,C[C@@H](Nc1nc(C(=O)O)nc2nc(-c3cc(N(C)C)ccn3)n(Cc3ccc(C(F)(F)F)cc3)c12)C1CCC1,C[C@@H](Nc1nc(C(=O)O)nc2nc(-c3cc(N(C)C)ccn3)n(Cc3ccc(C(F)(F)F)cc3)c12)C1CCC1,16.35,7.786482243003695,7.786482243003695,,1,active
CHEMBL5967606,C[C@@H](Nc1nc(C(=O)O)nc2nc(-c3cc(OC4CCC4)ccn3)n(Cc3ccc(C(F)(F)F)cc3)c12)C1CCC1,C[C@@H](Nc1nc(C(=O)O)nc2nc(-c3cc(OC4CCC4)ccn3)n(Cc3ccc(C(F)(F)F)cc3)c12)C1CCC1,50.78,7.294307303462297,7.294307303462297,,1,active
CHEMBL5944103,C[C@@H](Nc1nc(C(=O)O)nc2nc(-c3cc(OC4CCCCC4)ccn3)n(Cc3ccc(C(F)(F)F)cc3)c12)C1CCC1,C[C@@H](Nc1nc(C(=O)O)nc2nc(-c3cc(OC4CCCCC4)ccn3)n(Cc3ccc(C(F)(F)F)cc3)c12)C1CCC1,16.93,7.771343041891065,7.771343041891065,,1,active
CHEMBL5941796,C[C@@H](Nc1nc(C(=O)O)nc2nc(-c3cc4ccccc4cn3)n(Cc3ccc(C(F)(F)F)cc3)c12)C1CCC1,C[C@@H](Nc1nc(C(=O)O)nc2nc(-c3cc4ccccc4cn3)n(Cc3ccc(C(F)(F)F)cc3)c12)C1CCC1,45.82,7.338944915146621,7.338944915146621,,1,active
CHEMBL5851059,C[C@@H](Nc1nc(C(=O)O)nc2nc(-c3ccc(-c4ccccc4)c(F)c3)n(Cc3ccc(C(F)(F)F)cc3)c12)C1CCC1,C[C@@H](Nc1nc(C(=O)O)nc2nc(-c3ccc(-c4ccccc4)c(F)c3)n(Cc3ccc(C(F)(F)F)cc3)c12)C1CCC1,343.5,6.464073258604431,6.464073258604431,,1,active
CHEMBL5806713,C[C@@H](Nc1nc(C(=O)O)nc2nc(-c3ccc(-c4ccccc4)cc3)n(Cc3ccc(C(F)(F)F)cc3)c12)C1CCC1,C[C@@H](Nc1nc(C(=O)O)nc2nc(-c3ccc(-c4ccccc4)cc3)n(Cc3ccc(C(F)(F)F)cc3)c12)C1CCC1,472.7,6.325414397697086,6.325414397697086,,1,active
CHEMBL5942470,C[C@@H](Nc1nc(C(=O)O)nc2nc(-c3ccc(Br)cc3F)n(Cc3ccc(C(F)(F)F)cc3)c12)C1CC1,C[C@@H](Nc1nc(C(=O)O)nc2nc(-c3ccc(Br)cc3F)n(Cc3ccc(C(F)(F)F)cc3)c12)C1CC1,204.0,6.690369832574101,6.690369832574101,,1,active
CHEMBL5911136,C[C@@H](Nc1nc(C(=O)O)nc2nc(-c3ccc(C#N)cc3)n(Cc3ccc(C(F)(F)F)cc3)c12)C1CC1,C[C@@H](Nc1nc(C(=O)O)nc2nc(-c3ccc(C#N)cc3)n(Cc3ccc(C(F)(F)F)cc3)c12)C1CC1,432.1,6.3644157336887694,6.3644157336887694,,1,active
CHEMBL5870714,C[C@@H](Nc1nc(C(=O)O)nc2nc(-c3ccc(C(=O)C4CC4)cc3)n(Cc3ccc(C(F)(F)F)cc3)c12)C1CCC1,C[C@@H](Nc1nc(C(=O)O)nc2nc(-c3ccc(C(=O)C4CC4)cc3)n(Cc3ccc(C(F)(F)F)cc3)c12)C1CCC1,66.26,7.178748568454059,7.178748568454059,,1,active
CHEMBL5756024,C[C@@H](Nc1nc(C(=O)O)nc2nc(-c3ccc(C(C)(C)C)cc3)n(Cc3ccc(C(F)(F)F)cc3)c12)C1CC1,C[C@@H](Nc1nc(C(=O)O)nc2nc(-c3ccc(C(C)(C)C)cc3)n(Cc3ccc(C(F)(F)F)cc3)c12)C1CC1,1950.0,5.709965388637482,5.709965388637482,,1,intermediate
CHEMBL5947903,C[C@@H](Nc1nc(C(=O)O)nc2nc(-c3ccc(C(C)(C)C)cc3)n(Cc3ccc(C(F)(F)F)cc3)c12)C1CCC1,C[C@@H](Nc1nc(C(=O)O)nc2nc(-c3ccc(C(C)(C)C)cc3)n(Cc3ccc(C(F)(F)F)cc3)c12)C1CCC1,392.6,6.406049704736013,6.406049704736013,,1,active
CHEMBL6040777,C[C@@H](Nc1nc(C(=O)O)nc2nc(-c3ccc(C(F)(F)F)cc3)n(Cc3ccc(C(F)(F)F)cc3)c12)C1CC1,C[C@@H](Nc1nc(C(=O)O)nc2nc(-c3ccc(C(F)(F)F)cc3)n(Cc3ccc(C(F)(F)F)cc3)c12)C1CC1,1407.0,5.8517059025652545,5.8517059025652545,,1,intermediate
CHEMBL5878611,C[C@@H](Nc1nc(C(=O)O)nc2nc(-c3ccc(C4CCCCC4)cc3)n(Cc3ccc(C(F)(F)F)cc3)c12)C1CCC1,C[C@@H](Nc1nc(C(=O)O)nc2nc(-c3ccc(C4CCCCC4)cc3)n(Cc3ccc(C(F)(F)F)cc3)c12)C1CCC1,3702.0,5.431563585583115,5.431563585583115,,1,intermediate
CHEMBL6057839,C[C@@H](Nc1nc(C(=O)O)nc2nc(-c3ccc(C4OCCO4)cn3)n(Cc3ccc(C(F)(F)F)cc3)c12)C1CCC1,C[C@@H](Nc1nc(C(=O)O)nc2nc(-c3ccc(C4OCCO4)cn3)n(Cc3ccc(C(F)(F)F)cc3)c12)C1CCC1,62.19,7.206279443186476,7.206279443186476,,1,active
CHEMBL5794151,C[C@@H](Nc1nc(C(=O)O)nc2nc(-c3ccc(Cl)c(C(F)(F)F)c3)n(Cc3ccc(C(F)(F)F)cc3)c12)C1CCC1,C[C@@H](Nc1nc(C(=O)O)nc2nc(-c3ccc(Cl)c(C(F)(F)F)c3)n(Cc3ccc(C(F)(F)F)cc3)c12)C1CCC1,17.29,7.762205006726077,7.762205006726077,,1,active
CHEMBL6003847,C[C@@H](Nc1nc(C(=O)O)nc2nc(-c3ccc(Cl)c(Cl)c3)n(Cc3ccc(C(F)(F)F)cc3)c12)C1CC1,C[C@@H](Nc1nc(C(=O)O)nc2nc(-c3ccc(Cl)c(Cl)c3)n(Cc3ccc(C(F)(F)F)cc3)c12)C1CC1,153.6,6.813608784304507,6.813608784304507,,1,active
CHEMBL5756037,C[C@@H](Nc1nc(C(=O)O)nc2nc(-c3ccc(Cl)c(Cl)c3)n(Cc3ccc(C(F)(F)F)cc3)c12)C1CCC1,C[C@@H](Nc1nc(C(=O)O)nc2nc(-c3ccc(Cl)c(Cl)c3)n(Cc3ccc(C(F)(F)F)cc3)c12)C1CCC1,20.39,7.69058277422186,7.69058277422186,,1,active
CHEMBL6058783,C[C@@H](Nc1nc(C(=O)O)nc2nc(-c3ccc(Cl)c(F)c3)n(Cc3ccc(C(F)(F)F)cc3)c12)C1CC1,C[C@@H](Nc1nc(C(=O)O)nc2nc(-c3ccc(Cl)c(F)c3)n(Cc3ccc(C(F)(F)F)cc3)c12)C1CC1,200.4,6.698102282804792,6.698102282804792,,1,active
CHEMBL6036689,C[C@@H](Nc1nc(C(=O)O)nc2nc(-c3ccc(Cl)cc3)n(Cc3ccc(Cl)cc3)c12)C1CC1,C[C@@H](Nc1nc(C(=O)O)nc2nc(-c3ccc(Cl)cc3)n(Cc3ccc(Cl)cc3)c12)C1CC1,43.8,7.3585258894959,7.3585258894959,,1,active
CHEMBL5982021,C[C@@H](Nc1nc(C(=O)O)nc2nc(-c3ccc(Cl)cc3Cl)n(Cc3ccc(C(F)(F)F)cc3)c12)C1CC1,C[C@@H](Nc1nc(C(=O)O)nc2nc(-c3ccc(Cl)cc3Cl)n(Cc3ccc(C(F)(F)F)cc3)c12)C1CC1,212.9,6.671824338561677,6.671824338561677,,1,active
CHEMBL6012714,C[C@@H](Nc1nc(C(=O)O)nc2nc(-c3ccc(F)c(Cl)c3)n(Cc3ccc(C(F)(F)F)cc3)c12)C1CCC1,C[C@@H](Nc1nc(C(=O)O)nc2nc(-c3ccc(F)c(Cl)c3)n(Cc3ccc(C(F)(F)F)cc3)c12)C1CCC1,22.74,7.643209539648284,7.643209539648284,,1,active
CHEMBL5782616,C[C@@H](Nc1nc(C(=O)O)nc2nc(-c3ccc(F)cc3F)n(Cc3ccc(C(F)(F)F)cc3)c12)C1CCC1,C[C@@H](Nc1nc(C(=O)O)nc2nc(-c3ccc(F)cc3F)n(Cc3ccc(C(F)(F)F)cc3)c12)C1CCC1,22.44,7.648977147415876,7.648977147415876,,1,active
CHEMBL5771224,C[C@@H](Nc1nc(C(=O)O)nc2nc(-c3ccc(N(C)C)c(F)c3)n(Cc3ccc(C(F)(F)F)cc3)c12)C1CCC1,C[C@@H](Nc1nc(C(=O)O)nc2nc(-c3ccc(N(C)C)c(F)c3)n(Cc3ccc(C(F)(F)F)cc3)c12)C1CCC1,715.9,6.145147637582166,6.145147637582166,,1,active
CHEMBL6030316,C[C@@H](Nc1nc(C(=O)O)nc2nc(-c3ccc(N4CCOCC4)cc3)n(Cc3ccc(C(F)(F)F)cc3)c12)C1CCC1,C[C@@H](Nc1nc(C(=O)O)nc2nc(-c3ccc(N4CCOCC4)cc3)n(Cc3ccc(C(F)(F)F)cc3)c12)C1CCC1,1536.0,5.813608784304507,5.813608784304507,,1,intermediate
CHEMBL5994190,C[C@@H](Nc1nc(C(=O)O)nc2nc(-c3ccc(OC(F)(F)F)cc3)n(Cc3ccc(C(F)(F)F)cc3)c12)C1CC1,C[C@@H](Nc1nc(C(=O)O)nc2nc(-c3ccc(OC(F)(F)F)cc3)n(Cc3ccc(C(F)(F)F)cc3)c12)C1CC1,1144.0,5.941573975542995,5.941573975542995,,1,intermediate
CHEMBL5888769,C[C@@H](Nc1nc(C(=O)O)nc2nc(-c3ccc(OC(F)F)cc3)n(Cc3ccc(C(F)(F)F)cc3)c12)C1CCC1,C[C@@H](Nc1nc(C(=O)O)nc2nc(-c3ccc(OC(F)F)cc3)n(Cc3ccc(C(F)(F)F)cc3)c12)C1CCC1,51.84,7.285335007137463,7.285335007137463,,1,active
CHEMBL5787667,C[C@@H](Nc1nc(C(=O)O)nc2nc(-c3ccc(OC(F)F)cn3)n(Cc3ccc(C(F)(F)F)cc3)c12)C1CCC1,C[C@@H](Nc1nc(C(=O)O)nc2nc(-c3ccc(OC(F)F)cn3)n(Cc3ccc(C(F)(F)F)cc3)c12)C1CCC1,58.44,7.233289792737741,7.233289792737741,,1,active
CHEMBL5745011,C[C@@H](Nc1nc(C(=O)O)nc2nc(-c3ccc(S(C)(=O)=O)cc3)n(Cc3ccc(C(F)(F)F)cc3)c12)C1CCC1,C[C@@H](Nc1nc(C(=O)O)nc2nc(-c3ccc(S(C)(=O)=O)cc3)n(Cc3ccc(C(F)(F)F)cc3)c12)C1CCC1,112.2,6.950007143079858,6.950007143079858,,1,active
CHEMBL5771090,C[C@@H](Nc1nc(C(=O)O)nc2nc(-c3ccc4c(c3)CCC4)n(Cc3ccc(C(F)(F)F)cc3)c12)C1CC1,C[C@@H](Nc1nc(C(=O)O)nc2nc(-c3ccc4c(c3)CCC4)n(Cc3ccc(C(F)(F)F)cc3)c12)C1CC1,204.6,6.689094370623859,6.689094370623859,,1,active
CHEMBL6032141,C[C@@H](Nc1nc(C(=O)O)nc2nc(-c3ccc4c(c3)CCO4)n(Cc3ccc(C(F)(F)F)cc3)c12)C1CCC1,C[C@@H](Nc1nc(C(=O)O)nc2nc(-c3ccc4c(c3)CCO4)n(Cc3ccc(C(F)(F)F)cc3)c12)C1CCC1,7.807,8.107515820635312,8.107515820635312,,1,active
CHEMBL6030255,C[C@@H](Nc1nc(C(=O)O)nc2nc(-c3ccc4c(c3)OCCN4C)n(Cc3ccc(C(F)(F)F)cc3)c12)C1CCC1,C[C@@H](Nc1nc(C(=O)O)nc2nc(-c3ccc4c(c3)OCCN4C)n(Cc3ccc(C(F)(F)F)cc3)c12)C1CCC1,116.4,6.93404701968613,6.93404701968613,,1,active
CHEMBL5924406,C[C@@H](Nc1nc(C(=O)O)nc2nc(-c3ccc4c(ccn4C)c3)n(Cc3ccc(C(F)(F)F)cc3)c12)C1CCC1,C[C@@H](Nc1nc(C(=O)O)nc2nc(-c3ccc4c(ccn4C)c3)n(Cc3ccc(C(F)(F)F)cc3)c12)C1CCC1,60.86,7.215668051977852,7.215668051977852,,1,active
CHEMBL5793304,C[C@@H](Nc1nc(C(=O)O)nc2nc(-c3ccc4ccccc4c3)n(Cc3ccc(C(F)(F)F)cc3)c12)C1CC1,C[C@@H](Nc1nc(C(=O)O)nc2nc(-c3ccc4ccccc4c3)n(Cc3ccc(C(F)(F)F)cc3)c12)C1CC1,305.5,6.514988785421426,6.514988785421426,,1,active
CHEMBL5953075,C[C@@H](Nc1nc(C(=O)O)nc2nc(-c3ccc4ncccc4c3)n(Cc3ccc(C(F)(F)F)cc3)c12)C1CC1,C[C@@H](Nc1nc(C(=O)O)nc2nc(-c3ccc4ncccc4c3)n(Cc3ccc(C(F)(F)F)cc3)c12)C1CC1,295.6,6.5292955702772115,6.5292955702772115,,1,active
CHEMBL5936009,C[C@@H](Nc1nc(C(=O)O)nc2nc(-c3ccc4nccnc4c3)n(Cc3ccc(C(F)(F)F)cc3)c12)C1CCC1,C[C@@H](Nc1nc(C(=O)O)nc2nc(-c3ccc4nccnc4c3)n(Cc3ccc(C(F)(F)F)cc3)c12)C1CCC1,23.55,7.6280090885350855,7.6280090885350855,,1,active
CHEMBL5742199,C[C@@H](Nc1nc(C(=O)O)nc2nc(-c3ccc4occc4c3)n(Cc3ccc(C(F)(F)F)cc3)c12)C1CCC1,C[C@@H](Nc1nc(C(=O)O)nc2nc(-c3ccc4occc4c3)n(Cc3ccc(C(F)(F)F)cc3)c12)C1CCC1,16.74,7.776244546342759,7.776244546342759,,1,active
CHEMBL5875664,C[C@@H](Nc1nc(C(=O)O)nc2nc(-c3ccc4sccc4c3)n(Cc3ccc(C(F)(F)F)cc3)c12)C1CCC1,C[C@@H](Nc1nc(C(=O)O)nc2nc(-c3ccc4sccc4c3)n(Cc3ccc(C(F)(F)F)cc3)c12)C1CCC1,35.3,7.452225294612178,7.452225294612178,,1,active
CHEMBL5084175,C[C@@H](Nc1nc(C(=O)O)nc2nc(-c3ccc4sccc4c3)n(Cc3ccc(Cl)cc3)c12)C1CC1,C[C@@H](Nc1nc(C(=O)O)nc2nc(-c3ccc4sccc4c3)n(Cc3ccc(Cl)cc3)c12)C1CC1,259.4,6.586030028251939,6.586030028251939,,1,active
CHEMBL5790931,C[C@@H](Nc1nc(C(=O)O)nc2nc(-c3ccc4sccc4c3)n(Cc3ccc(Cl)cc3)c12)C1CCC1,C[C@@H](Nc1nc(C(=O)O)nc2nc(-c3ccc4sccc4c3)n(Cc3ccc(Cl)cc3)c12)C1CCC1,7.2,8.142667503568731,8.142667503568731,,1,active
CHEMBL5869723,C[C@@H](Nc1nc(C(=O)O)nc2nc(-c3cccc(-c4ccccc4)n3)n(Cc3ccc(C(F)(F)F)cc3)c12)C1CCC1,C[C@@H](Nc1nc(C(=O)O)nc2nc(-c3cccc(-c4ccccc4)n3)n(Cc3ccc(C(F)(F)F)cc3)c12)C1CCC1,323.8,6.489723155582645,6.489723155582645,,1,active
CHEMBL5787724,C[C@@H](Nc1nc(C(=O)O)nc2nc(-c3cccc(-n4cccc4)c3)n(Cc3ccc(C(F)(F)F)cc3)c12)C1CCC1,C[C@@H](Nc1nc(C(=O)O)nc2nc(-c3cccc(-n4cccc4)c3)n(Cc3ccc(C(F)(F)F)cc3)c12)C1CCC1,34.84,7.4579218536643745,7.4579218536643745,,1,active
CHEMBL5854056,C[C@@H](Nc1nc(C(=O)O)nc2nc(-c3cccc(C#N)c3)n(Cc3ccc(C(F)(F)F)cc3)c12)C1CCC1,C[C@@H](Nc1nc(C(=O)O)nc2nc(-c3cccc(C#N)c3)n(Cc3ccc(C(F)(F)F)cc3)c12)C1CCC1,63.0,7.200659450546418,7.200659450546418,,1,active
CHEMBL5760425,C[C@@H](Nc1nc(C(=O)O)nc2nc(-c3cccc(C(C)(C)C)c3)n(Cc3ccc(C(F)(F)F)cc3)c12)C1CC1,C[C@@H](Nc1nc(C(=O)O)nc2nc(-c3cccc(C(C)(C)C)c3)n(Cc3ccc(C(F)(F)F)cc3)c12)C1CC1,144.8,6.839231438138872,6.839231438138872,,1,active
CHEMBL5880039,C[C@@H](Nc1nc(C(=O)O)nc2nc(-c3cccc(C(C)(C)C)c3)n(Cc3ccc(C(F)(F)F)cc3)c12)C1CCC1,C[C@@H](Nc1nc(C(=O)O)nc2nc(-c3cccc(C(C)(C)C)c3)n(Cc3ccc(C(F)(F)F)cc3)c12)C1CCC1,59.13,7.228192121000895,7.228192121000895,,1,active
CHEMBL6032825,C[C@@H](Nc1nc(C(=O)O)nc2nc(-c3cccc(C(F)(F)F)c3)n(Cc3ccc(C(F)(F)F)cc3)c12)C1CCC1,C[C@@H](Nc1nc(C(=O)O)nc2nc(-c3cccc(C(F)(F)F)c3)n(Cc3ccc(C(F)(F)F)cc3)c12)C1CCC1,16.235,7.8112328656645555,7.8112328656645555,,2,active
CHEMBL5824019,C[C@@H](Nc1nc(C(=O)O)nc2nc(-c3cccc(C(N)=O)c3)n(Cc3ccc(C(F)(F)F)cc3)c12)C1CCC1,C[C@@H](Nc1nc(C(=O)O)nc2nc(-c3cccc(C(N)=O)c3)n(Cc3ccc(C(F)(F)F)cc3)c12)C1CCC1,49.38,7.306448914404086,7.306448914404086,,1,active
CHEMBL5978750,C[C@@H](Nc1nc(C(=O)O)nc2nc(-c3cccc(Cl)c3)n(Cc3ccc(C(F)(F)F)cc3)c12)C1CC1,C[C@@H](Nc1nc(C(=O)O)nc2nc(-c3cccc(Cl)c3)n(Cc3ccc(C(F)(F)F)cc3)c12)C1CC1,123.9,6.906928693623937,6.906928693623937,,1,active
CHEMBL5885833,C[C@@H](Nc1nc(C(=O)O)nc2nc(-c3cccc(Cl)c3)n(Cc3ccc(C(F)(F)F)cc3)c12)C1CCC1,C[C@@H](Nc1nc(C(=O)O)nc2nc(-c3cccc(Cl)c3)n(Cc3ccc(C(F)(F)F)cc3)c12)C1CCC1,30.0,7.522878745280337,7.522878745280337,,1,active
CHEMBL5887324,C[C@@H](Nc1nc(C(=O)O)nc2nc(-c3cccc(Cl)c3)n(Cc3ccc(Cl)cc3)c12)C1CC1,C[C@@H](Nc1nc(C(=O)O)nc2nc(-c3cccc(Cl)c3)n(Cc3ccc(Cl)cc3)c12)C1CC1,217.5,6.662540738709344,6.662540738709344,,1,active
CHEMBL5897030,C[C@@H](Nc1nc(C(=O)O)nc2nc(-c3cccc(F)c3)n(Cc3ccc(C(F)(F)F)cc3)c12)C1CC1,C[C@@H](Nc1nc(C(=O)O)nc2nc(-c3cccc(F)c3)n(Cc3ccc(C(F)(F)F)cc3)c12)C1CC1,261.3,6.5828605902726745,6.5828605902726745,,1,active
CHEMBL5746705,C[C@@H](Nc1nc(C(=O)O)nc2nc(-c3cccc(F)c3F)n(Cc3ccc(C(F)(F)F)cc3)c12)C1CC1,C[C@@H](Nc1nc(C(=O)O)nc2nc(-c3cccc(F)c3F)n(Cc3ccc(C(F)(F)F)cc3)c12)C1CC1,111.2,6.953895212753961,6.953895212753961,,1,active
CHEMBL5800651,C[C@@H](Nc1nc(C(=O)O)nc2nc(-c3cccc(N(C)C)c3)n(Cc3ccc(C(F)(F)F)cc3)c12)C1CC1,C[C@@H](Nc1nc(C(=O)O)nc2nc(-c3cccc(N(C)C)c3)n(Cc3ccc(C(F)(F)F)cc3)c12)C1CC1,105.1,6.978397283971757,6.978397283971757,,1,active
CHEMBL5994606,C[C@@H](Nc1nc(C(=O)O)nc2nc(-c3cccc(N(C)C)c3)n(Cc3ccc(C(F)(F)F)cc3)c12)C1CCC1,C[C@@H](Nc1nc(C(=O)O)nc2nc(-c3cccc(N(C)C)c3)n(Cc3ccc(C(F)(F)F)cc3)c12)C1CCC1,6.596,8.180719353027518,8.180719353027518,,1,active
CHEMBL5956854,C[C@@H](Nc1nc(C(=O)O)nc2nc(-c3cccc(Nc4ccccc4)c3)n(Cc3ccc(C(F)(F)F)cc3)c12)C1CCC1,C[C@@H](Nc1nc(C(=O)O)nc2nc(-c3cccc(Nc4ccccc4)c3)n(Cc3ccc(C(F)(F)F)cc3)c12)C1CCC1,76.29,7.117532385104629,7.117532385104629,,1,active
CHEMBL5820118,C[C@@H](Nc1nc(C(=O)O)nc2nc(-c3cccc(OC(F)(F)F)c3)n(Cc3ccc(C(F)(F)F)cc3)c12)C1CC1,C[C@@H](Nc1nc(C(=O)O)nc2nc(-c3cccc(OC(F)(F)F)c3)n(Cc3ccc(C(F)(F)F)cc3)c12)C1CC1,550.3,6.259400487188843,6.259400487188843,,1,active
CHEMBL5876492,C[C@@H](Nc1nc(C(=O)O)nc2nc(-c3cccc(OC(F)(F)F)c3)n(Cc3ccc(C(F)(F)F)cc3)c12)C1CCC1,C[C@@H](Nc1nc(C(=O)O)nc2nc(-c3cccc(OC(F)(F)F)c3)n(Cc3ccc(C(F)(F)F)cc3)c12)C1CCC1,52.0,7.2839966563652006,7.2839966563652006,,1,active
CHEMBL5827299,C[C@@H](Nc1nc(C(=O)O)nc2nc(-c3cccc(OC(F)F)c3)n(Cc3ccc(C(F)(F)F)cc3)c12)C1CCC1,C[C@@H](Nc1nc(C(=O)O)nc2nc(-c3cccc(OC(F)F)c3)n(Cc3ccc(C(F)(F)F)cc3)c12)C1CCC1,41.71,7.379759810154169,7.379759810154169,,1,active
CHEMBL5959417,C[C@@H](Nc1nc(C(=O)O)nc2nc(-c3cccc4c3CNC4)n(Cc3ccc(C(F)(F)F)cc3)c12)C1CCC1,C[C@@H](Nc1nc(C(=O)O)nc2nc(-c3cccc4c3CNC4)n(Cc3ccc(C(F)(F)F)cc3)c12)C1CCC1,51.4,7.289036881004725,7.289036881004725,,1,active
CHEMBL5792686,C[C@@H](Nc1nc(C(=O)O)nc2nc(-c3ccccc3)n(Cc3ccc(C(F)(F)F)cc3)c12)C1CCC1,C[C@@H](Nc1nc(C(=O)O)nc2nc(-c3ccccc3)n(Cc3ccc(C(F)(F)F)cc3)c12)C1CCC1,370.9,6.430743166671389,6.430743166671389,,1,active
CHEMBL5985465,C[C@@H](Nc1nc(C(=O)O)nc2nc(-c3ccccc3C(F)(F)F)n(Cc3ccc(C(F)(F)F)cc3)c12)C1CCC1,C[C@@H](Nc1nc(C(=O)O)nc2nc(-c3ccccc3C(F)(F)F)n(Cc3ccc(C(F)(F)F)cc3)c12)C1CCC1,13.36,7.874193541860473,7.874193541860473,,1,active
CHEMBL5767535,C[C@@H](Nc1nc(C(=O)O)nc2nc(-c3ccccc3C(N)=O)n(Cc3ccc(C(F)(F)F)cc3)c12)C1CC1,C[C@@H](Nc1nc(C(=O)O)nc2nc(-c3ccccc3C(N)=O)n(Cc3ccc(C(F)(F)F)cc3)c12)C1CC1,219.5,6.6585654754218595,6.6585654754218595,,1,active
CHEMBL5960857,C[C@@H](Nc1nc(C(=O)O)nc2nc(-c3ccccc3Cl)n(Cc3ccc(C(F)(F)F)cc3)c12)C1CC1,C[C@@H](Nc1nc(C(=O)O)nc2nc(-c3ccccc3Cl)n(Cc3ccc(C(F)(F)F)cc3)c12)C1CC1,98.32,7.007358130121602,7.007358130121602,,1,active
CHEMBL5848222,C[C@@H](Nc1nc(C(=O)O)nc2nc(-c3ccccc3F)n(Cc3ccc(C(F)(F)F)cc3)c12)C1CCC1,C[C@@H](Nc1nc(C(=O)O)nc2nc(-c3ccccc3F)n(Cc3ccc(C(F)(F)F)cc3)c12)C1CCC1,26.0,7.585026652029182,7.585026652029182,,1,active
CHEMBL5770401,C[C@@H](Nc1nc(C(=O)O)nc2nc(-c3ccccc3OC(F)(F)F)n(Cc3ccc(C(F)(F)F)cc3)c12)C1CC1,C[C@@H](Nc1nc(C(=O)O)nc2nc(-c3ccccc3OC(F)(F)F)n(Cc3ccc(C(F)(F)F)cc3)c12)C1CC1,21.0,7.6777807052660805,7.6777807052660805,,1,active
CHEMBL5978050,C[C@@H](Nc1nc(C(=O)O)nc2nc(-c3ccccn3)n(Cc3ccc(C(F)(F)F)cc3)c12)C1CCC1,C[C@@H](Nc1nc(C(=O)O)nc2nc(-c3ccccn3)n(Cc3ccc(C(F)(F)F)cc3)c12)C1CCC1,25.32,7.596536298654683,7.596536298654683,,1,active
CHEMBL6012700,C[C@@H](Nc1nc(C(=O)O)nc2nc(-c3cccnc3)n(Cc3ccc(C(F)(F)F)cc3)c12)C1CC1,C[C@@H](Nc1nc(C(=O)O)nc2nc(-c3cccnc3)n(Cc3ccc(C(F)(F)F)cc3)c12)C1CC1,640.0,6.1938200260161125,6.1938200260161125,,1,active
CHEMBL5899826,C[C@@H](Nc1nc(C(=O)O)nc2nc(-c3ccncc3)n(Cc3ccc(C(F)(F)F)cc3)c12)C1CCC1,C[C@@H](Nc1nc(C(=O)O)nc2nc(-c3ccncc3)n(Cc3ccc(C(F)(F)F)cc3)c12)C1CCC1,72.55,7.139362583226245,7.139362583226245,,1,active
CHEMBL5889476,C[C@@H](Nc1nc(C(=O)O)nc2nc(-c3cnc(N(C)C)nc3)n(Cc3ccc(C(F)(F)F)cc3)c12)C1CC1,C[C@@H](Nc1nc(C(=O)O)nc2nc(-c3cnc(N(C)C)nc3)n(Cc3ccc(C(F)(F)F)cc3)c12)C1CC1,1024.0,5.9897000433601875,5.9897000433601875,,1,intermediate
CHEMBL5763327,C[C@@H](Nc1nc(C(=O)O)nc2nc(-c3cnc(O)c(F)c3)n(Cc3ccc(C(F)(F)F)cc3)c12)C1CC1,C[C@@H](Nc1nc(C(=O)O)nc2nc(-c3cnc(O)c(F)c3)n(Cc3ccc(C(F)(F)F)cc3)c12)C1CC1,1232.0,5.909389292171593,5.909389292171593,,1,intermediate
CHEMBL5908216,C[C@@H](Nc1nc(C(=O)O)nc2nc(-c3cnn(C)c3)n(Cc3ccc(C(F)(F)F)cc3)c12)C1CC1,C[C@@H](Nc1nc(C(=O)O)nc2nc(-c3cnn(C)c3)n(Cc3ccc(C(F)(F)F)cc3)c12)C1CC1,510.0,6.292429823902063,6.292429823902063,,1,active
CHEMBL6050672,C[C@@H](Nc1nc(C(=O)O)nc2nc(-c3cnn(C)c3)n(Cc3ccc(C(F)(F)F)cc3)c12)C1CCC1,C[C@@H](Nc1nc(C(=O)O)nc2nc(-c3cnn(C)c3)n(Cc3ccc(C(F)(F)F)cc3)c12)C1CCC1,189.4,6.722620025332745,6.722620025332745,,1,active
CHEMBL5872469,C[C@@H](Nc1nc(C(=O)O)nc2nc(-c3nccc4ccccc34)n(Cc3ccc(C(F)(F)F)cc3)c12)C1CCC1,C[C@@H](Nc1nc(C(=O)O)nc2nc(-c3nccc4ccccc34)n(Cc3ccc(C(F)(F)F)cc3)c12)C1CCC1,27.3,7.5638373529592435,7.5638373529592435,,1,active
CHEMBL5914829,C[C@@H](Nc1nc(C(=O)O)nc2nc(-c3ncccc3-c3ccccc3)n(Cc3ccc(C(F)(F)F)cc3)c12)C1CCC1,C[C@@H](Nc1nc(C(=O)O)nc2nc(-c3ncccc3-c3ccccc3)n(Cc3ccc(C(F)(F)F)cc3)c12)C1CCC1,6.118,8.21339052735134,8.21339052735134,,1,active
CHEMBL5847787,C[C@@H](Nc1nc(C(=O)O)nc2nc(-c3ncccc3C(F)(F)F)n(Cc3ccc(C(F)(F)F)cc3)c12)C1CCC1,C[C@@H](Nc1nc(C(=O)O)nc2nc(-c3ncccc3C(F)(F)F)n(Cc3ccc(C(F)(F)F)cc3)c12)C1CCC1,47.9,7.319664486585436,7.319664486585436,,1,active
CHEMBL6030067,C[C@@H](Nc1nc(C(=O)O)nc2nc(-c3ncccn3)n(Cc3ccc(C(F)(F)F)cc3)c12)C1CCC1,C[C@@H](Nc1nc(C(=O)O)nc2nc(-c3ncccn3)n(Cc3ccc(C(F)(F)F)cc3)c12)C1CCC1,69.82,7.156020155521841,7.156020155521841,,1,active
CHEMBL6012158,C[C@@H](Nc1nc(C(=O)O)nc2nc(-c3nccn3C)n(Cc3ccc(C(F)(F)F)cc3)c12)C1CCC1,C[C@@H](Nc1nc(C(=O)O)nc2nc(-c3nccn3C)n(Cc3ccc(C(F)(F)F)cc3)c12)C1CCC1,160.6,6.794254459057338,6.794254459057338,,1,active
CHEMBL5816136,C[C@@H](Nc1nc(C(=O)O)nc2nc(-c3ncco3)n(Cc3ccc(C(F)(F)F)cc3)c12)C1CCC1,C[C@@H](Nc1nc(C(=O)O)nc2nc(-c3ncco3)n(Cc3ccc(C(F)(F)F)cc3)c12)C1CCC1,30.04,7.522300071667869,7.522300071667869,,1,active
CHEMBL5934558,C[C@@H](Nc1nc(C(=O)O)nc2nc(-c3nccs3)n(C[C@H]3CC[C@H](C)CC3)c12)C1CCC1,C[C@@H](Nc1nc(C(=O)O)nc2nc(-c3nccs3)n(C[C@H]3CC[C@H](C)CC3)c12)C1CCC1,2.451,8.610656688747921,8.610656688747921,,1,active
CHEMBL5831200,C[C@@H](Nc1nc(C(=O)O)nc2nc(-c3nccs3)n(Cc3ccc(C(F)(F)F)cc3)c12)C1CCC1,C[C@@H](Nc1nc(C(=O)O)nc2nc(-c3nccs3)n(Cc3ccc(C(F)(F)F)cc3)c12)C1CCC1,7.86,8.104577453960593,8.104577453960593,,1,active
CHEMBL5745234,C[C@@H](Nc1nc(C(=O)O)nc2nc(-c3nccs3)n(Cc3ccc(Cl)cc3)c12)C1CC1,C[C@@H](Nc1nc(C(=O)O)nc2nc(-c3nccs3)n(Cc3ccc(Cl)cc3)c12)C1CC1,98.8,7.005243055412372,7.005243055412372,,1,active
CHEMBL6038044,C[C@@H](Nc1nc(C(=O)O)nc2nc(C(=O)N3CCCC(C)(C)C3)n(Cc3ccc(C(F)(F)F)cc3)c12)C1CCC1,C[C@@H](Nc1nc(C(=O)O)nc2nc(C(=O)N3CCCC(C)(C)C3)n(Cc3ccc(C(F)(F)F)cc3)c12)C1CCC1,22.29,7.651889931519762,7.651889931519762,,1,active
CHEMBL5965468,C[C@@H](Nc1nc(C(=O)O)nc2nc(C(=O)NC3CCCCC3)n(Cc3ccc(C(F)(F)F)cc3)c12)C1CCC1,C[C@@H](Nc1nc(C(=O)O)nc2nc(C(=O)NC3CCCCC3)n(Cc3ccc(C(F)(F)F)cc3)c12)C1CCC1,68.04,7.1672356950594684,7.1672356950594684,,1,active
CHEMBL5994076,C[C@@H](Nc1nc(C(=O)O)nc2nc(C(=O)NCC3CC3)n(Cc3ccc(C(F)(F)F)cc3)c12)C1CCC1,C[C@@H](Nc1nc(C(=O)O)nc2nc(C(=O)NCC3CC3)n(Cc3ccc(C(F)(F)F)cc3)c12)C1CCC1,67.67,7.169603823516531,7.169603823516531,,1,active
CHEMBL5991881,C[C@@H](Nc1nc(C(=O)O)nc2nc(C(=O)NCc3ccccc3)n(Cc3ccc(C(F)(F)F)cc3)c12)C1CCC1,C[C@@H](Nc1nc(C(=O)O)nc2nc(C(=O)NCc3ccccc3)n(Cc3ccc(C(F)(F)F)cc3)c12)C1CCC1,58.92,7.229737261829406,7.229737261829406,,1,active
CHEMBL6022342,C[C@@H](Nc1nc(C(=O)O)nc2nc(C(=O)N[C@@H](CO)c3ccccc3)n(Cc3ccc(C(F)(F)F)cc3)c12)C1CCC1,C[C@@H](Nc1nc(C(=O)O)nc2nc(C(=O)N[C@@H](CO)c3ccccc3)n(Cc3ccc(C(F)(F)F)cc3)c12)C1CCC1,201.6,6.6955094722265125,6.6955094722265125,,1,active
CHEMBL5767684,C[C@@H](Nc1nc(C(=O)O)nc2nc(C(=O)Nc3ccccc3)n(Cc3ccc(C(F)(F)F)cc3)c12)C1CCC1,C[C@@H](Nc1nc(C(=O)O)nc2nc(C(=O)Nc3ccccc3)n(Cc3ccc(C(F)(F)F)cc3)c12)C1CCC1,188.9,6.7237680420781665,6.7237680420781665,,1,active
CHEMBL6029767,C[C@@H](Nc1nc(C(=O)O)nc2nc(C(C)(C)c3ccccc3)n(C[C@H]3CC[C@H](C)CC3)c12)C1CCC1,C[C@@H](Nc1nc(C(=O)O)nc2nc(C(C)(C)c3ccccc3)n(C[C@H]3CC[C@H](C)CC3)c12)C1CCC1,3.451,8.462055040708513,8.462055040708513,,1,active
CHEMBL6043083,C[C@@H](Nc1nc(C(=O)O)nc2nc(C3(c4ccccc4)CC3)n(C[C@H]3CC[C@H](C)CC3)c12)C1CCC1,C[C@@H](Nc1nc(C(=O)O)nc2nc(C3(c4ccccc4)CC3)n(C[C@H]3CC[C@H](C)CC3)c12)C1CCC1,2.585,8.587539452570038,8.587539452570038,,1,active
CHEMBL5788181,C[C@@H](Nc1nc(C(=O)O)nc2nc(C3(c4ccccc4)CC3)n(Cc3ccc(C(F)(F)F)cc3)c12)C1CCC1,C[C@@H](Nc1nc(C(=O)O)nc2nc(C3(c4ccccc4)CC3)n(Cc3ccc(C(F)(F)F)cc3)c12)C1CCC1,8.575,8.066765871285192,8.066765871285192,,1,active
CHEMBL6031684,C[C@@H](Nc1nc(C(=O)O)nc2nc(C3(c4ccccc4)CCC3)n(C[C@H]3CC[C@H](C)CC3)c12)C1CCC1,C[C@@H](Nc1nc(C(=O)O)nc2nc(C3(c4ccccc4)CCC3)n(C[C@H]3CC[C@H](C)CC3)c12)C1CCC1,1.455,8.837137006678073,8.837137006678073,,1,active
CHEMBL5753023,C[C@@H](Nc1nc(C(=O)O)nc2nc(C3=C(c4ccccc4)CCC3)n(Cc3ccc(C(F)(F)F)cc3)c12)C1CCC1,C[C@@H](Nc1nc(C(=O)O)nc2nc(C3=C(c4ccccc4)CCC3)n(Cc3ccc(C(F)(F)F)cc3)c12)C1CCC1,6.987,8.155709256745657,8.155709256745657,,1,active
CHEMBL6050434,C[C@@H](Nc1nc(C(=O)O)nc2nc(C3=C(c4ccccc4)CCCC3)n(C[C@H]3CC[C@H](C)CC3)c12)C1CCC1,C[C@@H](Nc1nc(C(=O)O)nc2nc(C3=C(c4ccccc4)CCCC3)n(C[C@H]3CC[C@H](C)CC3)c12)C1CCC1,6.495,8.187420844590953,8.187420844590953,,1,active
CHEMBL5847847,C[C@@H](Nc1nc(C(=O)O)nc2nc(C3=C(c4ccccc4)CCCC3)n(Cc3ccc(C(F)(F)F)cc3)c12)C1CCC1,C[C@@H](Nc1nc(C(=O)O)nc2nc(C3=C(c4ccccc4)CCCC3)n(Cc3ccc(C(F)(F)F)cc3)c12)C1CCC1,5.817,8.235300936201632,8.235300936201632,,1,active
CHEMBL6038444,C[C@@H](Nc1nc(C(=O)O)nc2nc(C3=N[C@H](c4ccccc4)CO3)n(Cc3ccc(C(F)(F)F)cc3)c12)C1CCC1,C[C@@H](Nc1nc(C(=O)O)nc2nc(C3=N[C@H](c4ccccc4)CO3)n(Cc3ccc(C(F)(F)F)cc3)c12)C1CCC1,28.35,7.547446936771075,7.547446936771075,,1,active
CHEMBL5903347,C[C@@H](Nc1nc(C(=O)O)nc2nc(C3CC3)n(Cc3ccc(Cl)cc3)c12)C1CC1,C[C@@H](Nc1nc(C(=O)O)nc2nc(C3CC3)n(Cc3ccc(Cl)cc3)c12)C1CC1,264.9,6.576918041702768,6.576918041702768,,1,active
CHEMBL5897869,C[C@@H](Nc1nc(C(=O)O)nc2nc(C3CCCC(=O)C3c3ccccc3)n(Cc3ccc(C(F)(F)F)cc3)c12)C1CCC1,C[C@@H](Nc1nc(C(=O)O)nc2nc(C3CCCC(=O)C3c3ccccc3)n(Cc3ccc(C(F)(F)F)cc3)c12)C1CCC1,8.724,8.059284343093337,8.059284343093337,,1,active
CHEMBL5862389,C[C@@H](Nc1nc(C(=O)O)nc2nc(C3CCCC3c3ccccc3)n(Cc3ccc(C(F)(F)F)cc3)c12)C1CCC1,C[C@@H](Nc1nc(C(=O)O)nc2nc(C3CCCC3c3ccccc3)n(Cc3ccc(C(F)(F)F)cc3)c12)C1CCC1,13.9435,8.221841451178967,8.221841451178967,,2,active
CHEMBL5990302,C[C@@H](Nc1nc(C(=O)O)nc2nc(C3CCCCC3)n(C[C@H]3CC[C@H](C)CC3)c12)C1CCC1,C[C@@H](Nc1nc(C(=O)O)nc2nc(C3CCCCC3)n(C[C@H]3CC[C@H](C)CC3)c12)C1CCC1,2.684,8.571217488503045,8.571217488503045,,1,active
CHEMBL5929802,C[C@@H](Nc1nc(C(=O)O)nc2nc(C3CCCCC3)n(Cc3ccc(C(F)(F)F)cc3)c12)C1CCC1,C[C@@H](Nc1nc(C(=O)O)nc2nc(C3CCCCC3)n(Cc3ccc(C(F)(F)F)cc3)c12)C1CCC1,11.47,7.940436582098732,7.940436582098732,,1,active
CHEMBL5922035,C[C@@H](Nc1nc(C(=O)O)nc2nc(C3CCCCC3c3ccccc3)n(C[C@H]3CC[C@H](C)CC3)c12)C1CCC1,C[C@@H](Nc1nc(C(=O)O)nc2nc(C3CCCCC3c3ccccc3)n(C[C@H]3CC[C@H](C)CC3)c12)C1CCC1,4.303,8.366228653917444,8.366228653917444,,1,active
CHEMBL5969567,C[C@@H](Nc1nc(C(=O)O)nc2nc(C3CCCCC3c3ccccc3)n(Cc3ccc(C(F)(F)F)cc3)c12)C1CCC1,C[C@@H](Nc1nc(C(=O)O)nc2nc(C3CCCCC3c3ccccc3)n(Cc3ccc(C(F)(F)F)cc3)c12)C1CCC1,4.571,8.33998877871067,8.33998877871067,,3,active
CHEMBL5837844,C[C@@H](Nc1nc(C(=O)O)nc2nc(C3CCCCN3)n(Cc3ccc(C(F)(F)F)cc3)c12)C1CCC1,C[C@@H](Nc1nc(C(=O)O)nc2nc(C3CCCCN3)n(Cc3ccc(C(F)(F)F)cc3)c12)C1CCC1,96.29,7.01641881329421,7.01641881329421,,1,active
CHEMBL5739693,C[C@@H](Nc1nc(C(=O)O)nc2nc(C3CCCCN3C)n(Cc3ccc(C(F)(F)F)cc3)c12)C1CCC1,C[C@@H](Nc1nc(C(=O)O)nc2nc(C3CCCCN3C)n(Cc3ccc(C(F)(F)F)cc3)c12)C1CCC1,48.03,7.318487413361038,7.318487413361038,,1,active
CHEMBL5931477,C[C@@H](Nc1nc(C(=O)O)nc2nc(C3COCC3c3ccccc3)n(Cc3ccc(C(F)(F)F)cc3)c12)C1CCC1,C[C@@H](Nc1nc(C(=O)O)nc2nc(C3COCC3c3ccccc3)n(Cc3ccc(C(F)(F)F)cc3)c12)C1CCC1,16.245,7.981242927568596,7.981242927568596,,2,active
CHEMBL5762444,C[C@@H](Nc1nc(C(=O)O)nc2nc(CC(C)(C)C)n(C[C@H]3CC[C@H](C)CC3)c12)C1CCC1,C[C@@H](Nc1nc(C(=O)O)nc2nc(CC(C)(C)C)n(C[C@H]3CC[C@H](C)CC3)c12)C1CCC1,13.88,7.857610533881164,7.857610533881164,,1,active
CHEMBL5834817,C[C@@H](Nc1nc(C(=O)O)nc2nc(CN(C)C3CCCCC3)n(Cc3ccc(C(F)(F)F)cc3)c12)C1CCC1,C[C@@H](Nc1nc(C(=O)O)nc2nc(CN(C)C3CCCCC3)n(Cc3ccc(C(F)(F)F)cc3)c12)C1CCC1,4.532,8.343710098808641,8.343710098808641,,1,active
CHEMBL5984809,C[C@@H](Nc1nc(C(=O)O)nc2nc(CN(C)Cc3ccccc3)n(Cc3ccc(C(F)(F)F)cc3)c12)C1CCC1,C[C@@H](Nc1nc(C(=O)O)nc2nc(CN(C)Cc3ccccc3)n(Cc3ccc(C(F)(F)F)cc3)c12)C1CCC1,47.73,7.321208565633756,7.321208565633756,,1,active
CHEMBL5982913,C[C@@H](Nc1nc(C(=O)O)nc2nc(COCc3ccccc3)n(Cc3ccc(C(F)(F)F)cc3)c12)C1CCC1,C[C@@H](Nc1nc(C(=O)O)nc2nc(COCc3ccccc3)n(Cc3ccc(C(F)(F)F)cc3)c12)C1CCC1,21.55,7.66655272550325,7.66655272550325,,1,active
CHEMBL5782127,C[C@@H](Nc1nc(C(=O)O)nc2nc(COc3ccccc3)n(Cc3ccc(C(F)(F)F)cc3)c12)C1CCC1,C[C@@H](Nc1nc(C(=O)O)nc2nc(COc3ccccc3)n(Cc3ccc(C(F)(F)F)cc3)c12)C1CCC1,37.53,7.425621435586917,7.425621435586917,,1,active
CHEMBL5931211,C[C@@H](Nc1nc(C(=O)O)nc2nc(Cc3ccccc3)n(Cc3ccc(C(F)(F)F)cc3)c12)C1CCC1,C[C@@H](Nc1nc(C(=O)O)nc2nc(Cc3ccccc3)n(Cc3ccc(C(F)(F)F)cc3)c12)C1CCC1,3.655,8.43711261870612,8.43711261870612,,1,active
CHEMBL6053363,C[C@@H](Nc1nc(C(=O)O)nc2nc(Cc3ccccc3)n(Cc3ccc(Cl)cc3)c12)C1CC1,C[C@@H](Nc1nc(C(=O)O)nc2nc(Cc3ccccc3)n(Cc3ccc(Cl)cc3)c12)C1CC1,28.1,7.55129368009492,7.55129368009492,,1,active
CHEMBL6038183,C[C@@H](Nc1nc(C(=O)O)nc2nc(N(C)C(=O)C3CCCCC3)n(Cc3ccc(C(F)(F)F)cc3)c12)C1CCC1,C[C@@H](Nc1nc(C(=O)O)nc2nc(N(C)C(=O)C3CCCCC3)n(Cc3ccc(C(F)(F)F)cc3)c12)C1CCC1,14.07,7.8517059025652545,7.8517059025652545,,1,active
CHEMBL5999977,C[C@@H](Nc1nc(C(=O)O)nc2nc(N(C)C3CCCCC3)n(Cc3ccc(C(F)(F)F)cc3)c12)C1CCC1,C[C@@H](Nc1nc(C(=O)O)nc2nc(N(C)C3CCCCC3)n(Cc3ccc(C(F)(F)F)cc3)c12)C1CCC1,7.4,8.130768280269024,8.130768280269024,,1,active
CHEMBL5790841,C[C@@H](Nc1nc(C(=O)O)nc2nc(N(C)Cc3ccccc3)n(Cc3ccc(C(F)(F)F)cc3)c12)C1CCC1,C[C@@H](Nc1nc(C(=O)O)nc2nc(N(C)Cc3ccccc3)n(Cc3ccc(C(F)(F)F)cc3)c12)C1CCC1,5.616,8.25057290087825,8.25057290087825,,1,active
CHEMBL5801242,C[C@@H](Nc1nc(C(=O)O)nc2nc(N(C)[C@@H](C)c3ccccc3)n(Cc3ccc(C(F)(F)F)cc3)c12)C1CCC1,C[C@@H](Nc1nc(C(=O)O)nc2nc(N(C)[C@@H](C)c3ccccc3)n(Cc3ccc(C(F)(F)F)cc3)c12)C1CCC1,21.63,7.6649434805609085,7.6649434805609085,,1,active
CHEMBL5972619,C[C@@H](Nc1nc(C(=O)O)nc2nc(N(C)c3ccccc3)n(Cc3ccc(C(F)(F)F)cc3)c12)C1CCC1,C[C@@H](Nc1nc(C(=O)O)nc2nc(N(C)c3ccccc3)n(Cc3ccc(C(F)(F)F)cc3)c12)C1CCC1,20.73,7.683400697906139,7.683400697906139,,1,active
CHEMBL5868860,C[C@@H](Nc1nc(C(=O)O)nc2nc(N(CC3CC3)[C@@H](C)c3ccccc3)n(Cc3ccc(C(F)(F)F)cc3)c12)C1CCC1,C[C@@H](Nc1nc(C(=O)O)nc2nc(N(CC3CC3)[C@@H](C)c3ccccc3)n(Cc3ccc(C(F)(F)F)cc3)c12)C1CCC1,35.27,7.452594540332511,7.452594540332511,,1,active
CHEMBL6012983,C[C@@H](Nc1nc(C(=O)O)nc2nc(N3C4CCC3COC4)n(Cc3ccc(C(F)(F)F)cc3)c12)C1CCC1,C[C@@H](Nc1nc(C(=O)O)nc2nc(N3C4CCC3COC4)n(Cc3ccc(C(F)(F)F)cc3)c12)C1CCC1,15.93,7.797784224198868,7.797784224198868,,1,active
CHEMBL5820969,C[C@@H](Nc1nc(C(=O)O)nc2nc(N3C4CCCC3CC4)n(C[C@H]3CC[C@H](C)CC3)c12)C1CCC1,C[C@@H](Nc1nc(C(=O)O)nc2nc(N3C4CCCC3CC4)n(C[C@H]3CC[C@H](C)CC3)c12)C1CCC1,3.57,8.447331783887806,8.447331783887806,,1,active
CHEMBL5877539,C[C@@H](Nc1nc(C(=O)O)nc2nc(N3C4CCCC3CC4)n(Cc3ccc(C(F)(F)F)cc3)c12)C1CCC1,C[C@@H](Nc1nc(C(=O)O)nc2nc(N3C4CCCC3CC4)n(Cc3ccc(C(F)(F)F)cc3)c12)C1CCC1,1.934,8.713543530253018,8.713543530253018,,1,active
CHEMBL5835599,C[C@@H](Nc1nc(C(=O)O)nc2nc(N3CC(C)(C)OC(C)(C)C3)n(Cc3ccc(C(F)(F)F)cc3)c12)C1CCC1,C[C@@H](Nc1nc(C(=O)O)nc2nc(N3CC(C)(C)OC(C)(C)C3)n(Cc3ccc(C(F)(F)F)cc3)c12)C1CCC1,12.4,7.906578314837764,7.906578314837764,,1,active
CHEMBL5988492,C[C@@H](Nc1nc(C(=O)O)nc2nc(N3CCC3c3ccccc3)n(Cc3ccc(C(F)(F)F)cc3)c12)C1CCC1,C[C@@H](Nc1nc(C(=O)O)nc2nc(N3CCC3c3ccccc3)n(Cc3ccc(C(F)(F)F)cc3)c12)C1CCC1,23.86,7.622329560665677,7.622329560665677,,1,active
CHEMBL5964149,C[C@@H](Nc1nc(C(=O)O)nc2nc(N3CCC4CCCCC4C3)n(C[C@H]3CC[C@H](C)CC3)c12)C1CCC1,C[C@@H](Nc1nc(C(=O)O)nc2nc(N3CCC4CCCCC4C3)n(C[C@H]3CC[C@H](C)CC3)c12)C1CCC1,17.99,7.744968836654449,7.744968836654449,,1,active
CHEMBL5903398,C[C@@H](Nc1nc(C(=O)O)nc2nc(N3CCCC(C)(C)C3)n(Cc3ccc(C(F)(F)F)cc3)c12)C1CCC1,C[C@@H](Nc1nc(C(=O)O)nc2nc(N3CCCC(C)(C)C3)n(Cc3ccc(C(F)(F)F)cc3)c12)C1CCC1,7.566,8.121133663043274,8.121133663043274,,1,active
CHEMBL5806698,C[C@@H](Nc1nc(C(=O)O)nc2nc(N3CCCC(c4ccccc4)C3)n(Cc3ccc(C(F)(F)F)cc3)c12)C1CCC1,C[C@@H](Nc1nc(C(=O)O)nc2nc(N3CCCC(c4ccccc4)C3)n(Cc3ccc(C(F)(F)F)cc3)c12)C1CCC1,27.3,7.5638373529592435,7.5638373529592435,,1,active
CHEMBL5829859,C[C@@H](Nc1nc(C(=O)O)nc2nc(N3CCCC34CCc3ccccc34)n(Cc3ccc(C(F)(F)F)cc3)c12)C1CCC1,C[C@@H](Nc1nc(C(=O)O)nc2nc(N3CCCC34CCc3ccccc34)n(Cc3ccc(C(F)(F)F)cc3)c12)C1CCC1,12.89,7.889747082646597,7.889747082646597,,1,active
CHEMBL6053512,C[C@@H](Nc1nc(C(=O)O)nc2nc(N3CCCC3c3cccc(F)c3)n(C[C@H]3CC[C@H](C)CC3)c12)C1CCC1,C[C@@H](Nc1nc(C(=O)O)nc2nc(N3CCCC3c3cccc(F)c3)n(C[C@H]3CC[C@H](C)CC3)c12)C1CCC1,1.521,8.817870785947001,8.817870785947001,,1,active
CHEMBL5993474,C[C@@H](Nc1nc(C(=O)O)nc2nc(N3CCCC3c3cccc(F)c3)n(Cc3ccc(C(F)(F)F)cc3)c12)C1CCC1,C[C@@H](Nc1nc(C(=O)O)nc2nc(N3CCCC3c3cccc(F)c3)n(Cc3ccc(C(F)(F)F)cc3)c12)C1CCC1,10.16,7.993106292052099,7.993106292052099,,1,active
CHEMBL5959882,C[C@@H](Nc1nc(C(=O)O)nc2nc(N3CCCC3c3ccccc3)n(Cc3ccc(C(F)(F)F)cc3)c12)C1CCC1,C[C@@H](Nc1nc(C(=O)O)nc2nc(N3CCCC3c3ccccc3)n(Cc3ccc(C(F)(F)F)cc3)c12)C1CCC1,11.38,7.943857737940948,7.943857737940948,,3,active
CHEMBL5974685,C[C@@H](Nc1nc(C(=O)O)nc2nc(N3CCCC4CCCCC43)n(C[C@H]3CC[C@H](C)CC3)c12)C1CCC1,C[C@@H](Nc1nc(C(=O)O)nc2nc(N3CCCC4CCCCC43)n(C[C@H]3CC[C@H](C)CC3)c12)C1CCC1,2.225,8.690159705939642,8.690159705939642,,2,active
CHEMBL5999544,C[C@@H](Nc1nc(C(=O)O)nc2nc(N3CCCCC3)n(Cc3ccc(C(F)(F)F)cc3)c12)C1CCC1,C[C@@H](Nc1nc(C(=O)O)nc2nc(N3CCCCC3)n(Cc3ccc(C(F)(F)F)cc3)c12)C1CCC1,17.61,7.754240644032723,7.754240644032723,,1,active
CHEMBL6015490,C[C@@H](Nc1nc(C(=O)O)nc2nc(N3CCCCC3C3CCCCC3)n(C[C@H]3CC[C@H](C)CC3)c12)C1CCC1,C[C@@H](Nc1nc(C(=O)O)nc2nc(N3CCCCC3C3CCCCC3)n(C[C@H]3CC[C@H](C)CC3)c12)C1CCC1,1.558,8.807432546663454,8.807432546663454,,1,active
CHEMBL5918795,C[C@@H](Nc1nc(C(=O)O)nc2nc(N3CCCCC3C3CCCCC3)n(Cc3ccc(C(F)(F)F)cc3)c12)C1CCC1,C[C@@H](Nc1nc(C(=O)O)nc2nc(N3CCCCC3C3CCCCC3)n(Cc3ccc(C(F)(F)F)cc3)c12)C1CCC1,4.589,8.33828194230534,8.33828194230534,,1,active
CHEMBL5807770,C[C@@H](Nc1nc(C(=O)O)nc2nc(N3CCCCC3Cc3ccc(F)cc3)n(C[C@H]3CC[C@H](C)CC3)c12)C1CCC1,C[C@@H](Nc1nc(C(=O)O)nc2nc(N3CCCCC3Cc3ccc(F)cc3)n(C[C@H]3CC[C@H](C)CC3)c12)C1CCC1,11.57,7.936666641048251,7.936666641048251,,1,active
CHEMBL5850730,C[C@@H](Nc1nc(C(=O)O)nc2nc(N3CCCCC3Cc3ccc(F)cc3)n(Cc3ccc(C(F)(F)F)cc3)c12)C1CCC1,C[C@@H](Nc1nc(C(=O)O)nc2nc(N3CCCCC3Cc3ccc(F)cc3)n(Cc3ccc(C(F)(F)F)cc3)c12)C1CCC1,7.916,8.10149421446564,8.10149421446564,,1,active
CHEMBL5766459,C[C@@H](Nc1nc(C(=O)O)nc2nc(N3CCCCC3Cc3cccc(C(F)(F)F)c3)n(Cc3ccc(C(F)(F)F)cc3)c12)C1CCC1,C[C@@H](Nc1nc(C(=O)O)nc2nc(N3CCCCC3Cc3cccc(C(F)(F)F)c3)n(Cc3ccc(C(F)(F)F)cc3)c12)C1CCC1,110.3,6.957424487559809,6.957424487559809,,1,active
CHEMBL5982174,C[C@@H](Nc1nc(C(=O)O)nc2nc(N3CCCCC3Cc3ccccc3)n(Cc3ccc(C(F)(F)F)cc3)c12)C1CCC1,C[C@@H](Nc1nc(C(=O)O)nc2nc(N3CCCCC3Cc3ccccc3)n(Cc3ccc(C(F)(F)F)cc3)c12)C1CCC1,20.73,7.683400697906139,7.683400697906139,,1,active
CHEMBL6056120,C[C@@H](Nc1nc(C(=O)O)nc2nc(N3CCCCC3c3ccc(F)cc3)n(C[C@H]3CC[C@H](C)CC3)c12)C1CCC1,C[C@@H](Nc1nc(C(=O)O)nc2nc(N3CCCCC3c3ccc(F)cc3)n(C[C@H]3CC[C@H](C)CC3)c12)C1CCC1,4.423,8.354283060630395,8.354283060630395,,1,active
CHEMBL5746787,C[C@@H](Nc1nc(C(=O)O)nc2nc(N3CCCCC3c3ccc(F)cc3)n(Cc3ccc(C(F)(F)F)cc3)c12)C1CCC1,C[C@@H](Nc1nc(C(=O)O)nc2nc(N3CCCCC3c3ccc(F)cc3)n(Cc3ccc(C(F)(F)F)cc3)c12)C1CCC1,10.56,7.976336081802207,7.976336081802207,,1,active
CHEMBL5913276,C[C@@H](Nc1nc(C(=O)O)nc2nc(N3CCCCC3c3cccc(F)c3)n(C[C@H]3CC[C@H](C)CC3)c12)C1CCC1,C[C@@H](Nc1nc(C(=O)O)nc2nc(N3CCCCC3c3cccc(F)c3)n(C[C@H]3CC[C@H](C)CC3)c12)C1CCC1,2.843,8.546223140309557,8.546223140309557,,1,active
CHEMBL6018911,C[C@@H](Nc1nc(C(=O)O)nc2nc(N3CCCCC3c3cccc(F)c3)n(Cc3ccc(C(F)(F)F)cc3)c12)C1CCC1,C[C@@H](Nc1nc(C(=O)O)nc2nc(N3CCCCC3c3cccc(F)c3)n(Cc3ccc(C(F)(F)F)cc3)c12)C1CCC1,14.04,7.852632892206214,7.852632892206214,,1,active
CHEMBL5975331,C[C@@H](Nc1nc(C(=O)O)nc2nc(N3CCCCC3c3ccccc3)n(Cc3ccc(C(F)(F)F)c(F)c3)c12)C1CCC1,C[C@@H](Nc1nc(C(=O)O)nc2nc(N3CCCCC3c3ccccc3)n(Cc3ccc(C(F)(F)F)c(F)c3)c12)C1CCC1,6.559,8.183162369097964,8.183162369097964,,1,active
CHEMBL6006687,C[C@@H](Nc1nc(C(=O)O)nc2nc(N3CCCCC3c3ccccc3)n(Cc3ccc(C(F)(F)F)cc3)c12)C1CCC1,C[C@@H](Nc1nc(C(=O)O)nc2nc(N3CCCCC3c3ccccc3)n(Cc3ccc(C(F)(F)F)cc3)c12)C1CCC1,38.9275,7.7827903249709465,7.7827903249709465,,2,active
CHEMBL5827434,C[C@@H](Nc1nc(C(=O)O)nc2nc(N3CCCCC3c3ccccn3)n(C[C@H]3CC[C@H](C)CC3)c12)C1CCC1,C[C@@H](Nc1nc(C(=O)O)nc2nc(N3CCCCC3c3ccccn3)n(C[C@H]3CC[C@H](C)CC3)c12)C1CCC1,2.716,8.566070234391535,8.566070234391535,,1,active
CHEMBL5770397,C[C@@H](Nc1nc(C(=O)O)nc2nc(N3CCCCC3c3ccccn3)n(Cc3ccc(C(F)(F)F)cc3)c12)C1CCC1,C[C@@H](Nc1nc(C(=O)O)nc2nc(N3CCCCC3c3ccccn3)n(Cc3ccc(C(F)(F)F)cc3)c12)C1CCC1,26.38,7.5787252087896535,7.5787252087896535,,1,active
CHEMBL5961352,C[C@@H](Nc1nc(C(=O)O)nc2nc(N3CCCCC3c3cccnc3)n(C[C@H]3CC[C@H](C)CC3)c12)C1CCC1,C[C@@H](Nc1nc(C(=O)O)nc2nc(N3CCCCC3c3cccnc3)n(C[C@H]3CC[C@H](C)CC3)c12)C1CCC1,0.8947,9.048322562656699,9.048322562656699,,1,active
CHEMBL5947820,C[C@@H](Nc1nc(C(=O)O)nc2nc(N3CCCCC3c3cccnc3)n(Cc3ccc(C(F)(F)F)cc3)c12)C1CCC1,C[C@@H](Nc1nc(C(=O)O)nc2nc(N3CCCCC3c3cccnc3)n(Cc3ccc(C(F)(F)F)cc3)c12)C1CCC1,110.5,6.95663772197887,6.95663772197887,,1,active
CHEMBL5786777,C[C@@H](Nc1nc(C(=O)O)nc2nc(N3CCCCC3c3ccncc3)n(Cc3ccc(C(F)(F)F)cc3)c12)C1CCC1,C[C@@H](Nc1nc(C(=O)O)nc2nc(N3CCCCC3c3ccncc3)n(Cc3ccc(C(F)(F)F)cc3)c12)C1CCC1,16.6,7.779891911959945,7.779891911959945,,1,active
CHEMBL5946017,C[C@@H](Nc1nc(C(=O)O)nc2nc(N3CCCC[C@@H]3c3ccccc3)n(C[C@H]3CC[C@H](C)CC3)c12)C1CCC1,C[C@@H](Nc1nc(C(=O)O)nc2nc(N3CCCC[C@@H]3c3ccccc3)n(C[C@H]3CC[C@H](C)CC3)c12)C1CCC1,2.819,8.549904924128398,8.549904924128398,,1,active
CHEMBL6048361,C[C@@H](Nc1nc(C(=O)O)nc2nc(N3CCCC[C@@H]3c3ccccc3)n(Cc3ccc(C(F)(F)F)cc3)c12)C1CCC1,C[C@@H](Nc1nc(C(=O)O)nc2nc(N3CCCC[C@@H]3c3ccccc3)n(Cc3ccc(C(F)(F)F)cc3)c12)C1CCC1,17.27,7.7627076624325415,7.7627076624325415,,1,active
CHEMBL5852672,C[C@@H](Nc1nc(C(=O)O)nc2nc(N3CCCC[C@H]3c3ccccc3)n(C[C@H]3CC[C@H](C)CC3)c12)C1CCC1,C[C@@H](Nc1nc(C(=O)O)nc2nc(N3CCCC[C@H]3c3ccccc3)n(C[C@H]3CC[C@H](C)CC3)c12)C1CCC1,0.3806,9.419531216048998,9.419531216048998,,1,active
CHEMBL6049372,C[C@@H](Nc1nc(C(=O)O)nc2nc(N3CCCC[C@H]3c3ccccc3)n(Cc3ccc(C(F)(F)F)cc3)c12)C1CCC1,C[C@@H](Nc1nc(C(=O)O)nc2nc(N3CCCC[C@H]3c3ccccc3)n(Cc3ccc(C(F)(F)F)cc3)c12)C1CCC1,3.065,8.513569521145566,8.513569521145566,,1,active
CHEMBL5766603,C[C@@H](Nc1nc(C(=O)O)nc2nc(N3CCCc4ccccc43)n(Cc3ccc(C(F)(F)F)cc3)c12)C1CCC1,C[C@@H](Nc1nc(C(=O)O)nc2nc(N3CCCc4ccccc43)n(Cc3ccc(C(F)(F)F)cc3)c12)C1CCC1,10.36,7.984640244590786,7.984640244590786,,1,active
CHEMBL5948224,C[C@@H](Nc1nc(C(=O)O)nc2nc(N3CCN(C)CC3)n(Cc3ccc(C(F)(F)F)cc3)c12)C1CC1,C[C@@H](Nc1nc(C(=O)O)nc2nc(N3CCN(C)CC3)n(Cc3ccc(C(F)(F)F)cc3)c12)C1CC1,2350.0,5.628932137728263,5.628932137728263,,1,intermediate
CHEMBL5857629,C[C@@H](Nc1nc(C(=O)O)nc2nc(N3CCOC(C(F)(F)F)C3)n(Cc3ccc(C(F)(F)F)cc3)c12)C1CCC1,C[C@@H](Nc1nc(C(=O)O)nc2nc(N3CCOC(C(F)(F)F)C3)n(Cc3ccc(C(F)(F)F)cc3)c12)C1CCC1,25.23,7.598082749482425,7.598082749482425,,1,active
CHEMBL6010089,C[C@@H](Nc1nc(C(=O)O)nc2nc(N3CCOC(C)(C)C3)n(Cc3ccc(C(F)(F)F)cc3)c12)C1CCC1,C[C@@H](Nc1nc(C(=O)O)nc2nc(N3CCOC(C)(C)C3)n(Cc3ccc(C(F)(F)F)cc3)c12)C1CCC1,32.69,7.485585079419631,7.485585079419631,,1,active
CHEMBL5825153,C[C@@H](Nc1nc(C(=O)O)nc2nc(N3CCOC(c4ccccc4)C3)n(Cc3ccc(C(F)(F)F)cc3)c12)C1CCC1,C[C@@H](Nc1nc(C(=O)O)nc2nc(N3CCOC(c4ccccc4)C3)n(Cc3ccc(C(F)(F)F)cc3)c12)C1CCC1,12.43,7.905528871358355,7.905528871358355,,1,active
CHEMBL5904478,C[C@@H](Nc1nc(C(=O)O)nc2nc(N3CCOC4(CCCC4)C3)n(Cc3ccc(C(F)(F)F)cc3)c12)C1CCC1,C[C@@H](Nc1nc(C(=O)O)nc2nc(N3CCOC4(CCCC4)C3)n(Cc3ccc(C(F)(F)F)cc3)c12)C1CCC1,19.37,7.712870379280889,7.712870379280889,,1,active
CHEMBL5928956,C[C@@H](Nc1nc(C(=O)O)nc2nc(N3CCOCC3)n(Cc3ccc(C(F)(F)F)cc3)c12)C1CCC1,C[C@@H](Nc1nc(C(=O)O)nc2nc(N3CCOCC3)n(Cc3ccc(C(F)(F)F)cc3)c12)C1CCC1,51.8,7.285670240254767,7.285670240254767,,1,active
CHEMBL6001799,C[C@@H](Nc1nc(C(=O)O)nc2nc(N3CCOCC3)n(Cc3ccc(Cl)cc3)c12)C1CC1,C[C@@H](Nc1nc(C(=O)O)nc2nc(N3CCOCC3)n(Cc3ccc(Cl)cc3)c12)C1CC1,574.1,6.241012453132381,6.241012453132381,,1,active
CHEMBL5881036,C[C@@H](Nc1nc(C(=O)O)nc2nc(N3CCOC[C@@H]3C)n(Cc3ccc(C(F)(F)F)cc3)c12)C1CCC1,C[C@@H](Nc1nc(C(=O)O)nc2nc(N3CCOC[C@@H]3C)n(Cc3ccc(C(F)(F)F)cc3)c12)C1CCC1,15.23,7.817300096663957,7.817300096663957,,1,active
CHEMBL5928219,C[C@@H](Nc1nc(C(=O)O)nc2nc(N3CCOC[C@@H]3C)n(Cc3ccc(Cl)cc3)c12)C1CC1,C[C@@H](Nc1nc(C(=O)O)nc2nc(N3CCOC[C@@H]3C)n(Cc3ccc(Cl)cc3)c12)C1CC1,142.8,6.845271792559844,6.845271792559844,,1,active
CHEMBL5088712,C[C@@H](Nc1nc(C(=O)O)nc2nc(N3CCOC[C@@H]3c3ccccc3)n(Cc3ccc(C(F)(F)F)cc3)c12)C1CCC1,C[C@@H](Nc1nc(C(=O)O)nc2nc(N3CCOC[C@@H]3c3ccccc3)n(Cc3ccc(C(F)(F)F)cc3)c12)C1CCC1,120.5,6.919012953089113,6.919012953089113,,1,active
CHEMBL5803428,C[C@@H](Nc1nc(C(=O)O)nc2nc(N3CCOC[C@H]3c3ccccc3)n(C[C@H]3CC[C@H](C)CC3)c12)C(F)(F)F,C[C@@H](Nc1nc(C(=O)O)nc2nc(N3CCOC[C@H]3c3ccccc3)n(C[C@H]3CC[C@H](C)CC3)c12)C(F)(F)F,2.262,8.645507399410564,8.645507399410564,,1,active
CHEMBL5076169,C[C@@H](Nc1nc(C(=O)O)nc2nc(N3CCOC[C@H]3c3ccccc3)n(C[C@H]3CC[C@H](C)CC3)c12)C1CCC1,C[C@@H](Nc1nc(C(=O)O)nc2nc(N3CCOC[C@H]3c3ccccc3)n(C[C@H]3CC[C@H](C)CC3)c12)C1CCC1,0.2019,9.694863681056361,9.694863681056361,,1,active
CHEMBL5088618,C[C@@H](Nc1nc(C(=O)O)nc2nc(N3CCOC[C@H]3c3ccccc3)n(Cc3ccc(C(F)(F)F)cc3)c12)C1CCC1,C[C@@H](Nc1nc(C(=O)O)nc2nc(N3CCOC[C@H]3c3ccccc3)n(Cc3ccc(C(F)(F)F)cc3)c12)C1CCC1,1.756,8.755475488429916,8.755475488429916,,1,active
CHEMBL6013641,C[C@@H](Nc1nc(C(=O)O)nc2nc(N3CCc4ccccc4C3)n(C[C@H]3CC[C@H](C)CC3)c12)C1CCC1,C[C@@H](Nc1nc(C(=O)O)nc2nc(N3CCc4ccccc4C3)n(C[C@H]3CC[C@H](C)CC3)c12)C1CCC1,17.91,7.746904414150968,7.746904414150968,,1,active
CHEMBL5969543,C[C@@H](Nc1nc(C(=O)O)nc2nc(N3CCc4ccccc4C3)n(Cc3ccc(C(F)(F)F)cc3)c12)C1CCC1,C[C@@H](Nc1nc(C(=O)O)nc2nc(N3CCc4ccccc4C3)n(Cc3ccc(C(F)(F)F)cc3)c12)C1CCC1,10.59,7.975104039892515,7.975104039892515,,1,active
CHEMBL5793291,C[C@@H](Nc1nc(C(=O)O)nc2nc(N3C[C@H]4C[C@@H]3CO4)n(Cc3ccc(C(F)(F)F)cc3)c12)C1CCC1,C[C@@H](Nc1nc(C(=O)O)nc2nc(N3C[C@H]4C[C@@H]3CO4)n(Cc3ccc(C(F)(F)F)cc3)c12)C1CCC1,23.69,7.625434939277235,7.625434939277235,,1,active
CHEMBL5821505,C[C@@H](Nc1nc(C(=O)O)nc2nc(N3[C@@H]4CC[C@H]3C[C@H](Oc3ccc(Cl)c(F)c3)C4)n(Cc3ccc(C(F)(F)F)cc3)c12)C1CCC1,C[C@@H](Nc1nc(C(=O)O)nc2nc(N3[C@@H]4CC[C@H]3C[C@H](Oc3ccc(Cl)c(F)c3)C4)n(Cc3ccc(C(F)(F)F)cc3)c12)C1CCC1,7.795,8.10818388047514,8.10818388047514,,1,active
CHEMBL5751679,C[C@@H](Nc1nc(C(=O)O)nc2nc(N3[C@@H]4CC[C@H]3C[C@H](c3ccccc3)C4)n(Cc3ccc(C(F)(F)F)cc3)c12)C1CCC1,C[C@@H](Nc1nc(C(=O)O)nc2nc(N3[C@@H]4CC[C@H]3C[C@H](c3ccccc3)C4)n(Cc3ccc(C(F)(F)F)cc3)c12)C1CCC1,7.803,8.107738393084464,8.107738393084464,,1,active
CHEMBL5827448,C[C@@H](Nc1nc(C(=O)O)nc2nc(NC(=O)C3CCCCC3)n(Cc3ccc(C(F)(F)F)cc3)c12)C1CCC1,C[C@@H](Nc1nc(C(=O)O)nc2nc(NC(=O)C3CCCCC3)n(Cc3ccc(C(F)(F)F)cc3)c12)C1CCC1,342.8,6.464959186748839,6.464959186748839,,1,active
CHEMBL6052852,C[C@@H](Nc1nc(C(=O)O)nc2nc(NC(=O)c3ccccc3)n(Cc3ccc(C(F)(F)F)cc3)c12)C1CCC1,C[C@@H](Nc1nc(C(=O)O)nc2nc(NC(=O)c3ccccc3)n(Cc3ccc(C(F)(F)F)cc3)c12)C1CCC1,656.8,6.1825668558886155,6.1825668558886155,,1,active
CHEMBL5856711,C[C@@H](Nc1nc(C(=O)O)nc2nc(NC(C)(C)c3ccccc3)n(Cc3ccc(C(F)(F)F)cc3)c12)C1CCC1,C[C@@H](Nc1nc(C(=O)O)nc2nc(NC(C)(C)c3ccccc3)n(Cc3ccc(C(F)(F)F)cc3)c12)C1CCC1,1.854,8.731890270191522,8.731890270191522,,1,active
CHEMBL5079411,C[C@@H](Nc1nc(C(=O)O)nc2nc(NC3CCCCC3)n(Cc3ccc(C(F)(F)F)cc3)c12)C1CCC1,C[C@@H](Nc1nc(C(=O)O)nc2nc(NC3CCCCC3)n(Cc3ccc(C(F)(F)F)cc3)c12)C1CCC1,7.653,8.116168286670547,8.116168286670547,,1,active
CHEMBL5979437,C[C@@H](Nc1nc(C(=O)O)nc2nc(NCc3ccccc3)n(Cc3ccc(C(F)(F)F)cc3)c12)C1CCC1,C[C@@H](Nc1nc(C(=O)O)nc2nc(NCc3ccccc3)n(Cc3ccc(C(F)(F)F)cc3)c12)C1CCC1,3.07,8.512861624522813,8.512861624522813,,1,active
CHEMBL5086781,C[C@@H](Nc1nc(C(=O)O)nc2nc(N[C@@H](CO)c3ccccc3)n(Cc3ccc(C(F)(F)F)cc3)c12)C1CCC1,C[C@@H](Nc1nc(C(=O)O)nc2nc(N[C@@H](CO)c3ccccc3)n(Cc3ccc(C(F)(F)F)cc3)c12)C1CCC1,1.468,8.833273944419949,8.833273944419949,,1,active
CHEMBL5943176,C[C@@H](Nc1nc(C(=O)O)nc2nc(N[C@H](CO)c3ccccc3)n(Cc3ccc(C(F)(F)F)cc3)c12)C1CCC1,C[C@@H](Nc1nc(C(=O)O)nc2nc(N[C@H](CO)c3ccccc3)n(Cc3ccc(C(F)(F)F)cc3)c12)C1CCC1,15.2,7.818156412055227,7.818156412055227,,1,active
CHEMBL5775894,C[C@@H](Nc1nc(C(=O)O)nc2nc(Nc3ccccc3)n(Cc3ccc(C(F)(F)F)cc3)c12)C1CCC1,C[C@@H](Nc1nc(C(=O)O)nc2nc(Nc3ccccc3)n(Cc3ccc(C(F)(F)F)cc3)c12)C1CCC1,9.439,8.025074013910238,8.025074013910238,,1,active
CHEMBL5925957,C[C@@H](Nc1nc(C(C)(C)O)nc2nc(N3CCOC[C@H]3c3ccccc3)n(C[C@H]3CC[C@H](C)CC3)c12)C1CCC1,C[C@@H](Nc1nc(C(C)(C)O)nc2nc(N3CCOC[C@H]3c3ccccc3)n(C[C@H]3CC[C@H](C)CC3)c12)C1CCC1,107.4,6.968995718636464,6.968995718636464,,1,active
CHEMBL5977821,C[C@@H](Nc1nc(C(N)=O)nc2nc(N3CCN(S(C)(=O)=O)C[C@H]3c3ccccc3)n(C[C@H]3CC[C@H](C)CC3)c12)C1CCC1,C[C@@H](Nc1nc(C(N)=O)nc2nc(N3CCN(S(C)(=O)=O)C[C@H]3c3ccccc3)n(C[C@H]3CC[C@H](C)CC3)c12)C1CCC1,4.604,8.336864685042245,8.336864685042245,,1,active
CHEMBL6027018,C[C@@H](Nc1nc(C(O)CO)nc2nc(N3CCOC[C@H]3c3ccccc3)n(C[C@H]3CC[C@H](C)CC3)c12)C1CCC1,C[C@@H](Nc1nc(C(O)CO)nc2nc(N3CCOC[C@H]3c3ccccc3)n(C[C@H]3CC[C@H](C)CC3)c12)C1CCC1,49.39,7.306360973838451,7.306360973838451,,1,active
CHEMBL5084690,C[C@@H](Nc1nc(CO)nc2nc(N3CCOC[C@H]3c3ccccc3)n(C[C@H]3CC[C@H](C)CC3)c12)C1CCC1,C[C@@H](Nc1nc(CO)nc2nc(N3CCOC[C@H]3c3ccccc3)n(C[C@H]3CC[C@H](C)CC3)c12)C1CCC1,78.61,7.104522203724286,7.104522203724286,,1,active
CHEMBL5823112,C[C@@H](Nc1nc(CO)nc2nc(N3CCOC[C@H]3c3ccccc3)n(Cc3ccc(C(F)(F)F)cc3)c12)C1CCC1,C[C@@H](Nc1nc(CO)nc2nc(N3CCOC[C@H]3c3ccccc3)n(Cc3ccc(C(F)(F)F)cc3)c12)C1CCC1,150.5,6.822463500070137,6.822463500070137,,1,active
CHEMBL6025978,C[C@@H](Nc1nc(N(C)CC(=O)O)nc2nc(N3CCOC[C@H]3c3ccccc3)n(C[C@H]3CC[C@H](C)CC3)c12)C1CCC1,C[C@@H](Nc1nc(N(C)CC(=O)O)nc2nc(N3CCOC[C@H]3c3ccccc3)n(C[C@H]3CC[C@H](C)CC3)c12)C1CCC1,119.7,6.921905849593589,6.921905849593589,,1,active
CHEMBL6051850,C[C@@H](Nc1nc(N2CC(C(=O)O)C(C)(C)C2)nc2nc(N3CCOC[C@H]3c3ccccc3)n(C[C@H]3CC[C@H](C)CC3)c12)C1CCC1,C[C@@H](Nc1nc(N2CC(C(=O)O)C(C)(C)C2)nc2nc(N3CCOC[C@H]3c3ccccc3)n(C[C@H]3CC[C@H](C)CC3)c12)C1CCC1,95.94,7.018000285870121,7.018000285870121,,1,active
CHEMBL5963601,C[C@@H](Nc1nc(N2CCC(C(=O)O)C2)nc2nc(N3CCOC[C@H]3c3ccccc3)n(C[C@H]3CC[C@H](C)CC3)c12)C1CCC1,C[C@@H](Nc1nc(N2CCC(C(=O)O)C2)nc2nc(N3CCOC[C@H]3c3ccccc3)n(C[C@H]3CC[C@H](C)CC3)c12)C1CCC1,199.3,6.700492701299512,6.700492701299512,,1,active
CHEMBL5958947,C[C@@H](Nc1nc(N2CCC[C@@H]2C(=O)O)nc2nc(N3CCOC[C@H]3c3ccccc3)n(C[C@H]3CC[C@H](C)CC3)c12)C1CCC1,C[C@@H](Nc1nc(N2CCC[C@@H]2C(=O)O)nc2nc(N3CCOC[C@H]3c3ccccc3)n(C[C@H]3CC[C@H](C)CC3)c12)C1CCC1,96.07,7.017412209298337,7.017412209298337,,1,active
CHEMBL5953456,C[C@@H](Nc1nc(N2CCC[C@H]2C(=O)O)nc2nc(N3CCOC[C@H]3c3ccccc3)n(C[C@H]3CC[C@H](C)CC3)c12)C1CCC1,C[C@@H](Nc1nc(N2CCC[C@H]2C(=O)O)nc2nc(N3CCOC[C@H]3c3ccccc3)n(C[C@H]3CC[C@H](C)CC3)c12)C1CCC1,986.8,6.005770859182302,6.005770859182302,,1,active
CHEMBL5793950,C[C@@H](Nc1nc(N2CCC[C@]2(C)C(=O)O)nc2nc(N3CCOC[C@H]3c3ccccc3)n(C[C@H]3CC[C@H](C)CC3)c12)C1CCC1,C[C@@H](Nc1nc(N2CCC[C@]2(C)C(=O)O)nc2nc(N3CCOC[C@H]3c3ccccc3)n(C[C@H]3CC[C@H](C)CC3)c12)C1CCC1,224.5,6.648783654660658,6.648783654660658,,1,active
CHEMBL6007827,C[C@@H](Nc1nc(NC(C)(C)C(=O)O)nc2nc(N3CCOC[C@H]3c3ccccc3)n(C[C@H]3CC[C@H](C)CC3)c12)C1CCC1,C[C@@H](Nc1nc(NC(C)(C)C(=O)O)nc2nc(N3CCOC[C@H]3c3ccccc3)n(C[C@H]3CC[C@H](C)CC3)c12)C1CCC1,259.6,6.585695311871668,6.585695311871668,,1,active
CHEMBL5991562,C[C@@H](Nc1nc(NCC(=O)O)nc2nc(N3CCOC[C@H]3c3ccccc3)n(C[C@H]3CC[C@H](C)CC3)c12)C1CCC1,C[C@@H](Nc1nc(NCC(=O)O)nc2nc(N3CCOC[C@H]3c3ccccc3)n(C[C@H]3CC[C@H](C)CC3)c12)C1CCC1,146.4,6.8344589232776265,6.8344589232776265,,1,active
CHEMBL5953727,C[C@@H](Nc1nc(NCCO)nc2nc(N3CCOC[C@H]3c3ccccc3)n(C[C@H]3CC[C@H](C)CC3)c12)C1CCC1,C[C@@H](Nc1nc(NCCO)nc2nc(N3CCOC[C@H]3c3ccccc3)n(C[C@H]3CC[C@H](C)CC3)c12)C1CCC1,885.2,6.05295859474478,6.05295859474478,,1,active
CHEMBL5820761,C[C@@H](Nc1nc(S(=O)(=O)CC(F)(F)F)nc2nc(N3CCOC[C@H]3c3ccccc3)n(C[C@H]3CC[C@H](C)CC3)c12)C1CCC1,C[C@@H](Nc1nc(S(=O)(=O)CC(F)(F)F)nc2nc(N3CCOC[C@H]3c3ccccc3)n(C[C@H]3CC[C@H](C)CC3)c12)C1CCC1,220.5,6.656591406196142,6.656591406196142,,1,active
CHEMBL5864521,C[C@@H](Nc1nc(S(=O)(=O)CCO)nc2nc(N3CCOC[C@H]3c3ccccc3)n(C[C@H]3CC[C@H](C)CC3)c12)C1CCC1,C[C@@H](Nc1nc(S(=O)(=O)CCO)nc2nc(N3CCOC[C@H]3c3ccccc3)n(C[C@H]3CC[C@H](C)CC3)c12)C1CCC1,6.937,8.158828305500467,8.158828305500467,,1,active
CHEMBL5876973,C[C@@H](Nc1nc(S(C)(=O)=O)nc2nc(N3CCCCC3c3ccccc3)n(C[C@H]3CC[C@H](C)CC3)c12)C1CCC1,C[C@@H](Nc1nc(S(C)(=O)=O)nc2nc(N3CCCCC3c3ccccc3)n(C[C@H]3CC[C@H](C)CC3)c12)C1CCC1,77.7,7.149112423160506,7.149112423160506,,2,active
CHEMBL5777595,C[C@@H](Nc1nc(S(C)(=O)=O)nc2nc(N3CCOC[C@H]3c3ccccc3)n(C[C@H]3CC[C@H](C)CC3)c12)C1CCC1,C[C@@H](Nc1nc(S(C)(=O)=O)nc2nc(N3CCOC[C@H]3c3ccccc3)n(C[C@H]3CC[C@H](C)CC3)c12)C1CCC1,23.47,7.629486910401408,7.629486910401408,,1,active
CHEMBL6016977,C[C@@H](Nc1nc([S+](C)[O-])nc2nc(N3CCCCC3c3ccccc3)n(C[C@H]3CC[C@H](C)CC3)c12)C1CCC1,C[C@@H](Nc1nc([S+](C)[O-])nc2nc(N3CCCCC3c3ccccc3)n(C[C@H]3CC[C@H](C)CC3)c12)C1CCC1,301.25,6.555760015537588,6.555760015537588,,4,active
CHEMBL5833278,C[C@@H](Nc1nc([S+](C)[O-])nc2nc(N3CCOC[C@H]3c3ccccc3)n(C[C@H]3CC[C@H](C)CC3)c12)C1CCC1,C[C@@H](Nc1nc([S+](C)[O-])nc2nc(N3CCOC[C@H]3c3ccccc3)n(C[C@H]3CC[C@H](C)CC3)c12)C1CCC1,33.94,7.610025078510041,7.610025078510041,,2,active
CHEMBL5909446,C[C@@H](Nc1nc([S+]([O-])CC(F)(F)F)nc2nc(N3CCOC[C@H]3c3ccccc3)n(C[C@H]3CC[C@H](C)CC3)c12)C1CCC1,C[C@@H](Nc1nc([S+]([O-])CC(F)(F)F)nc2nc(N3CCOC[C@H]3c3ccccc3)n(C[C@H]3CC[C@H](C)CC3)c12)C1CCC1,169.115,7.12623412663894,7.12623412663894,,2,active
CHEMBL5848070,C[C@@H](Nc1nc2nc(C(=O)O)nc(N[C@H](C)C3CCC3)c2n1Cc1ccc(C(F)(F)F)cc1)c1ccccc1,C[C@@H](Nc1nc2nc(C(=O)O)nc(N[C@H](C)C3CCC3)c2n1Cc1ccc(C(F)(F)F)cc1)c1ccccc1,15.8,7.801342913045577,7.801342913045577,,1,active
CHEMBL5945573,C[C@@H](Nc1ncnc2nc(N[C@@H](CO)c3ccccc3)n(Cc3ccc(C(F)(F)F)cc3)c12)C1CCC1,C[C@@H](Nc1ncnc2nc(N[C@@H](CO)c3ccccc3)n(Cc3ccc(C(F)(F)F)cc3)c12)C1CCC1,4468.0,5.349886835556429,5.349886835556429,,1,intermediate
CHEMBL6023965,C[C@@H](O)CO[C@]1(c2ccc(Cl)cc2)c2c(F)cc(C(C)(O)c3cnn(C)c3)cc2C(=O)N1Cc1ccc(Cl)cn1,C[C@@H](O)CO[C@]1(c2ccc(Cl)cc2)c2c(F)cc(C(C)(O)c3cnn(C)c3)cc2C(=O)N1Cc1ccc(Cl)cn1,17.15,8.183771353907638,8.183771353907638,,2,active
CHEMBL4111710,C[C@@H](O)[C@H](C1CC1)N1C(=O)[C@@](C)(CC(=O)O)C[C@H](c2cccc(Cl)c2)[C@H]1c1ccc(Cl)cc1,C[C@@H](O)[C@H](C1CC1)N1C(=O)[C@@](C)(CC(=O)O)C[C@H](c2cccc(Cl)c2)[C@H]1c1ccc(Cl)cc1,1.0,9.0,9.0,,1,active
CHEMBL5913256,C[C@@H](c1ccc(C#N)cn1)N1C(=O)c2cc(C(C)(C)O)cc(F)c2[C@]1(OCC1(CO)CC1)c1ccc(Cl)cc1,C[C@@H](c1ccc(C#N)cn1)N1C(=O)c2cc(C(C)(C)O)cc(F)c2[C@]1(OCC1(CO)CC1)c1ccc(Cl)cc1,4.6,8.337242168318426,8.337242168318426,,1,active
CHEMBL5777781,C[C@@H](c1ccc(Cl)cc1)N1C(=O)c2cc(C(C)(C)O)ccc2[C@]1(OC1COC[C@@H]1O)c1ccc(Cl)cc1,C[C@@H](c1ccc(Cl)cc1)N1C(=O)c2cc(C(C)(C)O)ccc2[C@]1(OC1COC[C@@H]1O)c1ccc(Cl)cc1,10780.0,4.96738123914928,4.96738123914928,,1,inactive
CHEMBL5750953,C[C@@H](c1ccc(Cl)cc1)N1C(=O)c2cc(C(C)(C)O)ccc2[C@]1(OC1COC[C@H]1O)c1ccc(Cl)cc1,C[C@@H](c1ccc(Cl)cc1)N1C(=O)c2cc(C(C)(C)O)ccc2[C@]1(OC1COC[C@H]1O)c1ccc(Cl)cc1,230.0,6.638272163982407,6.638272163982407,,3,active
CHEMBL5867125,C[C@@H](c1ccc(Cl)cc1)N1C(=O)c2cc(C(C)(C)O)ccc2[C@]1(OCC(C)(O)CO)c1ccc(Cl)cc1,C[C@@H](c1ccc(Cl)cc1)N1C(=O)c2cc(C(C)(C)O)ccc2[C@]1(OCC(C)(O)CO)c1ccc(Cl)cc1,120.0,6.920818753952375,6.920818753952375,,3,active
CHEMBL5757363,C[C@@H](c1ccc(Cl)cc1)N1C(=O)c2cc(C(C)(C)O)ccc2[C@]1(OCC1(CO)CC1)c1ccc(Cl)cc1,C[C@@H](c1ccc(Cl)cc1)N1C(=O)c2cc(C(C)(C)O)ccc2[C@]1(OCC1(CO)CC1)c1ccc(Cl)cc1,6.6,8.18045606445813,8.18045606445813,,3,active
CHEMBL5874398,C[C@@H](c1ccc(Cl)cc1)N1C(=O)c2cc(C(C)(C)O)ccc2[C@]1(O[C@@H]1COC[C@@H]1O)c1ccc(Cl)cc1,C[C@@H](c1ccc(Cl)cc1)N1C(=O)c2cc(C(C)(C)O)ccc2[C@]1(O[C@@H]1COC[C@@H]1O)c1ccc(Cl)cc1,5398.0,6.381630628246677,6.381630628246677,,2,intermediate
CHEMBL5998634,C[C@@H](c1ccc(Cl)cc1)N1C(=O)c2cc(C(C)(O)CO)ccc2[C@]1(OCC1(CO)CC1)c1ccc(Cl)cc1,C[C@@H](c1ccc(Cl)cc1)N1C(=O)c2cc(C(C)(O)CO)ccc2[C@]1(OCC1(CO)CC1)c1ccc(Cl)cc1,19.0,7.721246399047171,7.721246399047171,,3,active
CHEMBL207505,C[C@@H](c1ccc(Cl)cc1)N1C(=O)c2cc(I)ccc2N(CCCCC(=O)O)C(=O)[C@@H]1c1ccc(Cl)cc1,C[C@@H](c1ccc(Cl)cc1)N1C(=O)c2cc(I)ccc2N(CCCCC(=O)O)C(=O)[C@@H]1c1ccc(Cl)cc1,13300.0,4.876148359032914,4.876148359032914,,1,inactive
CHEMBL1688285,C[C@@H](c1ccc(Cl)cc1)N1C(=O)c2ccccc2C1(OCC1(CO)CC1)c1ccc(Cl)cc1,C[C@@H](c1ccc(Cl)cc1)N1C(=O)c2ccccc2C1(OCC1(CO)CC1)c1ccc(Cl)cc1,8900.0,5.050609993355087,5.050609993355087,,2,intermediate
CHEMBL1688262,C[C@@H](c1ccc(Cl)cc1)N1C(=O)c2ccccc2C1(OCCCCO)c1ccc(Cl)cc1,C[C@@H](c1ccc(Cl)cc1)N1C(=O)c2ccccc2C1(OCCCCO)c1ccc(Cl)cc1,884.5,6.053368857056004,6.053368857056004,,2,active
CHEMBL377639,C[C@@H](c1ccc(Cl)cc1N)N1C(=O)c2cc(I)ccc2N(CCN2CCOCC2)C(=O)[C@H]1c1ccc(Cl)cc1,C[C@@H](c1ccc(Cl)cc1N)N1C(=O)c2cc(I)ccc2N(CCN2CCOCC2)C(=O)[C@H]1c1ccc(Cl)cc1,13100.0,4.882728704344236,4.882728704344236,,1,inactive
CHEMBL3649830,C[C@@H]1CCCCN1c1nc2cc(-c3noc(=O)[nH]3)nc(-c3cncc(Cl)c3)c2n1C[C@H]1CC[C@H](C)CC1,C[C@@H]1CCCCN1c1nc2cc(-c3noc(=O)[nH]3)nc(-c3cncc(Cl)c3)c2n1C[C@H]1CC[C@H](C)CC1,4.0,8.397940008672037,8.397940008672037,,1,active
CHEMBL3318779,C[C@@H]1CCCN1S(=O)(=O)C[C@@H](N1C(=O)[C@@](C)(CC(=O)O)C[C@H](c2cccc(Cl)c2)[C@H]1c1ccc(Cl)cc1)C(C)(C)C,C[C@@H]1CCCN1S(=O)(=O)C[C@@H](N1C(=O)[C@@](C)(CC(=O)O)C[C@H](c2cccc(Cl)c2)[C@H]1c1ccc(Cl)cc1)C(C)(C)C,0.15,9.823908740944319,9.823908740944319,,1,active
CHEMBL3649842,C[C@@H]1CCCN1c1nc2cc(-c3noc(=O)[nH]3)nc(-c3cncc(Cl)c3)c2n1C[C@H]1CC[C@H](C)CC1,C[C@@H]1CCCN1c1nc2cc(-c3noc(=O)[nH]3)nc(-c3cncc(Cl)c3)c2n1C[C@H]1CC[C@H](C)CC1,4.0,8.397940008672037,8.397940008672037,,1,active
CHEMBL3649820,C[C@@H]1CC[C@@H](C)N1c1nc2cc(-c3noc(=O)[nH]3)nc(-c3cncc(Cl)c3)c2n1C[C@H]1CC[C@H](C)CC1,C[C@@H]1CC[C@@H](C)N1c1nc2cc(-c3noc(=O)[nH]3)nc(-c3cncc(Cl)c3)c2n1C[C@H]1CC[C@H](C)CC1,2.0,8.698970004336019,8.698970004336019,,1,active
CHEMBL6036921,C[C@@H]1CN(C(=O)C(C)(C)C)CCN1c1nc2nc(-c3noc(=O)[nH]3)nc(N[C@H](C)C3CCC3)c2n1C[C@H]1CC[C@H](C)CC1,C[C@@H]1CN(C(=O)C(C)(C)C)CCN1c1nc2nc(-c3noc(=O)[nH]3)nc(N[C@H](C)C3CCC3)c2n1C[C@H]1CC[C@H](C)CC1,4.299,8.366632554882994,8.366632554882994,,1,active
CHEMBL3649954,C[C@@H]1CN(C(=O)C(F)F)C[C@@H](C)N1c1nc2cc(-c3noc(=O)[nH]3)nc(-c3cncc(Cl)c3)c2n1C[C@H]1CC[C@H](C)CC1,C[C@@H]1CN(C(=O)C(F)F)C[C@@H](C)N1c1nc2cc(-c3noc(=O)[nH]3)nc(-c3cncc(Cl)c3)c2n1C[C@H]1CC[C@H](C)CC1,4.0,8.397940008672037,8.397940008672037,,1,active
CHEMBL3649956,C[C@@H]1CN(C(=O)C2(C)CC2)C[C@@H](C)N1c1nc2cc(-c3noc(=O)[nH]3)nc(-c3cncc(Cl)c3)c2n1C[C@H]1CC[C@H](C)CC1,C[C@@H]1CN(C(=O)C2(C)CC2)C[C@@H](C)N1c1nc2cc(-c3noc(=O)[nH]3)nc(-c3cncc(Cl)c3)c2n1C[C@H]1CC[C@H](C)CC1,10.0,8.0,8.0,,1,active
CHEMBL3649955,C[C@@H]1CN(C(=O)C2(C)COC2)C[C@@H](C)N1c1nc2cc(-c3noc(=O)[nH]3)nc(-c3cncc(Cl)c3)c2n1C[C@H]1CC[C@H](C)CC1,C[C@@H]1CN(C(=O)C2(C)COC2)C[C@@H](C)N1c1nc2cc(-c3noc(=O)[nH]3)nc(-c3cncc(Cl)c3)c2n1C[C@H]1CC[C@H](C)CC1,11.0,7.958607314841775,7.958607314841775,,1,active
CHEMBL3649952,C[C@@H]1CN(C(=O)C2(F)CC2)C[C@@H](C)N1c1nc2cc(-c3noc(=O)[nH]3)nc(-c3cncc(Cl)c3)c2n1C[C@H]1CC[C@H](C)CC1,C[C@@H]1CN(C(=O)C2(F)CC2)C[C@@H](C)N1c1nc2cc(-c3noc(=O)[nH]3)nc(-c3cncc(Cl)c3)c2n1C[C@H]1CC[C@H](C)CC1,1.0,9.0,9.0,,1,active
CHEMBL3649953,C[C@@H]1CN(C(=O)C2CC2(F)F)C[C@@H](C)N1c1nc2cc(-c3noc(=O)[nH]3)nc(-c3cncc(Cl)c3)c2n1C[C@H]1CC[C@H](C)CC1,C[C@@H]1CN(C(=O)C2CC2(F)F)C[C@@H](C)N1c1nc2cc(-c3noc(=O)[nH]3)nc(-c3cncc(Cl)c3)c2n1C[C@H]1CC[C@H](C)CC1,4.0,8.397940008672037,8.397940008672037,,1,active
CHEMBL3649931,C[C@@H]1CN(C(=O)C2CC2)CCN1c1nc2cc(-c3noc(=O)[nH]3)nc(-c3cncc(Cl)c3)c2n1C[C@H]1CC[C@H](C)CC1,C[C@@H]1CN(C(=O)C2CC2)CCN1c1nc2cc(-c3noc(=O)[nH]3)nc(-c3cncc(Cl)c3)c2n1C[C@H]1CC[C@H](C)CC1,5.0,8.301029995663981,8.301029995663981,,1,active
CHEMBL6038837,C[C@@H]1CN(C(=O)C2CC2)CCN1c1nc2nc(-c3noc(=O)[nH]3)nc(N[C@H](C)C3CCC3)c2n1C[C@H]1CC[C@H](C)CC1,C[C@@H]1CN(C(=O)C2CC2)CCN1c1nc2nc(-c3noc(=O)[nH]3)nc(N[C@H](C)C3CCC3)c2n1C[C@H]1CC[C@H](C)CC1,1.224,8.912218582190457,8.912218582190457,,1,active
CHEMBL3649932,C[C@@H]1CN(C(=O)C2CC2)C[C@@H](C)N1c1nc2cc(-c3noc(=O)[nH]3)nc(-c3cncc(Cl)c3)c2n1C[C@H]1CC[C@H](C)CC1,C[C@@H]1CN(C(=O)C2CC2)C[C@@H](C)N1c1nc2cc(-c3noc(=O)[nH]3)nc(-c3cncc(Cl)c3)c2n1C[C@H]1CC[C@H](C)CC1,1.0,9.0,9.0,,1,active
CHEMBL6009583,C[C@@H]1CN(C(=O)C2CC2)[C@@H](C)CN1c1nc2nc(-c3noc(=O)[nH]3)nc(N[C@H](C)C3CCC3)c2n1C[C@H]1CC[C@H](C)CC1,C[C@@H]1CN(C(=O)C2CC2)[C@@H](C)CN1c1nc2nc(-c3noc(=O)[nH]3)nc(N[C@H](C)C3CCC3)c2n1C[C@H]1CC[C@H](C)CC1,4.877,8.311847244408433,8.311847244408433,,1,active
CHEMBL3649937,C[C@@H]1CN(C(=O)C2CCC2)C[C@@H](C)N1c1nc2cc(-c3noc(=O)[nH]3)nc(-c3cncc(Cl)c3)c2n1C[C@H]1CC[C@H](C)CC1,C[C@@H]1CN(C(=O)C2CCC2)C[C@@H](C)N1c1nc2cc(-c3noc(=O)[nH]3)nc(-c3cncc(Cl)c3)c2n1C[C@H]1CC[C@H](C)CC1,1.0,9.0,9.0,,1,active
CHEMBL3649957,C[C@@H]1CN(C(=O)C2COC2)C[C@@H](C)N1c1nc2cc(-c3noc(=O)[nH]3)nc(-c3cncc(Cl)c3)c2n1C[C@H]1CC[C@H](C)CC1,C[C@@H]1CN(C(=O)C2COC2)C[C@@H](C)N1c1nc2cc(-c3noc(=O)[nH]3)nc(-c3cncc(Cl)c3)c2n1C[C@H]1CC[C@H](C)CC1,4.0,8.397940008672037,8.397940008672037,,1,active
CHEMBL5894097,C[C@@H]1CN(C(=O)CO)CCN1c1nc2nc(-c3noc(=O)[nH]3)nc(N[C@H](C)C3CCC3)c2n1C[C@H]1CC[C@H](C)CC1,C[C@@H]1CN(C(=O)CO)CCN1c1nc2nc(-c3noc(=O)[nH]3)nc(N[C@H](C)C3CCC3)c2n1C[C@H]1CC[C@H](C)CC1,3.789,8.421475394725007,8.421475394725007,,1,active
CHEMBL3649950,C[C@@H]1CN(C(=O)N(C)C)C[C@@H](C)N1c1nc2cc(-c3noc(=O)[nH]3)nc(-c3cncc(Cl)c3)c2n1C[C@H]1CC[C@H](C)CC1,C[C@@H]1CN(C(=O)N(C)C)C[C@@H](C)N1c1nc2cc(-c3noc(=O)[nH]3)nc(-c3cncc(Cl)c3)c2n1C[C@H]1CC[C@H](C)CC1,1.0,9.0,9.0,,1,active
CHEMBL5966102,C[C@@H]1CN(C(=O)OC(C)(C)C)[C@@H](C)CN1c1nc2nc(-c3noc(=O)[nH]3)nc(N[C@H](C)C3CCC3)c2n1C[C@H]1CC[C@H](C)CC1,C[C@@H]1CN(C(=O)OC(C)(C)C)[C@@H](C)CN1c1nc2nc(-c3noc(=O)[nH]3)nc(N[C@H](C)C3CCC3)c2n1C[C@H]1CC[C@H](C)CC1,14.75,7.831207979685818,7.831207979685818,,1,active
CHEMBL3649857,C[C@@H]1CN(C)C(=O)CN1c1nc2cc(-c3noc(=O)[nH]3)nc(-c3cncc(Cl)c3)c2n1C[C@H]1CC[C@H](C)CC1,C[C@@H]1CN(C)C(=O)CN1c1nc2cc(-c3noc(=O)[nH]3)nc(-c3cncc(Cl)c3)c2n1C[C@H]1CC[C@H](C)CC1,11.0,7.958607314841775,7.958607314841775,,1,active
CHEMBL5918145,C[C@@H]1CN(C)C(=O)CN1c1nc2nc(-c3noc(=O)[nH]3)nc(-c3cccc(Cl)c3)c2n1C[C@H]1CC[C@H](C)CC1,C[C@@H]1CN(C)C(=O)CN1c1nc2nc(-c3noc(=O)[nH]3)nc(-c3cccc(Cl)c3)c2n1C[C@H]1CC[C@H](C)CC1,11.54,7.937794191180288,7.937794191180288,,1,active
CHEMBL5987477,C[C@@H]1CN(C)C(=O)CN1c1nc2nc(-c3noc(=O)[nH]3)nc(N[C@H](C)C3CCC3)c2n1C[C@H]1CC[C@H](C)CC1,C[C@@H]1CN(C)C(=O)CN1c1nc2nc(-c3noc(=O)[nH]3)nc(N[C@H](C)C3CCC3)c2n1C[C@H]1CC[C@H](C)CC1,5.569,8.25422278211024,8.25422278211024,,1,active
CHEMBL5771039,C[C@@H]1CN(S(C)(=O)=O)CCN1c1nc2nc(-c3noc(=O)[nH]3)nc(N[C@H](C)C3CCC3)c2n1C[C@H]1CC[C@H](C)CC1,C[C@@H]1CN(S(C)(=O)=O)CCN1c1nc2nc(-c3noc(=O)[nH]3)nc(N[C@H](C)C3CCC3)c2n1C[C@H]1CC[C@H](C)CC1,4.931,8.307064997468862,8.307064997468862,,1,active
CHEMBL3649933,C[C@@H]1CN(S(C)(=O)=O)C[C@@H](C)N1c1nc2cc(-c3noc(=O)[nH]3)nc(-c3cncc(Cl)c3)c2n1C[C@H]1CC[C@H](C)CC1,C[C@@H]1CN(S(C)(=O)=O)C[C@@H](C)N1c1nc2cc(-c3noc(=O)[nH]3)nc(-c3cncc(Cl)c3)c2n1C[C@H]1CC[C@H](C)CC1,3.0,8.522878745280337,8.522878745280337,,1,active
CHEMBL5974409,C[C@@H]1CNCCN1c1nc2nc(-c3noc(=O)[nH]3)nc(-c3cccc(Cl)c3)c2n1C[C@H]1CC[C@H](C)CC1,C[C@@H]1CNCCN1c1nc2nc(-c3noc(=O)[nH]3)nc(-c3cccc(Cl)c3)c2n1C[C@H]1CC[C@H](C)CC1,58.97,7.229368872222193,7.229368872222193,,1,active
CHEMBL6047463,C[C@@H]1CNCCN1c1nc2nc(-c3noc(=O)[nH]3)nc(N[C@H](C)C3CCC3)c2n1C[C@H]1CC[C@H](C)CC1,C[C@@H]1CNCCN1c1nc2nc(-c3noc(=O)[nH]3)nc(N[C@H](C)C3CCC3)c2n1C[C@H]1CC[C@H](C)CC1,15.48,7.810229043653126,7.810229043653126,,1,active
CHEMBL5858478,C[C@@H]1CN[C@@H](C)CN1c1nc2nc(-c3noc(=O)[nH]3)nc(N[C@H](C)C3CCC3)c2n1C[C@H]1CC[C@H](C)CC1,C[C@@H]1CN[C@@H](C)CN1c1nc2nc(-c3noc(=O)[nH]3)nc(N[C@H](C)C3CCC3)c2n1C[C@H]1CC[C@H](C)CC1,20.14,7.695940533782401,7.695940533782401,,1,active
CHEMBL3647068,C[C@@H]1COCCN1c1nc2cc(-c3noc(=O)[nH]3)nc(-c3cncc(Cl)c3)c2n1C[C@H]1CC[C@H](C)CC1,C[C@@H]1COCCN1c1nc2cc(-c3noc(=O)[nH]3)nc(-c3cncc(Cl)c3)c2n1C[C@H]1CC[C@H](C)CC1,4.0,8.397940008672037,8.397940008672037,,1,active
CHEMBL6035516,C[C@@H]1COCCN1c1nc2nc(-c3n[nH]c(=O)o3)nc(-c3cccc(Cl)c3)c2n1C[C@H]1CC[C@H](C)CC1,C[C@@H]1COCCN1c1nc2nc(-c3n[nH]c(=O)o3)nc(-c3cccc(Cl)c3)c2n1C[C@H]1CC[C@H](C)CC1,14.48,7.839231438138872,7.839231438138872,,1,active
CHEMBL5831244,C[C@@H]1COCCN1c1nc2nc(-c3n[nH]c(=O)o3)nc(-c3cncc(Cl)c3)c2n1C[C@H]1CC[C@H](C)CC1,C[C@@H]1COCCN1c1nc2nc(-c3n[nH]c(=O)o3)nc(-c3cncc(Cl)c3)c2n1C[C@H]1CC[C@H](C)CC1,27.71,7.557363474217768,7.557363474217768,,1,active
CHEMBL5768965,C[C@@H]1COCCN1c1nc2nc(-c3n[nH]c(=O)o3)nc(N[C@H](C)C3CCC3)c2n1C[C@H]1CC[C@H](C)CC1,C[C@@H]1COCCN1c1nc2nc(-c3n[nH]c(=O)o3)nc(N[C@H](C)C3CCC3)c2n1C[C@H]1CC[C@H](C)CC1,1.943,8.711527199400217,8.711527199400217,,1,active
CHEMBL5960958,C[C@@H]1COCCN1c1nc2nc(-c3noc(=O)[nH]3)nc(-c3cccc(Cl)c3)c2n1C[C@H]1CC[C@H](C)CC1,C[C@@H]1COCCN1c1nc2nc(-c3noc(=O)[nH]3)nc(-c3cccc(Cl)c3)c2n1C[C@H]1CC[C@H](C)CC1,8.05,8.094204119632131,8.094204119632131,,1,active
CHEMBL6043069,C[C@@H]1COCCN1c1nc2nc(-c3noc(=O)[nH]3)nc(-c3cncc(Cl)c3)c2n1C[C@H]1CC[C@H](C)CC1,C[C@@H]1COCCN1c1nc2nc(-c3noc(=O)[nH]3)nc(-c3cncc(Cl)c3)c2n1C[C@H]1CC[C@H](C)CC1,18.12,7.741841806659206,7.741841806659206,,1,active
CHEMBL5945959,C[C@@H]1COCCN1c1nc2nc(-c3noc(=O)[nH]3)nc(N[C@H](C)C3CCC3)c2n1C[C@H]1CC[C@H](C)CC1,C[C@@H]1COCCN1c1nc2nc(-c3noc(=O)[nH]3)nc(N[C@H](C)C3CCC3)c2n1C[C@H]1CC[C@H](C)CC1,1.446,8.839831707041489,8.839831707041489,,1,active
CHEMBL5951805,C[C@@H]1COCCN1c1nc2nc(-c3noc(=O)[nH]3)nc(N[C@H](C)C3CCC3)c2n1Cc1ccc(C(F)(F)F)cc1,C[C@@H]1COCCN1c1nc2nc(-c3noc(=O)[nH]3)nc(N[C@H](C)C3CCC3)c2n1Cc1ccc(C(F)(F)F)cc1,6.717,8.172824651701307,8.172824651701307,,1,active
CHEMBL6003816,C[C@@H]1COCCN1c1nc2nc(C(=O)O)nc(N[C@H](C)C3CCC3)c2n1Cc1ccc(C(F)(F)F)cc1,C[C@@H]1COCCN1c1nc2nc(C(=O)O)nc(N[C@H](C)C3CCC3)c2n1Cc1ccc(C(F)(F)F)cc1,7.175,8.14417809459397,8.14417809459397,,1,active
CHEMBL5926438,C[C@@H]1COCCN1c1nc2nc(CC(=O)O)nc(-c3cccc(Cl)c3)c2n1C[C@H]1CC[C@H](C)CC1,C[C@@H]1COCCN1c1nc2nc(CC(=O)O)nc(-c3cccc(Cl)c3)c2n1C[C@H]1CC[C@H](C)CC1,782.9,6.106293706935286,6.106293706935286,,1,active
CHEMBL3647065,C[C@@H]1COC[C@@H](C)N1c1nc2cc(-c3n[nH]c(=O)o3)nc(-c3cncc(Cl)c3)c2n1C[C@H]1CC[C@H](C)CC1,C[C@@H]1COC[C@@H](C)N1c1nc2cc(-c3n[nH]c(=O)o3)nc(-c3cncc(Cl)c3)c2n1C[C@H]1CC[C@H](C)CC1,7.0,8.154901959985743,8.154901959985743,,1,active
CHEMBL3647064,C[C@@H]1COC[C@@H](C)N1c1nc2cc(-c3noc(=O)[nH]3)nc(-c3cncc(Cl)c3)c2n1C[C@H]1CC[C@H](C)CC1,C[C@@H]1COC[C@@H](C)N1c1nc2cc(-c3noc(=O)[nH]3)nc(-c3cncc(Cl)c3)c2n1C[C@H]1CC[C@H](C)CC1,2.0,8.698970004336019,8.698970004336019,,1,active
CHEMBL6054144,C[C@@H]1COC[C@@H](C)N1c1nc2nc(-c3n[nH]c(=O)o3)nc(-c3cccc(Cl)c3)c2n1C[C@H]1CC[C@H](C)CC1,C[C@@H]1COC[C@@H](C)N1c1nc2nc(-c3n[nH]c(=O)o3)nc(-c3cccc(Cl)c3)c2n1C[C@H]1CC[C@H](C)CC1,5.521,8.257982252859861,8.257982252859861,,1,active
CHEMBL6017272,C[C@@H]1COC[C@@H](C)N1c1nc2nc(-c3n[nH]c(=O)o3)nc(-c3cncc(Cl)c3)c2n1C[C@H]1CC[C@H](C)CC1,C[C@@H]1COC[C@@H](C)N1c1nc2nc(-c3n[nH]c(=O)o3)nc(-c3cncc(Cl)c3)c2n1C[C@H]1CC[C@H](C)CC1,10.99,7.95900230757651,7.95900230757651,,1,active
CHEMBL5996690,C[C@@H]1COC[C@@H](C)N1c1nc2nc(-c3noc(=O)[nH]3)nc(-c3cccc(Cl)c3)c2n1C[C@H]1CC[C@H](C)CC1,C[C@@H]1COC[C@@H](C)N1c1nc2nc(-c3noc(=O)[nH]3)nc(-c3cccc(Cl)c3)c2n1C[C@H]1CC[C@H](C)CC1,2.235,8.650722472532046,8.650722472532046,,1,active
CHEMBL5832606,C[C@@H]1COC[C@@H](C)N1c1nc2nc(-c3noc(=O)[nH]3)nc(N[C@H](C)C3CCC3)c2n1C[C@H]1CC[C@H](C)CC1,C[C@@H]1COC[C@@H](C)N1c1nc2nc(-c3noc(=O)[nH]3)nc(N[C@H](C)C3CCC3)c2n1C[C@H]1CC[C@H](C)CC1,0.7883,9.103308473437115,9.103308473437115,,1,active
CHEMBL5895817,C[C@@H]1COC[C@H](C)N1c1nc2nc(-c3noc(=O)[nH]3)nc(-c3cccc(Cl)c3)c2n1C[C@H]1CC[C@H](C)CC1,C[C@@H]1COC[C@H](C)N1c1nc2nc(-c3noc(=O)[nH]3)nc(-c3cccc(Cl)c3)c2n1C[C@H]1CC[C@H](C)CC1,6.356,8.196816111464658,8.196816111464658,,1,active
CHEMBL3649831,C[C@@H]1C[C@@H](O)CN1c1nc2cc(-c3noc(=O)[nH]3)nc(-c3cncc(Cl)c3)c2n1C[C@H]1CC[C@H](C)CC1,C[C@@H]1C[C@@H](O)CN1c1nc2cc(-c3noc(=O)[nH]3)nc(-c3cncc(Cl)c3)c2n1C[C@H]1CC[C@H](C)CC1,6.0,8.221848749616356,8.221848749616356,,1,active
CHEMBL5793163,C[C@@H]1OC(=O)N(c2nc3nc(-c4noc(=O)[nH]4)nc(-c4cccc(Cl)c4)c3n2C[C@H]2CC[C@H](C)CC2)[C@@H]1c1ccccc1,C[C@@H]1OC(=O)N(c2nc3nc(-c4noc(=O)[nH]4)nc(-c4cccc(Cl)c4)c3n2C[C@H]2CC[C@H](C)CC2)[C@@H]1c1ccccc1,3.007,8.521866571899482,8.521866571899482,,1,active
CHEMBL6045929,C[C@@H]1OCCN(c2nc3nc(-c4n[nH]c(=O)o4)nc(-c4cccc(Cl)c4)c3n2C[C@H]2CC[C@H](C)CC2)[C@@H]1C,C[C@@H]1OCCN(c2nc3nc(-c4n[nH]c(=O)o4)nc(-c4cccc(Cl)c4)c3n2C[C@H]2CC[C@H](C)CC2)[C@@H]1C,41.33,7.383734594718292,7.383734594718292,,1,active
CHEMBL5854425,C[C@@H]1OCCN(c2nc3nc(-c4n[nH]c(=O)o4)nc(-c4cccc(Cl)c4)c3n2C[C@H]2CC[C@H](C)CC2)[C@@H]1c1ccccc1,C[C@@H]1OCCN(c2nc3nc(-c4n[nH]c(=O)o4)nc(-c4cccc(Cl)c4)c3n2C[C@H]2CC[C@H](C)CC2)[C@@H]1c1ccccc1,89.53,7.048031415507089,7.048031415507089,,1,active
CHEMBL5821154,C[C@@H]1OCCN(c2nc3nc(-c4n[nH]c(=O)o4)nc(-c4cncc(Cl)c4)c3n2C[C@H]2CC[C@H](C)CC2)[C@@H]1C,C[C@@H]1OCCN(c2nc3nc(-c4n[nH]c(=O)o4)nc(-c4cncc(Cl)c4)c3n2C[C@H]2CC[C@H](C)CC2)[C@@H]1C,139.8,6.854492828590337,6.854492828590337,,1,active
CHEMBL5947755,C[C@@H]1OCCN(c2nc3nc(-c4n[nH]c(=O)o4)nc(-c4cncc(Cl)c4)c3n2C[C@H]2CC[C@H](C)CC2)[C@@H]1c1ccccc1,C[C@@H]1OCCN(c2nc3nc(-c4n[nH]c(=O)o4)nc(-c4cncc(Cl)c4)c3n2C[C@H]2CC[C@H](C)CC2)[C@@H]1c1ccccc1,28.86,7.539703673242524,7.539703673242524,,1,active
CHEMBL5977441,C[C@@H]1OCCN(c2nc3nc(-c4n[nH]c(=O)o4)nc(N[C@H](C)C4CCC4)c3n2C[C@H]2CC[C@H](C)CC2)[C@@H]1c1ccccc1,C[C@@H]1OCCN(c2nc3nc(-c4n[nH]c(=O)o4)nc(N[C@H](C)C4CCC4)c3n2C[C@H]2CC[C@H](C)CC2)[C@@H]1c1ccccc1,30.95,7.509339346643863,7.509339346643863,,1,active
CHEMBL5931093,C[C@@H]1OCCN(c2nc3nc(-c4noc(=O)[nH]4)nc(-c4cccc(Cl)c4)c3n2C[C@H]2CC[C@H](C)CC2)[C@@H]1C,C[C@@H]1OCCN(c2nc3nc(-c4noc(=O)[nH]4)nc(-c4cccc(Cl)c4)c3n2C[C@H]2CC[C@H](C)CC2)[C@@H]1C,51.01,7.292344676468813,7.292344676468813,,1,active
CHEMBL5960058,C[C@@H]1OCCN(c2nc3nc(-c4noc(=O)[nH]4)nc(-c4cccc(Cl)c4)c3n2C[C@H]2CC[C@H](C)CC2)[C@@H]1c1ccccc1,C[C@@H]1OCCN(c2nc3nc(-c4noc(=O)[nH]4)nc(-c4cccc(Cl)c4)c3n2C[C@H]2CC[C@H](C)CC2)[C@@H]1c1ccccc1,85.61,7.067475502949458,7.067475502949458,,1,active
CHEMBL5821410,C[C@@H]1OCCN(c2nc3nc(-c4noc(=O)[nH]4)nc(-c4cncc(Cl)c4)c3n2C[C@H]2CC[C@H](C)CC2)[C@@H]1c1ccccc1,C[C@@H]1OCCN(c2nc3nc(-c4noc(=O)[nH]4)nc(-c4cncc(Cl)c4)c3n2C[C@H]2CC[C@H](C)CC2)[C@@H]1c1ccccc1,21.86,7.660349842386316,7.660349842386316,,1,active
CHEMBL5901238,C[C@@H]1OCCN(c2nc3nc(-c4noc(=O)[nH]4)nc(N[C@H](C)C4CCC4)c3n2C[C@H]2CC[C@H](C)CC2)[C@@H]1c1ccccc1,C[C@@H]1OCCN(c2nc3nc(-c4noc(=O)[nH]4)nc(N[C@H](C)C4CCC4)c3n2C[C@H]2CC[C@H](C)CC2)[C@@H]1c1ccccc1,21.19,7.673869043289205,7.673869043289205,,1,active
CHEMBL5759959,C[C@@H]1Oc2c3ccc(C(=O)O)cc3nn2[C@@H]2[C@H]1N(CC1CC1)[C@@]1(C(=O)Nc3cc(Cl)ccc31)[C@H]2c1cccc(Cl)c1F,C[C@@H]1Oc2c3ccc(C(=O)O)cc3nn2[C@@H]2[C@H]1N(CC1CC1)[C@@]1(C(=O)Nc3cc(Cl)ccc31)[C@H]2c1cccc(Cl)c1F,10.0,8.0,8.0,,1,active
CHEMBL5789161,C[C@@H]1Oc2c3ccc(C(=O)O)cc3nn2[C@H]2[C@@H]1N(CC1CC1)[C@]1(C(=O)Nc3cc(Cl)ccc31)[C@@H]2c1cccc(Cl)c1F,C[C@@H]1Oc2c3ccc(C(=O)O)cc3nn2[C@H]2[C@@H]1N(CC1CC1)[C@]1(C(=O)Nc3cc(Cl)ccc31)[C@@H]2c1cccc(Cl)c1F,100.0,7.0,7.0,,1,active
CHEMBL5891301,C[C@@H]1[C@@H](C)OCCN1c1nc2nc(-c3n[nH]c(=O)o3)nc(-c3cccc(Cl)c3)c2n1C[C@H]1CC[C@H](C)CC1,C[C@@H]1[C@@H](C)OCCN1c1nc2nc(-c3n[nH]c(=O)o3)nc(-c3cccc(Cl)c3)c2n1C[C@H]1CC[C@H](C)CC1,11.08,7.955460239607589,7.955460239607589,,1,active
CHEMBL5885527,C[C@@H]1[C@@H](C)OCCN1c1nc2nc(-c3n[nH]c(=O)o3)nc(-c3cncc(Cl)c3)c2n1C[C@H]1CC[C@H](C)CC1,C[C@@H]1[C@@H](C)OCCN1c1nc2nc(-c3n[nH]c(=O)o3)nc(-c3cncc(Cl)c3)c2n1C[C@H]1CC[C@H](C)CC1,9.453,8.024430342106339,8.024430342106339,,1,active
CHEMBL5960199,C[C@@H]1[C@@H](C)OCCN1c1nc2nc(-c3noc(=O)[nH]3)nc(-c3cccc(Cl)c3)c2n1C[C@H]1CC[C@H](C)CC1,C[C@@H]1[C@@H](C)OCCN1c1nc2nc(-c3noc(=O)[nH]3)nc(-c3cccc(Cl)c3)c2n1C[C@H]1CC[C@H](C)CC1,7.802,8.107794054024227,8.107794054024227,,1,active
CHEMBL6009541,C[C@@H]1[C@@H](C)OCCN1c1nc2nc(-c3noc(=O)[nH]3)nc(-c3cncc(Cl)c3)c2n1C[C@H]1CC[C@H](C)CC1,C[C@@H]1[C@@H](C)OCCN1c1nc2nc(-c3noc(=O)[nH]3)nc(-c3cncc(Cl)c3)c2n1C[C@H]1CC[C@H](C)CC1,7.194,8.143029566517507,8.143029566517507,,1,active
CHEMBL5751546,C[C@@](CO)(Nc1nc2nc(-c3noc(=O)[nH]3)nc(-c3cccc(Cl)c3)c2n1C[C@H]1CC[C@H](C)CC1)c1ccccc1,C[C@@](CO)(Nc1nc2nc(-c3noc(=O)[nH]3)nc(-c3cccc(Cl)c3)c2n1C[C@H]1CC[C@H](C)CC1)c1ccccc1,1.594,8.797511682939906,8.797511682939906,,1,active
CHEMBL5939836,C[C@@](O)(CN1CCNCC1)c1cc(F)c2c(c1)C(=O)N(Cc1ccc(Cl)cc1S(C)(=O)=O)[C@@]2(OCC1(CO)CC1)c1ccc(Cl)cc1,C[C@@](O)(CN1CCNCC1)c1cc(F)c2c(c1)C(=O)N(Cc1ccc(Cl)cc1S(C)(=O)=O)[C@@]2(OCC1(CO)CC1)c1ccc(Cl)cc1,47000.0,4.327902142064283,4.327902142064283,,1,inactive
CHEMBL5794951,C[C@@](O)(CO)c1cc(F)c2c(c1)C(=O)N(Cc1ccc(Cl)cc1S(C)(=O)=O)[C@@]2(OCC1(CO)CC1)c1ccc(Cl)cc1,C[C@@](O)(CO)c1cc(F)c2c(c1)C(=O)N(Cc1ccc(Cl)cc1S(C)(=O)=O)[C@@]2(OCC1(CO)CC1)c1ccc(Cl)cc1,1.8,8.744727494896694,8.744727494896694,,1,active
CHEMBL5838446,C[C@@](O)(CO)c1ccc2c(c1)C(=O)N(Cc1ccc(Cl)cc1)[C@@]2(OCC1(CO)CC1)c1ccc(Cl)cc1,C[C@@](O)(CO)c1ccc2c(c1)C(=O)N(Cc1ccc(Cl)cc1)[C@@]2(OCC1(CO)CC1)c1ccc(Cl)cc1,11.0,7.958607314841775,7.958607314841775,,1,active
CHEMBL5857471,C[C@@](O)(c1cc(F)c2c(c1)C(=O)N(Cc1ccc(Cl)cc1S(C)(=O)=O)[C@@]2(OCC1(C(N)=O)CC1)c1ccc(Cl)cc1)C1CCOCC1,C[C@@](O)(c1cc(F)c2c(c1)C(=O)N(Cc1ccc(Cl)cc1S(C)(=O)=O)[C@@]2(OCC1(C(N)=O)CC1)c1ccc(Cl)cc1)C1CCOCC1,56000.0,4.251811972993799,4.251811972993799,,1,inactive
CHEMBL5865434,C[C@@](O)(c1cc(F)c2c(c1)C(=O)N(Cc1ccc(Cl)cc1S(C)(=O)=O)[C@@]2(OCC1(CO)CC1)c1ccc(Cl)cc1)C1CCOCC1,C[C@@](O)(c1cc(F)c2c(c1)C(=O)N(Cc1ccc(Cl)cc1S(C)(=O)=O)[C@@]2(OCC1(CO)CC1)c1ccc(Cl)cc1)C1CCOCC1,34000.0,4.468521082957745,4.468521082957745,,1,inactive
CHEMBL4114522,C[C@@]1(CC(=O)O)C[C@H](c2cccc(Cl)c2)C(c2ccc(Cl)cc2)N(C(C2CC2)C2CC2)C1=O,C[C@@]1(CC(=O)O)C[C@H](c2cccc(Cl)c2)C(c2ccc(Cl)cc2)N(C(C2CC2)C2CC2)C1=O,390.0,6.4089353929735005,6.4089353929735005,,1,active
CHEMBL5944926,C[C@@]1(c2ccc(Cl)cc2)[C@H](c2cccc(Cl)c2)O[C@@H](CC(=O)O)C(=O)N1CC1CC1,C[C@@]1(c2ccc(Cl)cc2)[C@H](c2cccc(Cl)c2)O[C@@H](CC(=O)O)C(=O)N1CC1CC1,6260.0,5.20342566678957,5.20342566678957,,1,intermediate
CHEMBL5814331,C[C@H](C1CCC1)N(C)c1nc(C(=O)O)nc2nc(-c3cc(C(C)(C)C)ccn3)n(C[C@H]3CC[C@H](C)CC3)c12,C[C@H](C1CCC1)N(C)c1nc(C(=O)O)nc2nc(-c3cc(C(C)(C)C)ccn3)n(C[C@H]3CC[C@H](C)CC3)c12,17.86,7.748118545447472,7.748118545447472,,1,active
CHEMBL6006846,C[C@H](CO)Nc1nc2nc(-c3n[nH]c(=O)o3)nc(-c3cccc(Cl)c3)c2n1C[C@H]1CC[C@H](C)CC1,C[C@H](CO)Nc1nc2nc(-c3n[nH]c(=O)o3)nc(-c3cccc(Cl)c3)c2n1C[C@H]1CC[C@H](C)CC1,71.01,7.148680487351255,7.148680487351255,,1,active
CHEMBL5859878,C[C@H](CO)Nc1nc2nc(-c3noc(=O)[nH]3)nc(-c3cccc(Cl)c3)c2n1C[C@H]1CC[C@H](C)CC1,C[C@H](CO)Nc1nc2nc(-c3noc(=O)[nH]3)nc(-c3cccc(Cl)c3)c2n1C[C@H]1CC[C@H](C)CC1,29.77,7.526221165353276,7.526221165353276,,1,active
CHEMBL5988926,C[C@H](CO)Nc1nc2nc(C(=O)O)nc(N[C@H](C)C3CCC3)c2n1Cc1ccc(C(F)(F)F)cc1,C[C@H](CO)Nc1nc2nc(C(=O)O)nc(N[C@H](C)C3CCC3)c2n1Cc1ccc(C(F)(F)F)cc1,35.79,7.446238301609996,7.446238301609996,,1,active
CHEMBL4870294,C[C@H](CO[C@]1(c2ccc(Cl)cc2)c2c(F)cc(C(C)(C)O)cc2C(=O)N1Cc1ccc(Cl)cn1)C(N)=O,C[C@H](CO[C@]1(c2ccc(Cl)cc2)c2c(F)cc(C(C)(C)O)cc2C(=O)N1Cc1ccc(Cl)cn1)C(N)=O,39.0,7.4089353929735005,7.4089353929735005,,1,active
CHEMBL4173588,C[C@H](NC(=O)[C@H](CC(=O)O)NC(=O)CNC(=O)c1cccc(NC(=N)N)c1)c1ccccc1,C[C@H](NC(=O)[C@H](CC(=O)O)NC(=O)CNC(=O)c1cccc(NC(=N)N)c1)c1ccccc1,270.0,6.568636235841012,6.568636235841012,,1,active
CHEMBL5930978,C[C@H](Nc1nc2nc(-c3n[nH]c(=O)o3)nc(-c3cccc(Cl)c3)c2n1C[C@H]1CC[C@H](C)CC1)c1cccc(F)c1,C[C@H](Nc1nc2nc(-c3n[nH]c(=O)o3)nc(-c3cccc(Cl)c3)c2n1C[C@H]1CC[C@H](C)CC1)c1cccc(F)c1,5.042,8.297397158659573,8.297397158659573,,1,active
CHEMBL5924208,C[C@H](Nc1nc2nc(-c3noc(=O)[nH]3)nc(-c3cccc(Cl)c3)c2n1C[C@H]1CC[C@H](C)CC1)c1cccc(F)c1,C[C@H](Nc1nc2nc(-c3noc(=O)[nH]3)nc(-c3cccc(Cl)c3)c2n1C[C@H]1CC[C@H](C)CC1)c1cccc(F)c1,1.632,8.787279845582157,8.787279845582157,,1,active
CHEMBL5788762,C[C@H](Nc1nc2nc(-c3noc(=O)[nH]3)nc(N[C@H](C)C3CCC3)c2n1C[C@H]1CC[C@H](C)CC1)c1cccc(F)c1,C[C@H](Nc1nc2nc(-c3noc(=O)[nH]3)nc(N[C@H](C)C3CCC3)c2n1C[C@H]1CC[C@H](C)CC1)c1cccc(F)c1,3.217,8.49254893909803,8.49254893909803,,1,active
CHEMBL5811315,C[C@H](Nc1nc2nc(C(=O)O)nc(N[C@H](C)C3CCC3)c2n1Cc1ccc(C(F)(F)F)cc1)c1ccc(F)cc1,C[C@H](Nc1nc2nc(C(=O)O)nc(N[C@H](C)C3CCC3)c2n1Cc1ccc(C(F)(F)F)cc1)c1ccc(F)cc1,1.806,8.743282254022514,8.743282254022514,,1,active
CHEMBL5996170,C[C@H](Nc1nc2nc(C(=O)O)nc(N[C@H](C)C3CCC3)c2n1Cc1ccc(C(F)(F)F)cc1)c1cccc(F)c1,C[C@H](Nc1nc2nc(C(=O)O)nc(N[C@H](C)C3CCC3)c2n1Cc1ccc(C(F)(F)F)cc1)c1cccc(F)c1,0.7528,9.1233203895808,9.1233203895808,,1,active
CHEMBL6044058,C[C@H](Nc1nc2nc(C(=O)O)nc(N[C@H](C)C3CCC3)c2n1Cc1ccc(C(F)(F)F)cc1)c1ccccc1,C[C@H](Nc1nc2nc(C(=O)O)nc(N[C@H](C)C3CCC3)c2n1Cc1ccc(C(F)(F)F)cc1)c1ccccc1,1.907,8.719649306953995,8.719649306953995,,1,active
CHEMBL3975518,C[C@H](O)[C@H](C1CC1)N1C(=O)[C@@](C)(CC(=O)O)C[C@H](c2cccc(Cl)c2)[C@H]1c1ccc(Cl)cc1,C[C@H](O)[C@H](C1CC1)N1C(=O)[C@@](C)(CC(=O)O)C[C@H](c2cccc(Cl)c2)[C@H]1c1ccc(Cl)cc1,41.0,7.8979400086720375,7.8979400086720375,,2,active
CHEMBL5788841,C[C@H](O)[C@H](Nc1nc2nc(-c3n[nH]c(=O)o3)nc(-c3cccc(Cl)c3)c2n1C[C@H]1CC[C@H](C)CC1)c1ccccc1,C[C@H](O)[C@H](Nc1nc2nc(-c3n[nH]c(=O)o3)nc(-c3cccc(Cl)c3)c2n1C[C@H]1CC[C@H](C)CC1)c1ccccc1,5.536,8.256803918551299,8.256803918551299,,1,active
CHEMBL5835167,C[C@H](O)[C@H](Nc1nc2nc(-c3noc(=O)[nH]3)nc(-c3cccc(Cl)c3)c2n1C[C@H]1CC[C@H](C)CC1)c1ccccc1,C[C@H](O)[C@H](Nc1nc2nc(-c3noc(=O)[nH]3)nc(-c3cccc(Cl)c3)c2n1C[C@H]1CC[C@H](C)CC1)c1ccccc1,1.493,8.825940192274974,8.825940192274974,,1,active
CHEMBL210853,C[C@H](c1cc(F)c(Cl)cc1N)N1C(=O)c2cc(I)ccc2N(CCN2CCOCC2)C(=O)[C@@H]1c1ccc(Cl)cc1,C[C@H](c1cc(F)c(Cl)cc1N)N1C(=O)c2cc(I)ccc2N(CCN2CCOCC2)C(=O)[C@@H]1c1ccc(Cl)cc1,2600.0,5.585026652029182,5.585026652029182,,1,intermediate
CHEMBL208999,C[C@H](c1cc(O)c(Cl)cc1N)N1C(=O)c2cc(I)ccc2N(CCN2CCOCC2)C(=O)[C@@H]1c1ccc(Cl)cc1,C[C@H](c1cc(O)c(Cl)cc1N)N1C(=O)c2cc(I)ccc2N(CCN2CCOCC2)C(=O)[C@@H]1c1ccc(Cl)cc1,2700.0,5.568636235841012,5.568636235841012,,1,intermediate
CHEMBL182051,C[C@H](c1ccc(Cl)cc1)N(C(=O)/C=C/c1ccccc1)[C@H](C(N)=O)c1ccc(Cl)cc1,C[C@H](c1ccc(Cl)cc1)N(C(=O)/C=C/c1ccccc1)[C@H](C(N)=O)c1ccc(Cl)cc1,30000.0,4.522878745280337,4.522878745280337,,1,inactive
CHEMBL360540,C[C@H](c1ccc(Cl)cc1)N1C(=O)C=C(c2ccccc2)N(CCCCC(=O)O)C(=O)[C@@H]1c1ccc(Cl)cc1,C[C@H](c1ccc(Cl)cc1)N1C(=O)C=C(c2ccccc2)N(CCCCC(=O)O)C(=O)[C@@H]1c1ccc(Cl)cc1,13000.0,4.886056647693163,4.886056647693163,,1,inactive
CHEMBL427316,C[C@H](c1ccc(Cl)cc1)N1C(=O)C=C(c2ccccc2Br)N(CCCCC(=O)O)C(=O)[C@@H]1c1ccc(Cl)cc1,C[C@H](c1ccc(Cl)cc1)N1C(=O)C=C(c2ccccc2Br)N(CCCCC(=O)O)C(=O)[C@@H]1c1ccc(Cl)cc1,3600.0,5.443697499232712,5.443697499232712,,1,intermediate
CHEMBL207541,C[C@H](c1ccc(Cl)cc1)N1C(=O)c2cc(I)ccc2N(C(=O)CN2CCOCC2)C(=O)[C@@H]1c1ccc(Cl)cc1,C[C@H](c1ccc(Cl)cc1)N1C(=O)c2cc(I)ccc2N(C(=O)CN2CCOCC2)C(=O)[C@@H]1c1ccc(Cl)cc1,5400.0,5.267606240177031,5.267606240177031,,1,intermediate
CHEMBL383727,C[C@H](c1ccc(Cl)cc1)N1C(=O)c2cc(I)ccc2N(CCCCC(=O)O)C(=O)[C@@H]1c1ccc(C(F)(F)F)cc1,C[C@H](c1ccc(Cl)cc1)N1C(=O)c2cc(I)ccc2N(CCCCC(=O)O)C(=O)[C@@H]1c1ccc(C(F)(F)F)cc1,11000.0,4.958607314841775,4.958607314841775,,3,inactive
CHEMBL210151,C[C@H](c1ccc(Cl)cc1)N1C(=O)c2cc(I)ccc2N(CCCCC(=O)O)C(=O)[C@@H]1c1ccc(Cl)cc1,C[C@H](c1ccc(Cl)cc1)N1C(=O)c2cc(I)ccc2N(CCCCC(=O)O)C(=O)[C@@H]1c1ccc(Cl)cc1,3928.0,5.611214097654295,5.611214097654295,,4,intermediate
CHEMBL207845,C[C@H](c1ccc(Cl)cc1)N1C(=O)c2cc(I)ccc2N(CCCCC(=O)O)C(=O)[C@@H]1c1ccc(OC(F)(F)F)cc1,C[C@H](c1ccc(Cl)cc1)N1C(=O)c2cc(I)ccc2N(CCCCC(=O)O)C(=O)[C@@H]1c1ccc(OC(F)(F)F)cc1,19000.0,4.721246399047171,4.721246399047171,,3,inactive
CHEMBL209201,C[C@H](c1ccc(Cl)cc1)N1C(=O)c2cc(I)ccc2N(CCN2CCOCC2)C(=O)[C@@H]1c1ccc(Cl)cc1,C[C@H](c1ccc(Cl)cc1)N1C(=O)c2cc(I)ccc2N(CCN2CCOCC2)C(=O)[C@@H]1c1ccc(Cl)cc1,2700.0,5.568636235841012,5.568636235841012,,1,intermediate
CHEMBL378851,C[C@H](c1ccc(Cl)cc1)N1C(=O)c2cc(I)ccc2N(CCN2CCOCC2)C(=O)[C@H]1c1ccc(Cl)cc1,C[C@H](c1ccc(Cl)cc1)N1C(=O)c2cc(I)ccc2N(CCN2CCOCC2)C(=O)[C@H]1c1ccc(Cl)cc1,6250.0,5.204119982655925,5.204119982655925,,1,intermediate
CHEMBL1688284,C[C@H](c1ccc(Cl)cc1)N1C(=O)c2ccccc2C1(OCC1(CO)CC1)c1ccc(Cl)cc1,C[C@H](c1ccc(Cl)cc1)N1C(=O)c2ccccc2C1(OCC1(CO)CC1)c1ccc(Cl)cc1,8800.0,5.055517327849831,5.055517327849831,,1,intermediate
CHEMBL1688263,C[C@H](c1ccc(Cl)cc1)N1C(=O)c2ccccc2C1(OCCCCO)c1ccc(Cl)cc1,C[C@H](c1ccc(Cl)cc1)N1C(=O)c2ccccc2C1(OCCCCO)c1ccc(Cl)cc1,2500.0,5.6020599913279625,5.6020599913279625,,2,intermediate
CHEMBL378662,C[C@H](c1ccc(Cl)cc1N)N1C(=O)c2cc(I)ccc2N(C(=O)CN2CCNCC2)C(=O)[C@@H]1c1ccc(Cl)cc1,C[C@H](c1ccc(Cl)cc1N)N1C(=O)c2cc(I)ccc2N(C(=O)CN2CCNCC2)C(=O)[C@@H]1c1ccc(Cl)cc1,1550.0,5.809668301829708,5.809668301829708,,1,intermediate
CHEMBL377614,C[C@H](c1ccc(Cl)cc1N)N1C(=O)c2cc(I)ccc2N(CCCCC(=O)O)C(=O)[C@@H]1c1ccc(Cl)cc1,C[C@H](c1ccc(Cl)cc1N)N1C(=O)c2cc(I)ccc2N(CCCCC(=O)O)C(=O)[C@@H]1c1ccc(Cl)cc1,40125.0,5.349485002168009,5.349485002168009,,2,inactive
CHEMBL208562,C[C@H](c1ccc(Cl)cc1N)N1C(=O)c2cc(I)ccc2N(CCCN2CCN(C)CC2)C(=O)[C@@H]1c1ccc(Cl)cc1,C[C@H](c1ccc(Cl)cc1N)N1C(=O)c2cc(I)ccc2N(CCCN2CCN(C)CC2)C(=O)[C@@H]1c1ccc(Cl)cc1,704.0,6.152427340857888,6.152427340857888,,5,active
CHEMBL377203,C[C@H](c1ccc(Cl)cc1N)N1C(=O)c2cc(I)ccc2N(CCN2CCOCC2)C(=O)[C@@H]1c1ccc(Cl)cc1,C[C@H](c1ccc(Cl)cc1N)N1C(=O)c2cc(I)ccc2N(CCN2CCOCC2)C(=O)[C@@H]1c1ccc(Cl)cc1,1045.0,5.994214778201361,5.994214778201361,,4,intermediate
CHEMBL6050646,C[C@H]1CC(N2[C@H]3COc4c5ccc(C(=O)O)cc5nn4[C@H]3[C@H](c3cccc(Cl)c3F)[C@]23C(=O)Nc2cc(Cl)ccc23)C[C@@H]1C,C[C@H]1CC(N2[C@H]3COc4c5ccc(C(=O)O)cc5nn4[C@H]3[C@H](c3cccc(Cl)c3F)[C@]23C(=O)Nc2cc(Cl)ccc23)C[C@@H]1C,76.0,7.119186407719209,7.119186407719209,,1,active
CHEMBL3916078,C[C@H]1CCCCN1c1nc2cc(-c3nc(=O)o[nH]3)nc(-c3cncc(Cl)c3)c2n1C[C@H]1CC[C@H](C)CC1,C[C@H]1CCCCN1c1nc2cc(-c3nc(=O)o[nH]3)nc(-c3cncc(Cl)c3)c2n1C[C@H]1CC[C@H](C)CC1,4.0,8.397940008672037,8.397940008672037,,1,active
CHEMBL3318780,C[C@H]1CCCN1S(=O)(=O)C[C@@H](N1C(=O)[C@@](C)(CC(=O)O)C[C@H](c2cccc(Cl)c2)[C@H]1c1ccc(Cl)cc1)C(C)(C)C,C[C@H]1CCCN1S(=O)(=O)C[C@@H](N1C(=O)[C@@](C)(CC(=O)O)C[C@H](c2cccc(Cl)c2)[C@H]1c1ccc(Cl)cc1)C(C)(C)C,1.1,8.958607314841775,8.958607314841775,,1,active
CHEMBL3952519,C[C@H]1CCCN1c1nc2cc(-c3nc(=O)o[nH]3)nc(-c3cncc(Cl)c3)c2n1C[C@H]1CC[C@H](C)CC1,C[C@H]1CCCN1c1nc2cc(-c3nc(=O)o[nH]3)nc(-c3cncc(Cl)c3)c2n1C[C@H]1CC[C@H](C)CC1,4.0,8.397940008672037,8.397940008672037,,1,active
CHEMBL3968578,C[C@H]1CC[C@H](C)N1c1nc2cc(-c3nc(=O)o[nH]3)nc(-c3cncc(Cl)c3)c2n1C[C@H]1CC[C@H](C)CC1,C[C@H]1CC[C@H](C)N1c1nc2cc(-c3nc(=O)o[nH]3)nc(-c3cncc(Cl)c3)c2n1C[C@H]1CC[C@H](C)CC1,2.0,8.698970004336019,8.698970004336019,,1,active
CHEMBL5770144,C[C@H]1CC[C@H](Cn2c(C(=O)C3CCCCC3)nc3nc(-c4n[nH]c(=O)o4)nc(-c4cccc(Cl)c4)c32)CC1,C[C@H]1CC[C@H](Cn2c(C(=O)C3CCCCC3)nc3nc(-c4n[nH]c(=O)o4)nc(-c4cccc(Cl)c4)c32)CC1,65.77,7.181972158140744,7.181972158140744,,1,active
CHEMBL5915416,C[C@H]1CC[C@H](Cn2c(C(=O)C3CCCCC3)nc3nc(-c4noc(=O)[nH]4)nc(-c4cccc(Cl)c4)c32)CC1,C[C@H]1CC[C@H](Cn2c(C(=O)C3CCCCC3)nc3nc(-c4noc(=O)[nH]4)nc(-c4cccc(Cl)c4)c32)CC1,13.86,7.858236769724212,7.858236769724212,,1,active
CHEMBL5754577,C[C@H]1CC[C@H](Cn2c(C(=O)C3CCOCC3)nc3nc(-c4n[nH]c(=O)o4)nc(-c4cccc(Cl)c4)c32)CC1,C[C@H]1CC[C@H](Cn2c(C(=O)C3CCOCC3)nc3nc(-c4n[nH]c(=O)o4)nc(-c4cccc(Cl)c4)c32)CC1,24.61,7.608888386297197,7.608888386297197,,1,active
CHEMBL5908574,C[C@H]1CC[C@H](Cn2c(C(=O)C3CCOCC3)nc3nc(-c4noc(=O)[nH]4)nc(-c4cccc(Cl)c4)c32)CC1,C[C@H]1CC[C@H](Cn2c(C(=O)C3CCOCC3)nc3nc(-c4noc(=O)[nH]4)nc(-c4cccc(Cl)c4)c32)CC1,21.4,7.669586226650809,7.669586226650809,,1,active
CHEMBL5876761,C[C@H]1CC[C@H](Cn2c(C(=O)c3ccccc3)nc3nc(-c4noc(=O)[nH]4)nc(-c4cccc(Cl)c4)c32)CC1,C[C@H]1CC[C@H](Cn2c(C(=O)c3ccccc3)nc3nc(-c4noc(=O)[nH]4)nc(-c4cccc(Cl)c4)c32)CC1,72.68,7.1385850813640035,7.1385850813640035,,1,active
CHEMBL3649979,C[C@H]1CC[C@H](Cn2c(C(=O)c3ccccc3F)nc3cc(-c4noc(=O)[nH]4)nc(-c4cncc(Cl)c4)c32)CC1,C[C@H]1CC[C@H](Cn2c(C(=O)c3ccccc3F)nc3cc(-c4noc(=O)[nH]4)nc(-c4cncc(Cl)c4)c32)CC1,2.0,8.698970004336019,8.698970004336019,,2,active
CHEMBL5953885,C[C@H]1CC[C@H](Cn2c(C(F)C3CCCCC3)nc3nc(-c4noc(=O)[nH]4)nc(-c4cccc(Cl)c4)c32)CC1,C[C@H]1CC[C@H](Cn2c(C(F)C3CCCCC3)nc3nc(-c4noc(=O)[nH]4)nc(-c4cccc(Cl)c4)c32)CC1,34.76,7.458920232223371,7.458920232223371,,1,active
CHEMBL5987388,C[C@H]1CC[C@H](Cn2c(C(F)c3ccccc3F)cc3nc(-c4noc(=O)[nH]4)nc(-c4cncc(Cl)c4)c32)CC1,C[C@H]1CC[C@H](Cn2c(C(F)c3ccccc3F)cc3nc(-c4noc(=O)[nH]4)nc(-c4cncc(Cl)c4)c32)CC1,2.0,8.698970004336019,8.698970004336019,,1,active
CHEMBL6014409,C[C@H]1CC[C@H](Cn2c(C(F)c3ccccc3F)cc3nc(C(=O)O)nc(-c4cncc(Cl)c4)c32)CC1,C[C@H]1CC[C@H](Cn2c(C(F)c3ccccc3F)cc3nc(C(=O)O)nc(-c4cncc(Cl)c4)c32)CC1,3.0,8.522878745280337,8.522878745280337,,1,active
CHEMBL6007654,C[C@H]1CC[C@H](Cn2c(C(O)C3CCCCC3)nc3nc(-c4n[nH]c(=O)o4)nc(-c4cccc(Cl)c4)c32)CC1,C[C@H]1CC[C@H](Cn2c(C(O)C3CCCCC3)nc3nc(-c4n[nH]c(=O)o4)nc(-c4cccc(Cl)c4)c32)CC1,20.17,7.695294101787234,7.695294101787234,,1,active
CHEMBL5819205,C[C@H]1CC[C@H](Cn2c(C(O)C3CCCCC3)nc3nc(-c4noc(=O)[nH]4)nc(-c4cccc(Cl)c4)c32)CC1,C[C@H]1CC[C@H](Cn2c(C(O)C3CCCCC3)nc3nc(-c4noc(=O)[nH]4)nc(-c4cccc(Cl)c4)c32)CC1,7.166,8.144723196169908,8.144723196169908,,1,active
CHEMBL5883936,C[C@H]1CC[C@H](Cn2c(C(O)C3CCOCC3)nc3nc(-c4n[nH]c(=O)o4)nc(-c4cccc(Cl)c4)c32)CC1,C[C@H]1CC[C@H](Cn2c(C(O)C3CCOCC3)nc3nc(-c4n[nH]c(=O)o4)nc(-c4cccc(Cl)c4)c32)CC1,67.31,7.1719204094432545,7.1719204094432545,,1,active
CHEMBL5794605,C[C@H]1CC[C@H](Cn2c(C(O)C3CCOCC3)nc3nc(-c4n[nH]c(=O)o4)nc(-c4cncc(Cl)c4)c32)CC1,C[C@H]1CC[C@H](Cn2c(C(O)C3CCOCC3)nc3nc(-c4n[nH]c(=O)o4)nc(-c4cncc(Cl)c4)c32)CC1,104.4,6.981299501333757,6.981299501333757,,1,active
CHEMBL5852787,C[C@H]1CC[C@H](Cn2c(C(O)C3CCOCC3)nc3nc(-c4noc(=O)[nH]4)nc(-c4cccc(Cl)c4)c32)CC1,C[C@H]1CC[C@H](Cn2c(C(O)C3CCOCC3)nc3nc(-c4noc(=O)[nH]4)nc(-c4cccc(Cl)c4)c32)CC1,51.48,7.288361461767651,7.288361461767651,,1,active
CHEMBL5763136,C[C@H]1CC[C@H](Cn2c(C(O)C3CCOCC3)nc3nc(-c4noc(=O)[nH]4)nc(-c4cncc(Cl)c4)c32)CC1,C[C@H]1CC[C@H](Cn2c(C(O)C3CCOCC3)nc3nc(-c4noc(=O)[nH]4)nc(-c4cncc(Cl)c4)c32)CC1,67.32,7.171855892696214,7.171855892696214,,1,active
CHEMBL3649971,C[C@H]1CC[C@H](Cn2c(C(O)c3ccc(F)cc3F)nc3cc(-c4noc(=O)[nH]4)nc(-c4cncc(Cl)c4)c32)CC1,C[C@H]1CC[C@H](Cn2c(C(O)c3ccc(F)cc3F)nc3cc(-c4noc(=O)[nH]4)nc(-c4cncc(Cl)c4)c32)CC1,19.0,7.721246399047171,7.721246399047171,,2,active
CHEMBL5875720,C[C@H]1CC[C@H](Cn2c(C(O)c3ccccc3)nc3nc(-c4noc(=O)[nH]4)nc(-c4cccc(Cl)c4)c32)CC1,C[C@H]1CC[C@H](Cn2c(C(O)c3ccccc3)nc3nc(-c4noc(=O)[nH]4)nc(-c4cccc(Cl)c4)c32)CC1,12.715499999999999,7.9468040101384165,7.9468040101384165,,2,active
CHEMBL3649972,C[C@H]1CC[C@H](Cn2c(C(O)c3ccccc3F)nc3cc(-c4noc(=O)[nH]4)nc(-c4cncc(Cl)c4)c32)CC1,C[C@H]1CC[C@H](Cn2c(C(O)c3ccccc3F)nc3cc(-c4noc(=O)[nH]4)nc(-c4cncc(Cl)c4)c32)CC1,2.0,8.698970004336019,8.698970004336019,,2,active
CHEMBL3649978,C[C@H]1CC[C@H](Cn2c(C(OCC(F)(F)F)c3ccccn3)nc3cc(-c4noc(=O)[nH]4)nc(-c4cncc(Cl)c4)c32)CC1,C[C@H]1CC[C@H](Cn2c(C(OCC(F)(F)F)c3ccccn3)nc3cc(-c4noc(=O)[nH]4)nc(-c4cncc(Cl)c4)c32)CC1,3.0,8.522878745280337,8.522878745280337,,2,active
CHEMBL5875511,C[C@H]1CC[C@H](Cn2c(C3(F)CCC3)nc3nc(-c4n[nH]c(=O)o4)nc(-c4cncc(Cl)c4)c32)CC1,C[C@H]1CC[C@H](Cn2c(C3(F)CCC3)nc3nc(-c4n[nH]c(=O)o4)nc(-c4cncc(Cl)c4)c32)CC1,31.11,7.507099988891296,7.507099988891296,,1,active
CHEMBL6055975,C[C@H]1CC[C@H](Cn2c(C3(F)CCCC3)nc3nc(-c4n[nH]c(=O)o4)nc(-c4cncc(Cl)c4)c32)CC1,C[C@H]1CC[C@H](Cn2c(C3(F)CCCC3)nc3nc(-c4n[nH]c(=O)o4)nc(-c4cncc(Cl)c4)c32)CC1,15.02,7.823330067331851,7.823330067331851,,1,active
CHEMBL5971029,C[C@H]1CC[C@H](Cn2c(C3(F)CCCCC3)nc3nc(-c4n[nH]c(=O)o4)nc(-c4cncc(Cl)c4)c32)CC1,C[C@H]1CC[C@H](Cn2c(C3(F)CCCCC3)nc3nc(-c4n[nH]c(=O)o4)nc(-c4cncc(Cl)c4)c32)CC1,10.65,7.972650392225243,7.972650392225243,,1,active
CHEMBL5939320,C[C@H]1CC[C@H](Cn2c(C3(F)CCCCC3)nc3nc(-c4noc(=O)[nH]4)nc(-c4cncc(Cl)c4)c32)CC1,C[C@H]1CC[C@H](Cn2c(C3(F)CCCCC3)nc3nc(-c4noc(=O)[nH]4)nc(-c4cncc(Cl)c4)c32)CC1,18.06,7.743282254022513,7.743282254022513,,1,active
CHEMBL6016446,C[C@H]1CC[C@H](Cn2c(C3(F)CCOc4cccnc43)nc3nc(-c4n[nH]c(=O)o4)nc(-c4cncc(Cl)c4)c32)CC1,C[C@H]1CC[C@H](Cn2c(C3(F)CCOc4cccnc43)nc3nc(-c4n[nH]c(=O)o4)nc(-c4cncc(Cl)c4)c32)CC1,2.447,8.611366030648211,8.611366030648211,,1,active
CHEMBL5811937,C[C@H]1CC[C@H](Cn2c(C3(F)COC3)nc3nc(-c4noc(=O)[nH]4)nc(-c4cncc(Cl)c4)c32)CC1,C[C@H]1CC[C@H](Cn2c(C3(F)COC3)nc3nc(-c4noc(=O)[nH]4)nc(-c4cncc(Cl)c4)c32)CC1,62.8,7.202040356262804,7.202040356262804,,1,active
CHEMBL5962894,C[C@H]1CC[C@H](Cn2c(C3(c4ccccc4)CCC3)nc3nc(-c4n[nH]c(=O)o4)nc(-c4cc(Cl)c[n+]([O-])c4)c32)CC1,C[C@H]1CC[C@H](Cn2c(C3(c4ccccc4)CCC3)nc3nc(-c4n[nH]c(=O)o4)nc(-c4cc(Cl)c[n+]([O-])c4)c32)CC1,22.75,7.643018599006869,7.643018599006869,,1,active
CHEMBL5844928,C[C@H]1CC[C@H](Cn2c(C3(c4ccccc4)CCC3)nc3nc(-c4n[nH]c(=O)o4)nc(-c4cncc(Cl)c4)c32)CC1,C[C@H]1CC[C@H](Cn2c(C3(c4ccccc4)CCC3)nc3nc(-c4n[nH]c(=O)o4)nc(-c4cncc(Cl)c4)c32)CC1,9.593,8.018045555530026,8.018045555530026,,1,active
CHEMBL5913028,C[C@H]1CC[C@H](Cn2c(C3(c4ccccc4)CCC3)nc3nc(-c4noc(=O)[nH]4)nc(-c4cncc(Cl)c4)c32)CC1,C[C@H]1CC[C@H](Cn2c(C3(c4ccccc4)CCC3)nc3nc(-c4noc(=O)[nH]4)nc(-c4cncc(Cl)c4)c32)CC1,3.39,8.469800301796917,8.469800301796917,,1,active
CHEMBL5766619,C[C@H]1CC[C@H](Cn2c(C3(c4ccccc4F)CC3)nc3nc(-c4noc(=O)[nH]4)nc(-c4cncc(Cl)c4)c32)CC1,C[C@H]1CC[C@H](Cn2c(C3(c4ccccc4F)CC3)nc3nc(-c4noc(=O)[nH]4)nc(-c4cncc(Cl)c4)c32)CC1,5.94,8.226213555018806,8.226213555018806,,1,active
CHEMBL6046866,C[C@H]1CC[C@H](Cn2c(C3(c4ccccn4)CC3)nc3nc(-c4nc(=O)o[nH]4)nc(-c4cccc(Cl)c4)c32)CC1,C[C@H]1CC[C@H](Cn2c(C3(c4ccccn4)CC3)nc3nc(-c4nc(=O)o[nH]4)nc(-c4cccc(Cl)c4)c32)CC1,16.96,7.7705741520793055,7.7705741520793055,,1,active
CHEMBL6020380,C[C@H]1CC[C@H](Cn2c(C3CC3)nc3nc(-c4n[nH]c(=O)o4)nc(-c4cccc(Cl)c4)c32)CC1,C[C@H]1CC[C@H](Cn2c(C3CC3)nc3nc(-c4n[nH]c(=O)o4)nc(-c4cccc(Cl)c4)c32)CC1,62.79,7.202109516941651,7.202109516941651,,1,active
CHEMBL6065452,C[C@H]1CC[C@H](Cn2c(C3CC3)nc3nc(-c4noc(=O)[nH]4)nc(-c4cccc(Cl)c4)c32)CC1,C[C@H]1CC[C@H](Cn2c(C3CC3)nc3nc(-c4noc(=O)[nH]4)nc(-c4cccc(Cl)c4)c32)CC1,41.69,7.3799681048737025,7.3799681048737025,,1,active
CHEMBL6014836,C[C@H]1CC[C@H](Cn2c(C3OCCc4ccccc43)nc3nc(-c4noc(=O)[nH]4)nc(-c4cncc(Cl)c4)c32)CC1,C[C@H]1CC[C@H](Cn2c(C3OCCc4ccccc43)nc3nc(-c4noc(=O)[nH]4)nc(-c4cncc(Cl)c4)c32)CC1,1.5979999999999999,8.825421579520643,8.825421579520643,,2,active
CHEMBL3649890,C[C@H]1CC[C@H](Cn2c(N3C4CCC3C(O)C4)nc3cc(-c4noc(=O)[nH]4)nc(-c4cncc(Cl)c4)c32)CC1,C[C@H]1CC[C@H](Cn2c(N3C4CCC3C(O)C4)nc3cc(-c4noc(=O)[nH]4)nc(-c4cncc(Cl)c4)c32)CC1,14.0,7.853871964321762,7.853871964321762,,2,active
CHEMBL3649893,C[C@H]1CC[C@H](Cn2c(N3CC(O)CC4CCCCC43)nc3cc(-c4noc(=O)[nH]4)nc(-c4cncc(Cl)c4)c32)CC1,C[C@H]1CC[C@H](Cn2c(N3CC(O)CC4CCCCC43)nc3cc(-c4noc(=O)[nH]4)nc(-c4cncc(Cl)c4)c32)CC1,5.0,8.301029995663981,8.301029995663981,,6,active
CHEMBL3649873,C[C@H]1CC[C@H](Cn2c(N3CCC34COC4)nc3cc(-c4noc(=O)[nH]4)nc(-c4cncc(Cl)c4)c32)CC1,C[C@H]1CC[C@H](Cn2c(N3CCC34COC4)nc3cc(-c4noc(=O)[nH]4)nc(-c4cncc(Cl)c4)c32)CC1,19.0,7.721246399047171,7.721246399047171,,2,active
CHEMBL3649814,C[C@H]1CC[C@H](Cn2c(N3CCC4C3C4C(F)(F)F)nc3cc(-c4noc(=O)[nH]4)nc(-c4cncc(Cl)c4)c32)CC1,C[C@H]1CC[C@H](Cn2c(N3CCC4C3C4C(F)(F)F)nc3cc(-c4noc(=O)[nH]4)nc(-c4cncc(Cl)c4)c32)CC1,32.0,7.494850021680094,7.494850021680094,,2,active
CHEMBL5764911,C[C@H]1CC[C@H](Cn2c(N3CCC4OCCC43)nc3nc(-c4noc(=O)[nH]4)nc(-c4cccc(Cl)c4)c32)CC1,C[C@H]1CC[C@H](Cn2c(N3CCC4OCCC43)nc3nc(-c4noc(=O)[nH]4)nc(-c4cccc(Cl)c4)c32)CC1,44.99,7.346884006834433,7.346884006834433,,1,active
CHEMBL3649827,C[C@H]1CC[C@H](Cn2c(N3CCCC34CCC4)nc3cc(-c4noc(=O)[nH]4)nc(-c4cncc(Cl)c4)c32)CC1,C[C@H]1CC[C@H](Cn2c(N3CCCC34CCC4)nc3cc(-c4noc(=O)[nH]4)nc(-c4cncc(Cl)c4)c32)CC1,8.0,8.096910013008056,8.096910013008056,,2,active
CHEMBL3649846,C[C@H]1CC[C@H](Cn2c(N3CCCC34CCOC4)nc3cc(-c4noc(=O)[nH]4)nc(-c4cncc(Cl)c4)c32)CC1,C[C@H]1CC[C@H](Cn2c(N3CCCC34CCOC4)nc3cc(-c4noc(=O)[nH]4)nc(-c4cncc(Cl)c4)c32)CC1,6.0,8.221848749616356,8.221848749616356,,2,active
CHEMBL3649847,C[C@H]1CC[C@H](Cn2c(N3CCCC34CCOCC4)nc3cc(-c4noc(=O)[nH]4)nc(-c4cncc(Cl)c4)c32)CC1,C[C@H]1CC[C@H](Cn2c(N3CCCC34CCOCC4)nc3cc(-c4noc(=O)[nH]4)nc(-c4cncc(Cl)c4)c32)CC1,3.0,8.522878745280337,8.522878745280337,,2,active
CHEMBL3647053,C[C@H]1CC[C@H](Cn2c(N3CCCC3C(F)(F)F)nc3cc(-c4noc(=O)[nH]4)nc(-c4cncc(Cl)c4)c32)CC1,C[C@H]1CC[C@H](Cn2c(N3CCCC3C(F)(F)F)nc3cc(-c4noc(=O)[nH]4)nc(-c4cncc(Cl)c4)c32)CC1,1.0,9.0,9.0,,2,active
CHEMBL3649825,C[C@H]1CC[C@H](Cn2c(N3CCCC3C3CC3)nc3cc(-c4noc(=O)[nH]4)nc(-c4cncc(Cl)c4)c32)CC1,C[C@H]1CC[C@H](Cn2c(N3CCCC3C3CC3)nc3cc(-c4noc(=O)[nH]4)nc(-c4cncc(Cl)c4)c32)CC1,1.0,9.0,9.0,,2,active
CHEMBL3649841,C[C@H]1CC[C@H](Cn2c(N3CCCC3COC(F)(F)F)nc3cc(-c4noc(=O)[nH]4)nc(-c4cncc(Cl)c4)c32)CC1,C[C@H]1CC[C@H](Cn2c(N3CCCC3COC(F)(F)F)nc3cc(-c4noc(=O)[nH]4)nc(-c4cncc(Cl)c4)c32)CC1,7.0,8.154901959985743,8.154901959985743,,2,active
CHEMBL3649849,C[C@H]1CC[C@H](Cn2c(N3CCCC3c3cnn[nH]3)nc3cc(-c4noc(=O)[nH]4)nc(-c4cncc(Cl)c4)c32)CC1,C[C@H]1CC[C@H](Cn2c(N3CCCC3c3cnn[nH]3)nc3cc(-c4noc(=O)[nH]4)nc(-c4cncc(Cl)c4)c32)CC1,1.0,9.0,9.0,,2,active
CHEMBL3647070,C[C@H]1CC[C@H](Cn2c(N3CCCC4CCCC43)nc3cc(-c4noc(=O)[nH]4)nc(-c4cncc(Cl)c4)c32)CC1,C[C@H]1CC[C@H](Cn2c(N3CCCC4CCCC43)nc3cc(-c4noc(=O)[nH]4)nc(-c4cncc(Cl)c4)c32)CC1,30.0,7.967771005386541,7.967771005386541,,8,active
CHEMBL3649848,C[C@H]1CC[C@H](Cn2c(N3CCCC4COCCC43)nc3cc(-c4noc(=O)[nH]4)nc(-c4cncc(Cl)c4)c32)CC1,C[C@H]1CC[C@H](Cn2c(N3CCCC4COCCC43)nc3cc(-c4noc(=O)[nH]4)nc(-c4cncc(Cl)c4)c32)CC1,10.0,8.0,8.0,,4,active
CHEMBL5792585,C[C@H]1CC[C@H](Cn2c(N3CCCC4COCCC43)nc3nc(-c4n[nH]c(=O)o4)nc(-c4cccc(Cl)c4)c32)CC1,C[C@H]1CC[C@H](Cn2c(N3CCCC4COCCC43)nc3nc(-c4n[nH]c(=O)o4)nc(-c4cccc(Cl)c4)c32)CC1,159.995,6.913021341951481,6.913021341951481,,2,active
CHEMBL5896966,C[C@H]1CC[C@H](Cn2c(N3CCCC4COCCC43)nc3nc(-c4n[nH]c(=O)o4)nc(-c4cncc(Cl)c4)c32)CC1,C[C@H]1CC[C@H](Cn2c(N3CCCC4COCCC43)nc3nc(-c4n[nH]c(=O)o4)nc(-c4cncc(Cl)c4)c32)CC1,130.875,6.960702905005895,6.960702905005895,,2,active
CHEMBL5750500,C[C@H]1CC[C@H](Cn2c(N3CCCC4COCCC43)nc3nc(-c4noc(=O)[nH]4)nc(-c4cccc(Cl)c4)c32)CC1,C[C@H]1CC[C@H](Cn2c(N3CCCC4COCCC43)nc3nc(-c4noc(=O)[nH]4)nc(-c4cccc(Cl)c4)c32)CC1,60.86,7.215668051977852,7.215668051977852,,1,active
CHEMBL6057552,C[C@H]1CC[C@H](Cn2c(N3CCCC4OCCCC43)nc3nc(-c4noc(=O)[nH]4)nc(-c4cccc(Cl)c4)c32)CC1,C[C@H]1CC[C@H](Cn2c(N3CCCC4OCCCC43)nc3nc(-c4noc(=O)[nH]4)nc(-c4cccc(Cl)c4)c32)CC1,22.21,7.6534514414515264,7.6534514414515264,,1,active
CHEMBL3649909,C[C@H]1CC[C@H](Cn2c(N3CCCOC4CCCC43)nc3cc(-c4noc(=O)[nH]4)nc(-c4cncc(Cl)c4)c32)CC1,C[C@H]1CC[C@H](Cn2c(N3CCCOC4CCCC43)nc3cc(-c4noc(=O)[nH]4)nc(-c4cncc(Cl)c4)c32)CC1,40.5,8.048455006504028,8.048455006504028,,4,active
CHEMBL3647066,C[C@H]1CC[C@H](Cn2c(N3CCC[C@H]3C(F)(F)F)nc3cc(-c4n[nH]c(=O)o4)nc(-c4cncc(Cl)c4)c32)CC1,C[C@H]1CC[C@H](Cn2c(N3CCC[C@H]3C(F)(F)F)nc3cc(-c4n[nH]c(=O)o4)nc(-c4cncc(Cl)c4)c32)CC1,2.0,8.698970004336019,8.698970004336019,,2,active
CHEMBL3649821,C[C@H]1CC[C@H](Cn2c(N3CCC[C@H]3C(F)(F)F)nc3cc(C(=O)O)nc(-c4cncc(Cl)c4)c32)CC1,C[C@H]1CC[C@H](Cn2c(N3CCC[C@H]3C(F)(F)F)nc3cc(C(=O)O)nc(-c4cncc(Cl)c4)c32)CC1,1.0,9.0,9.0,,2,active
CHEMBL5779353,C[C@H]1CC[C@H](Cn2c(N3CCC[C@H]3C(F)(F)F)nc3nc(-c4n[nH]c(=O)o4)nc(-c4cncc(Cl)c4)c32)CC1,C[C@H]1CC[C@H](Cn2c(N3CCC[C@H]3C(F)(F)F)nc3nc(-c4n[nH]c(=O)o4)nc(-c4cncc(Cl)c4)c32)CC1,0.825,9.083546051450075,9.083546051450075,,1,active
CHEMBL5804716,C[C@H]1CC[C@H](Cn2c(N3CCC[C@H]3C(F)(F)F)nc3nc(-c4noc(=O)[nH]4)nc(-c4cccc(Cl)c4)c32)CC1,C[C@H]1CC[C@H](Cn2c(N3CCC[C@H]3C(F)(F)F)nc3nc(-c4noc(=O)[nH]4)nc(-c4cccc(Cl)c4)c32)CC1,0.9185,9.036920839358173,9.036920839358173,,1,active
CHEMBL5850660,C[C@H]1CC[C@H](Cn2c(N3CCC[C@H]3C(F)(F)F)nc3nc(-c4noc(=O)[nH]4)nc(-c4cncc(Cl)c4)c32)CC1,C[C@H]1CC[C@H](Cn2c(N3CCC[C@H]3C(F)(F)F)nc3nc(-c4noc(=O)[nH]4)nc(-c4cncc(Cl)c4)c32)CC1,0.585,9.232844133917819,9.232844133917819,,1,active
CHEMBL3649844,C[C@H]1CC[C@H](Cn2c(N3CCC[C@H]3C(F)F)nc3cc(-c4noc(=O)[nH]4)nc(-c4cncc(Cl)c4)c32)CC1,C[C@H]1CC[C@H](Cn2c(N3CCC[C@H]3C(F)F)nc3cc(-c4noc(=O)[nH]4)nc(-c4cncc(Cl)c4)c32)CC1,1.0,9.0,9.0,,2,active
CHEMBL3650013,C[C@H]1CC[C@H](Cn2c(N3CCC[C@H]3CF)nc3cc(-c4n[nH]c(=O)[nH]4)nc(-c4cncc(Cl)c4)c32)CC1,C[C@H]1CC[C@H](Cn2c(N3CCC[C@H]3CF)nc3cc(-c4n[nH]c(=O)[nH]4)nc(-c4cncc(Cl)c4)c32)CC1,10.0,8.0,8.0,,2,active
CHEMBL3647058,C[C@H]1CC[C@H](Cn2c(N3CCC[C@H]3CF)nc3cc(-c4n[nH]c(=O)o4)nc(-c4cncc(Cl)c4)c32)CC1,C[C@H]1CC[C@H](Cn2c(N3CCC[C@H]3CF)nc3cc(-c4n[nH]c(=O)o4)nc(-c4cncc(Cl)c4)c32)CC1,4.0,8.397940008672037,8.397940008672037,,2,active
CHEMBL3647051,C[C@H]1CC[C@H](Cn2c(N3CCC[C@H]3CF)nc3cc(-c4noc(=O)[nH]4)nc(-c4cncc(Cl)c4)c32)CC1,C[C@H]1CC[C@H](Cn2c(N3CCC[C@H]3CF)nc3cc(-c4noc(=O)[nH]4)nc(-c4cncc(Cl)c4)c32)CC1,1.0,9.0,9.0,,2,active
CHEMBL3649833,C[C@H]1CC[C@H](Cn2c(N3CCC[C@H]3CF)nc3cc(C(=O)O)nc(-c4cncc(Cl)c4)c32)CC1,C[C@H]1CC[C@H](Cn2c(N3CCC[C@H]3CF)nc3cc(C(=O)O)nc(-c4cncc(Cl)c4)c32)CC1,3.0,8.522878745280337,8.522878745280337,,2,active
CHEMBL5997147,C[C@H]1CC[C@H](Cn2c(N3CCC[C@H]3CF)nc3nc(-c4n[nH]c(=O)o4)nc(-c4cncc(Cl)c4)c32)CC1,C[C@H]1CC[C@H](Cn2c(N3CCC[C@H]3CF)nc3nc(-c4n[nH]c(=O)o4)nc(-c4cncc(Cl)c4)c32)CC1,3.912,8.407601153884436,8.407601153884436,,1,active
CHEMBL3649948,C[C@H]1CC[C@H](Cn2c(N3CCN(C(=O)C(F)F)[C@@H]4CCC[C@H]43)nc3cc(-c4noc(=O)[nH]4)nc(-c4cncc(Cl)c4)c32)CC1,C[C@H]1CC[C@H](Cn2c(N3CCN(C(=O)C(F)F)[C@@H]4CCC[C@H]43)nc3cc(-c4noc(=O)[nH]4)nc(-c4cncc(Cl)c4)c32)CC1,3.0,8.522878745280337,8.522878745280337,,1,active
CHEMBL3946174,C[C@H]1CC[C@H](Cn2c(N3CCN(C(=O)C(F)F)[C@H]4CCC[C@@H]43)nc3cc(-c4nc(=O)o[nH]4)nc(-c4cncc(Cl)c4)c32)CC1,C[C@H]1CC[C@H](Cn2c(N3CCN(C(=O)C(F)F)[C@H]4CCC[C@@H]43)nc3cc(-c4nc(=O)o[nH]4)nc(-c4cncc(Cl)c4)c32)CC1,3.0,8.522878745280337,8.522878745280337,,1,active
CHEMBL3649946,C[C@H]1CC[C@H](Cn2c(N3CCN(C(=O)C4CC4)[C@@H]4CCC[C@H]43)nc3cc(-c4noc(=O)[nH]4)nc(-c4cncc(Cl)c4)c32)CC1,C[C@H]1CC[C@H](Cn2c(N3CCN(C(=O)C4CC4)[C@@H]4CCC[C@H]43)nc3cc(-c4noc(=O)[nH]4)nc(-c4cncc(Cl)c4)c32)CC1,5.0,8.301029995663981,8.301029995663981,,1,active
CHEMBL3909218,C[C@H]1CC[C@H](Cn2c(N3CCN(C(=O)C4CC4)[C@H]4CCC[C@@H]43)nc3cc(-c4nc(=O)o[nH]4)nc(-c4cncc(Cl)c4)c32)CC1,C[C@H]1CC[C@H](Cn2c(N3CCN(C(=O)C4CC4)[C@H]4CCC[C@@H]43)nc3cc(-c4nc(=O)o[nH]4)nc(-c4cncc(Cl)c4)c32)CC1,5.0,8.301029995663981,8.301029995663981,,1,active
CHEMBL3649949,C[C@H]1CC[C@H](Cn2c(N3CCN(C(=O)C4CCC4)[C@@H]4CCC[C@H]43)nc3cc(-c4noc(=O)[nH]4)nc(-c4cncc(Cl)c4)c32)CC1,C[C@H]1CC[C@H](Cn2c(N3CCN(C(=O)C4CCC4)[C@@H]4CCC[C@H]43)nc3cc(-c4noc(=O)[nH]4)nc(-c4cncc(Cl)c4)c32)CC1,5.0,8.301029995663981,8.301029995663981,,1,active
CHEMBL3963317,C[C@H]1CC[C@H](Cn2c(N3CCN(C(=O)C4CCC4)[C@H]4CCC[C@@H]43)nc3cc(-c4nc(=O)o[nH]4)nc(-c4cncc(Cl)c4)c32)CC1,C[C@H]1CC[C@H](Cn2c(N3CCN(C(=O)C4CCC4)[C@H]4CCC[C@@H]43)nc3cc(-c4nc(=O)o[nH]4)nc(-c4cncc(Cl)c4)c32)CC1,5.0,8.301029995663981,8.301029995663981,,1,active
CHEMBL3649816,C[C@H]1CC[C@H](Cn2c(N3CCOC4CC43)nc3cc(-c4noc(=O)[nH]4)nc(-c4cncc(Cl)c4)c32)CC1,C[C@H]1CC[C@H](Cn2c(N3CCOC4CC43)nc3cc(-c4noc(=O)[nH]4)nc(-c4cncc(Cl)c4)c32)CC1,43.0,7.366531544420414,7.366531544420414,,2,active
CHEMBL3647056,C[C@H]1CC[C@H](Cn2c(N3CCOC4CCCC43)nc3cc(-c4n[nH]c(=O)o4)nc(-c4cncc(Cl)c4)c32)CC1,C[C@H]1CC[C@H](Cn2c(N3CCOC4CCCC43)nc3cc(-c4n[nH]c(=O)o4)nc(-c4cncc(Cl)c4)c32)CC1,4.0,8.397940008672037,8.397940008672037,,2,active
CHEMBL3647054,C[C@H]1CC[C@H](Cn2c(N3CCOC4CCCC43)nc3cc(-c4noc(=O)[nH]4)nc(-c4cncc(Cl)c4)c32)CC1,C[C@H]1CC[C@H](Cn2c(N3CCOC4CCCC43)nc3cc(-c4noc(=O)[nH]4)nc(-c4cncc(Cl)c4)c32)CC1,2.0,8.698970004336019,8.698970004336019,,2,active
CHEMBL3647060,C[C@H]1CC[C@H](Cn2c(N3CCOC4CCCCC43)nc3cc(-c4n[nH]c(=O)o4)nc(-c4cncc(Cl)c4)c32)CC1,C[C@H]1CC[C@H](Cn2c(N3CCOC4CCCCC43)nc3cc(-c4n[nH]c(=O)o4)nc(-c4cncc(Cl)c4)c32)CC1,7.0,8.154901959985743,8.154901959985743,,6,active
CHEMBL3647055,C[C@H]1CC[C@H](Cn2c(N3CCOC4CCCCC43)nc3cc(-c4noc(=O)[nH]4)nc(-c4cncc(Cl)c4)c32)CC1,C[C@H]1CC[C@H](Cn2c(N3CCOC4CCCCC43)nc3cc(-c4noc(=O)[nH]4)nc(-c4cncc(Cl)c4)c32)CC1,4.0,8.397940008672037,8.397940008672037,,6,active
CHEMBL5766889,C[C@H]1CC[C@H](Cn2c(N3CCOC4CCCCC43)nc3nc(-c4n[nH]c(=O)o4)nc(-c4cncc(Cl)c4)c32)CC1,C[C@H]1CC[C@H](Cn2c(N3CCOC4CCCCC43)nc3nc(-c4n[nH]c(=O)o4)nc(-c4cncc(Cl)c4)c32)CC1,75.61,7.121420761937781,7.121420761937781,,1,active
CHEMBL5880986,C[C@H]1CC[C@H](Cn2c(N3CCOC4CCCCC43)nc3nc(-c4noc(=O)[nH]4)nc(-c4cccc(Cl)c4)c32)CC1,C[C@H]1CC[C@H](Cn2c(N3CCOC4CCCCC43)nc3nc(-c4noc(=O)[nH]4)nc(-c4cccc(Cl)c4)c32)CC1,15.548,8.191179066197822,8.191179066197822,,2,active
CHEMBL5754307,C[C@H]1CC[C@H](Cn2c(N3CCOC4CCCCC43)nc3nc(-c4noc(=O)[nH]4)nc(-c4cncc(Cl)c4)c32)CC1,C[C@H]1CC[C@H](Cn2c(N3CCOC4CCCCC43)nc3nc(-c4noc(=O)[nH]4)nc(-c4cncc(Cl)c4)c32)CC1,30.15,7.52071268352383,7.52071268352383,,3,active
CHEMBL3649906,C[C@H]1CC[C@H](Cn2c(N3CCOC4CCOCC43)nc3cc(-c4noc(=O)[nH]4)nc(-c4cncc(Cl)c4)c32)CC1,C[C@H]1CC[C@H](Cn2c(N3CCOC4CCOCC43)nc3cc(-c4noc(=O)[nH]4)nc(-c4cncc(Cl)c4)c32)CC1,21.0,7.6777807052660805,7.6777807052660805,,2,active
CHEMBL3649836,C[C@H]1CC[C@H](Cn2c(N3CCOC4COCC43)nc3cc(-c4noc(=O)[nH]4)cc(-c4cncc(Cl)c4)c32)CC1,C[C@H]1CC[C@H](Cn2c(N3CCOC4COCC43)nc3cc(-c4noc(=O)[nH]4)cc(-c4cncc(Cl)c4)c32)CC1,29.0,7.537602002101044,7.537602002101044,,1,active
CHEMBL3649907,C[C@H]1CC[C@H](Cn2c(N3CCOC4COCC43)nc3cc(-c4noc(=O)[nH]4)nc(-c4cncc(Cl)c4)c32)CC1,C[C@H]1CC[C@H](Cn2c(N3CCOC4COCC43)nc3cc(-c4noc(=O)[nH]4)nc(-c4cncc(Cl)c4)c32)CC1,29.0,7.537602002101044,7.537602002101044,,5,active
CHEMBL5979403,C[C@H]1CC[C@H](Cn2c(N3CCOCC3)nc3nc(-c4n[nH]c(=O)o4)nc(-c4cccc(Cl)c4)c32)CC1,C[C@H]1CC[C@H](Cn2c(N3CCOCC3)nc3nc(-c4n[nH]c(=O)o4)nc(-c4cccc(Cl)c4)c32)CC1,162.9,6.788078915691491,6.788078915691491,,1,active
CHEMBL5996548,C[C@H]1CC[C@H](Cn2c(N3CCOCC3)nc3nc(-c4noc(=O)[nH]4)nc(-c4cccc(Cl)c4)c32)CC1,C[C@H]1CC[C@H](Cn2c(N3CCOCC3)nc3nc(-c4noc(=O)[nH]4)nc(-c4cccc(Cl)c4)c32)CC1,71.75,7.14417809459397,7.14417809459397,,1,active
CHEMBL5969177,C[C@H]1CC[C@H](Cn2c(N3CCOCC34CC4)nc3nc(-c4n[nH]c(=O)o4)nc(-c4cccc(Cl)c4)c32)CC1,C[C@H]1CC[C@H](Cn2c(N3CCOCC34CC4)nc3nc(-c4n[nH]c(=O)o4)nc(-c4cccc(Cl)c4)c32)CC1,39.14,7.407379178678018,7.407379178678018,,1,active
CHEMBL5806808,C[C@H]1CC[C@H](Cn2c(N3CCOCC34CC4)nc3nc(-c4noc(=O)[nH]4)nc(-c4cccc(Cl)c4)c32)CC1,C[C@H]1CC[C@H](Cn2c(N3CCOCC34CC4)nc3nc(-c4noc(=O)[nH]4)nc(-c4cccc(Cl)c4)c32)CC1,21.55,7.66655272550325,7.66655272550325,,1,active
CHEMBL5922665,C[C@H]1CC[C@H](Cn2c(N3CCOCC34CCC4)nc3nc(-c4n[nH]c(=O)o4)nc(-c4cccc(Cl)c4)c32)CC1,C[C@H]1CC[C@H](Cn2c(N3CCOCC34CCC4)nc3nc(-c4n[nH]c(=O)o4)nc(-c4cccc(Cl)c4)c32)CC1,25.01,7.601886308269497,7.601886308269497,,1,active
CHEMBL6065871,C[C@H]1CC[C@H](Cn2c(N3CCOCC34CCC4)nc3nc(-c4noc(=O)[nH]4)nc(-c4cccc(Cl)c4)c32)CC1,C[C@H]1CC[C@H](Cn2c(N3CCOCC34CCC4)nc3nc(-c4noc(=O)[nH]4)nc(-c4cccc(Cl)c4)c32)CC1,8.703,8.060331016477674,8.060331016477674,,1,active
CHEMBL6042451,C[C@H]1CC[C@H](Cn2c(N3CCOCC34CCC4)nc3nc(-c4noc(=O)[nH]4)nc(-c4cncc(Cl)c4)c32)CC1,C[C@H]1CC[C@H](Cn2c(N3CCOCC34CCC4)nc3nc(-c4noc(=O)[nH]4)nc(-c4cncc(Cl)c4)c32)CC1,19.11,7.718739312944987,7.718739312944987,,1,active
CHEMBL3649822,C[C@H]1CC[C@H](Cn2c(N3CCOCC3c3ccccc3F)nc3cc(-c4noc(=O)[nH]4)nc(-c4cncc(Cl)c4)c32)CC1,C[C@H]1CC[C@H](Cn2c(N3CCOCC3c3ccccc3F)nc3cc(-c4noc(=O)[nH]4)nc(-c4cncc(Cl)c4)c32)CC1,4.5,8.548455006504028,8.548455006504028,,4,active
CHEMBL5777560,C[C@H]1CC[C@H](Cn2c(N3CCOC[C@H]3C(N)=O)nc3nc(-c4noc(=O)[nH]4)nc(-c4cccc(Cl)c4)c32)CC1,C[C@H]1CC[C@H](Cn2c(N3CCOC[C@H]3C(N)=O)nc3nc(-c4noc(=O)[nH]4)nc(-c4cccc(Cl)c4)c32)CC1,105.5,6.976747540366288,6.976747540366288,,1,active
CHEMBL5792190,C[C@H]1CC[C@H](Cn2c(N3CCOC[C@H]3CF)nc3nc(-c4n[nH]c(=O)o4)nc(-c4cncc(Cl)c4)c32)CC1,C[C@H]1CC[C@H](Cn2c(N3CCOC[C@H]3CF)nc3nc(-c4n[nH]c(=O)o4)nc(-c4cncc(Cl)c4)c32)CC1,37.07,7.430977413970436,7.430977413970436,,1,active
CHEMBL5932738,C[C@H]1CC[C@H](Cn2c(N3CCOC[C@H]3CF)nc3nc(-c4noc(=O)[nH]4)nc(-c4cccc(Cl)c4)c32)CC1,C[C@H]1CC[C@H](Cn2c(N3CCOC[C@H]3CF)nc3nc(-c4noc(=O)[nH]4)nc(-c4cccc(Cl)c4)c32)CC1,11.91,7.924088238517222,7.924088238517222,,1,active
CHEMBL5949360,C[C@H]1CC[C@H](Cn2c(N3CCOC[C@H]3CO)nc3nc(-c4noc(=O)[nH]4)nc(-c4cccc(Cl)c4)c32)CC1,C[C@H]1CC[C@H](Cn2c(N3CCOC[C@H]3CO)nc3nc(-c4noc(=O)[nH]4)nc(-c4cccc(Cl)c4)c32)CC1,47.5,7.323306390375134,7.323306390375134,,1,active
CHEMBL5797173,C[C@H]1CC[C@H](Cn2c(N3CCOC[C@H]3c3ccc(F)cc3)nc3nc(-c4n[nH]c(=O)o4)nc(-c4cncc(Cl)c4)c32)CC1,C[C@H]1CC[C@H](Cn2c(N3CCOC[C@H]3c3ccc(F)cc3)nc3nc(-c4n[nH]c(=O)o4)nc(-c4cncc(Cl)c4)c32)CC1,1.975,8.70443290003752,8.70443290003752,,1,active
CHEMBL5832638,C[C@H]1CC[C@H](Cn2c(N3CCOC[C@H]3c3ccc(F)cc3)nc3nc(-c4noc(=O)[nH]4)nc(-c4cncc(Cl)c4)c32)CC1,C[C@H]1CC[C@H](Cn2c(N3CCOC[C@H]3c3ccc(F)cc3)nc3nc(-c4noc(=O)[nH]4)nc(-c4cncc(Cl)c4)c32)CC1,1.374,8.862013267276469,8.862013267276469,,1,active
CHEMBL3650000,C[C@H]1CC[C@H](Cn2c(N3CCOC[C@H]3c3ccccc3)nc3c(Br)c(-c4noc(=O)[nH]4)nc(-c4cncc(Cl)c4)c32)CC1,C[C@H]1CC[C@H](Cn2c(N3CCOC[C@H]3c3ccccc3)nc3c(Br)c(-c4noc(=O)[nH]4)nc(-c4cncc(Cl)c4)c32)CC1,2.0,8.698970004336019,8.698970004336019,,2,active
CHEMBL3654194,C[C@H]1CC[C@H](Cn2c(N3CCOC[C@H]3c3ccccc3)nc3cc(-c4cccc(=O)[nH]4)nc(-c4cncc(Cl)c4)c32)CC1,C[C@H]1CC[C@H](Cn2c(N3CCOC[C@H]3c3ccccc3)nc3cc(-c4cccc(=O)[nH]4)nc(-c4cncc(Cl)c4)c32)CC1,70.0,7.154901959985743,7.154901959985743,,1,active
CHEMBL3647050,C[C@H]1CC[C@H](Cn2c(N3CCOC[C@H]3c3ccccc3)nc3cc(-c4n[nH]c(=O)o4)nc(-c4cccc(Cl)c4)c32)CC1,C[C@H]1CC[C@H](Cn2c(N3CCOC[C@H]3c3ccccc3)nc3cc(-c4n[nH]c(=O)o4)nc(-c4cccc(Cl)c4)c32)CC1,9.0,8.045757490560675,8.045757490560675,,2,active
CHEMBL3647047,C[C@H]1CC[C@H](Cn2c(N3CCOC[C@H]3c3ccccc3)nc3cc(-c4n[nH]c(=O)o4)nc(-c4cncc(Cl)c4)c32)CC1,C[C@H]1CC[C@H](Cn2c(N3CCOC[C@H]3c3ccccc3)nc3cc(-c4n[nH]c(=O)o4)nc(-c4cncc(Cl)c4)c32)CC1,1.0,9.0,9.0,,2,active
CHEMBL3653326,C[C@H]1CC[C@H](Cn2c(N3CCOC[C@H]3c3ccccc3)nc3cc(-c4noc(=O)[nH]4)nc(-c4cc(Cl)c[nH]c4=O)c32)CC1,C[C@H]1CC[C@H](Cn2c(N3CCOC[C@H]3c3ccccc3)nc3cc(-c4noc(=O)[nH]4)nc(-c4cc(Cl)c[nH]c4=O)c32)CC1,1.0,9.0,9.0,,2,active
CHEMBL3647049,C[C@H]1CC[C@H](Cn2c(N3CCOC[C@H]3c3ccccc3)nc3cc(-c4noc(=O)[nH]4)nc(-c4cccc(Cl)c4)c32)CC1,C[C@H]1CC[C@H](Cn2c(N3CCOC[C@H]3c3ccccc3)nc3cc(-c4noc(=O)[nH]4)nc(-c4cccc(Cl)c4)c32)CC1,3.0,8.522878745280337,8.522878745280337,,2,active
CHEMBL3653330,C[C@H]1CC[C@H](Cn2c(N3CCOC[C@H]3c3ccccc3)nc3cc(-c4noc(=O)[nH]4)nc(-c4cccnn4)c32)CC1,C[C@H]1CC[C@H](Cn2c(N3CCOC[C@H]3c3ccccc3)nc3cc(-c4noc(=O)[nH]4)nc(-c4cccnn4)c32)CC1,112.0,6.950781977329818,6.950781977329818,,2,active
CHEMBL3653329,C[C@H]1CC[C@H](Cn2c(N3CCOC[C@H]3c3ccccc3)nc3cc(-c4noc(=O)[nH]4)nc(-c4ccnnc4)c32)CC1,C[C@H]1CC[C@H](Cn2c(N3CCOC[C@H]3c3ccccc3)nc3cc(-c4noc(=O)[nH]4)nc(-c4ccnnc4)c32)CC1,72.0,7.142667503568731,7.142667503568731,,2,active
CHEMBL3653328,C[C@H]1CC[C@H](Cn2c(N3CCOC[C@H]3c3ccccc3)nc3cc(-c4noc(=O)[nH]4)nc(-c4cnccn4)c32)CC1,C[C@H]1CC[C@H](Cn2c(N3CCOC[C@H]3c3ccccc3)nc3cc(-c4noc(=O)[nH]4)nc(-c4cnccn4)c32)CC1,119.0,6.924453038607469,6.924453038607469,,2,active
CHEMBL3653327,C[C@H]1CC[C@H](Cn2c(N3CCOC[C@H]3c3ccccc3)nc3cc(-c4noc(=O)[nH]4)nc(-c4cncnc4)c32)CC1,C[C@H]1CC[C@H](Cn2c(N3CCOC[C@H]3c3ccccc3)nc3cc(-c4noc(=O)[nH]4)nc(-c4cncnc4)c32)CC1,65.0,7.187086643357144,7.187086643357144,,2,active
CHEMBL3653337,C[C@H]1CC[C@H](Cn2c(N3CCOC[C@H]3c3ccccc3)nc3cc(-c4noc(=O)[nH]4)nc(OCC4CCC4)c32)CC1,C[C@H]1CC[C@H](Cn2c(N3CCOC[C@H]3c3ccccc3)nc3cc(-c4noc(=O)[nH]4)nc(OCC4CCC4)c32)CC1,37.0,7.431798275933005,7.431798275933005,,2,active
CHEMBL3647067,C[C@H]1CC[C@H](Cn2c(N3CCOC[C@H]3c3ccccc3)nc3cc(C(=O)O)nc(-c4cncc(Cl)c4)c32)CC1,C[C@H]1CC[C@H](Cn2c(N3CCOC[C@H]3c3ccccc3)nc3cc(C(=O)O)nc(-c4cncc(Cl)c4)c32)CC1,1.0,9.0,9.0,,2,active
CHEMBL3653336,C[C@H]1CC[C@H](Cn2c(N3CCOC[C@H]3c3ccccc3)nc3cc(C4CC=CC(=O)N4)nc(-c4cncc(Cl)c4)c32)CC1,C[C@H]1CC[C@H](Cn2c(N3CCOC[C@H]3c3ccccc3)nc3cc(C4CC=CC(=O)N4)nc(-c4cncc(Cl)c4)c32)CC1,70.0,7.154901959985743,7.154901959985743,,1,active
CHEMBL5881704,C[C@H]1CC[C@H](Cn2c(N3CCOC[C@H]3c3ccccc3)nc3nc(-c4n[nH]c(=O)o4)nc(-c4cc(Cl)cnc4O)c32)CC1,C[C@H]1CC[C@H](Cn2c(N3CCOC[C@H]3c3ccccc3)nc3nc(-c4n[nH]c(=O)o4)nc(-c4cc(Cl)cnc4O)c32)CC1,1.232,8.909389292171593,8.909389292171593,,1,active
CHEMBL6046619,C[C@H]1CC[C@H](Cn2c(N3CCOC[C@H]3c3ccccc3)nc3nc(-c4n[nH]c(=O)o4)nc(-c4cccc(Cl)c4)c32)CC1,C[C@H]1CC[C@H](Cn2c(N3CCOC[C@H]3c3ccccc3)nc3nc(-c4n[nH]c(=O)o4)nc(-c4cccc(Cl)c4)c32)CC1,2.249,8.648010544564368,8.648010544564368,,1,active
CHEMBL5950650,C[C@H]1CC[C@H](Cn2c(N3CCOC[C@H]3c3ccccc3)nc3nc(-c4n[nH]c(=O)o4)nc(-c4cncc(Cl)c4)c32)CC1,C[C@H]1CC[C@H](Cn2c(N3CCOC[C@H]3c3ccccc3)nc3nc(-c4n[nH]c(=O)o4)nc(-c4cncc(Cl)c4)c32)CC1,0.8238,9.084178212379602,9.084178212379602,,1,active
CHEMBL6056810,C[C@H]1CC[C@H](Cn2c(N3CCOC[C@H]3c3ccccc3)nc3nc(-c4n[nH]c(=O)o4)nc(C4CCCCC4)c32)CC1,C[C@H]1CC[C@H](Cn2c(N3CCOC[C@H]3c3ccccc3)nc3nc(-c4n[nH]c(=O)o4)nc(C4CCCCC4)c32)CC1,9.216,8.035457533920864,8.035457533920864,,1,active
CHEMBL5746364,C[C@H]1CC[C@H](Cn2c(N3CCOC[C@H]3c3ccccc3)nc3nc(-c4n[nH]c(=O)o4)nc(C4CCOCC4)c32)CC1,C[C@H]1CC[C@H](Cn2c(N3CCOC[C@H]3c3ccccc3)nc3nc(-c4n[nH]c(=O)o4)nc(C4CCOCC4)c32)CC1,67.14,7.173018663088007,7.173018663088007,,1,active
CHEMBL5821967,C[C@H]1CC[C@H](Cn2c(N3CCOC[C@H]3c3ccccc3)nc3nc(-c4n[nH]c(=O)o4)nc(Oc4ccc(Cl)cn4)c32)CC1,C[C@H]1CC[C@H](Cn2c(N3CCOC[C@H]3c3ccccc3)nc3nc(-c4n[nH]c(=O)o4)nc(Oc4ccc(Cl)cn4)c32)CC1,20.12,7.69637202361611,7.69637202361611,,1,active
CHEMBL5940793,C[C@H]1CC[C@H](Cn2c(N3CCOC[C@H]3c3ccccc3)nc3nc(-c4noc(=O)[nH]4)nc(-c4cc(Cl)cc(CO)c4)c32)CC1,C[C@H]1CC[C@H](Cn2c(N3CCOC[C@H]3c3ccccc3)nc3nc(-c4noc(=O)[nH]4)nc(-c4cc(Cl)cc(CO)c4)c32)CC1,0.2052,9.68782264356022,9.68782264356022,,1,active
CHEMBL5994665,C[C@H]1CC[C@H](Cn2c(N3CCOC[C@H]3c3ccccc3)nc3nc(-c4noc(=O)[nH]4)nc(-c4cc(Cl)cc(Cl)c4)c32)CC1,C[C@H]1CC[C@H](Cn2c(N3CCOC[C@H]3c3ccccc3)nc3nc(-c4noc(=O)[nH]4)nc(-c4cc(Cl)cc(Cl)c4)c32)CC1,0.9953,9.002045995930597,9.002045995930597,,1,active
CHEMBL6046388,C[C@H]1CC[C@H](Cn2c(N3CCOC[C@H]3c3ccccc3)nc3nc(-c4noc(=O)[nH]4)nc(-c4cc(Cl)cc(N5CCCC5)c4)c32)CC1,C[C@H]1CC[C@H](Cn2c(N3CCOC[C@H]3c3ccccc3)nc3nc(-c4noc(=O)[nH]4)nc(-c4cc(Cl)cc(N5CCCC5)c4)c32)CC1,14.91,7.826522356547006,7.826522356547006,,1,active
CHEMBL5767577,C[C@H]1CC[C@H](Cn2c(N3CCOC[C@H]3c3ccccc3)nc3nc(-c4noc(=O)[nH]4)nc(-c4cc(Cl)ccc4F)c32)CC1,C[C@H]1CC[C@H](Cn2c(N3CCOC[C@H]3c3ccccc3)nc3nc(-c4noc(=O)[nH]4)nc(-c4cc(Cl)ccc4F)c32)CC1,1.63,8.787812395596042,8.787812395596042,,1,active
CHEMBL5746954,C[C@H]1CC[C@H](Cn2c(N3CCOC[C@H]3c3ccccc3)nc3nc(-c4noc(=O)[nH]4)nc(-c4cc(Cl)cnc4F)c32)CC1,C[C@H]1CC[C@H](Cn2c(N3CCOC[C@H]3c3ccccc3)nc3nc(-c4noc(=O)[nH]4)nc(-c4cc(Cl)cnc4F)c32)CC1,1.16,8.935542010773082,8.935542010773082,,1,active
CHEMBL6019852,C[C@H]1CC[C@H](Cn2c(N3CCOC[C@H]3c3ccccc3)nc3nc(-c4noc(=O)[nH]4)nc(-c4cc(Cl)cnc4O)c32)CC1,C[C@H]1CC[C@H](Cn2c(N3CCOC[C@H]3c3ccccc3)nc3nc(-c4noc(=O)[nH]4)nc(-c4cc(Cl)cnc4O)c32)CC1,0.847,9.072116589669292,9.072116589669292,,1,active
CHEMBL5992277,C[C@H]1CC[C@H](Cn2c(N3CCOC[C@H]3c3ccccc3)nc3nc(-c4noc(=O)[nH]4)nc(-c4cc(Cl)cnc4OCc4ccccc4)c32)CC1,C[C@H]1CC[C@H](Cn2c(N3CCOC[C@H]3c3ccccc3)nc3nc(-c4noc(=O)[nH]4)nc(-c4cc(Cl)cnc4OCc4ccccc4)c32)CC1,3.65,8.437707135543524,8.437707135543524,,1,active
CHEMBL5962450,C[C@H]1CC[C@H](Cn2c(N3CCOC[C@H]3c3ccccc3)nc3nc(-c4noc(=O)[nH]4)nc(-c4cc(Cl)nc(Cl)c4)c32)CC1,C[C@H]1CC[C@H](Cn2c(N3CCOC[C@H]3c3ccccc3)nc3nc(-c4noc(=O)[nH]4)nc(-c4cc(Cl)nc(Cl)c4)c32)CC1,1.658,8.780415473785744,8.780415473785744,,1,active
CHEMBL5967322,C[C@H]1CC[C@H](Cn2c(N3CCOC[C@H]3c3ccccc3)nc3nc(-c4noc(=O)[nH]4)nc(-c4cc(F)cc(Cl)c4)c32)CC1,C[C@H]1CC[C@H](Cn2c(N3CCOC[C@H]3c3ccccc3)nc3nc(-c4noc(=O)[nH]4)nc(-c4cc(F)cc(Cl)c4)c32)CC1,1.21,8.91721462968355,8.91721462968355,,1,active
CHEMBL5816785,C[C@H]1CC[C@H](Cn2c(N3CCOC[C@H]3c3ccccc3)nc3nc(-c4noc(=O)[nH]4)nc(-c4ccc(F)c(Cl)c4)c32)CC1,C[C@H]1CC[C@H](Cn2c(N3CCOC[C@H]3c3ccccc3)nc3nc(-c4noc(=O)[nH]4)nc(-c4ccc(F)c(Cl)c4)c32)CC1,5.625,8.2498774732166,8.2498774732166,,1,active
CHEMBL5754416,C[C@H]1CC[C@H](Cn2c(N3CCOC[C@H]3c3ccccc3)nc3nc(-c4noc(=O)[nH]4)nc(-c4cccc(C(F)F)c4)c32)CC1,C[C@H]1CC[C@H](Cn2c(N3CCOC[C@H]3c3ccccc3)nc3nc(-c4noc(=O)[nH]4)nc(-c4cccc(C(F)F)c4)c32)CC1,7.108,8.148252580866735,8.148252580866735,,1,active
CHEMBL5079727,C[C@H]1CC[C@H](Cn2c(N3CCOC[C@H]3c3ccccc3)nc3nc(-c4noc(=O)[nH]4)nc(-c4cccc(Cl)c4)c32)CC1,C[C@H]1CC[C@H](Cn2c(N3CCOC[C@H]3c3ccccc3)nc3nc(-c4noc(=O)[nH]4)nc(-c4cccc(Cl)c4)c32)CC1,1.266,8.897566294318663,8.897566294318663,,1,active
CHEMBL5891433,C[C@H]1CC[C@H](Cn2c(N3CCOC[C@H]3c3ccccc3)nc3nc(-c4noc(=O)[nH]4)nc(-c4cccc(Cl)c4F)c32)CC1,C[C@H]1CC[C@H](Cn2c(N3CCOC[C@H]3c3ccccc3)nc3nc(-c4noc(=O)[nH]4)nc(-c4cccc(Cl)c4F)c32)CC1,1.44,8.84163750790475,8.84163750790475,,1,active
CHEMBL5090666,C[C@H]1CC[C@H](Cn2c(N3CCOC[C@H]3c3ccccc3)nc3nc(-c4noc(=O)[nH]4)nc(-c4ccccc4)c32)CC1,C[C@H]1CC[C@H](Cn2c(N3CCOC[C@H]3c3ccccc3)nc3nc(-c4noc(=O)[nH]4)nc(-c4ccccc4)c32)CC1,10.11,7.995248844408999,7.995248844408999,,1,active
CHEMBL5823259,C[C@H]1CC[C@H](Cn2c(N3CCOC[C@H]3c3ccccc3)nc3nc(-c4noc(=O)[nH]4)nc(-c4ccnc(Cl)c4)c32)CC1,C[C@H]1CC[C@H](Cn2c(N3CCOC[C@H]3c3ccccc3)nc3nc(-c4noc(=O)[nH]4)nc(-c4ccnc(Cl)c4)c32)CC1,1.139,8.943476275920899,8.943476275920899,,1,active
CHEMBL5092465,C[C@H]1CC[C@H](Cn2c(N3CCOC[C@H]3c3ccccc3)nc3nc(-c4noc(=O)[nH]4)nc(-c4cncc(Cl)c4)c32)CC1,C[C@H]1CC[C@H](Cn2c(N3CCOC[C@H]3c3ccccc3)nc3nc(-c4noc(=O)[nH]4)nc(-c4cncc(Cl)c4)c32)CC1,0.5167,9.286761538454337,9.286761538454337,,1,active
CHEMBL5893736,C[C@H]1CC[C@H](Cn2c(N3CCOC[C@H]3c3ccccc3)nc3nc(-c4noc(=O)[nH]4)nc(-n4cc(Cl)ccc4=O)c32)CC1,C[C@H]1CC[C@H](Cn2c(N3CCOC[C@H]3c3ccccc3)nc3nc(-c4noc(=O)[nH]4)nc(-n4cc(Cl)ccc4=O)c32)CC1,1.011,8.995248844409,8.995248844409,,1,active
CHEMBL5783660,C[C@H]1CC[C@H](Cn2c(N3CCOC[C@H]3c3ccccc3)nc3nc(-c4noc(=O)[nH]4)nc(C4CCCCC4)c32)CC1,C[C@H]1CC[C@H](Cn2c(N3CCOC[C@H]3c3ccccc3)nc3nc(-c4noc(=O)[nH]4)nc(C4CCCCC4)c32)CC1,5.079,8.294221787171402,8.294221787171402,,1,active
CHEMBL6020017,C[C@H]1CC[C@H](Cn2c(N3CCOC[C@H]3c3ccccc3)nc3nc(-c4noc(=O)[nH]4)nc(C4CCOCC4)c32)CC1,C[C@H]1CC[C@H](Cn2c(N3CCOC[C@H]3c3ccccc3)nc3nc(-c4noc(=O)[nH]4)nc(C4CCOCC4)c32)CC1,46.64,7.331241458249043,7.331241458249043,,1,active
CHEMBL6041730,C[C@H]1CC[C@H](Cn2c(N3CCOC[C@H]3c3ccccc3)nc3nc(-c4noc(=O)[nH]4)nc(N4CCCC4C4CCC4)c32)CC1,C[C@H]1CC[C@H](Cn2c(N3CCOC[C@H]3c3ccccc3)nc3nc(-c4noc(=O)[nH]4)nc(N4CCCC4C4CCC4)c32)CC1,7.84,8.105683937315561,8.105683937315561,,1,active
CHEMBL5891432,C[C@H]1CC[C@H](Cn2c(N3CCOC[C@H]3c3ccccc3)nc3nc(-c4noc(=O)[nH]4)nc(N4CCCCC4C4CCC4)c32)CC1,C[C@H]1CC[C@H](Cn2c(N3CCOC[C@H]3c3ccccc3)nc3nc(-c4noc(=O)[nH]4)nc(N4CCCCC4C4CCC4)c32)CC1,244.576,7.2533141712321925,7.2533141712321925,,2,active
CHEMBL6046641,C[C@H]1CC[C@H](Cn2c(N3CCOC[C@H]3c3ccccc3)nc3nc(-c4noc(=O)[nH]4)nc(N4CC[C@@H]4C4CCC4)c32)CC1,C[C@H]1CC[C@H](Cn2c(N3CCOC[C@H]3c3ccccc3)nc3nc(-c4noc(=O)[nH]4)nc(N4CC[C@@H]4C4CCC4)c32)CC1,27.34,7.563201489768197,7.563201489768197,,1,active
CHEMBL6009150,C[C@H]1CC[C@H](Cn2c(N3CCOC[C@H]3c3ccccc3)nc3nc(-c4noc(=O)[nH]4)nc(Oc4ccc(Cl)cn4)c32)CC1,C[C@H]1CC[C@H](Cn2c(N3CCOC[C@H]3c3ccccc3)nc3nc(-c4noc(=O)[nH]4)nc(Oc4ccc(Cl)cn4)c32)CC1,15.45,7.811071516239147,7.811071516239147,,1,active
CHEMBL5892499,C[C@H]1CC[C@H](Cn2c(N3CCOC[C@H]3c3ccccc3)nc3nc(C(=O)O)nc(-c4cccc(Cl)c4)c32)CC1,C[C@H]1CC[C@H](Cn2c(N3CCOC[C@H]3c3ccccc3)nc3nc(C(=O)O)nc(-c4cccc(Cl)c4)c32)CC1,0.68,9.167491087293763,9.167491087293763,,1,active
CHEMBL5911812,C[C@H]1CC[C@H](Cn2c(N3CCOC[C@H]3c3ccccc3F)nc3nc(-c4n[nH]c(=O)o4)nc(-c4cncc(Cl)c4)c32)CC1,C[C@H]1CC[C@H](Cn2c(N3CCOC[C@H]3c3ccccc3F)nc3nc(-c4n[nH]c(=O)o4)nc(-c4cncc(Cl)c4)c32)CC1,0.4938,9.306448914404086,9.306448914404086,,1,active
CHEMBL5953105,C[C@H]1CC[C@H](Cn2c(N3CCOC[C@H]3c3ccccc3F)nc3nc(-c4noc(=O)[nH]4)nc(-c4cncc(Cl)c4)c32)CC1,C[C@H]1CC[C@H](Cn2c(N3CCOC[C@H]3c3ccccc3F)nc3nc(-c4noc(=O)[nH]4)nc(-c4cncc(Cl)c4)c32)CC1,0.5846,9.233141188978582,9.233141188978582,,1,active
CHEMBL3649905,C[C@H]1CC[C@H](Cn2c(N3CCOC[C@H]3c3ccccn3)nc3cc(-c4noc(=O)[nH]4)nc(-c4cncc(Cl)c4)c32)CC1,C[C@H]1CC[C@H](Cn2c(N3CCOC[C@H]3c3ccccn3)nc3cc(-c4noc(=O)[nH]4)nc(-c4cncc(Cl)c4)c32)CC1,1.0,9.0,9.0,,2,active
CHEMBL5961582,C[C@H]1CC[C@H](Cn2c(N3CCOC[C@H]3c3ccccn3)nc3nc(-c4n[nH]c(=O)o4)nc(-c4cccc(Cl)c4)c32)CC1,C[C@H]1CC[C@H](Cn2c(N3CCOC[C@H]3c3ccccn3)nc3nc(-c4n[nH]c(=O)o4)nc(-c4cccc(Cl)c4)c32)CC1,1.984,8.70245833218184,8.70245833218184,,1,active
CHEMBL5772320,C[C@H]1CC[C@H](Cn2c(N3CCOC[C@H]3c3ccccn3)nc3nc(-c4noc(=O)[nH]4)nc(-c4cccc(Cl)c4)c32)CC1,C[C@H]1CC[C@H](Cn2c(N3CCOC[C@H]3c3ccccn3)nc3nc(-c4noc(=O)[nH]4)nc(-c4cccc(Cl)c4)c32)CC1,1.608,8.793713955587567,8.793713955587567,,1,active
CHEMBL5922766,C[C@H]1CC[C@H](Cn2c(N3CCOC[C@H]3c3ccncc3)nc3nc(-c4n[nH]c(=O)o4)nc(-c4cccc(Cl)c4)c32)CC1,C[C@H]1CC[C@H](Cn2c(N3CCOC[C@H]3c3ccncc3)nc3nc(-c4n[nH]c(=O)o4)nc(-c4cccc(Cl)c4)c32)CC1,3.807,8.419417123185633,8.419417123185633,,1,active
CHEMBL5762752,C[C@H]1CC[C@H](Cn2c(N3CCOC[C@H]3c3ccncc3)nc3nc(-c4noc(=O)[nH]4)nc(-c4cccc(Cl)c4)c32)CC1,C[C@H]1CC[C@H](Cn2c(N3CCOC[C@H]3c3ccncc3)nc3nc(-c4noc(=O)[nH]4)nc(-c4cccc(Cl)c4)c32)CC1,3.291,8.482672117705626,8.482672117705626,,1,active
CHEMBL3649904,C[C@H]1CC[C@H](Cn2c(N3CCO[C@@H]4CC(F)(F)C[C@H]43)nc3cc(-c4noc(=O)[nH]4)nc(-c4cncc(Cl)c4)c32)CC1,C[C@H]1CC[C@H](Cn2c(N3CCO[C@@H]4CC(F)(F)C[C@H]43)nc3cc(-c4noc(=O)[nH]4)nc(-c4cncc(Cl)c4)c32)CC1,66.0,7.792513326014591,7.792513326014591,,2,active
CHEMBL3649908,C[C@H]1CC[C@H](Cn2c(N3CCO[C@@H]4CC(F)C[C@H]43)nc3cc(-c4noc(=O)[nH]4)nc(-c4cncc(Cl)c4)c32)CC1,C[C@H]1CC[C@H](Cn2c(N3CCO[C@@H]4CC(F)C[C@H]43)nc3cc(-c4noc(=O)[nH]4)nc(-c4cncc(Cl)c4)c32)CC1,26.0,7.858349385648225,7.858349385648225,,4,active
CHEMBL3649901,C[C@H]1CC[C@H](Cn2c(N3CCO[C@@H]4CCC(F)(F)[C@H]43)nc3cc(-c4noc(=O)[nH]4)nc(-c4cncc(Cl)c4)c32)CC1,C[C@H]1CC[C@H](Cn2c(N3CCO[C@@H]4CCC(F)(F)[C@H]43)nc3cc(-c4noc(=O)[nH]4)nc(-c4cncc(Cl)c4)c32)CC1,1.0,9.0,9.0,,1,active
CHEMBL3650001,C[C@H]1CC[C@H](Cn2c(N3CCO[C@@H]4CCC[C@H]43)nc3c(Cl)c(-c4noc(=O)[nH]4)nc(-c4cncc(Cl)c4)c32)CC1,C[C@H]1CC[C@H](Cn2c(N3CCO[C@@H]4CCC[C@H]43)nc3c(Cl)c(-c4noc(=O)[nH]4)nc(-c4cncc(Cl)c4)c32)CC1,1.0,9.0,9.0,,1,active
CHEMBL3650002,C[C@H]1CC[C@H](Cn2c(N3CCO[C@@H]4CCC[C@H]43)nc3c(F)c(-c4noc(=O)[nH]4)nc(-c4cncc(Cl)c4)c32)CC1,C[C@H]1CC[C@H](Cn2c(N3CCO[C@@H]4CCC[C@H]43)nc3c(F)c(-c4noc(=O)[nH]4)nc(-c4cncc(Cl)c4)c32)CC1,1.0,9.0,9.0,,1,active
CHEMBL3647063,C[C@H]1CC[C@H](Cn2c(N3CCO[C@@H]4CCC[C@H]43)nc3cc(-c4n[nH]c(=O)o4)nc(-c4cncc(Cl)c4)c32)CC1,C[C@H]1CC[C@H](Cn2c(N3CCO[C@@H]4CCC[C@H]43)nc3cc(-c4n[nH]c(=O)o4)nc(-c4cncc(Cl)c4)c32)CC1,2.0,8.698970004336019,8.698970004336019,,1,active
CHEMBL3653322,C[C@H]1CC[C@H](Cn2c(N3CCO[C@@H]4CCC[C@H]43)nc3cc(-c4noc(=O)[nH]4)nc(-c4cc(Cl)c[nH]c4=O)c32)CC1,C[C@H]1CC[C@H](Cn2c(N3CCO[C@@H]4CCC[C@H]43)nc3cc(-c4noc(=O)[nH]4)nc(-c4cc(Cl)c[nH]c4=O)c32)CC1,2.0,8.698970004336019,8.698970004336019,,1,active
CHEMBL3653317,C[C@H]1CC[C@H](Cn2c(N3CCO[C@@H]4CCC[C@H]43)nc3cc(-c4noc(=O)[nH]4)nc(-c4cc(Cl)cnc4OCCO)c32)CC1,C[C@H]1CC[C@H](Cn2c(N3CCO[C@@H]4CCC[C@H]43)nc3cc(-c4noc(=O)[nH]4)nc(-c4cc(Cl)cnc4OCCO)c32)CC1,1.0,9.0,9.0,,1,active
CHEMBL3647052,C[C@H]1CC[C@H](Cn2c(N3CCO[C@@H]4CCC[C@H]43)nc3cc(-c4noc(=O)[nH]4)nc(-c4cncc(Cl)c4)c32)CC1,C[C@H]1CC[C@H](Cn2c(N3CCO[C@@H]4CCC[C@H]43)nc3cc(-c4noc(=O)[nH]4)nc(-c4cncc(Cl)c4)c32)CC1,1.0,9.0,9.0,,1,active
CHEMBL3649832,C[C@H]1CC[C@H](Cn2c(N3CCO[C@@H]4CCC[C@H]43)nc3cc(C(=O)O)nc(-c4cncc(Cl)c4)c32)CC1,C[C@H]1CC[C@H](Cn2c(N3CCO[C@@H]4CCC[C@H]43)nc3cc(C(=O)O)nc(-c4cncc(Cl)c4)c32)CC1,2.0,8.698970004336019,8.698970004336019,,1,active
CHEMBL5953036,C[C@H]1CC[C@H](Cn2c(N3CCO[C@@H]4CCC[C@H]43)nc3nc(-c4n[nH]c(=O)o4)nc(-c4cccc(Cl)c4)c32)CC1,C[C@H]1CC[C@H](Cn2c(N3CCO[C@@H]4CCC[C@H]43)nc3nc(-c4n[nH]c(=O)o4)nc(-c4cccc(Cl)c4)c32)CC1,2.472,8.606951533583223,8.606951533583223,,1,active
CHEMBL5995981,C[C@H]1CC[C@H](Cn2c(N3CCO[C@@H]4CCC[C@H]43)nc3nc(-c4n[nH]c(=O)o4)nc(-c4cncc(Cl)c4)c32)CC1,C[C@H]1CC[C@H](Cn2c(N3CCO[C@@H]4CCC[C@H]43)nc3nc(-c4n[nH]c(=O)o4)nc(-c4cncc(Cl)c4)c32)CC1,2.283,8.641494088509765,8.641494088509765,,1,active
CHEMBL6039169,C[C@H]1CC[C@H](Cn2c(N3CCO[C@@H]4CCC[C@H]43)nc3nc(-c4noc(=O)[nH]4)nc(-c4cccc(Cl)c4)c32)CC1,C[C@H]1CC[C@H](Cn2c(N3CCO[C@@H]4CCC[C@H]43)nc3nc(-c4noc(=O)[nH]4)nc(-c4cccc(Cl)c4)c32)CC1,1.1,8.958607314841775,8.958607314841775,,1,active
CHEMBL5842437,C[C@H]1CC[C@H](Cn2c(N3CCO[C@@H]4CCC[C@H]43)nc3nc(-c4noc(=O)[nH]4)nc(-c4cncc(Cl)c4)c32)CC1,C[C@H]1CC[C@H](Cn2c(N3CCO[C@@H]4CCC[C@H]43)nc3nc(-c4noc(=O)[nH]4)nc(-c4cncc(Cl)c4)c32)CC1,1.563,8.806041021980812,8.806041021980812,,1,active
CHEMBL3654188,C[C@H]1CC[C@H](Cn2c(N3CCO[C@@H]4CN(C(=O)OCc5ccccc5)CC[C@H]43)nc3cc(-c4noc(=O)[nH]4)nc(-c4cncc(Cl)c4)c32)CC1,C[C@H]1CC[C@H](Cn2c(N3CCO[C@@H]4CN(C(=O)OCc5ccccc5)CC[C@H]43)nc3cc(-c4noc(=O)[nH]4)nc(-c4cncc(Cl)c4)c32)CC1,250.0,6.6020599913279625,6.6020599913279625,,1,active
CHEMBL3654190,C[C@H]1CC[C@H](Cn2c(N3CCO[C@@H]4CN(Cc5ccccc5)CC[C@H]43)nc3cc(-c4noc(=O)[nH]4)nc(-c4cncc(Cl)c4)c32)CC1,C[C@H]1CC[C@H](Cn2c(N3CCO[C@@H]4CN(Cc5ccccc5)CC[C@H]43)nc3cc(-c4noc(=O)[nH]4)nc(-c4cncc(Cl)c4)c32)CC1,129.0,6.889410289700751,6.889410289700751,,1,active
CHEMBL3654189,C[C@H]1CC[C@H](Cn2c(N3CCO[C@@H]4CNCC[C@H]43)nc3cc(-c4noc(=O)[nH]4)nc(-c4cncc(Cl)c4)c32)CC1,C[C@H]1CC[C@H](Cn2c(N3CCO[C@@H]4CNCC[C@H]43)nc3cc(-c4noc(=O)[nH]4)nc(-c4cncc(Cl)c4)c32)CC1,512.0,6.290730039024169,6.290730039024169,,1,active
CHEMBL3979791,C[C@H]1CC[C@H](Cn2c(N3CCO[C@H]4CC(F)(F)C[C@@H]43)nc3cc(-c4nc(=O)o[nH]4)nc(-c4cncc(Cl)c4)c32)CC1,C[C@H]1CC[C@H](Cn2c(N3CCO[C@H]4CC(F)(F)C[C@@H]43)nc3cc(-c4nc(=O)o[nH]4)nc(-c4cncc(Cl)c4)c32)CC1,66.0,7.792513326014591,7.792513326014591,,2,active
CHEMBL3927923,C[C@H]1CC[C@H](Cn2c(N3CCO[C@H]4CC(F)C[C@@H]43)nc3cc(-c4nc(=O)o[nH]4)nc(-c4cncc(Cl)c4)c32)CC1,C[C@H]1CC[C@H](Cn2c(N3CCO[C@H]4CC(F)C[C@@H]43)nc3cc(-c4nc(=O)o[nH]4)nc(-c4cncc(Cl)c4)c32)CC1,26.0,7.858349385648225,7.858349385648225,,4,active
CHEMBL3904045,C[C@H]1CC[C@H](Cn2c(N3CCO[C@H]4CCC(F)(F)[C@@H]43)nc3cc(-c4nc(=O)o[nH]4)nc(-c4cncc(Cl)c4)c32)CC1,C[C@H]1CC[C@H](Cn2c(N3CCO[C@H]4CCC(F)(F)[C@@H]43)nc3cc(-c4nc(=O)o[nH]4)nc(-c4cncc(Cl)c4)c32)CC1,1.0,9.0,9.0,,1,active
CHEMBL3959078,C[C@H]1CC[C@H](Cn2c(N3CCO[C@H]4CCC[C@@H]43)nc3c(Cl)c(-c4nc(=O)o[nH]4)nc(-c4cncc(Cl)c4)c32)CC1,C[C@H]1CC[C@H](Cn2c(N3CCO[C@H]4CCC[C@@H]43)nc3c(Cl)c(-c4nc(=O)o[nH]4)nc(-c4cncc(Cl)c4)c32)CC1,1.0,9.0,9.0,,1,active
CHEMBL3941748,C[C@H]1CC[C@H](Cn2c(N3CCO[C@H]4CCC[C@@H]43)nc3c(F)c(-c4nc(=O)o[nH]4)nc(-c4cncc(Cl)c4)c32)CC1,C[C@H]1CC[C@H](Cn2c(N3CCO[C@H]4CCC[C@@H]43)nc3c(F)c(-c4nc(=O)o[nH]4)nc(-c4cncc(Cl)c4)c32)CC1,1.0,9.0,9.0,,1,active
CHEMBL3647062,C[C@H]1CC[C@H](Cn2c(N3CCO[C@H]4CCC[C@@H]43)nc3cc(-c4n[nH]c(=O)o4)nc(-c4cncc(Cl)c4)c32)CC1,C[C@H]1CC[C@H](Cn2c(N3CCO[C@H]4CCC[C@@H]43)nc3cc(-c4n[nH]c(=O)o4)nc(-c4cncc(Cl)c4)c32)CC1,164.0,6.785156151952302,6.785156151952302,,3,active
CHEMBL3984644,C[C@H]1CC[C@H](Cn2c(N3CCO[C@H]4CCC[C@@H]43)nc3cc(-c4nc(=O)o[nH]4)nc(-c4cc(Cl)cnc4O)c32)CC1,C[C@H]1CC[C@H](Cn2c(N3CCO[C@H]4CCC[C@@H]43)nc3cc(-c4nc(=O)o[nH]4)nc(-c4cc(Cl)cnc4O)c32)CC1,2.0,8.698970004336019,8.698970004336019,,1,active
CHEMBL3971378,C[C@H]1CC[C@H](Cn2c(N3CCO[C@H]4CCC[C@@H]43)nc3cc(-c4nc(=O)o[nH]4)nc(-c4cc(Cl)cnc4OCCO)c32)CC1,C[C@H]1CC[C@H](Cn2c(N3CCO[C@H]4CCC[C@@H]43)nc3cc(-c4nc(=O)o[nH]4)nc(-c4cc(Cl)cnc4OCCO)c32)CC1,1.0,9.0,9.0,,1,active
CHEMBL3647059,C[C@H]1CC[C@H](Cn2c(N3CCO[C@H]4CCC[C@@H]43)nc3cc(-c4noc(=O)[nH]4)nc(-c4cncc(Cl)c4)c32)CC1,C[C@H]1CC[C@H](Cn2c(N3CCO[C@H]4CCC[C@@H]43)nc3cc(-c4noc(=O)[nH]4)nc(-c4cncc(Cl)c4)c32)CC1,59.0,7.229147988357855,7.229147988357855,,3,active
CHEMBL3942009,C[C@H]1CC[C@H](Cn2c(N3CCO[C@H]4CCC[C@@H]43)nc3cc(C(=O)O)nc(-c4cncc(Cl)c4)c32)CC1,C[C@H]1CC[C@H](Cn2c(N3CCO[C@H]4CCC[C@@H]43)nc3cc(C(=O)O)nc(-c4cncc(Cl)c4)c32)CC1,2.0,8.698970004336019,8.698970004336019,,1,active
CHEMBL6006994,C[C@H]1CC[C@H](Cn2c(N3CCO[C@H]4CCC[C@@H]43)nc3nc(-c4n[nH]c(=O)o4)nc(-c4cccc(Cl)c4)c32)CC1,C[C@H]1CC[C@H](Cn2c(N3CCO[C@H]4CCC[C@@H]43)nc3nc(-c4n[nH]c(=O)o4)nc(-c4cccc(Cl)c4)c32)CC1,186.2,6.730020323354676,6.730020323354676,,1,active
CHEMBL5921099,C[C@H]1CC[C@H](Cn2c(N3CCO[C@H]4CCC[C@@H]43)nc3nc(-c4n[nH]c(=O)o4)nc(-c4cncc(Cl)c4)c32)CC1,C[C@H]1CC[C@H](Cn2c(N3CCO[C@H]4CCC[C@@H]43)nc3nc(-c4n[nH]c(=O)o4)nc(-c4cncc(Cl)c4)c32)CC1,402.5,6.3952341152961125,6.3952341152961125,,1,active
CHEMBL6030434,C[C@H]1CC[C@H](Cn2c(N3CCO[C@H]4CCC[C@@H]43)nc3nc(-c4noc(=O)[nH]4)nc(-c4cccc(Cl)c4)c32)CC1,C[C@H]1CC[C@H](Cn2c(N3CCO[C@H]4CCC[C@@H]43)nc3nc(-c4noc(=O)[nH]4)nc(-c4cccc(Cl)c4)c32)CC1,105.4,6.9771593891234716,6.9771593891234716,,1,active
CHEMBL5750243,C[C@H]1CC[C@H](Cn2c(N3CCO[C@H]4CCC[C@@H]43)nc3nc(-c4noc(=O)[nH]4)nc(-c4cncc(Cl)c4)c32)CC1,C[C@H]1CC[C@H](Cn2c(N3CCO[C@H]4CCC[C@@H]43)nc3nc(-c4noc(=O)[nH]4)nc(-c4cncc(Cl)c4)c32)CC1,344.4,6.4629368572183825,6.4629368572183825,,1,active
CHEMBL3649912,C[C@H]1CC[C@H](Cn2c(NCc3ccccc3)nc3cc(-c4noc(=O)[nH]4)nc(-c4cncc(Cl)c4)c32)CC1,C[C@H]1CC[C@H](Cn2c(NCc3ccccc3)nc3cc(-c4noc(=O)[nH]4)nc(-c4cncc(Cl)c4)c32)CC1,5.0,8.301029995663981,8.301029995663981,,2,active
CHEMBL5880841,C[C@H]1CC[C@H](Cn2c(N[C@@H](CO)c3ccccc3)nc3nc(-c4noc(=O)[nH]4)nc(-c4cccc(Cl)c4)c32)CC1,C[C@H]1CC[C@H](Cn2c(N[C@@H](CO)c3ccccc3)nc3nc(-c4noc(=O)[nH]4)nc(-c4cccc(Cl)c4)c32)CC1,1.951,8.709742730605482,8.709742730605482,,1,active
CHEMBL3649922,C[C@H]1CC[C@H](Cn2c(Nc3ccccc3)nc3cc(-c4noc(=O)[nH]4)nc(-c4cncc(Cl)c4)c32)CC1,C[C@H]1CC[C@H](Cn2c(Nc3ccccc3)nc3cc(-c4noc(=O)[nH]4)nc(-c4cncc(Cl)c4)c32)CC1,18.0,7.7447274948966935,7.7447274948966935,,2,active
CHEMBL3649869,C[C@H]1CC[C@H](Cn2c(Nc3ccccc3F)nc3cc(-c4noc(=O)[nH]4)nc(-c4cncc(Cl)c4)c32)CC1,C[C@H]1CC[C@H](Cn2c(Nc3ccccc3F)nc3cc(-c4noc(=O)[nH]4)nc(-c4cncc(Cl)c4)c32)CC1,1.0,9.0,9.0,,2,active
CHEMBL3649918,C[C@H]1CC[C@H](Cn2c(Nc3ccccn3)nc3cc(-c4noc(=O)[nH]4)nc(-c4cncc(Cl)c4)c32)CC1,C[C@H]1CC[C@H](Cn2c(Nc3ccccn3)nc3cc(-c4noc(=O)[nH]4)nc(-c4cncc(Cl)c4)c32)CC1,23.0,7.638272163982407,7.638272163982407,,2,active
CHEMBL3649919,C[C@H]1CC[C@H](Cn2c(Nc3ccccn3)nc3cc(C(=O)O)nc(-c4cncc(Cl)c4)c32)CC1,C[C@H]1CC[C@H](Cn2c(Nc3ccccn3)nc3cc(C(=O)O)nc(-c4cncc(Cl)c4)c32)CC1,40.0,7.3979400086720375,7.3979400086720375,,2,active
CHEMBL5755818,C[C@H]1CC[C@H](Cn2c(S(=O)(=O)C3CCCC3)nc3nc(-c4n[nH]c(=O)o4)nc(-c4cncc(Cl)c4)c32)CC1,C[C@H]1CC[C@H](Cn2c(S(=O)(=O)C3CCCC3)nc3nc(-c4n[nH]c(=O)o4)nc(-c4cncc(Cl)c4)c32)CC1,5.834,8.234033575214287,8.234033575214287,,1,active
CHEMBL6018129,C[C@H]1CC[C@H](Cn2c(SC3CCCC3)nc3nc(-c4n[nH]c(=O)o4)nc(-c4cncc(Cl)c4)c32)CC1,C[C@H]1CC[C@H](Cn2c(SC3CCCC3)nc3nc(-c4n[nH]c(=O)o4)nc(-c4cncc(Cl)c4)c32)CC1,3.048,8.515985037332436,8.515985037332436,,1,active
CHEMBL5884936,C[C@H]1CC[C@H](Cn2c(Sc3ccccc3)nc3nc(-c4n[nH]c(=O)o4)nc(-c4cncc(Cl)c4)c32)CC1,C[C@H]1CC[C@H](Cn2c(Sc3ccccc3)nc3nc(-c4n[nH]c(=O)o4)nc(-c4cncc(Cl)c4)c32)CC1,3.138,8.503347060749082,8.503347060749082,,1,active
CHEMBL5980938,C[C@H]1CC[C@H](Cn2cc(-c3ccccc3)c3nc(C(=O)O)nc(-c4cncc(Cl)c4)c32)CC1,C[C@H]1CC[C@H](Cn2cc(-c3ccccc3)c3nc(C(=O)O)nc(-c4cncc(Cl)c4)c32)CC1,72.0,7.142667503568731,7.142667503568731,,1,active
CHEMBL5801308,C[C@H]1CC[C@H](Cn2cc(CCc3cccnc3)c3nc(-c4noc(=O)[nH]4)nc(-c4cncc(Cl)c4)c32)CC1,C[C@H]1CC[C@H](Cn2cc(CCc3cccnc3)c3nc(-c4noc(=O)[nH]4)nc(-c4cncc(Cl)c4)c32)CC1,13.0,7.886056647693163,7.886056647693163,,1,active
CHEMBL6033458,C[C@H]1CC[C@H](Cn2cc(CCc3cccnc3)c3nc(C(=O)O)nc(-c4cncc(Cl)c4)c32)CC1,C[C@H]1CC[C@H](Cn2cc(CCc3cccnc3)c3nc(C(=O)O)nc(-c4cncc(Cl)c4)c32)CC1,47.0,7.327902142064282,7.327902142064282,,1,active
CHEMBL5835117,C[C@H]1CC[C@H](Cn2cc(Cc3ccccc3)c3nc(-c4n[nH]c(=O)o4)nc(-c4cncc(Cl)c4)c32)CC1,C[C@H]1CC[C@H](Cn2cc(Cc3ccccc3)c3nc(-c4n[nH]c(=O)o4)nc(-c4cncc(Cl)c4)c32)CC1,54.0,7.267606240177031,7.267606240177031,,1,active
CHEMBL6024893,C[C@H]1CC[C@H](Cn2cc(Cc3cccnc3)c3nc(-c4noc(=O)[nH]4)nc(-c4cncc(Cl)c4)c32)CC1,C[C@H]1CC[C@H](Cn2cc(Cc3cccnc3)c3nc(-c4noc(=O)[nH]4)nc(-c4cncc(Cl)c4)c32)CC1,52.0,7.2839966563652006,7.2839966563652006,,1,active
CHEMBL5808134,C[C@H]1CC[C@H](Cn2ccc3nc(-c4n[nH]c(=O)o4)nc(-c4cncc(Cl)c4)c32)CC1,C[C@H]1CC[C@H](Cn2ccc3nc(-c4n[nH]c(=O)o4)nc(-c4cncc(Cl)c4)c32)CC1,95.0,7.022276394711152,7.022276394711152,,1,active
CHEMBL5747471,C[C@H]1CC[C@H](Cn2ccc3nc(-c4noc(=O)[nH]4)nc(-c4cccc(Cl)c4)c32)CC1,C[C@H]1CC[C@H](Cn2ccc3nc(-c4noc(=O)[nH]4)nc(-c4cccc(Cl)c4)c32)CC1,132.0,6.8794260687941495,6.8794260687941495,,1,active
CHEMBL5893635,C[C@H]1CC[C@H](Cn2ccc3nc(-c4noc(=O)[nH]4)nc(-c4cncc(Cl)c4)c32)CC1,C[C@H]1CC[C@H](Cn2ccc3nc(-c4noc(=O)[nH]4)nc(-c4cncc(Cl)c4)c32)CC1,57.0,7.2441251443275085,7.2441251443275085,,1,active
CHEMBL5954523,C[C@H]1CC[C@H](Cn2ccc3nc(C(=O)O)nc(-c4cccc(Cl)c4)c32)CC1,C[C@H]1CC[C@H](Cn2ccc3nc(C(=O)O)nc(-c4cccc(Cl)c4)c32)CC1,294.0,6.531652669587842,6.531652669587842,,1,active
CHEMBL5925378,C[C@H]1CC[C@H](Cn2ccc3nc(C(=O)O)nc(-c4cncc(Cl)c4)c32)CC1,C[C@H]1CC[C@H](Cn2ccc3nc(C(=O)O)nc(-c4cncc(Cl)c4)c32)CC1,247.0,6.607303046740334,6.607303046740334,,1,active
CHEMBL3923676,C[C@H]1CN(C(=O)C(F)F)C[C@H](C)N1c1nc2cc(-c3nc(=O)o[nH]3)nc(-c3cncc(Cl)c3)c2n1C[C@H]1CC[C@H](C)CC1,C[C@H]1CN(C(=O)C(F)F)C[C@H](C)N1c1nc2cc(-c3nc(=O)o[nH]3)nc(-c3cncc(Cl)c3)c2n1C[C@H]1CC[C@H](C)CC1,4.0,8.397940008672037,8.397940008672037,,1,active
CHEMBL3965113,C[C@H]1CN(C(=O)C2(C)CC2)C[C@H](C)N1c1nc2cc(-c3nc(=O)o[nH]3)nc(-c3cncc(Cl)c3)c2n1C[C@H]1CC[C@H](C)CC1,C[C@H]1CN(C(=O)C2(C)CC2)C[C@H](C)N1c1nc2cc(-c3nc(=O)o[nH]3)nc(-c3cncc(Cl)c3)c2n1C[C@H]1CC[C@H](C)CC1,10.0,8.0,8.0,,1,active
CHEMBL3952603,C[C@H]1CN(C(=O)C2(C)COC2)C[C@H](C)N1c1nc2cc(-c3nc(=O)o[nH]3)nc(-c3cncc(Cl)c3)c2n1C[C@H]1CC[C@H](C)CC1,C[C@H]1CN(C(=O)C2(C)COC2)C[C@H](C)N1c1nc2cc(-c3nc(=O)o[nH]3)nc(-c3cncc(Cl)c3)c2n1C[C@H]1CC[C@H](C)CC1,11.0,7.958607314841775,7.958607314841775,,1,active
CHEMBL3911237,C[C@H]1CN(C(=O)C2(F)CC2)C[C@H](C)N1c1nc2cc(-c3nc(=O)o[nH]3)nc(-c3cncc(Cl)c3)c2n1C[C@H]1CC[C@H](C)CC1,C[C@H]1CN(C(=O)C2(F)CC2)C[C@H](C)N1c1nc2cc(-c3nc(=O)o[nH]3)nc(-c3cncc(Cl)c3)c2n1C[C@H]1CC[C@H](C)CC1,1.0,9.0,9.0,,1,active
CHEMBL3948683,C[C@H]1CN(C(=O)C2CC2(F)F)C[C@H](C)N1c1nc2cc(-c3nc(=O)o[nH]3)nc(-c3cncc(Cl)c3)c2n1C[C@H]1CC[C@H](C)CC1,C[C@H]1CN(C(=O)C2CC2(F)F)C[C@H](C)N1c1nc2cc(-c3nc(=O)o[nH]3)nc(-c3cncc(Cl)c3)c2n1C[C@H]1CC[C@H](C)CC1,4.0,8.397940008672037,8.397940008672037,,1,active
CHEMBL3978215,C[C@H]1CN(C(=O)C2CC2)CCN1c1nc2cc(-c3nc(=O)o[nH]3)nc(-c3cncc(Cl)c3)c2n1C[C@H]1CC[C@H](C)CC1,C[C@H]1CN(C(=O)C2CC2)CCN1c1nc2cc(-c3nc(=O)o[nH]3)nc(-c3cncc(Cl)c3)c2n1C[C@H]1CC[C@H](C)CC1,5.0,8.301029995663981,8.301029995663981,,1,active
CHEMBL3931299,C[C@H]1CN(C(=O)C2CC2)C[C@H](C)N1c1nc2cc(-c3nc(=O)o[nH]3)nc(-c3cncc(Cl)c3)c2n1C[C@H]1CC[C@H](C)CC1,C[C@H]1CN(C(=O)C2CC2)C[C@H](C)N1c1nc2cc(-c3nc(=O)o[nH]3)nc(-c3cncc(Cl)c3)c2n1C[C@H]1CC[C@H](C)CC1,1.0,9.0,9.0,,1,active
CHEMBL3978308,C[C@H]1CN(C(=O)C2CCC2)C[C@H](C)N1c1nc2cc(-c3nc(=O)o[nH]3)nc(-c3cncc(Cl)c3)c2n1C[C@H]1CC[C@H](C)CC1,C[C@H]1CN(C(=O)C2CCC2)C[C@H](C)N1c1nc2cc(-c3nc(=O)o[nH]3)nc(-c3cncc(Cl)c3)c2n1C[C@H]1CC[C@H](C)CC1,1.0,9.0,9.0,,1,active
CHEMBL3933691,C[C@H]1CN(C(=O)C2COC2)C[C@H](C)N1c1nc2cc(-c3nc(=O)o[nH]3)nc(-c3cncc(Cl)c3)c2n1C[C@H]1CC[C@H](C)CC1,C[C@H]1CN(C(=O)C2COC2)C[C@H](C)N1c1nc2cc(-c3nc(=O)o[nH]3)nc(-c3cncc(Cl)c3)c2n1C[C@H]1CC[C@H](C)CC1,4.0,8.397940008672037,8.397940008672037,,1,active
CHEMBL3958237,C[C@H]1CN(C(=O)N(C)C)C[C@H](C)N1c1nc2cc(-c3nc(=O)o[nH]3)nc(-c3cncc(Cl)c3)c2n1C[C@H]1CC[C@H](C)CC1,C[C@H]1CN(C(=O)N(C)C)C[C@H](C)N1c1nc2cc(-c3nc(=O)o[nH]3)nc(-c3cncc(Cl)c3)c2n1C[C@H]1CC[C@H](C)CC1,1.0,9.0,9.0,,1,active
CHEMBL3898360,C[C@H]1CN(C)C(=O)CN1c1nc2cc(-c3nc(=O)o[nH]3)nc(-c3cncc(Cl)c3)c2n1C[C@H]1CC[C@H](C)CC1,C[C@H]1CN(C)C(=O)CN1c1nc2cc(-c3nc(=O)o[nH]3)nc(-c3cncc(Cl)c3)c2n1C[C@H]1CC[C@H](C)CC1,11.0,7.958607314841775,7.958607314841775,,1,active
CHEMBL3894230,C[C@H]1CN(S(C)(=O)=O)C[C@H](C)N1c1nc2cc(-c3nc(=O)o[nH]3)nc(-c3cncc(Cl)c3)c2n1C[C@H]1CC[C@H](C)CC1,C[C@H]1CN(S(C)(=O)=O)C[C@H](C)N1c1nc2cc(-c3nc(=O)o[nH]3)nc(-c3cncc(Cl)c3)c2n1C[C@H]1CC[C@H](C)CC1,3.0,8.522878745280337,8.522878745280337,,1,active
CHEMBL3944856,C[C@H]1COCCN1c1nc2cc(-c3nc(=O)o[nH]3)nc(-c3cncc(Cl)c3)c2n1C[C@H]1CC[C@H](C)CC1,C[C@H]1COCCN1c1nc2cc(-c3nc(=O)o[nH]3)nc(-c3cncc(Cl)c3)c2n1C[C@H]1CC[C@H](C)CC1,4.0,8.397940008672037,8.397940008672037,,1,active
CHEMBL5837959,C[C@H]1COCCN1c1nc2nc(-c3noc(=O)[nH]3)nc(-c3cccc(Cl)c3)c2n1C[C@H]1CC[C@H](C)CC1,C[C@H]1COCCN1c1nc2nc(-c3noc(=O)[nH]3)nc(-c3cccc(Cl)c3)c2n1C[C@H]1CC[C@H](C)CC1,106.1,6.974284616098659,6.974284616098659,,1,active
CHEMBL5806717,C[C@H]1COCCN1c1nc2nc(-c3noc(=O)[nH]3)nc(-c3cncc(Cl)c3)c2n1C[C@H]1CC[C@H](C)CC1,C[C@H]1COCCN1c1nc2nc(-c3noc(=O)[nH]3)nc(-c3cncc(Cl)c3)c2n1C[C@H]1CC[C@H](C)CC1,238.8,6.6219656775426685,6.6219656775426685,,1,active
CHEMBL3931087,C[C@H]1COC[C@H](C)N1c1nc2cc(-c3nnc(O)o3)nc(-c3cncc(Cl)c3)c2n1C[C@H]1CC[C@H](C)CC1,C[C@H]1COC[C@H](C)N1c1nc2cc(-c3nnc(O)o3)nc(-c3cncc(Cl)c3)c2n1C[C@H]1CC[C@H](C)CC1,7.0,8.154901959985743,8.154901959985743,,1,active
CHEMBL3647069,C[C@H]1COC[C@H](C)N1c1nc2cc(-c3noc(=O)[nH]3)nc(-c3cncc(Cl)c3)c2n1C[C@H]1CC[C@H](C)CC1,C[C@H]1COC[C@H](C)N1c1nc2cc(-c3noc(=O)[nH]3)nc(-c3cncc(Cl)c3)c2n1C[C@H]1CC[C@H](C)CC1,157.0,6.804100347590767,6.804100347590767,,3,active
CHEMBL3938767,C[C@H]1C[C@H](O)CN1c1nc2cc(-c3nc(=O)o[nH]3)nc(-c3cncc(Cl)c3)c2n1C[C@H]1CC[C@H](C)CC1,C[C@H]1C[C@H](O)CN1c1nc2cc(-c3nc(=O)o[nH]3)nc(-c3cncc(Cl)c3)c2n1C[C@H]1CC[C@H](C)CC1,6.0,8.221848749616356,8.221848749616356,,1,active
CHEMBL5888156,C[C@H]1OCCN(c2nc3nc(-c4n[nH]c(=O)o4)nc(-c4cccc(Cl)c4)c3n2C[C@H]2CC[C@H](C)CC2)[C@@H]1c1ccccc1,C[C@H]1OCCN(c2nc3nc(-c4n[nH]c(=O)o4)nc(-c4cccc(Cl)c4)c3n2C[C@H]2CC[C@H](C)CC2)[C@@H]1c1ccccc1,1.501,8.82361930775673,8.82361930775673,,1,active
CHEMBL5919590,C[C@H]1OCCN(c2nc3nc(-c4n[nH]c(=O)o4)nc(-c4cncc(Cl)c4)c3n2C[C@H]2CC[C@H](C)CC2)[C@@H]1c1ccccc1,C[C@H]1OCCN(c2nc3nc(-c4n[nH]c(=O)o4)nc(-c4cncc(Cl)c4)c3n2C[C@H]2CC[C@H](C)CC2)[C@@H]1c1ccccc1,0.569,9.244887733604928,9.244887733604928,,1,active
CHEMBL5794955,C[C@H]1OCCN(c2nc3nc(-c4noc(=O)[nH]4)nc(-c4cccc(Cl)c4)c3n2C[C@H]2CC[C@H](C)CC2)[C@@H]1c1ccccc1,C[C@H]1OCCN(c2nc3nc(-c4noc(=O)[nH]4)nc(-c4cccc(Cl)c4)c3n2C[C@H]2CC[C@H](C)CC2)[C@@H]1c1ccccc1,1.057,8.975925012692574,8.975925012692574,,1,active
CHEMBL5800021,C[C@H]1OCCN(c2nc3nc(-c4noc(=O)[nH]4)nc(-c4cncc(Cl)c4)c3n2C[C@H]2CC[C@H](C)CC2)[C@@H]1c1ccccc1,C[C@H]1OCCN(c2nc3nc(-c4noc(=O)[nH]4)nc(-c4cncc(Cl)c4)c3n2C[C@H]2CC[C@H](C)CC2)[C@@H]1c1ccccc1,0.504,9.297569463554474,9.297569463554474,,1,active
CHEMBL5905444,C[C@H]1Oc2c3ccc(C(=O)O)cc3nn2[C@@H]2[C@H]1N(CC1CC1)[C@@]1(C(=O)Nc3cc(Cl)ccc31)[C@H]2c1cccc(Cl)c1F,C[C@H]1Oc2c3ccc(C(=O)O)cc3nn2[C@@H]2[C@H]1N(CC1CC1)[C@@]1(C(=O)Nc3cc(Cl)ccc31)[C@H]2c1cccc(Cl)c1F,51.0,7.292429823902063,7.292429823902063,,1,active
CHEMBL5884305,C[C@H]1Oc2c3ccc(C(=O)O)cc3nn2[C@H]2[C@@H]1N(CC1CC1)[C@]1(C(=O)Nc3cc(Cl)ccc31)[C@@H]2c1cccc(Cl)c1F,C[C@H]1Oc2c3ccc(C(=O)O)cc3nn2[C@H]2[C@@H]1N(CC1CC1)[C@]1(C(=O)Nc3cc(Cl)ccc31)[C@@H]2c1cccc(Cl)c1F,520.0,6.2839966563652006,6.2839966563652006,,1,active
CHEMBL5889700,C[C@](O)(CN1CCNCC1)c1cc(F)c2c(c1)C(=O)N(Cc1ccc(Cl)cc1S(C)(=O)=O)[C@@]2(OCC1(CO)CC1)c1ccc(Cl)cc1,C[C@](O)(CN1CCNCC1)c1cc(F)c2c(c1)C(=O)N(Cc1ccc(Cl)cc1S(C)(=O)=O)[C@@]2(OCC1(CO)CC1)c1ccc(Cl)cc1,5.8,8.236572006437063,8.236572006437063,,1,active
CHEMBL5807230,C[C@](O)(CO)c1cc(F)c2c(c1)C(=O)N(Cc1ccc(Cl)cc1S(C)(=O)=O)[C@@]2(OCC1(CO)CC1)c1ccc(Cl)cc1,C[C@](O)(CO)c1cc(F)c2c(c1)C(=O)N(Cc1ccc(Cl)cc1S(C)(=O)=O)[C@@]2(OCC1(CO)CC1)c1ccc(Cl)cc1,3.0,8.522878745280337,8.522878745280337,,1,active
CHEMBL5824236,C[C@](O)(CO)c1ccc2c(c1)C(=O)N(Cc1ccc(C#N)cc1)[C@]2(C)OCC1(CO)CC1,C[C@](O)(CO)c1ccc2c(c1)C(=O)N(Cc1ccc(C#N)cc1)[C@]2(C)OCC1(CO)CC1,65.0,7.187086643357144,7.187086643357144,,1,active
CHEMBL6002499,C[C@](O)(CO)c1ccc2c(c1)C(=O)N(Cc1ccc(Cl)cc1)[C@@]2(OCC1(CO)CC1)c1ccc(Cl)cc1,C[C@](O)(CO)c1ccc2c(c1)C(=O)N(Cc1ccc(Cl)cc1)[C@@]2(OCC1(CO)CC1)c1ccc(Cl)cc1,4.7,8.327902142064282,8.327902142064282,,1,active
CHEMBL5941120,C[C@](O)(c1cc(F)c2c(c1)C(=O)N(Cc1ccc(Cl)cc1S(C)(=O)=O)[C@@]2(OCC1(C(N)=O)CC1)c1ccc(Cl)cc1)C1CCOCC1,C[C@](O)(c1cc(F)c2c(c1)C(=O)N(Cc1ccc(Cl)cc1S(C)(=O)=O)[C@@]2(OCC1(C(N)=O)CC1)c1ccc(Cl)cc1)C1CCOCC1,0.49,9.309803919971486,9.309803919971486,,1,active
CHEMBL5814669,C[C@](O)(c1cc(F)c2c(c1)C(=O)N(Cc1ccc(Cl)cc1S(C)(=O)=O)[C@@]2(OCC1(CO)CC1)c1ccc(Cl)cc1)C1CCOCC1,C[C@](O)(c1cc(F)c2c(c1)C(=O)N(Cc1ccc(Cl)cc1S(C)(=O)=O)[C@@]2(OCC1(CO)CC1)c1ccc(Cl)cc1)C1CCOCC1,1.6,8.795880017344075,8.795880017344075,,1,active
CHEMBL5825469,C[C@]1(C2(C(=O)O)CC2)C[C@H](c2cccc(Cl)c2)C(c2ccc(Cl)cc2)N([C@H](CNS(=O)(=O)C2CC2)C2CC2)C1=O,C[C@]1(C2(C(=O)O)CC2)C[C@H](c2cccc(Cl)c2)C(c2ccc(Cl)cc2)N([C@H](CNS(=O)(=O)C2CC2)C2CC2)C1=O,5.5,8.259637310505756,8.259637310505756,,1,active
CHEMBL5980253,C[C@]1(CC(=O)O)CC(c2cccc(Cl)c2)[C@@H](c2ccc(Cl)cc2)N([C@H](CN(Cc2cccs2)S(C)(=O)=O)C2CC2)C1=O,C[C@]1(CC(=O)O)CC(c2cccc(Cl)c2)[C@@H](c2ccc(Cl)cc2)N([C@H](CN(Cc2cccs2)S(C)(=O)=O)C2CC2)C1=O,0.7,9.154901959985743,9.154901959985743,,1,active
CHEMBL5751527,C[C@]1(CC(=O)O)CC(c2cccc(Cl)c2)[C@@H](c2ccc(Cl)cc2)N([C@H](CN(c2ccccc2)S(C)(=O)=O)C2CC2)C1=O,C[C@]1(CC(=O)O)CC(c2cccc(Cl)c2)[C@@H](c2ccc(Cl)cc2)N([C@H](CN(c2ccccc2)S(C)(=O)=O)C2CC2)C1=O,0.6,9.221848749616356,9.221848749616356,,1,active
CHEMBL5773011,C[C@]1(CC(=O)O)CC(c2cccc(Cl)c2)[C@@H](c2ccc(Cl)cc2)N([C@H](CN(c2cccnc2)S(C)(=O)=O)C2CC2)C1=O,C[C@]1(CC(=O)O)CC(c2cccc(Cl)c2)[C@@H](c2ccc(Cl)cc2)N([C@H](CN(c2cccnc2)S(C)(=O)=O)C2CC2)C1=O,0.2,9.698970004336019,9.698970004336019,,1,active
CHEMBL5952379,C[C@]1(CC(=O)O)CC(c2cccc(Cl)c2)[C@@H](c2ccc(Cl)cc2)N([C@H](CNS(=O)(=O)Cc2ccccc2)C2CC2)C1=O,C[C@]1(CC(=O)O)CC(c2cccc(Cl)c2)[C@@H](c2ccc(Cl)cc2)N([C@H](CNS(=O)(=O)Cc2ccccc2)C2CC2)C1=O,0.8,9.096910013008056,9.096910013008056,,1,active
CHEMBL5904266,C[C@]1(CC(=O)O)CC(c2cccc(Cl)c2)[C@@H](c2ccc(Cl)cc2)N([C@H](CNS(=O)(=O)Cc2ccccn2)C2CC2)C1=O,C[C@]1(CC(=O)O)CC(c2cccc(Cl)c2)[C@@H](c2ccc(Cl)cc2)N([C@H](CNS(=O)(=O)Cc2ccccn2)C2CC2)C1=O,0.6,9.221848749616356,9.221848749616356,,1,active
CHEMBL5898931,C[C@]1(CC(=O)O)C[C@H](c2cccc(Cl)c2)C(c2ccc(Cl)cc2)N([C@H](CN(c2ccccc2F)S(=O)(=O)C2CC2)C2CC2)C1=O,C[C@]1(CC(=O)O)C[C@H](c2cccc(Cl)c2)C(c2ccc(Cl)cc2)N([C@H](CN(c2ccccc2F)S(=O)(=O)C2CC2)C2CC2)C1=O,0.2,9.698970004336019,9.698970004336019,,1,active
CHEMBL5869863,C[C@]1(CC(=O)O)C[C@H](c2cccc(Cl)c2)C(c2ccc(Cl)cc2)N([C@H](CN(c2ccccc2F)S(C)(=O)=O)C2CC2)C1=O,C[C@]1(CC(=O)O)C[C@H](c2cccc(Cl)c2)C(c2ccc(Cl)cc2)N([C@H](CN(c2ccccc2F)S(C)(=O)=O)C2CC2)C1=O,0.2,9.698970004336019,9.698970004336019,,1,active
CHEMBL5992863,C[C@]1(CC(=O)O)C[C@H](c2cccc(Cl)c2)C(c2ccc(Cl)cc2)N([C@H](CNS(=O)(=O)c2ccc(Cl)s2)C2CC2)C1=O,C[C@]1(CC(=O)O)C[C@H](c2cccc(Cl)c2)C(c2ccc(Cl)cc2)N([C@H](CNS(=O)(=O)c2ccc(Cl)s2)C2CC2)C1=O,0.5,9.301029995663981,9.301029995663981,,1,active
CHEMBL5958493,C[C@]1(CC(=O)O)C[C@H](c2cccc(Cl)c2)C(c2ccc(Cl)cc2)N([C@H](CNS(=O)(=O)c2cccs2)C2CC2)C1=O,C[C@]1(CC(=O)O)C[C@H](c2cccc(Cl)c2)C(c2ccc(Cl)cc2)N([C@H](CNS(=O)(=O)c2cccs2)C2CC2)C1=O,0.2,9.698970004336019,9.698970004336019,,1,active
CHEMBL4108086,C[C@]1(CC(=O)O)C[C@H](c2cccc(Cl)c2)C(c2ccc(Cl)cc2)N([C@H](CO)C2CC2)C1=O,C[C@]1(CC(=O)O)C[C@H](c2cccc(Cl)c2)C(c2ccc(Cl)cc2)N([C@H](CO)C2CC2)C1=O,5.5,8.5,8.5,,2,active
CHEMBL4110280,C[C@]1(CC(=O)O)C[C@H](c2cccc(Cl)c2)[C@@H](c2ccc(Cl)cc2)N(C(C2CC2)C2CC2)C1=O,C[C@]1(CC(=O)O)C[C@H](c2cccc(Cl)c2)[C@@H](c2ccc(Cl)cc2)N(C(C2CC2)C2CC2)C1=O,1.0,9.0,9.0,,1,active
CHEMBL3941435,C[C@]1(CC(=O)O)C[C@H](c2cccc(Cl)c2)[C@@H](c2ccc(Cl)cc2)N(C2CCC2)C1=O,C[C@]1(CC(=O)O)C[C@H](c2cccc(Cl)c2)[C@@H](c2ccc(Cl)cc2)N(C2CCC2)C1=O,70.0,7.154901959985743,7.154901959985743,,1,active
CHEMBL3929164,C[C@]1(CC(=O)O)C[C@H](c2cccc(Cl)c2)[C@@H](c2ccc(Cl)cc2)N(C2CCCC2)C1=O,C[C@]1(CC(=O)O)C[C@H](c2cccc(Cl)c2)[C@@H](c2ccc(Cl)cc2)N(C2CCCC2)C1=O,17.5,7.911954370472159,7.911954370472159,,2,active
CHEMBL5747396,C[C@]1(CC(=O)O)C[C@H](c2cccc(Cl)c2)[C@@H](c2ccc(Cl)cc2)N(C2CC[C@H](O)C2)C1=O,C[C@]1(CC(=O)O)C[C@H](c2cccc(Cl)c2)[C@@H](c2ccc(Cl)cc2)N(C2CC[C@H](O)C2)C1=O,190.0,6.721246399047171,6.721246399047171,,1,active
CHEMBL3927443,C[C@]1(CC(=O)O)C[C@H](c2cccc(Cl)c2)[C@@H](c2ccc(Cl)cc2)N(CC2CC2)C1=O,C[C@]1(CC(=O)O)C[C@H](c2cccc(Cl)c2)[C@@H](c2ccc(Cl)cc2)N(CC2CC2)C1=O,60.0,7.221848749616356,7.221848749616356,,1,active
CHEMBL4109848,C[C@]1(CC(=O)O)C[C@H](c2cccc(Cl)c2)[C@@H](c2ccc(Cl)cc2)N([C@@H](CC(F)(F)F)c2ccccn2)C1=O,C[C@]1(CC(=O)O)C[C@H](c2cccc(Cl)c2)[C@@H](c2ccc(Cl)cc2)N([C@@H](CC(F)(F)F)c2ccccn2)C1=O,30.0,7.522878745280337,7.522878745280337,,1,active
CHEMBL4110711,C[C@]1(CC(=O)O)C[C@H](c2cccc(Cl)c2)[C@@H](c2ccc(Cl)cc2)N([C@@H](CC(F)F)c2ccccn2)C1=O,C[C@]1(CC(=O)O)C[C@H](c2cccc(Cl)c2)[C@@H](c2ccc(Cl)cc2)N([C@@H](CC(F)F)c2ccccn2)C1=O,40.0,7.3979400086720375,7.3979400086720375,,1,active
CHEMBL3938935,C[C@]1(CC(=O)O)C[C@H](c2cccc(Cl)c2)[C@@H](c2ccc(Cl)cc2)N([C@@H](CC2CC2)c2ccccn2)C1=O,C[C@]1(CC(=O)O)C[C@H](c2cccc(Cl)c2)[C@@H](c2ccc(Cl)cc2)N([C@@H](CC2CC2)c2ccccn2)C1=O,80.0,7.096910013008056,7.096910013008056,,1,active
CHEMBL4108893,C[C@]1(CC(=O)O)C[C@H](c2cccc(Cl)c2)[C@@H](c2ccc(Cl)cc2)N([C@@H](c2ccccn2)C2CC2)C1=O,C[C@]1(CC(=O)O)C[C@H](c2cccc(Cl)c2)[C@@H](c2ccc(Cl)cc2)N([C@@H](c2ccccn2)C2CC2)C1=O,11.5,8.110924374808178,8.110924374808178,,2,active
CHEMBL5894727,C[C@]1(CC(=O)O)C[C@H](c2cccc(Cl)c2)[C@@H](c2ccc(Cl)cc2)N([C@@H]2CCCN(CC(F)(F)F)C2)C1=O,C[C@]1(CC(=O)O)C[C@H](c2cccc(Cl)c2)[C@@H](c2ccc(Cl)cc2)N([C@@H]2CCCN(CC(F)(F)F)C2)C1=O,565.0,6.680256755365707,6.680256755365707,,2,active
CHEMBL5874474,C[C@]1(CC(=O)O)C[C@H](c2cccc(Cl)c2)[C@@H](c2ccc(Cl)cc2)N([C@@H]2CCCOC2)C1=O,C[C@]1(CC(=O)O)C[C@H](c2cccc(Cl)c2)[C@@H](c2ccc(Cl)cc2)N([C@@H]2CCCOC2)C1=O,210.0,6.6777807052660805,6.6777807052660805,,1,active
CHEMBL4111577,C[C@]1(CC(=O)O)C[C@H](c2cccc(Cl)c2)[C@@H](c2ccc(Cl)cc2)N([C@@H]2CC[C@H](O)[C@@H]2O)C1=O,C[C@]1(CC(=O)O)C[C@H](c2cccc(Cl)c2)[C@@H](c2ccc(Cl)cc2)N([C@@H]2CC[C@H](O)[C@@H]2O)C1=O,280.0,6.552841968657781,6.552841968657781,,1,active
CHEMBL3963590,C[C@]1(CC(=O)O)C[C@H](c2cccc(Cl)c2)[C@@H](c2ccc(Cl)cc2)N([C@H](CN(C(F)F)S(=O)(=O)C2CC2)C2CC2)C1=O,C[C@]1(CC(=O)O)C[C@H](c2cccc(Cl)c2)[C@@H](c2ccc(Cl)cc2)N([C@H](CN(C(F)F)S(=O)(=O)C2CC2)C2CC2)C1=O,0.1,10.0,10.0,,1,active
CHEMBL5968843,C[C@]1(CC(=O)O)C[C@H](c2cccc(Cl)c2)[C@@H](c2ccc(Cl)cc2)N([C@H](CN(c2ccccn2)S(C)(=O)=O)C2CC2)C1=O,C[C@]1(CC(=O)O)C[C@H](c2cccc(Cl)c2)[C@@H](c2ccc(Cl)cc2)N([C@H](CN(c2ccccn2)S(C)(=O)=O)C2CC2)C1=O,13.5,7.8696662315049934,7.8696662315049934,,1,active
CHEMBL6029745,C[C@]1(CC(=O)O)C[C@H](c2cccc(Cl)c2)[C@@H](c2ccc(Cl)cc2)N([C@H](CNS(=O)(=O)Cc2cccnc2)C2CC2)C1=O,C[C@]1(CC(=O)O)C[C@H](c2cccc(Cl)c2)[C@@H](c2ccc(Cl)cc2)N([C@H](CNS(=O)(=O)Cc2cccnc2)C2CC2)C1=O,0.3,9.522878745280337,9.522878745280337,,1,active
CHEMBL5836389,C[C@]1(CC(=O)O)C[C@H](c2cccc(Cl)c2)[C@@H](c2ccc(Cl)cc2)N([C@H](CNS(C)(=O)=O)C2CC2)C1=O,C[C@]1(CC(=O)O)C[C@H](c2cccc(Cl)c2)[C@@H](c2ccc(Cl)cc2)N([C@H](CNS(C)(=O)=O)C2CC2)C1=O,0.3,9.522878745280337,9.522878745280337,,1,active
CHEMBL4108486,C[C@]1(CC(=O)O)C[C@H](c2cccc(Cl)c2)[C@@H](c2ccc(Cl)cc2)N([C@H](CS(=O)(=O)C(F)(F)F)C2CC2)C1=O,C[C@]1(CC(=O)O)C[C@H](c2cccc(Cl)c2)[C@@H](c2ccc(Cl)cc2)N([C@H](CS(=O)(=O)C(F)(F)F)C2CC2)C1=O,0.3,9.522878745280337,9.522878745280337,,1,active
CHEMBL3894720,C[C@]1(CC(=O)O)C[C@H](c2cccc(Cl)c2)[C@@H](c2ccc(Cl)cc2)N([C@H](CS(=O)(=O)C2CC2)C2CC2)C1=O,C[C@]1(CC(=O)O)C[C@H](c2cccc(Cl)c2)[C@@H](c2ccc(Cl)cc2)N([C@H](CS(=O)(=O)C2CC2)C2CC2)C1=O,0.1,10.0,10.0,,1,active
CHEMBL3968680,C[C@]1(CC(=O)O)C[C@H](c2cccc(Cl)c2)[C@@H](c2ccc(Cl)cc2)N([C@H](CS(=O)(=O)C2CCC2)C2CC2)C1=O,C[C@]1(CC(=O)O)C[C@H](c2cccc(Cl)c2)[C@@H](c2ccc(Cl)cc2)N([C@H](CS(=O)(=O)C2CCC2)C2CC2)C1=O,0.2,9.698970004336019,9.698970004336019,,1,active
CHEMBL3959436,C[C@]1(CC(=O)O)C[C@H](c2cccc(Cl)c2)[C@@H](c2ccc(Cl)cc2)N([C@H](CS(=O)(=O)C2CCCC2)C2CC2)C1=O,C[C@]1(CC(=O)O)C[C@H](c2cccc(Cl)c2)[C@@H](c2ccc(Cl)cc2)N([C@H](CS(=O)(=O)C2CCCC2)C2CC2)C1=O,0.2,9.698970004336019,9.698970004336019,,1,active
CHEMBL3897931,C[C@]1(CC(=O)O)C[C@H](c2cccc(Cl)c2)[C@@H](c2ccc(Cl)cc2)N([C@H](CS(=O)(=O)CC(F)(F)F)C2CC2)C1=O,C[C@]1(CC(=O)O)C[C@H](c2cccc(Cl)c2)[C@@H](c2ccc(Cl)cc2)N([C@H](CS(=O)(=O)CC(F)(F)F)C2CC2)C1=O,0.2,9.698970004336019,9.698970004336019,,1,active
CHEMBL3899040,C[C@]1(CC(=O)O)C[C@H](c2cccc(Cl)c2)[C@@H](c2ccc(Cl)cc2)N([C@H](CS(=O)(=O)CC2CC2)C2CC2)C1=O,C[C@]1(CC(=O)O)C[C@H](c2cccc(Cl)c2)[C@@H](c2ccc(Cl)cc2)N([C@H](CS(=O)(=O)CC2CC2)C2CC2)C1=O,0.1,10.0,10.0,,1,active
CHEMBL3125520,C[C@]1(CC(=O)O)C[C@H](c2cccc(Cl)c2)[C@@H](c2ccc(Cl)cc2)N([C@H](CS(=O)(=O)N2CCC2)C2CC2)C1=O,C[C@]1(CC(=O)O)C[C@H](c2cccc(Cl)c2)[C@@H](c2ccc(Cl)cc2)N([C@H](CS(=O)(=O)N2CCC2)C2CC2)C1=O,0.15000000000000002,9.84948500216801,9.84948500216801,,2,active
CHEMBL3125521,C[C@]1(CC(=O)O)C[C@H](c2cccc(Cl)c2)[C@@H](c2ccc(Cl)cc2)N([C@H](CS(=O)(=O)N2CCCC2)C2CC2)C1=O,C[C@]1(CC(=O)O)C[C@H](c2cccc(Cl)c2)[C@@H](c2ccc(Cl)cc2)N([C@H](CS(=O)(=O)N2CCCC2)C2CC2)C1=O,0.1,10.0,10.0,,2,active
CHEMBL3318766,C[C@]1(CC(=O)O)C[C@H](c2cccc(Cl)c2)[C@@H](c2ccc(Cl)cc2)N([C@H](CS(=O)(=O)N2CCCCC2)C2CC2)C1=O,C[C@]1(CC(=O)O)C[C@H](c2cccc(Cl)c2)[C@@H](c2ccc(Cl)cc2)N([C@H](CS(=O)(=O)N2CCCCC2)C2CC2)C1=O,0.62,9.207834387816234,9.207834387816234,,2,active
CHEMBL3318767,C[C@]1(CC(=O)O)C[C@H](c2cccc(Cl)c2)[C@@H](c2ccc(Cl)cc2)N([C@H](CS(=O)(=O)N2CCOCC2)C2CC2)C1=O,C[C@]1(CC(=O)O)C[C@H](c2cccc(Cl)c2)[C@@H](c2ccc(Cl)cc2)N([C@H](CS(=O)(=O)N2CCOCC2)C2CC2)C1=O,0.098,10.008864383480216,10.008864383480216,,2,active
CHEMBL3318772,C[C@]1(CC(=O)O)C[C@H](c2cccc(Cl)c2)[C@@H](c2ccc(Cl)cc2)N([C@H](CS(=O)(=O)N2CCc3ccccc32)C2CC2)C1=O,C[C@]1(CC(=O)O)C[C@H](c2cccc(Cl)c2)[C@@H](c2ccc(Cl)cc2)N([C@H](CS(=O)(=O)N2CCc3ccccc32)C2CC2)C1=O,0.53,9.275724130399212,9.275724130399212,,1,active
CHEMBL3318761,C[C@]1(CC(=O)O)C[C@H](c2cccc(Cl)c2)[C@@H](c2ccc(Cl)cc2)N([C@H](CS(=O)(=O)NC2CC2)C2CC2)C1=O,C[C@]1(CC(=O)O)C[C@H](c2cccc(Cl)c2)[C@@H](c2ccc(Cl)cc2)N([C@H](CS(=O)(=O)NC2CC2)C2CC2)C1=O,0.059,10.229147988357855,10.229147988357855,,1,active
CHEMBL3318762,C[C@]1(CC(=O)O)C[C@H](c2cccc(Cl)c2)[C@@H](c2ccc(Cl)cc2)N([C@H](CS(=O)(=O)NC2CCC2)C2CC2)C1=O,C[C@]1(CC(=O)O)C[C@H](c2cccc(Cl)c2)[C@@H](c2ccc(Cl)cc2)N([C@H](CS(=O)(=O)NC2CCC2)C2CC2)C1=O,0.086,10.065501548756432,10.065501548756432,,1,active
CHEMBL3318763,C[C@]1(CC(=O)O)C[C@H](c2cccc(Cl)c2)[C@@H](c2ccc(Cl)cc2)N([C@H](CS(=O)(=O)NC2CCCC2)C2CC2)C1=O,C[C@]1(CC(=O)O)C[C@H](c2cccc(Cl)c2)[C@@H](c2ccc(Cl)cc2)N([C@H](CS(=O)(=O)NC2CCCC2)C2CC2)C1=O,0.12,9.920818753952375,9.920818753952375,,1,active
CHEMBL3318758,C[C@]1(CC(=O)O)C[C@H](c2cccc(Cl)c2)[C@@H](c2ccc(Cl)cc2)N([C@H](CS(=O)(=O)NCC2CC2)C2CC2)C1=O,C[C@]1(CC(=O)O)C[C@H](c2cccc(Cl)c2)[C@@H](c2ccc(Cl)cc2)N([C@H](CS(=O)(=O)NCC2CC2)C2CC2)C1=O,0.081,10.09151498112135,10.09151498112135,,1,active
CHEMBL3318759,C[C@]1(CC(=O)O)C[C@H](c2cccc(Cl)c2)[C@@H](c2ccc(Cl)cc2)N([C@H](CS(=O)(=O)NCC2CCC2)C2CC2)C1=O,C[C@]1(CC(=O)O)C[C@H](c2cccc(Cl)c2)[C@@H](c2ccc(Cl)cc2)N([C@H](CS(=O)(=O)NCC2CCC2)C2CC2)C1=O,0.17,9.769551078621726,9.769551078621726,,1,active
CHEMBL3318768,C[C@]1(CC(=O)O)C[C@H](c2cccc(Cl)c2)[C@@H](c2ccc(Cl)cc2)N([C@H](CS(=O)(=O)Nc2ccccc2)C2CC2)C1=O,C[C@]1(CC(=O)O)C[C@H](c2cccc(Cl)c2)[C@@H](c2ccc(Cl)cc2)N([C@H](CS(=O)(=O)Nc2ccccc2)C2CC2)C1=O,0.071,10.148741651280925,10.148741651280925,,1,active
CHEMBL3318769,C[C@]1(CC(=O)O)C[C@H](c2cccc(Cl)c2)[C@@H](c2ccc(Cl)cc2)N([C@H](CS(=O)(=O)Nc2ccccc2F)C2CC2)C1=O,C[C@]1(CC(=O)O)C[C@H](c2cccc(Cl)c2)[C@@H](c2ccc(Cl)cc2)N([C@H](CS(=O)(=O)Nc2ccccc2F)C2CC2)C1=O,0.12,9.920818753952375,9.920818753952375,,1,active
CHEMBL3318770,C[C@]1(CC(=O)O)C[C@H](c2cccc(Cl)c2)[C@@H](c2ccc(Cl)cc2)N([C@H](CS(=O)(=O)Nc2ccccn2)C2CC2)C1=O,C[C@]1(CC(=O)O)C[C@H](c2cccc(Cl)c2)[C@@H](c2ccc(Cl)cc2)N([C@H](CS(=O)(=O)Nc2ccccn2)C2CC2)C1=O,0.16,9.795880017344075,9.795880017344075,,1,active
CHEMBL3982594,C[C@]1(CC(=O)O)C[C@H](c2cccc(Cl)c2)[C@@H](c2ccc(Cl)cc2)N([C@H](CS(=O)(=O)c2ccc(Cl)cc2)C2CC2)C1=O,C[C@]1(CC(=O)O)C[C@H](c2cccc(Cl)c2)[C@@H](c2ccc(Cl)cc2)N([C@H](CS(=O)(=O)c2ccc(Cl)cc2)C2CC2)C1=O,2.9,8.537602002101044,8.537602002101044,,1,active
CHEMBL3950450,C[C@]1(CC(=O)O)C[C@H](c2cccc(Cl)c2)[C@@H](c2ccc(Cl)cc2)N([C@H](CS(=O)(=O)c2ccc(F)cc2)C2CC2)C1=O,C[C@]1(CC(=O)O)C[C@H](c2cccc(Cl)c2)[C@@H](c2ccc(Cl)cc2)N([C@H](CS(=O)(=O)c2ccc(F)cc2)C2CC2)C1=O,2.4,8.619788758288394,8.619788758288394,,1,active
CHEMBL3897481,C[C@]1(CC(=O)O)C[C@H](c2cccc(Cl)c2)[C@@H](c2ccc(Cl)cc2)N([C@H](CS(=O)(=O)c2ccc(F)cc2Cl)C2CC2)C1=O,C[C@]1(CC(=O)O)C[C@H](c2cccc(Cl)c2)[C@@H](c2ccc(Cl)cc2)N([C@H](CS(=O)(=O)c2ccc(F)cc2Cl)C2CC2)C1=O,1.3,8.886056647693163,8.886056647693163,,1,active
CHEMBL3929489,C[C@]1(CC(=O)O)C[C@H](c2cccc(Cl)c2)[C@@H](c2ccc(Cl)cc2)N([C@H](CS(=O)(=O)c2ccc(F)cc2F)C2CC2)C1=O,C[C@]1(CC(=O)O)C[C@H](c2cccc(Cl)c2)[C@@H](c2ccc(Cl)cc2)N([C@H](CS(=O)(=O)c2ccc(F)cc2F)C2CC2)C1=O,0.9,9.045757490560675,9.045757490560675,,1,active
CHEMBL3970501,C[C@]1(CC(=O)O)C[C@H](c2cccc(Cl)c2)[C@@H](c2ccc(Cl)cc2)N([C@H](CS(=O)(=O)c2ccccc2)C2CC2)C1=O,C[C@]1(CC(=O)O)C[C@H](c2cccc(Cl)c2)[C@@H](c2ccc(Cl)cc2)N([C@H](CS(=O)(=O)c2ccccc2)C2CC2)C1=O,1.4,8.853871964321762,8.853871964321762,,1,active
CHEMBL3968189,C[C@]1(CC(=O)O)C[C@H](c2cccc(Cl)c2)[C@@H](c2ccc(Cl)cc2)N([C@H](CS(=O)(=O)c2ccccc2Cl)C2CC2)C1=O,C[C@]1(CC(=O)O)C[C@H](c2cccc(Cl)c2)[C@@H](c2ccc(Cl)cc2)N([C@H](CS(=O)(=O)c2ccccc2Cl)C2CC2)C1=O,1.2,8.920818753952375,8.920818753952375,,1,active
CHEMBL3974607,C[C@]1(CC(=O)O)C[C@H](c2cccc(Cl)c2)[C@@H](c2ccc(Cl)cc2)N([C@H](CS(=O)(=O)c2ccncc2)C2CC2)C1=O,C[C@]1(CC(=O)O)C[C@H](c2cccc(Cl)c2)[C@@H](c2ccc(Cl)cc2)N([C@H](CS(=O)(=O)c2ccncc2)C2CC2)C1=O,0.5,9.301029995663981,9.301029995663981,,1,active
CHEMBL3125701,C[C@]1(CC(=O)O)C[C@H](c2cccc(Cl)c2)[C@@H](c2ccc(Cl)cc2)N([C@H](CS(C)(=O)=O)C2CC2)C1=O,C[C@]1(CC(=O)O)C[C@H](c2cccc(Cl)c2)[C@@H](c2ccc(Cl)cc2)N([C@H](CS(C)(=O)=O)C2CC2)C1=O,0.1,10.0,10.0,,2,active
CHEMBL3962217,C[C@]1(CC(=O)O)C[C@H](c2cccc(Cl)c2)[C@@H](c2ccc(Cl)cc2)N([C@H](Cn2c(=O)[nH]c3ccccc32)C2CC2)C1=O,C[C@]1(CC(=O)O)C[C@H](c2cccc(Cl)c2)[C@@H](c2ccc(Cl)cc2)N([C@H](Cn2c(=O)[nH]c3ccccc32)C2CC2)C1=O,1.4,8.853871964321762,8.853871964321762,,1,active
CHEMBL4114636,C[C@]1(CC(=O)O)C[C@H](c2cccc(Cl)c2)[C@@H](c2ccc(Cl)cc2)N([C@H]2CC[C@@H](O)[C@H]2O)C1=O,C[C@]1(CC(=O)O)C[C@H](c2cccc(Cl)c2)[C@@H](c2ccc(Cl)cc2)N([C@H]2CC[C@@H](O)[C@H]2O)C1=O,50.0,7.301029995663981,7.301029995663981,,1,active
CHEMBL4111096,C[C@]1(CC(=O)O)C[C@H](c2cccc(Cl)c2)[C@@H](c2ccc(Cl)cc2)N(c2ccnc(Cl)n2)C1=O,C[C@]1(CC(=O)O)C[C@H](c2cccc(Cl)c2)[C@@H](c2ccc(Cl)cc2)N(c2ccnc(Cl)n2)C1=O,610.0,6.214670164989233,6.214670164989233,,1,active
CHEMBL4107967,C[C@]1(CC(=O)O)C[C@H](c2cccc(Cl)c2)[C@@H](c2ccc(Cl)cc2)N(c2ccncn2)C1=O,C[C@]1(CC(=O)O)C[C@H](c2cccc(Cl)c2)[C@@H](c2ccc(Cl)cc2)N(c2ccncn2)C1=O,340.0,6.468521082957745,6.468521082957745,,1,active
CHEMBL4106459,C[C@]1(CC(=O)O)C[C@H](c2cccc(Cl)c2)[C@@H](c2ccc(Cl)cc2)N(c2cnccn2)C1=O,C[C@]1(CC(=O)O)C[C@H](c2cccc(Cl)c2)[C@@H](c2ccc(Cl)cc2)N(c2cnccn2)C1=O,110.0,6.958607314841775,6.958607314841775,,1,active
CHEMBL4107479,C[C@]1(CC(=O)O)C[C@H](c2cccc(Cl)c2)[C@@H](c2ccc(Cl)cc2)N(c2ncccn2)C1=O,C[C@]1(CC(=O)O)C[C@H](c2cccc(Cl)c2)[C@@H](c2ccc(Cl)cc2)N(c2ncccn2)C1=O,230.0,6.638272163982407,6.638272163982407,,1,active
CHEMBL3355428,C[C@]1(O)C[C@@H](NC(=O)[C@@H]2NC3(CCC3)[C@@]3(C(=O)Nc4cc(Cl)ccc43)[C@H]2c2cccc(Cl)c2F)C1,C[C@]1(O)C[C@@H](NC(=O)[C@@H]2NC3(CCC3)[C@@]3(C(=O)Nc4cc(Cl)ccc43)[C@H]2c2cccc(Cl)c2F)C1,396.0,6.402304814074488,6.402304814074488,,1,active
CHEMBL3355427,C[C@]1(O)C[C@@H](NC(=O)[C@@H]2NC3(CCC3)[C@]3(C(=O)Nc4cc(Cl)ccc43)[C@H]2c2cccc(Cl)c2F)C1,C[C@]1(O)C[C@@H](NC(=O)[C@@H]2NC3(CCC3)[C@]3(C(=O)Nc4cc(Cl)ccc43)[C@H]2c2cccc(Cl)c2F)C1,7505.0,5.124649303420711,5.124649303420711,,1,intermediate
CHEMBL3355429,C[C@]1(O)C[C@@H](NC(=O)[C@@H]2NC3(CCCCC3)[C@@]3(C(=O)Nc4cc(Cl)ccc43)[C@H]2c2cccc(Cl)c2F)C1,C[C@]1(O)C[C@@H](NC(=O)[C@@H]2NC3(CCCCC3)[C@@]3(C(=O)Nc4cc(Cl)ccc43)[C@H]2c2cccc(Cl)c2F)C1,20.0,7.698970004336019,7.698970004336019,,1,active
CHEMBL6014609,C[S+]([O-])C1(CO[C@]2(c3ccc(Cl)cc3)c3c(F)cc(C(C)(C)O)cc3C(=O)N2Cc2ccc(Cl)cn2)CC1,C[S+]([O-])C1(CO[C@]2(c3ccc(Cl)cc3)c3c(F)cc(C(C)(C)O)cc3C(=O)N2Cc2ccc(Cl)cn2)CC1,135.0,6.869964306007462,6.869964306007462,,2,active
CHEMBL6035109,C[S+]([O-])c1cc(Cl)ccc1CN1C(=O)c2cc(C(C)(C)O)cc(F)c2[C@]1(OCC1(CO)CC1)c1ccc(Cl)cc1,C[S+]([O-])c1cc(Cl)ccc1CN1C(=O)c2cc(C(C)(C)O)cc(F)c2[C@]1(OCC1(CO)CC1)c1ccc(Cl)cc1,28.5,7.59154808031217,7.59154808031217,,4,active
CHEMBL5777287,C[S@+]([O-])c1cc(Cl)ccc1CN1C(=O)c2cc(C(C)(C)O)cc(F)c2[C@]1(OCC1(CO)CC1)c1ccc(Cl)cc1,C[S@+]([O-])c1cc(Cl)ccc1CN1C(=O)c2cc(C(C)(C)O)cc(F)c2[C@]1(OCC1(CO)CC1)c1ccc(Cl)cc1,16.0,7.795880017344075,7.795880017344075,,1,active
CHEMBL5943796,C[S@@+]([O-])c1cc(Cl)ccc1CN1C(=O)c2cc(C(C)(C)O)cc(F)c2[C@]1(OCC1(CO)CC1)c1ccc(Cl)cc1,C[S@@+]([O-])c1cc(Cl)ccc1CN1C(=O)c2cc(C(C)(C)O)cc(F)c2[C@]1(OCC1(CO)CC1)c1ccc(Cl)cc1,2.3,8.638272163982407,8.638272163982407,,1,active
CHEMBL3291437,Cc1[nH]c(-c2ccccc2)c(-c2ccccc2)c1-c1ccc(C#N)c(=O)[nH]1,Cc1[nH]c(-c2ccccc2)c(-c2ccccc2)c1-c1ccc(C#N)c(=O)[nH]1,570.0,6.2441251443275085,6.2441251443275085,,1,active
CHEMBL3291217,Cc1[nH]c(-c2ccccc2)c(-c2ccccc2)c1-c1ccn[nH]1,Cc1[nH]c(-c2ccccc2)c(-c2ccccc2)c1-c1ccn[nH]1,990.0,6.004364805402449,6.004364805402449,,1,active
CHEMBL3291433,Cc1[nH]c(-c2ccccc2)c(-c2ccccc2)c1-c1ccnc2[nH]c(=S)[nH]c(=O)c12,Cc1[nH]c(-c2ccccc2)c(-c2ccccc2)c1-c1ccnc2[nH]c(=S)[nH]c(=O)c12,440.0,6.356547323513812,6.356547323513812,,1,active
CHEMBL3291220,Cc1[nH]c(-c2ccccc2)c(-c2ccccc2)c1-c1ccnc2c(C#N)cnn12,Cc1[nH]c(-c2ccccc2)c(-c2ccccc2)c1-c1ccnc2c(C#N)cnn12,910.0,6.040958607678906,6.040958607678906,,1,active
CHEMBL3286447,Cc1[nH]c(-c2ccccc2)c(-c2ccccc2)c1-c1ccnc2nc3ccccc3n12,Cc1[nH]c(-c2ccccc2)c(-c2ccccc2)c1-c1ccnc2nc3ccccc3n12,360.0,6.443697499232712,6.443697499232712,,1,active
CHEMBL3291221,Cc1[nH]c(-c2ccccc2)c(-c2ccccc2)c1-c1ccnc2ncnn12,Cc1[nH]c(-c2ccccc2)c(-c2ccccc2)c1-c1ccnc2ncnn12,890.0,6.050609993355087,6.050609993355087,,1,active
CHEMBL3291222,Cc1[nH]c(-c2ccccc2)c(-c2ccccc2)c1-c1ccnc2nnnn12,Cc1[nH]c(-c2ccccc2)c(-c2ccccc2)c1-c1ccnc2nnnn12,840.0,6.075720713938118,6.075720713938118,,1,active
CHEMBL3291218,Cc1[nH]c(-c2ccccc2)c(-c2ccccc2)c1-c1ccnn1-c1ccccc1,Cc1[nH]c(-c2ccccc2)c(-c2ccccc2)c1-c1ccnn1-c1ccccc1,970.0,6.013228265733755,6.013228265733755,,1,active
CHEMBL3291219,Cc1[nH]c(-c2ccccc2)c(-c2ccccc2)c1-c1ccon1,Cc1[nH]c(-c2ccccc2)c(-c2ccccc2)c1-c1ccon1,940.0,6.026872146400301,6.026872146400301,,1,active
CHEMBL6039605,Cc1c(-c2cc(C(C)C)ccn2)n(Cc2ccc(C(F)(F)F)cc2)c2c(N[C@H](C)C3CCC3)nc(C(=O)O)nc12,Cc1c(-c2cc(C(C)C)ccn2)n(Cc2ccc(C(F)(F)F)cc2)c2c(N[C@H](C)C3CCC3)nc(C(=O)O)nc12,50.0,7.301029995663981,7.301029995663981,,1,active
CHEMBL3906549,Cc1c(-c2nc(=O)o[nH]2)nc(-c2cncc(Cl)c2)c2c1nc(N1CCO[C@H]3CCC[C@@H]31)n2C[C@H]1CC[C@H](C)CC1,Cc1c(-c2nc(=O)o[nH]2)nc(-c2cncc(Cl)c2)c2c1nc(N1CCO[C@H]3CCC[C@@H]31)n2C[C@H]1CC[C@H](C)CC1,2.0,8.698970004336019,8.698970004336019,,1,active
CHEMBL3650004,Cc1c(-c2noc(=O)[nH]2)nc(-c2cncc(Cl)c2)c2c1nc(N1CCO[C@@H]3CCC[C@H]31)n2C[C@H]1CC[C@H](C)CC1,Cc1c(-c2noc(=O)[nH]2)nc(-c2cncc(Cl)c2)c2c1nc(N1CCO[C@@H]3CCC[C@H]31)n2C[C@H]1CC[C@H](C)CC1,2.0,8.698970004336019,8.698970004336019,,1,active
CHEMBL5969523,Cc1c(C(=O)N(C)C)ccn2c3c(nc12)[C@@H]1[C@H](C3)N(CC2CC2)[C@@]2(C(=O)Nc3cc(Cl)ccc32)[C@H]1c1ccnc(Cl)c1F,Cc1c(C(=O)N(C)C)ccn2c3c(nc12)[C@@H]1[C@H](C3)N(CC2CC2)[C@@]2(C(=O)Nc3cc(Cl)ccc32)[C@H]1c1ccnc(Cl)c1F,10.0,8.0,8.0,,1,active
CHEMBL5893701,Cc1c(C(=O)N2CCCCC2)ccn2c3c(nc12)[C@@H]1[C@H](C3)N(CC2CC2)[C@@]2(C(=O)Nc3cc(Cl)ccc32)[C@H]1c1ccnc(Cl)c1F,Cc1c(C(=O)N2CCCCC2)ccn2c3c(nc12)[C@@H]1[C@H](C3)N(CC2CC2)[C@@]2(C(=O)Nc3cc(Cl)ccc32)[C@H]1c1ccnc(Cl)c1F,10.0,8.0,8.0,,1,active
CHEMBL5986619,Cc1c(C(=O)N2CCOCC2)ccn2c3c(nc12)[C@@H]1[C@H](C3)N(CC2CC2)[C@@]2(C(=O)Nc3cc(Cl)ccc32)[C@H]1c1ccnc(Cl)c1F,Cc1c(C(=O)N2CCOCC2)ccn2c3c(nc12)[C@@H]1[C@H](C3)N(CC2CC2)[C@@]2(C(=O)Nc3cc(Cl)ccc32)[C@H]1c1ccnc(Cl)c1F,10.0,8.0,8.0,,1,active
CHEMBL5800965,Cc1c(C(=O)O)ccc2c1nc1n2CC[C@H]2[C@@H]1[C@H](c1cccc(Cl)c1F)[C@]1(C(=O)Nc3cc(Cl)ccc31)N2CC1CC1,Cc1c(C(=O)O)ccc2c1nc1n2CC[C@H]2[C@@H]1[C@H](c1cccc(Cl)c1F)[C@]1(C(=O)Nc3cc(Cl)ccc31)N2CC1CC1,4.0,8.397940008672037,8.397940008672037,,1,active
CHEMBL5963332,Cc1c(C(=O)O)ccc2c1nc1n2CC[C@H]2[C@@H]1[C@H](c1ccnc(Cl)c1F)[C@]1(C(=O)Nc3cc(Cl)ccc31)N2CC1CC1,Cc1c(C(=O)O)ccc2c1nc1n2CC[C@H]2[C@@H]1[C@H](c1ccnc(Cl)c1F)[C@]1(C(=O)Nc3cc(Cl)ccc31)N2CC1CC1,8.0,8.096910013008056,8.096910013008056,,1,active
CHEMBL5894634,Cc1c(C(=O)O)ccc2c1nc1n2C[C@H]2[C@@H]1[C@H](c1cccc(Cl)c1F)[C@]1(C(=O)Nc3cc(Cl)ccc31)N2CC1CC1,Cc1c(C(=O)O)ccc2c1nc1n2C[C@H]2[C@@H]1[C@H](c1cccc(Cl)c1F)[C@]1(C(=O)Nc3cc(Cl)ccc31)N2CC1CC1,2.5,8.610924374808178,8.610924374808178,,2,active
CHEMBL5314455,Cc1c(C(=O)O)ccc2c3n(nc12)[C@@H]1[C@H](C3)N(CC2CC2)[C@@]2(C(=O)Nc3cc(Cl)ccc32)[C@H]1c1cccc(Cl)c1F,Cc1c(C(=O)O)ccc2c3n(nc12)[C@@H]1[C@H](C3)N(CC2CC2)[C@@]2(C(=O)Nc3cc(Cl)ccc32)[C@H]1c1cccc(Cl)c1F,2.0,8.698970004336019,8.698970004336019,,2,active
CHEMBL6044432,Cc1c(C(=O)O)ccc2nc3n(c12)CC[C@H]1[C@@H]3[C@H](c2cccc(Cl)c2F)[C@]2(C(=O)Nc3cc(Cl)ccc32)N1CC1CC1,Cc1c(C(=O)O)ccc2nc3n(c12)CC[C@H]1[C@@H]3[C@H](c2cccc(Cl)c2F)[C@]2(C(=O)Nc3cc(Cl)ccc32)N1CC1CC1,3.0,8.548455006504028,8.548455006504028,,2,active
CHEMBL5938628,Cc1c(C(=O)O)ccc2nn3c(c12)OC[C@@H]1[C@H]3[C@@H](c2cccc(Cl)c2F)[C@@]2(C(=O)Nc3cc(Cl)ccc32)N1CC1CC1,Cc1c(C(=O)O)ccc2nn3c(c12)OC[C@@H]1[C@H]3[C@@H](c2cccc(Cl)c2F)[C@@]2(C(=O)Nc3cc(Cl)ccc32)N1CC1CC1,617.0,6.209714835966759,6.209714835966759,,1,active
CHEMBL5747140,Cc1c(C(=O)O)ccc2nn3c(c12)OC[C@H]1[C@@H]3[C@H](c2cccc(Cl)c2F)[C@]2(C(=O)Nc3cc(Cl)ccc32)N1CC1CC1,Cc1c(C(=O)O)ccc2nn3c(c12)OC[C@H]1[C@@H]3[C@H](c2cccc(Cl)c2F)[C@]2(C(=O)Nc3cc(Cl)ccc32)N1CC1CC1,9.0,8.056754637413759,8.056754637413759,,2,active
CHEMBL5884996,Cc1c(C(=O)O)ccn2c3c(nc12)[C@@H]1[C@H](C3)N(CC2CC2)[C@@]2(C(=O)Nc3cc(Cl)ccc32)[C@H]1c1ccnc(Cl)c1F,Cc1c(C(=O)O)ccn2c3c(nc12)[C@@H]1[C@H](C3)N(CC2CC2)[C@@]2(C(=O)Nc3cc(Cl)ccc32)[C@H]1c1ccnc(Cl)c1F,6.0,8.221848749616356,8.221848749616356,,1,active
CHEMBL3938875,Cc1c(C(=O)O)nc(N[C@@H](C)C2CCC2)c2c1nc(-c1cc(C(C)C)ccn1)n2Cc1ccc(C(F)(F)F)cc1,Cc1c(C(=O)O)nc(N[C@@H](C)C2CCC2)c2c1nc(-c1cc(C(C)C)ccn1)n2Cc1ccc(C(F)(F)F)cc1,60.0,7.221848749616356,7.221848749616356,,1,active
CHEMBL3647042,Cc1c(C(=O)O)nc(N[C@H](C)C2CCC2)c2c1nc(-c1cc(C(C)C)ccn1)n2Cc1ccc(C(F)(F)F)cc1,Cc1c(C(=O)O)nc(N[C@H](C)C2CCC2)c2c1nc(-c1cc(C(C)C)ccn1)n2Cc1ccc(C(F)(F)F)cc1,60.0,7.221848749616356,7.221848749616356,,1,active
CHEMBL5752750,Cc1c(C(C)C)ccnc1-c1nc2nc(C(=O)O)nc(N[C@H](C)C3CCC3)c2n1Cc1ccc(C(F)(F)F)cc1,Cc1c(C(C)C)ccnc1-c1nc2nc(C(=O)O)nc(N[C@H](C)C3CCC3)c2n1Cc1ccc(C(F)(F)F)cc1,58.98,7.229295231784221,7.229295231784221,,1,active
CHEMBL5770754,Cc1c(C(C)C)ccnc1-c1nc2nc(C(=O)O)nc(N[C@H](C)C3CCC3)c2n1Cc1ccc(OC(F)(F)F)c(F)c1,Cc1c(C(C)C)ccnc1-c1nc2nc(C(=O)O)nc(N[C@H](C)C3CCC3)c2n1Cc1ccc(OC(F)(F)F)c(F)c1,22.32,7.651305809734459,7.651305809734459,,1,active
CHEMBL3220312,Cc1c(Cl)ccc2c(/C=C3\NC(=O)N(C(C(=O)NC(CO)CO)c4ccc(F)c(F)c4)C3=O)c[nH]c12,Cc1c(Cl)ccc2c(/C=C3\NC(=O)N(C(C(=O)NC(CO)CO)c4ccc(F)c(F)c4)C3=O)c[nH]c12,17.3,7.761953896871205,7.761953896871205,,4,active
CHEMBL5267044,Cc1c(Cl)ccc2c(/C=C3\NC(=O)N(Cc4ccc(F)c(F)c4)C3=O)c[nH]c12,Cc1c(Cl)ccc2c(/C=C3\NC(=O)N(Cc4ccc(F)c(F)c4)C3=O)c[nH]c12,33.0,7.481486060122112,7.481486060122112,,3,active
CHEMBL5204846,Cc1c(Cl)ccc2cc(/C=C3\NC(=O)N(C(C(=O)NC(CO)CO)c4ccc(F)c(F)c4)C3=O)[nH]c12,Cc1c(Cl)ccc2cc(/C=C3\NC(=O)N(C(C(=O)NC(CO)CO)c4ccc(F)c(F)c4)C3=O)[nH]c12,17.3,7.761953896871205,7.761953896871205,,1,active
CHEMBL5855981,Cc1cc(-c2ccccc2)nn1-c1nc2nc(C(=O)O)nc(N[C@H](C)C3CCC3)c2n1Cc1ccc(C(F)(F)F)cc1,Cc1cc(-c2ccccc2)nn1-c1nc2nc(C(=O)O)nc(N[C@H](C)C3CCC3)c2n1Cc1ccc(C(F)(F)F)cc1,299.5,6.52360317327467,6.52360317327467,,1,active
CHEMBL5784761,Cc1cc(-c2nc3nc(C(=O)O)nc(N[C@H](C)C4CC4)c3n2Cc2ccc(Cl)cc2)ccc1F,Cc1cc(-c2nc3nc(C(=O)O)nc(N[C@H](C)C4CC4)c3n2Cc2ccc(Cl)cc2)ccc1F,40.44,7.393188853081036,7.393188853081036,,1,active
CHEMBL6048708,Cc1cc(-c2nc3nc(C(=O)O)nc(N[C@H](C)C4CCC4)c3n2Cc2ccc(C(F)(F)F)cc2)ccc1F,Cc1cc(-c2nc3nc(C(=O)O)nc(N[C@H](C)C4CCC4)c3n2Cc2ccc(C(F)(F)F)cc2)ccc1F,49.7,7.303643611266668,7.303643611266668,,1,active
CHEMBL6022590,Cc1cc(-c2nc3nc(C(=O)O)nc(N[C@H](C)C4CCC4)c3n2Cc2ccc(C(F)(F)F)cc2)ccn1,Cc1cc(-c2nc3nc(C(=O)O)nc(N[C@H](C)C4CCC4)c3n2Cc2ccc(C(F)(F)F)cc2)ccn1,1372.0,5.862645888629267,5.862645888629267,,1,intermediate
CHEMBL5863628,Cc1cc(-c2nc3nc(C(=O)O)nc(N[C@H](C)C4CCC4)c3n2Cc2ccc(C(F)(F)F)cc2)n(C)n1,Cc1cc(-c2nc3nc(C(=O)O)nc(N[C@H](C)C4CCC4)c3n2Cc2ccc(C(F)(F)F)cc2)n(C)n1,172.9,6.762205006726077,6.762205006726077,,1,active
CHEMBL3220087,Cc1cc(/C=C2\C(=O)NC(=S)N(c3ccccc3)C2=O)c(C)n1-c1ccc(Cl)cc1,Cc1cc(/C=C2\C(=O)NC(=S)N(c3ccccc3)C2=O)c(C)n1-c1ccc(Cl)cc1,3300.0,5.481486060122112,5.481486060122112,,1,intermediate
CHEMBL5785781,Cc1cc(C(=O)O)cc2c1nc1n2CC[C@H]2[C@@H]1[C@H](c1cccc(Cl)c1F)[C@]1(C(=O)Nc3cc(Cl)ccc31)N2CC1CC1,Cc1cc(C(=O)O)cc2c1nc1n2CC[C@H]2[C@@H]1[C@H](c1cccc(Cl)c1F)[C@]1(C(=O)Nc3cc(Cl)ccc31)N2CC1CC1,3.0,8.522878745280337,8.522878745280337,,1,active
CHEMBL5962386,Cc1cc(C(C)C)cc(-c2nc3nc(C(=O)O)nc(N[C@H](C)C4CCC4)c3n2Cc2ccc(C(F)(F)F)cc2)n1,Cc1cc(C(C)C)cc(-c2nc3nc(C(=O)O)nc(N[C@H](C)C4CCC4)c3n2Cc2ccc(C(F)(F)F)cc2)n1,19.05,7.720105019988361,7.720105019988361,,1,active
CHEMBL5933043,Cc1cc(C)cc(-c2nc3nc(C(=O)O)nc(N[C@H](C)C4CC4)c3n2Cc2ccc(C(F)(F)F)cc2)c1,Cc1cc(C)cc(-c2nc3nc(C(=O)O)nc(N[C@H](C)C4CC4)c3n2Cc2ccc(C(F)(F)F)cc2)c1,120.2,6.92009553233328,6.92009553233328,,1,active
CHEMBL5825357,Cc1cc(C)cc(-c2nc3nc(C(=O)O)nc(N[C@H](C)C4CCC4)c3n2Cc2ccc(C(F)(F)F)cc2)c1,Cc1cc(C)cc(-c2nc3nc(C(=O)O)nc(N[C@H](C)C4CCC4)c3n2Cc2ccc(C(F)(F)F)cc2)c1,369.0,6.432973633840939,6.432973633840939,,1,active
CHEMBL5780671,Cc1cc(C)cc(-c2nc3nc(C(N)=O)nc(N[C@H](C)C4CCC4)c3n2Cc2ccc(C(F)(F)F)cc2)c1,Cc1cc(C)cc(-c2nc3nc(C(N)=O)nc(N[C@H](C)C4CCC4)c3n2Cc2ccc(C(F)(F)F)cc2)c1,37.73,7.423313194799005,7.423313194799005,,1,active
CHEMBL5780826,Cc1cc(C)n(-c2nc3nc(C(=O)O)nc(N[C@H](C)C4CCC4)c3n2Cc2ccc(C(F)(F)F)cc2)n1,Cc1cc(C)n(-c2nc3nc(C(=O)O)nc(N[C@H](C)C4CCC4)c3n2Cc2ccc(C(F)(F)F)cc2)n1,292.4,6.534022631714177,6.534022631714177,,1,active
CHEMBL6017927,Cc1cc(C2CC2)ccc1-c1nc2nc(C(=O)O)nc(N[C@H](C)C3CCC3)c2n1Cc1ccc(C(F)(F)F)cc1,Cc1cc(C2CC2)ccc1-c1nc2nc(C(=O)O)nc(N[C@H](C)C3CCC3)c2n1Cc1ccc(C(F)(F)F)cc1,151.1,6.820735535660974,6.820735535660974,,1,active
CHEMBL3649853,Cc1cc(C2CCCN2c2nc3cc(-c4noc(=O)[nH]4)nc(-c4cncc(Cl)c4)c3n2C[C@H]2CC[C@H](C)CC2)on1,Cc1cc(C2CCCN2c2nc3cc(-c4noc(=O)[nH]4)nc(-c4cncc(Cl)c4)c3n2C[C@H]2CC[C@H](C)CC2)on1,2.0,8.698970004336019,8.698970004336019,,2,active
CHEMBL3220093,Cc1cc(C=C2C(=O)N(c3ccccc3)C(=S)N(c3ccccc3)C2=O)c(C)n1-c1ccc(Br)cc1,Cc1cc(C=C2C(=O)N(c3ccccc3)C(=S)N(c3ccccc3)C2=O)c(C)n1-c1ccc(Br)cc1,199.0,6.701146923590294,6.701146923590294,,1,active
CHEMBL3220086,Cc1cc(C=C2C(=O)NC(=S)NC2=O)c(C)n1-c1ccc(Cl)cc1,Cc1cc(C=C2C(=O)NC(=S)NC2=O)c(C)n1-c1ccc(Cl)cc1,720.0,6.142667503568731,6.142667503568731,,1,active
CHEMBL5907752,Cc1cc(CN(C)c2nc3nc(-c4noc(=O)[nH]4)nc(N[C@H](C)C4CCC4)c3n2C[C@H]2CC[C@H](C)CC2)on1,Cc1cc(CN(C)c2nc3nc(-c4noc(=O)[nH]4)nc(N[C@H](C)C4CCC4)c3n2C[C@H]2CC[C@H](C)CC2)on1,12.63,7.898596649444669,7.898596649444669,,1,active
CHEMBL4108982,Cc1cc(C[C@@H]2C[C@H](c3cccc(Cl)c3)[C@@H](c3ccc(Cl)cc3)N(CC3CC3)C2=O)no1,Cc1cc(C[C@@H]2C[C@H](c3cccc(Cl)c3)[C@@H](c3ccc(Cl)cc3)N(CC3CC3)C2=O)no1,310.0,6.508638306165727,6.508638306165727,,1,active
CHEMBL3236646,Cc1cc(C[C@@]2(C)C[C@H](c3cccc(Cl)c3)[C@@H](c3ccc(Cl)cc3)N([C@H](CS(=O)(=O)C(C)(C)C)C3CC3)C2=O)ncc1C(=O)O,Cc1cc(C[C@@]2(C)C[C@H](c3cccc(Cl)c3)[C@@H](c3ccc(Cl)cc3)N([C@H](CS(=O)(=O)C(C)(C)C)C3CC3)C2=O)ncc1C(=O)O,3.1,8.876013366819096,8.876013366819096,,2,active
CHEMBL5839074,Cc1cc(Cl)cc(-c2nc(-c3noc(=O)[nH]3)nc3nc(N4CCOC[C@H]4c4ccccc4)n(C[C@H]4CC[C@H](C)CC4)c23)c1,Cc1cc(Cl)cc(-c2nc(-c3noc(=O)[nH]3)nc3nc(N4CCOC[C@H]4c4ccccc4)n(C[C@H]4CC[C@H](C)CC4)c23)c1,1.561,8.806597096937583,8.806597096937583,,1,active
CHEMBL3653160,Cc1cc(Cl)ccc1C1c2c(nc(-c3ccccc3OC(F)(F)F)n2C(C)C)C(=O)N1c1cc(Cl)ccc1C,Cc1cc(Cl)ccc1C1c2c(nc(-c3ccccc3OC(F)(F)F)n2C(C)C)C(=O)N1c1cc(Cl)ccc1C,0.65,9.187086643357144,9.187086643357144,,1,active
CHEMBL3687294,Cc1cc(Cl)ccc1C1c2c(nn(-c3cc(=O)n(C)c(=O)n3C)c2C(C)C)C(=O)N1c1cc(Cl)ccc1C,Cc1cc(Cl)ccc1C1c2c(nn(-c3cc(=O)n(C)c(=O)n3C)c2C(C)C)C(=O)N1c1cc(Cl)ccc1C,24.4,7.61261017366127,7.61261017366127,,1,active
CHEMBL3687281,Cc1cc(Cl)ccc1C1c2c(nn(-c3ccc(C#N)cc3)c2C(C)C)C(=O)N1c1cccc(Cl)c1F,Cc1cc(Cl)ccc1C1c2c(nn(-c3ccc(C#N)cc3)c2C(C)C)C(=O)N1c1cccc(Cl)c1F,6.9,8.161150909262744,8.161150909262744,,1,active
CHEMBL3687303,Cc1cc(Cl)ccc1C1c2c(nn(-c3ccc(C#N)cc3C)c2C(C)C)C(=O)N1c1cccc(Cl)c1F,Cc1cc(Cl)ccc1C1c2c(nn(-c3ccc(C#N)cc3C)c2C(C)C)C(=O)N1c1cccc(Cl)c1F,3.2,8.494850021680094,8.494850021680094,,1,active
CHEMBL3687287,Cc1cc(Cl)ccc1C1c2c(nn(-c3ccc(C(N)=O)cc3)c2C(C)C)C(=O)N1c1cccc(Cl)c1F,Cc1cc(Cl)ccc1C1c2c(nn(-c3ccc(C(N)=O)cc3)c2C(C)C)C(=O)N1c1cccc(Cl)c1F,11.5,7.939302159646388,7.939302159646388,,1,active
CHEMBL3687286,Cc1cc(Cl)ccc1C1c2c(nn(-c3ccc(Cl)cc3)c2C(C)C)C(=O)N1c1cccc(Cl)c1F,Cc1cc(Cl)ccc1C1c2c(nn(-c3ccc(Cl)cc3)c2C(C)C)C(=O)N1c1cccc(Cl)c1F,14.7,7.8326826652518236,7.8326826652518236,,1,active
CHEMBL3687300,Cc1cc(Cl)ccc1C1c2c(nn(-c3ccc(F)cc3F)c2C(C)C)C(=O)N1c1cccc(Cl)c1F,Cc1cc(Cl)ccc1C1c2c(nn(-c3ccc(F)cc3F)c2C(C)C)C(=O)N1c1cccc(Cl)c1F,14.3,7.844663962534938,7.844663962534938,,1,active
CHEMBL3687305,Cc1cc(Cl)ccc1C1c2c(nn(-c3cccc(C#N)c3)c2C(C)C)C(=O)N1c1cccc(Cl)c1F,Cc1cc(Cl)ccc1C1c2c(nn(-c3cccc(C#N)c3)c2C(C)C)C(=O)N1c1cccc(Cl)c1F,8.4,8.075720713938118,8.075720713938118,,1,active
CHEMBL3687298,Cc1cc(Cl)ccc1C1c2c(nn(-c3ccccc3Cl)c2C(C)C)C(=O)N1c1cccc(Cl)c1F,Cc1cc(Cl)ccc1C1c2c(nn(-c3ccccc3Cl)c2C(C)C)C(=O)N1c1cccc(Cl)c1F,10.4,7.982966660701219,7.982966660701219,,1,active
CHEMBL3687282,Cc1cc(Cl)ccc1C1c2c(nn(-c3ccccc3F)c2C(C)C)C(=O)N1c1cccc(Cl)c1F,Cc1cc(Cl)ccc1C1c2c(nn(-c3ccccc3F)c2C(C)C)C(=O)N1c1cccc(Cl)c1F,7.3,8.136677139879545,8.136677139879545,,1,active
CHEMBL3687274,Cc1cc(Cl)ccc1C1c2c(nn(C(=O)N(C)c3ccccc3)c2C(C)C)C(=O)N1c1cc(Cl)ccc1C,Cc1cc(Cl)ccc1C1c2c(nn(C(=O)N(C)c3ccccc3)c2C(C)C)C(=O)N1c1cc(Cl)ccc1C,21.1,7.675717544702307,7.675717544702307,,1,active
CHEMBL3687273,Cc1cc(Cl)ccc1C1c2c(nn(C(=O)N3CCN(C)CC3)c2C(C)C)C(=O)N1c1cc(Cl)ccc1C,Cc1cc(Cl)ccc1C1c2c(nn(C(=O)N3CCN(C)CC3)c2C(C)C)C(=O)N1c1cc(Cl)ccc1C,2.7,8.568636235841012,8.568636235841012,,1,active
CHEMBL3691712,Cc1cc(Cl)ccc1C1c2c(nn(C3CC3)c2C(C)C)C(=O)N1c1cccc(Cl)c1F,Cc1cc(Cl)ccc1C1c2c(nn(C3CC3)c2C(C)C)C(=O)N1c1cccc(Cl)c1F,8.4855,8.07142636070027,8.07142636070027,,2,active
CHEMBL3691713,Cc1cc(Cl)ccc1C1c2c(nn(C3CCC(O)CC3)c2C(C)C)C(=O)N1c1cccc(Cl)c1F,Cc1cc(Cl)ccc1C1c2c(nn(C3CCC(O)CC3)c2C(C)C)C(=O)N1c1cccc(Cl)c1F,17.7,7.768613885794695,7.768613885794695,,2,active
CHEMBL3687238,Cc1cc(Cl)ccc1C1c2c(nn(C3CCN(C(=O)OC(C)(C)C)C3)c2C(C)C)C(=O)N1c1cc(Cl)ccc1C,Cc1cc(Cl)ccc1C1c2c(nn(C3CCN(C(=O)OC(C)(C)C)C3)c2C(C)C)C(=O)N1c1cc(Cl)ccc1C,41.7,7.379863945026242,7.379863945026242,,1,active
CHEMBL3687295,Cc1cc(Cl)ccc1C1c2c(nn(C3CCN(C)CC3)c2C(C)C)C(=O)N1c1cc(Cl)ccc1C,Cc1cc(Cl)ccc1C1c2c(nn(C3CCN(C)CC3)c2C(C)C)C(=O)N1c1cc(Cl)ccc1C,3.0,8.522878745280337,8.522878745280337,,1,active
CHEMBL3687285,Cc1cc(Cl)ccc1C1c2c(nn(C3CCN(C)CC3)c2C(C)C)C(=O)N1c1cccc(Cl)c1F,Cc1cc(Cl)ccc1C1c2c(nn(C3CCN(C)CC3)c2C(C)C)C(=O)N1c1cccc(Cl)c1F,20.7,7.684029654543082,7.684029654543082,,1,active
CHEMBL3687296,Cc1cc(Cl)ccc1C1c2c(nn(C3CCOCC3)c2C(C)C)C(=O)N1c1cccc(Cl)c1F,Cc1cc(Cl)ccc1C1c2c(nn(C3CCOCC3)c2C(C)C)C(=O)N1c1cccc(Cl)c1F,18.0,7.7447274948966935,7.7447274948966935,,1,active
CHEMBL3687243,Cc1cc(Cl)ccc1C1c2c(nn(CC(=O)N3CCC(CCO)CC3)c2C(C)C)C(=O)N1c1cc(Cl)ccc1C,Cc1cc(Cl)ccc1C1c2c(nn(CC(=O)N3CCC(CCO)CC3)c2C(C)C)C(=O)N1c1cc(Cl)ccc1C,4.2,8.3767507096021,8.3767507096021,,1,active
CHEMBL3687242,Cc1cc(Cl)ccc1C1c2c(nn(CC(=O)N3CCC(O)CC3)c2C(C)C)C(=O)N1c1cc(Cl)ccc1C,Cc1cc(Cl)ccc1C1c2c(nn(CC(=O)N3CCC(O)CC3)c2C(C)C)C(=O)N1c1cc(Cl)ccc1C,6.1,8.214670164989233,8.214670164989233,,1,active
CHEMBL3687266,Cc1cc(Cl)ccc1C1c2c(nn(CC(=O)N3CCCC3)c2C(C)C)C(=O)N1c1cc(Cl)ccc1C,Cc1cc(Cl)ccc1C1c2c(nn(CC(=O)N3CCCC3)c2C(C)C)C(=O)N1c1cc(Cl)ccc1C,2.0,8.698970004336019,8.698970004336019,,1,active
CHEMBL3687247,Cc1cc(Cl)ccc1C1c2c(nn(CC(=O)N3CCN(C)C(=O)C3)c2C(C)C)C(=O)N1c1cc(Cl)ccc1C,Cc1cc(Cl)ccc1C1c2c(nn(CC(=O)N3CCN(C)C(=O)C3)c2C(C)C)C(=O)N1c1cc(Cl)ccc1C,3.0,8.522878745280337,8.522878745280337,,1,active
CHEMBL3687246,Cc1cc(Cl)ccc1C1c2c(nn(CC(=O)N3CCNC(=O)C3)c2C(C)C)C(=O)N1c1cc(Cl)ccc1C,Cc1cc(Cl)ccc1C1c2c(nn(CC(=O)N3CCNC(=O)C3)c2C(C)C)C(=O)N1c1cc(Cl)ccc1C,4.4,8.356547323513812,8.356547323513812,,1,active
CHEMBL3687269,Cc1cc(Cl)ccc1C1c2c(nn(CC(C)(C)O)c2C(C)C)C(=O)N1c1cccc(Cl)c1F,Cc1cc(Cl)ccc1C1c2c(nn(CC(C)(C)O)c2C(C)C)C(=O)N1c1cccc(Cl)c1F,4.0,8.397940008672037,8.397940008672037,,1,active
CHEMBL3687251,Cc1cc(Cl)ccc1C1c2c(nn(CC(O)CO)c2C(C)C)C(=O)N1c1cc(Cl)ccc1C,Cc1cc(Cl)ccc1C1c2c(nn(CC(O)CO)c2C(C)C)C(=O)N1c1cc(Cl)ccc1C,2.2,8.657577319177793,8.657577319177793,,1,active
CHEMBL3687253,Cc1cc(Cl)ccc1C1c2c(nn(CC3(O)CCN(C(=O)NC(C)C)CC3)c2C(C)C)C(=O)N1c1cc(Cl)ccc1C,Cc1cc(Cl)ccc1C1c2c(nn(CC3(O)CCN(C(=O)NC(C)C)CC3)c2C(C)C)C(=O)N1c1cc(Cl)ccc1C,2.2,8.657577319177793,8.657577319177793,,1,active
CHEMBL3687279,Cc1cc(Cl)ccc1C1c2c(nn(CC3CCCCC3)c2C(C)C)C(=O)N1c1cccc(Cl)c1F,Cc1cc(Cl)ccc1C1c2c(nn(CC3CCCCC3)c2C(C)C)C(=O)N1c1cccc(Cl)c1F,20.5,7.688246138944246,7.688246138944246,,1,active
CHEMBL3687276,Cc1cc(Cl)ccc1C1c2c(nn(CC3CCCN3C(=O)N(C)C)c2C(C)C)C(=O)N1c1cc(Cl)ccc1C,Cc1cc(Cl)ccc1C1c2c(nn(CC3CCCN3C(=O)N(C)C)c2C(C)C)C(=O)N1c1cc(Cl)ccc1C,1.6,8.795880017344075,8.795880017344075,,1,active
CHEMBL3687267,Cc1cc(Cl)ccc1C1c2c(nn(CC3CCCO3)c2C(C)C)C(=O)N1c1cc(Cl)ccc1C,Cc1cc(Cl)ccc1C1c2c(nn(CC3CCCO3)c2C(C)C)C(=O)N1c1cc(Cl)ccc1C,2.5,8.602059991327963,8.602059991327963,,1,active
CHEMBL3687249,Cc1cc(Cl)ccc1C1c2c(nn(CC3CCN(C(=O)NC(C)C)CC3)c2C(C)C)C(=O)N1c1cc(Cl)ccc1C,Cc1cc(Cl)ccc1C1c2c(nn(CC3CCN(C(=O)NC(C)C)CC3)c2C(C)C)C(=O)N1c1cc(Cl)ccc1C,2.1,8.67778070526608,8.67778070526608,,1,active
CHEMBL3687301,Cc1cc(Cl)ccc1C1c2c(nn(CCC#N)c2C(C)C)C(=O)N1c1cccc(Cl)c1F,Cc1cc(Cl)ccc1C1c2c(nn(CCC#N)c2C(C)C)C(=O)N1c1cccc(Cl)c1F,15.6,7.806875401645538,7.806875401645538,,1,active
CHEMBL3687229,Cc1cc(Cl)ccc1C1c2c(nn(CCC(C)C)c2C(C)C)C(=O)N1c1cccc(Cl)c1F,Cc1cc(Cl)ccc1C1c2c(nn(CCC(C)C)c2C(C)C)C(=O)N1c1cccc(Cl)c1F,8.8,8.05551732784983,8.05551732784983,,1,active
CHEMBL3687264,Cc1cc(Cl)ccc1C1c2c(nn(CCC(C)C)c2C2CC2)C(=O)N1c1cccc(Cl)c1F,Cc1cc(Cl)ccc1C1c2c(nn(CCC(C)C)c2C2CC2)C(=O)N1c1cccc(Cl)c1F,12.0,7.920818753952375,7.920818753952375,,1,active
CHEMBL3687265,Cc1cc(Cl)ccc1C1c2c(nn(CCCO)c2C(C)C)C(=O)N1c1cccc(Cl)c1F,Cc1cc(Cl)ccc1C1c2c(nn(CCCO)c2C(C)C)C(=O)N1c1cccc(Cl)c1F,6.0,8.221848749616356,8.221848749616356,,1,active
CHEMBL3687255,Cc1cc(Cl)ccc1C1c2c(nn(CCN(C)C)c2C(C)C)C(=O)N1c1cccc(Cl)c1F,Cc1cc(Cl)ccc1C1c2c(nn(CCN(C)C)c2C(C)C)C(=O)N1c1cccc(Cl)c1F,8.1,8.09151498112135,8.09151498112135,,1,active
CHEMBL3687234,Cc1cc(Cl)ccc1C1c2c(nn(CCN3C(=O)c4ccccc4C3=O)c2C(C)C)C(=O)N1c1cccc(Cl)c1F,Cc1cc(Cl)ccc1C1c2c(nn(CCN3C(=O)c4ccccc4C3=O)c2C(C)C)C(=O)N1c1cccc(Cl)c1F,8.9,8.050609993355087,8.050609993355087,,1,active
CHEMBL3687271,Cc1cc(Cl)ccc1C1c2c(nn(CCN3CCCC3=O)c2C(C)C)C(=O)N1c1cc(Cl)ccc1C,Cc1cc(Cl)ccc1C1c2c(nn(CCN3CCCC3=O)c2C(C)C)C(=O)N1c1cc(Cl)ccc1C,1.7,8.769551078621726,8.769551078621726,,1,active
CHEMBL3687268,Cc1cc(Cl)ccc1C1c2c(nn(CCN3CCN(C)CC3)c2C(C)C)C(=O)N1c1cc(Cl)ccc1C,Cc1cc(Cl)ccc1C1c2c(nn(CCN3CCN(C)CC3)c2C(C)C)C(=O)N1c1cc(Cl)ccc1C,0.7,9.154901959985743,9.154901959985743,,1,active
CHEMBL3687306,Cc1cc(Cl)ccc1C1c2c(nn(CCO)c2C(C)C)C(=O)N1c1cc(Cl)ccc1C,Cc1cc(Cl)ccc1C1c2c(nn(CCO)c2C(C)C)C(=O)N1c1cc(Cl)ccc1C,2.6,8.585026652029182,8.585026652029182,,1,active
CHEMBL3687302,Cc1cc(Cl)ccc1C1c2c(nn(CCO)c2C(C)C)C(=O)N1c1ccc(F)c(Cl)c1,Cc1cc(Cl)ccc1C1c2c(nn(CCO)c2C(C)C)C(=O)N1c1ccc(F)c(Cl)c1,4.1,8.387216143280265,8.387216143280265,,1,active
CHEMBL3687280,Cc1cc(Cl)ccc1C1c2c(nn(CCO)c2C(C)C)C(=O)N1c1cccc(Cl)c1F,Cc1cc(Cl)ccc1C1c2c(nn(CCO)c2C(C)C)C(=O)N1c1cccc(Cl)c1F,5.9,8.229147988357855,8.229147988357855,,1,active
CHEMBL3687308,Cc1cc(Cl)ccc1C1c2c(nn(CCO)c2C2CC2)C(=O)N1c1cccc(Cl)c1F,Cc1cc(Cl)ccc1C1c2c(nn(CCO)c2C2CC2)C(=O)N1c1cccc(Cl)c1F,23.2,7.634512015109101,7.634512015109101,,1,active
CHEMBL3687304,Cc1cc(Cl)ccc1C1c2c(nn(CCO)c2C2CCC2)C(=O)N1c1cccc(Cl)c1F,Cc1cc(Cl)ccc1C1c2c(nn(CCO)c2C2CCC2)C(=O)N1c1cccc(Cl)c1F,5.6,8.2518119729938,8.2518119729938,,1,active
CHEMBL3687233,Cc1cc(Cl)ccc1C1c2c(nn(CCc3c[nH]c4ccccc34)c2C(C)C)C(=O)N1c1cccc(Cl)c1F,Cc1cc(Cl)ccc1C1c2c(nn(CCc3c[nH]c4ccccc34)c2C(C)C)C(=O)N1c1cccc(Cl)c1F,22.8,7.642065152999546,7.642065152999546,,1,active
CHEMBL3687228,Cc1cc(Cl)ccc1C1c2c(nn(CCc3c[nH]cn3)c2C(C)C)C(=O)N1c1cccc(Cl)c1F,Cc1cc(Cl)ccc1C1c2c(nn(CCc3c[nH]cn3)c2C(C)C)C(=O)N1c1cccc(Cl)c1F,4.0,8.397940008672037,8.397940008672037,,1,active
CHEMBL3687254,Cc1cc(Cl)ccc1C1c2c(nn(CCc3ccccc3)c2C(C)C)C(=O)N1c1cccc(Cl)c1F,Cc1cc(Cl)ccc1C1c2c(nn(CCc3ccccc3)c2C(C)C)C(=O)N1c1cccc(Cl)c1F,29.2,7.534617148551582,7.534617148551582,,1,active
CHEMBL3687232,Cc1cc(Cl)ccc1C1c2c(nn(CCc3ccccn3)c2C(C)C)C(=O)N1c1cccc(Cl)c1F,Cc1cc(Cl)ccc1C1c2c(nn(CCc3ccccn3)c2C(C)C)C(=O)N1c1cccc(Cl)c1F,9.9,8.00436480540245,8.00436480540245,,1,active
CHEMBL3687230,Cc1cc(Cl)ccc1C1c2c(nn(Cc3cc(=O)[nH]c4c(C#N)cnn34)c2C(C)C)C(=O)N1c1cccc(Cl)c1F,Cc1cc(Cl)ccc1C1c2c(nn(Cc3cc(=O)[nH]c4c(C#N)cnn34)c2C(C)C)C(=O)N1c1cccc(Cl)c1F,18.6,7.730487055782084,7.730487055782084,,1,active
CHEMBL3639860,Cc1cc(Cl)ccc1C1c2c(nn(Cc3cc(=O)[nH]c4ccccc34)c2C(C)C)C(=O)N1c1cccc(Cl)c1F,Cc1cc(Cl)ccc1C1c2c(nn(Cc3cc(=O)[nH]c4ccccc34)c2C(C)C)C(=O)N1c1cccc(Cl)c1F,5.3,8.275724130399212,8.275724130399212,,1,active
CHEMBL3687272,Cc1cc(Cl)ccc1C1c2c(nn(Cc3ccccc3)c2C(C)C)C(=O)N1c1cc(Cl)ccc1C,Cc1cc(Cl)ccc1C1c2c(nn(Cc3ccccc3)c2C(C)C)C(=O)N1c1cc(Cl)ccc1C,3.4,8.468521082957745,8.468521082957745,,1,active
CHEMBL3687278,Cc1cc(Cl)ccc1C1c2c(nn(Cc3ccccc3)c2C(C)C)C(=O)N1c1cccc(Cl)c1F,Cc1cc(Cl)ccc1C1c2c(nn(Cc3ccccc3)c2C(C)C)C(=O)N1c1cccc(Cl)c1F,24.2,7.616184634019569,7.616184634019569,,1,active
CHEMBL3687262,Cc1cc(Cl)ccc1C1c2c(nn(Cc3ccccn3)c2C(C)C)C(=O)N1c1cc(Cl)ccc1C,Cc1cc(Cl)ccc1C1c2c(nn(Cc3ccccn3)c2C(C)C)C(=O)N1c1cc(Cl)ccc1C,2.6,8.585026652029182,8.585026652029182,,1,active
CHEMBL3687226,Cc1cc(Cl)ccc1C1c2c(nn(Cc3ccccn3)c2C(C)C)C(=O)N1c1cccc(Cl)c1F,Cc1cc(Cl)ccc1C1c2c(nn(Cc3ccccn3)c2C(C)C)C(=O)N1c1cccc(Cl)c1F,7.153499999999999,8.147262295287831,8.147262295287831,,2,active
CHEMBL3687227,Cc1cc(Cl)ccc1C1c2c(nn(Cc3cccnc3)c2C(C)C)C(=O)N1c1cccc(Cl)c1F,Cc1cc(Cl)ccc1C1c2c(nn(Cc3cccnc3)c2C(C)C)C(=O)N1c1cccc(Cl)c1F,11.3,7.94692155651658,7.94692155651658,,1,active
CHEMBL3687259,Cc1cc(Cl)ccc1C1c2c(nn(Cc3ccncc3)c2C(C)C)C(=O)N1c1cccc(Cl)c1F,Cc1cc(Cl)ccc1C1c2c(nn(Cc3ccncc3)c2C(C)C)C(=O)N1c1cccc(Cl)c1F,6.2,8.207608310501746,8.207608310501746,,1,active
CHEMBL3687260,Cc1cc(Cl)ccc1C1c2c(nn(Cc3cscn3)c2C(C)C)C(=O)N1c1cccc(Cl)c1F,Cc1cc(Cl)ccc1C1c2c(nn(Cc3cscn3)c2C(C)C)C(=O)N1c1cccc(Cl)c1F,8.8,8.05551732784983,8.05551732784983,,1,active
CHEMBL212568,Cc1cc(Cl)ccc1CN1C(=O)c2cc(I)ccc2N(CCN2CCOCC2)C(=O)[C@@H]1c1ccc(Cl)cc1,Cc1cc(Cl)ccc1CN1C(=O)c2cc(I)ccc2N(CCN2CCOCC2)C(=O)[C@@H]1c1ccc(Cl)cc1,19000.0,4.721246399047171,4.721246399047171,,1,inactive
CHEMBL3691736,Cc1cc(Cl)ccc1[C@@H]1c2c(nn(CCO)c2C(C)C)C(=O)N1c1cccc(Cl)c1F,Cc1cc(Cl)ccc1[C@@H]1c2c(nn(CCO)c2C(C)C)C(=O)N1c1cccc(Cl)c1F,2085.9,5.680706515894721,5.680706515894721,,1,intermediate
CHEMBL3691735,Cc1cc(Cl)ccc1[C@H]1c2c(nn(CCO)c2C(C)C)C(=O)N1c1cccc(Cl)c1F,Cc1cc(Cl)ccc1[C@H]1c2c(nn(CCO)c2C(C)C)C(=O)N1c1cccc(Cl)c1F,2.6,8.585026652029182,8.585026652029182,,1,active
CHEMBL3703656,Cc1cc(Cl)cnc1NC(c1cc(C(F)(F)F)ccc1Cl)c1ccc2cccnc2c1O,Cc1cc(Cl)cnc1NC(c1cc(C(F)(F)F)ccc1Cl)c1ccc2cccnc2c1O,41000.0,4.3872161432802645,4.3872161432802645,,1,inactive
CHEMBL3703679,Cc1cc(Cl)cnc1NC(c1ccc2cccnc2c1O)c1c(F)c(F)c(OCC(F)(F)F)c(F)c1F,Cc1cc(Cl)cnc1NC(c1ccc2cccnc2c1O)c1c(F)c(F)c(OCC(F)(F)F)c(F)c1F,8500.0,5.070581074285707,5.070581074285707,,1,intermediate
CHEMBL3687239,Cc1cc(Cn2nc3c(c2C(C)C)C(c2ccc(Cl)cc2)N(c2cccc(Cl)c2F)C3=O)n(C)n1,Cc1cc(Cn2nc3c(c2C(C)C)C(c2ccc(Cl)cc2)N(c2cccc(Cl)c2F)C3=O)n(C)n1,7.9,8.102372908709558,8.102372908709558,,1,active
CHEMBL3703665,Cc1cc(NC(c2cc(Cl)ccc2Cl)c2ccc3cccnc3c2O)ncc1F,Cc1cc(NC(c2cc(Cl)ccc2Cl)c2ccc3cccnc3c2O)ncc1F,24000.0,4.619788758288394,4.619788758288394,,1,inactive
CHEMBL3703664,Cc1cc(NC(c2ccccc2Cl)c2ccc3cccnc3c2O)ncc1F,Cc1cc(NC(c2ccccc2Cl)c2ccc3cccnc3c2O)ncc1F,13000.0,4.886056647693163,4.886056647693163,,1,inactive
CHEMBL5901872,Cc1cc(OC(F)(F)F)ccc1-c1nc2nc(C(=O)O)nc(N[C@H](C)C3CC3)c2n1Cc1ccc(C(F)(F)F)cc1,Cc1cc(OC(F)(F)F)ccc1-c1nc2nc(C(=O)O)nc(N[C@H](C)C3CC3)c2n1Cc1ccc(C(F)(F)F)cc1,825.6,6.083230315716864,6.083230315716864,,1,active
CHEMBL6051910,Cc1cc(OC(F)(F)F)ccc1-c1nc2nc(C(=O)O)nc(N[C@H](C)C3CCC3)c2n1Cc1ccc(C(F)(F)F)cc1,Cc1cc(OC(F)(F)F)ccc1-c1nc2nc(C(=O)O)nc(N[C@H](C)C3CCC3)c2n1Cc1ccc(C(F)(F)F)cc1,46.0,7.337242168318426,7.337242168318426,,1,active
CHEMBL5884311,Cc1cc2c(cc1C(=O)O)nc1n2CC[C@H]2[C@@H]1[C@H](c1cccc(Cl)c1F)[C@]1(C(=O)Nc3cc(Cl)ccc31)N2CC1CC1,Cc1cc2c(cc1C(=O)O)nc1n2CC[C@H]2[C@@H]1[C@H](c1cccc(Cl)c1F)[C@]1(C(=O)Nc3cc(Cl)ccc31)N2CC1CC1,7.0,8.154901959985743,8.154901959985743,,1,active
CHEMBL5983813,Cc1cc2c(cc1C(=O)O)nc1n2C[C@H]2[C@@H]1[C@H](c1cccc(Cl)c1F)[C@]1(C(=O)Nc3cc(Cl)ccc31)N2CC1CC1,Cc1cc2c(cc1C(=O)O)nc1n2C[C@H]2[C@@H]1[C@H](c1cccc(Cl)c1F)[C@]1(C(=O)Nc3cc(Cl)ccc31)N2CC1CC1,3.0,8.522878745280337,8.522878745280337,,1,active
CHEMBL5794885,Cc1cc2c(nc3n2CC[C@H]2[C@@H]3[C@H](c3cccc(Cl)c3F)[C@]3(C(=O)Nc4cc(Cl)ccc43)N2CC2CC2)c(C)c1C(=O)O,Cc1cc2c(nc3n2CC[C@H]2[C@@H]3[C@H](c3cccc(Cl)c3F)[C@]3(C(=O)Nc4cc(Cl)ccc43)N2CC2CC2)c(C)c1C(=O)O,11.0,7.958607314841775,7.958607314841775,,1,active
CHEMBL5970895,Cc1cc2c3n(nc2cc1C(=O)O)[C@@H]1[C@H](C3)N(CC(C)C)[C@@]2(C(=O)Nc3cc(Cl)ccc32)[C@H]1c1cccc(Cl)c1F,Cc1cc2c3n(nc2cc1C(=O)O)[C@@H]1[C@H](C3)N(CC(C)C)[C@@]2(C(=O)Nc3cc(Cl)ccc32)[C@H]1c1cccc(Cl)c1F,4.0,8.397940008672037,8.397940008672037,,1,active
CHEMBL5828349,Cc1cc2c3n(nc2cc1C(=O)O)[C@@H]1[C@H](C3)N(CC2CC2)[C@@]2(C(=O)Nc3cc(Cl)ccc32)[C@H]1c1cccc(Cl)c1F,Cc1cc2c3n(nc2cc1C(=O)O)[C@@H]1[C@H](C3)N(CC2CC2)[C@@]2(C(=O)Nc3cc(Cl)ccc32)[C@H]1c1cccc(Cl)c1F,3.0,8.522878745280337,8.522878745280337,,1,active
CHEMBL5846614,Cc1cc2ncccc2cc1-c1nc2nc(C(=O)O)nc(N[C@H](C)C3CC3)c2n1Cc1ccc(C(F)(F)F)cc1,Cc1cc2ncccc2cc1-c1nc2nc(C(=O)O)nc(N[C@H](C)C3CC3)c2n1Cc1ccc(C(F)(F)F)cc1,1068.0,5.9714287473074625,5.9714287473074625,,1,intermediate
CHEMBL5866829,Cc1cc2nn3c(c2cc1C(=O)O)OCC[C@H]1[C@@H]3[C@H](c2cccc(Cl)c2F)[C@]2(C(=O)Nc3cc(Cl)ccc32)N1CC1CC1,Cc1cc2nn3c(c2cc1C(=O)O)OCC[C@H]1[C@@H]3[C@H](c2cccc(Cl)c2F)[C@]2(C(=O)Nc3cc(Cl)ccc32)N1CC1CC1,6.0,8.221848749616356,8.221848749616356,,1,active
CHEMBL6053352,Cc1cc2nn3c(c2cc1C(=O)O)OC[C@H]1[C@@H]3[C@H](c2cccc(Cl)c2F)[C@]2(C(=O)Nc3cc(Cl)ccc32)N1CC1CC1,Cc1cc2nn3c(c2cc1C(=O)O)OC[C@H]1[C@@H]3[C@H](c2cccc(Cl)c2F)[C@]2(C(=O)Nc3cc(Cl)ccc32)N1CC1CC1,15.0,7.823908740944319,7.823908740944319,,1,active
CHEMBL3627743,Cc1ccc(-c2cn(CCC[C@H](NC(=O)OCC3c4ccccc4-c4ccccc43)C(=O)O)nn2)cc1,Cc1ccc(-c2cn(CCC[C@H](NC(=O)OCC3c4ccccc4-c4ccccc43)C(=O)O)nn2)cc1,24260.0,4.615109203469446,4.615109203469446,,1,inactive
CHEMBL5898206,Cc1ccc(-c2nc3nc(C(=O)O)nc(N[C@H](C)C4CC4)c3n2Cc2ccc(C(F)(F)F)cc2)c(C)c1,Cc1ccc(-c2nc3nc(C(=O)O)nc(N[C@H](C)C4CC4)c3n2Cc2ccc(C(F)(F)F)cc2)c(C)c1,309.0,6.510041520575165,6.510041520575165,,1,active
CHEMBL5977847,Cc1ccc(-c2nc3nc(C(=O)O)nc(N[C@H](C)C4CC4)c3n2Cc2ccc(C(F)(F)F)cc2)cc1,Cc1ccc(-c2nc3nc(C(=O)O)nc(N[C@H](C)C4CC4)c3n2Cc2ccc(C(F)(F)F)cc2)cc1,400.8,6.39707228714081,6.39707228714081,,1,active
CHEMBL5780768,Cc1ccc(-c2nc3nc(C(=O)O)nc(N[C@H](C)C4CC4)c3n2Cc2ccc(C(F)(F)F)cc2)cn1,Cc1ccc(-c2nc3nc(C(=O)O)nc(N[C@H](C)C4CC4)c3n2Cc2ccc(C(F)(F)F)cc2)cn1,1300.0,5.886056647693163,5.886056647693163,,1,intermediate
CHEMBL5840653,Cc1ccc(-c2nc3nc(C(=O)O)nc(N[C@H](C)C4CCC4)c3n2Cc2ccc(C(F)(F)F)cc2)cc1F,Cc1ccc(-c2nc3nc(C(=O)O)nc(N[C@H](C)C4CCC4)c3n2Cc2ccc(C(F)(F)F)cc2)cc1F,20.34,7.6916490514132745,7.6916490514132745,,1,active
CHEMBL3220094,Cc1ccc(-n2c(C)cc(/C=C3\C(=O)NC(=S)N(c4ccccc4)C3=O)c2C)cc1,Cc1ccc(-n2c(C)cc(/C=C3\C(=O)NC(=S)N(c4ccccc4)C3=O)c2C)cc1,8400.0,5.075720713938118,5.075720713938118,,1,intermediate
CHEMBL3220095,Cc1ccc(-n2c(C)cc(C=C3C(=O)NC(=S)NC3=O)c2C)cc1,Cc1ccc(-n2c(C)cc(C=C3C(=O)NC(=S)NC3=O)c2C)cc1,4700.0,5.327902142064282,5.327902142064282,,1,intermediate
CHEMBL2443390,Cc1ccc(-n2c3nc(=O)[nH]c(=O)c-3cc3cccc(C(F)(F)F)c32)cc1,Cc1ccc(-n2c3nc(=O)[nH]c(=O)c-3cc3cccc(C(F)(F)F)c32)cc1,32000.0,4.494850021680094,4.494850021680094,,1,inactive
CHEMBL5860299,Cc1ccc(C)c(-c2nc3nc(C(=O)O)nc(N[C@H](C)C4CC4)c3n2Cc2ccc(Cl)cc2)c1,Cc1ccc(C)c(-c2nc3nc(C(=O)O)nc(N[C@H](C)C4CC4)c3n2Cc2ccc(Cl)cc2)c1,198.9,6.701365216875565,6.701365216875565,,1,active
CHEMBL5759665,Cc1ccc(C)c(-c2nc3nc(C(=O)O)nc(N[C@H](C)C4CCC4)c3n2Cc2ccc(C(F)(F)F)cc2)c1,Cc1ccc(C)c(-c2nc3nc(C(=O)O)nc(N[C@H](C)C4CCC4)c3n2Cc2ccc(C(F)(F)F)cc2)c1,14.87,7.827689031478046,7.827689031478046,,1,active
CHEMBL5904192,Cc1ccc(C)c(-c2nc3nc(C(=O)O)nc(N[C@H](C)C4CCC4)c3n2Cc2ccc(C(F)(F)F)cc2)n1,Cc1ccc(C)c(-c2nc3nc(C(=O)O)nc(N[C@H](C)C4CCC4)c3n2Cc2ccc(C(F)(F)F)cc2)n1,26.98,7.568958054664114,7.568958054664114,,1,active
CHEMBL5886546,Cc1ccc(C)c(-c2nc3nc(C(=O)O)nc(N[C@H](C)C4CCC4)c3n2Cc2ccc(Cl)cc2)c1,Cc1ccc(C)c(-c2nc3nc(C(=O)O)nc(N[C@H](C)C4CCC4)c3n2Cc2ccc(Cl)cc2)c1,40.38,7.393833685392379,7.393833685392379,,1,active
CHEMBL3703677,Cc1ccc(C)c(C(Nc2cccnc2)c2cc(Cl)c3cccnc3c2O)c1,Cc1ccc(C)c(C(Nc2cccnc2)c2cc(Cl)c3cccnc3c2O)c1,17000.0,4.769551078621726,4.769551078621726,,1,inactive
CHEMBL5996087,Cc1ccc(C2CCCCN2c2nc3nc(-c4noc(=O)[nH]4)nc(N[C@H](C)C4CCC4)c3n2C[C@H]2CC[C@H](C)CC2)o1,Cc1ccc(C2CCCCN2c2nc3nc(-c4noc(=O)[nH]4)nc(N[C@H](C)C4CCC4)c3n2C[C@H]2CC[C@H](C)CC2)o1,37.11,7.430509045651217,7.430509045651217,,1,active
CHEMBL593925,Cc1ccc(CCCNC(=O)N(CCC(N)=O)CC(CCC(=O)O)N(CC(CCCCN)N(CC(CCC(=O)O)NC(N)=O)C(=O)NCCCC(C)C)C(=O)NCCc2ccc(Br)cc2)cc1,Cc1ccc(CCCNC(=O)N(CCC(N)=O)CC(CCC(=O)O)N(CC(CCCCN)N(CC(CCC(=O)O)NC(N)=O)C(=O)NCCCC(C)C)C(=O)NCCc2ccc(Br)cc2)cc1,24000.0,4.619788758288394,4.619788758288394,,1,inactive
CHEMBL4524092,Cc1ccc(CCNC(=O)N(CC(CCCCN)N(CC(CCC(=O)O)NC(=O)CCC(C)C)C(=O)NCCCC2CCCCC2)C(CCC(=O)O)CN(CCC(N)=O)C(=O)NCCCCc2ccc(F)cc2)cc1,Cc1ccc(CCNC(=O)N(CC(CCCCN)N(CC(CCC(=O)O)NC(=O)CCC(C)C)C(=O)NCCCC2CCCCC2)C(CCC(=O)O)CN(CCC(N)=O)C(=O)NCCCCc2ccc(F)cc2)cc1,13000.0,4.886056647693163,4.886056647693163,,1,inactive
CHEMBL4524057,Cc1ccc(CCNC(=O)N(CC(CCCCN)N(CC(CCC(=O)O)NC(=O)CCC(C)C)C(=O)NCCCC2CCCCC2)C(CCC(=O)O)CN(CCC(N)=O)C(=O)NCCCc2ccc(Br)cc2)cc1,Cc1ccc(CCNC(=O)N(CC(CCCCN)N(CC(CCC(=O)O)NC(=O)CCC(C)C)C(=O)NCCCC2CCCCC2)C(CCC(=O)O)CN(CCC(N)=O)C(=O)NCCCc2ccc(Br)cc2)cc1,2300.0,5.638272163982407,5.638272163982407,,1,intermediate
CHEMBL4524070,Cc1ccc(CCNC(=O)N(CC(CCCCN)N(CC(CCC(=O)O)NC(=O)CCC(C)C)C(=O)NCCCC2CCCCC2)C(CCC(=O)O)CN(CCC(N)=O)C(=O)NCCCc2ccc(F)cc2)cc1,Cc1ccc(CCNC(=O)N(CC(CCCCN)N(CC(CCC(=O)O)NC(=O)CCC(C)C)C(=O)NCCCC2CCCCC2)C(CCC(=O)O)CN(CCC(N)=O)C(=O)NCCCc2ccc(F)cc2)cc1,2900.0,5.537602002101044,5.537602002101044,,1,intermediate
CHEMBL6011088,Cc1ccc(CN2C(=O)c3cc(C(C)(O)c4cnn(C)c4)cc(F)c3[C@]2(OCC2(O)CC2)c2ccc(Cl)cc2)nc1,Cc1ccc(CN2C(=O)c3cc(C(C)(O)c4cnn(C)c4)cc(F)c3[C@]2(OCC2(O)CC2)c2ccc(Cl)cc2)nc1,4.8,8.318758762624412,8.318758762624412,,1,active
CHEMBL1688142,Cc1ccc(CN2C(=O)c3ccccc3C2(O)c2ccc(Cl)cc2)cc1,Cc1ccc(CN2C(=O)c3ccccc3C2(O)c2ccc(Cl)cc2)cc1,15000.0,4.823908740944319,4.823908740944319,,1,inactive
CHEMBL1688282,Cc1ccc(CN2C(=O)c3ccccc3C2(OCC2(CO)CC2)c2ccc(Cl)cc2)cc1,Cc1ccc(CN2C(=O)c3ccccc3C2(OCC2(CO)CC2)c2ccc(Cl)cc2)cc1,2300.0,5.638272163982407,5.638272163982407,,2,intermediate
CHEMBL1688256,Cc1ccc(CN2C(=O)c3ccccc3C2(O[C@H]2C=C[C@@H](O)C2)c2ccc(Cl)cc2)cc1,Cc1ccc(CN2C(=O)c3ccccc3C2(O[C@H]2C=C[C@@H](O)C2)c2ccc(Cl)cc2)cc1,1400.0,5.853871964321762,5.853871964321762,,2,intermediate
CHEMBL5853282,Cc1ccc(Cl)c(-c2cc3nc(C(=O)O)nc(N[C@H](C)C4CCC4)c3n2Cc2ccc(C(F)(F)F)cc2)c1,Cc1ccc(Cl)c(-c2cc3nc(C(=O)O)nc(N[C@H](C)C4CCC4)c3n2Cc2ccc(C(F)(F)F)cc2)c1,63.0,7.200659450546418,7.200659450546418,,1,active
CHEMBL6021059,Cc1ccc(Cl)c(-c2cn(Cc3ccc(C(F)(F)F)cc3)c3c(N[C@H](C)C4CCC4)nc(C(=O)O)nc23)c1,Cc1ccc(Cl)c(-c2cn(Cc3ccc(C(F)(F)F)cc3)c3c(N[C@H](C)C4CCC4)nc(C(=O)O)nc23)c1,712.0,6.147520006363143,6.147520006363143,,1,active
CHEMBL5959133,Cc1ccc(Cl)c(-c2nc3nc(C(=O)O)nc(N[C@H](C)C4CCC4)c3n2Cc2ccc(C(F)(F)F)cc2)c1,Cc1ccc(Cl)c(-c2nc3nc(C(=O)O)nc(N[C@H](C)C4CCC4)c3n2Cc2ccc(C(F)(F)F)cc2)c1,10.43,7.981715691573469,7.981715691573469,,1,active
CHEMBL6058363,Cc1ccc(Cl)cc1-c1nc2nc(C(=O)O)nc(N[C@H](C)C3CCC3)c2n1Cc1ccc(C(F)(F)F)cc1,Cc1ccc(Cl)cc1-c1nc2nc(C(=O)O)nc(N[C@H](C)C3CCC3)c2n1Cc1ccc(C(F)(F)F)cc1,524.1,6.280585840297407,6.280585840297407,,1,active
CHEMBL3260810,Cc1ccc(Cl)cc1-n1c(-c2ccccc2)nc(C(=O)O)c1-c1cccc(Cl)c1,Cc1ccc(Cl)cc1-n1c(-c2ccccc2)nc(C(=O)O)c1-c1cccc(Cl)c1,11.0,7.958607314841775,7.958607314841775,,1,active
CHEMBL3653234,Cc1ccc(Cl)cc1N1C(=O)c2nc(-c3ccccc3O)n(C(C)C)c2C1c1ccc(C#N)cc1,Cc1ccc(Cl)cc1N1C(=O)c2nc(-c3ccccc3O)n(C(C)C)c2C1c1ccc(C#N)cc1,2.07,8.684029654543082,8.684029654543082,,1,active
CHEMBL3647045,Cc1ccc(Cn2c(-c3cc(C(C)C)ccn3)nc3cc(C(=O)O)nc(N[C@H](C)C4CCC4)c32)cc1,Cc1ccc(Cn2c(-c3cc(C(C)C)ccn3)nc3cc(C(=O)O)nc(N[C@H](C)C4CCC4)c32)cc1,4.0,8.397940008672037,8.397940008672037,,1,active
CHEMBL6034948,Cc1ccc(Cn2c(-c3cccc(C)c3)nc3nc(C(=O)O)nc(N[C@H](C)C4CC4)c32)cc1,Cc1ccc(Cn2c(-c3cccc(C)c3)nc3nc(C(=O)O)nc(N[C@H](C)C4CC4)c32)cc1,1198.0,5.921543181946707,5.921543181946707,,1,intermediate
CHEMBL6001228,Cc1ccc(F)c(-c2cc3nc(C(=O)O)nc(N[C@H](C)C4CCC4)c3n2Cc2ccc(C(F)(F)F)cc2)c1,Cc1ccc(F)c(-c2cc3nc(C(=O)O)nc(N[C@H](C)C4CCC4)c3n2Cc2ccc(C(F)(F)F)cc2)c1,62.0,7.207608310501746,7.207608310501746,,1,active
CHEMBL5915649,Cc1ccc(F)c(-c2cn(Cc3ccc(C(F)(F)F)cc3)c3c(N[C@H](C)C4CCC4)nc(C(=O)O)nc23)c1,Cc1ccc(F)c(-c2cn(Cc3ccc(C(F)(F)F)cc3)c3c(N[C@H](C)C4CCC4)nc(C(=O)O)nc23)c1,353.0,6.452225294612178,6.452225294612178,,1,active
CHEMBL5869341,Cc1ccc(F)cc1-c1nc2nc(C(=O)O)nc(N[C@H](C)C3CCC3)c2n1Cc1ccc(C(F)(F)F)cc1,Cc1ccc(F)cc1-c1nc2nc(C(=O)O)nc(N[C@H](C)C3CCC3)c2n1Cc1ccc(C(F)(F)F)cc1,10.79,7.966978555317089,7.966978555317089,,1,active
CHEMBL5742391,Cc1ccc(N(C)C)cc1-c1nc2nc(C(=O)O)nc(N[C@H](C)C3CCC3)c2n1Cc1ccc(C(F)(F)F)cc1,Cc1ccc(N(C)C)cc1-c1nc2nc(C(=O)O)nc(N[C@H](C)C3CCC3)c2n1Cc1ccc(C(F)(F)F)cc1,58.5,7.232844133917819,7.232844133917819,,1,active
CHEMBL3220091,Cc1ccc(N2C(=O)/C(=C\c3cc(-c4ccccc4)n(-c4ccc(Cl)cc4)c3-c3ccccc3)C(=O)N(c3ccccc3)C2=S)cc1C,Cc1ccc(N2C(=O)/C(=C\c3cc(-c4ccccc4)n(-c4ccc(Cl)cc4)c3-c3ccccc3)C(=O)N(c3ccccc3)C2=S)cc1C,256.0,6.59176003468815,6.59176003468815,,1,active
CHEMBL5902387,Cc1ccc(O)c(-c2nc3nc(C(=O)O)nc(N[C@H](C)C4CC4)c3n2Cc2ccc(Cl)cc2)c1,Cc1ccc(O)c(-c2nc3nc(C(=O)O)nc(N[C@H](C)C4CC4)c3n2Cc2ccc(Cl)cc2)c1,346.9,6.45979570015794,6.45979570015794,,1,active
CHEMBL5911222,Cc1ccc(OC(F)(F)F)c(-c2nc3nc(C(=O)O)nc(N[C@H](C)C4CCC4)c3n2Cc2ccc(C(F)(F)F)cc2)c1,Cc1ccc(OC(F)(F)F)c(-c2nc3nc(C(=O)O)nc(N[C@H](C)C4CCC4)c3n2Cc2ccc(C(F)(F)F)cc2)c1,9.676,8.014304140310157,8.014304140310157,,1,active
CHEMBL5923855,Cc1ccc(OCC(O)CO)c(-c2nc3nc(C(=O)O)nc(N[C@H](C)C4CC4)c3n2Cc2ccc(Cl)cc2)c1,Cc1ccc(OCC(O)CO)c(-c2nc3nc(C(=O)O)nc(N[C@H](C)C4CC4)c3n2Cc2ccc(Cl)cc2)c1,585.8,6.23225063265442,6.23225063265442,,1,active
CHEMBL5914944,Cc1ccc(OCCC(=O)NCCO)c(-c2nc3nc(C(=O)O)nc(N[C@H](C)C4CC4)c3n2Cc2ccc(Cl)cc2)c1,Cc1ccc(OCCC(=O)NCCO)c(-c2nc3nc(C(=O)O)nc(N[C@H](C)C4CC4)c3n2Cc2ccc(Cl)cc2)c1,347.8,6.458670422333306,6.458670422333306,,1,active
CHEMBL5929747,Cc1ccc(OCCC(=O)O)c(-c2nc3nc(C(=O)O)nc(N[C@H](C)C4CC4)c3n2Cc2ccc(Cl)cc2)c1,Cc1ccc(OCCC(=O)O)c(-c2nc3nc(C(=O)O)nc(N[C@H](C)C4CC4)c3n2Cc2ccc(Cl)cc2)c1,312.2,6.505567101273601,6.505567101273601,,1,active
CHEMBL5838897,Cc1ccc(OCCCN2CCN(C)CC2)c(-c2nc3nc(C(=O)O)nc(N[C@H](C)C4CC4)c3n2Cc2ccc(Cl)cc2)c1,Cc1ccc(OCCCN2CCN(C)CC2)c(-c2nc3nc(C(=O)O)nc(N[C@H](C)C4CC4)c3n2Cc2ccc(Cl)cc2)c1,506.7,6.295249095709329,6.295249095709329,,1,active
CHEMBL5970058,Cc1ccc(OCCCN2CCOCC2)c(-c2nc3nc(C(=O)O)nc(N[C@H](C)C4CC4)c3n2Cc2ccc(Cl)cc2)c1,Cc1ccc(OCCCN2CCOCC2)c(-c2nc3nc(C(=O)O)nc(N[C@H](C)C4CC4)c3n2Cc2ccc(Cl)cc2)c1,212.5,6.67264106561367,6.67264106561367,,1,active
CHEMBL5778589,Cc1ccc(OCCCO)c(-c2nc3nc(C(=O)O)nc(N[C@H](C)C4CC4)c3n2Cc2ccc(C#N)cc2)c1,Cc1ccc(OCCCO)c(-c2nc3nc(C(=O)O)nc(N[C@H](C)C4CC4)c3n2Cc2ccc(C#N)cc2)c1,480.6,6.318216233532119,6.318216233532119,,1,active
CHEMBL5992078,Cc1ccc(OCCCO)c(-c2nc3nc(C(=O)O)nc(N[C@H](C)C4CC4)c3n2Cc2ccc(Cl)cc2)c1,Cc1ccc(OCCCO)c(-c2nc3nc(C(=O)O)nc(N[C@H](C)C4CC4)c3n2Cc2ccc(Cl)cc2)c1,111.8,6.951558196449596,6.951558196449596,,1,active
CHEMBL5953047,Cc1ccc(OCCCO)c(-c2nc3nc(C(=O)O)nc(N[C@H](C)C4CCC4)c3n2Cc2ccc(Cl)cc2)c1,Cc1ccc(OCCCO)c(-c2nc3nc(C(=O)O)nc(N[C@H](C)C4CCC4)c3n2Cc2ccc(Cl)cc2)c1,33.68,7.472627917172388,7.472627917172388,,1,active
CHEMBL5992783,Cc1ccc(OCCO)c(-c2nc3nc(C(=O)O)nc(N[C@H](C)C4CC4)c3n2Cc2ccc(Cl)cc2)c1,Cc1ccc(OCCO)c(-c2nc3nc(C(=O)O)nc(N[C@H](C)C4CC4)c3n2Cc2ccc(Cl)cc2)c1,238.2,6.623058242853242,6.623058242853242,,1,active
CHEMBL3675217,Cc1ccc2c(c1)C(=O)N(Cc1ccc([N+](=O)[O-])cc1)C2(O)c1ccc(Cl)cc1,Cc1ccc2c(c1)C(=O)N(Cc1ccc([N+](=O)[O-])cc1)C2(O)c1ccc(Cl)cc1,1460.0,5.835647144215563,5.835647144215563,,1,intermediate
CHEMBL3675207,Cc1ccc2c(c1)C(O)(c1ccc(Cl)cc1)N(Cc1ccc([N+](=O)[O-])cc1)C2=O,Cc1ccc2c(c1)C(O)(c1ccc(Cl)cc1)N(Cc1ccc([N+](=O)[O-])cc1)C2=O,5080.0,5.29413628771608,5.29413628771608,,1,intermediate
CHEMBL1834375,Cc1ccc2c(c1)C(OCC1(CO)CC1)(c1ccc(Cl)cc1)N(Cc1ccc([N+](=O)[O-])cc1)C2=O,Cc1ccc2c(c1)C(OCC1(CO)CC1)(c1ccc(Cl)cc1)N(Cc1ccc([N+](=O)[O-])cc1)C2=O,492.0,6.308034897232639,6.308034897232639,,1,active
CHEMBL1688305,Cc1ccc2c(c1)C1=C([C@H](c3ccc(Br)cc3)n3ncnc3N1C)[C@@H](c1ccc(Br)cc1)O2,Cc1ccc2c(c1)C1=C([C@H](c3ccc(Br)cc3)n3ncnc3N1C)[C@@H](c1ccc(Br)cc1)O2,16000.0,4.795880017344075,4.795880017344075,,1,inactive
CHEMBL5779524,Cc1ccc2cc(-c3nc4nc(C(=O)O)nc(N[C@H](C)C5CCC5)c4n3Cc3ccc(C(F)(F)F)cc3)ccc2n1,Cc1ccc2cc(-c3nc4nc(C(=O)O)nc(N[C@H](C)C5CCC5)c4n3Cc3ccc(C(F)(F)F)cc3)ccc2n1,128.2,6.892111974817201,6.892111974817201,,1,active
CHEMBL3703663,Cc1ccc2ccc(C(Nc3cccnc3)c3c(F)c(F)c(OCC(F)(F)F)c(F)c3F)c(O)c2n1,Cc1ccc2ccc(C(Nc3cccnc3)c3c(F)c(F)c(OCC(F)(F)F)c(F)c3F)c(O)c2n1,20000.0,4.698970004336019,4.698970004336019,,1,inactive
CHEMBL5974439,Cc1cccc(-c2c(C)c3nc(C(=O)O)nc(N[C@H](C)C4CCC4)c3n2Cc2ccc(C(F)(F)F)cc2)c1,Cc1cccc(-c2c(C)c3nc(C(=O)O)nc(N[C@H](C)C4CCC4)c3n2Cc2ccc(C(F)(F)F)cc2)c1,130.0,6.886056647693163,6.886056647693163,,1,active
CHEMBL5942614,Cc1cccc(-c2cc3nc(C(=O)O)nc(N[C@H](C)C4CCC4)c3n2Cc2ccc(Br)c(F)c2)c1,Cc1cccc(-c2cc3nc(C(=O)O)nc(N[C@H](C)C4CCC4)c3n2Cc2ccc(Br)c(F)c2)c1,15.0,7.823908740944319,7.823908740944319,,1,active
CHEMBL5896606,Cc1cccc(-c2cc3nc(C(=O)O)nc(N[C@H](C)C4CCC4)c3n2Cc2ccc(C(F)(F)F)c(F)c2)c1,Cc1cccc(-c2cc3nc(C(=O)O)nc(N[C@H](C)C4CCC4)c3n2Cc2ccc(C(F)(F)F)c(F)c2)c1,87.0,7.060480747381382,7.060480747381382,,1,active
CHEMBL6048510,Cc1cccc(-c2cc3nc(C(=O)O)nc(N[C@H](C)C4CCC4)c3n2Cc2ccc(C(F)(F)F)cc2)c1,Cc1cccc(-c2cc3nc(C(=O)O)nc(N[C@H](C)C4CCC4)c3n2Cc2ccc(C(F)(F)F)cc2)c1,140.0,6.853871964321762,6.853871964321762,,1,active
CHEMBL5792024,Cc1cccc(-c2cc3nc(C(=O)O)nc(N[C@H](C)C4CCC4)c3n2Cc2ccc(C(F)(F)F)cc2N)c1,Cc1cccc(-c2cc3nc(C(=O)O)nc(N[C@H](C)C4CCC4)c3n2Cc2ccc(C(F)(F)F)cc2N)c1,11.0,7.958607314841775,7.958607314841775,,1,active
CHEMBL6030868,Cc1cccc(-c2cc3nc(C(=O)O)nc(N[C@H](C)C4CCC4)c3n2Cc2ccc(C(F)(F)F)cn2)c1,Cc1cccc(-c2cc3nc(C(=O)O)nc(N[C@H](C)C4CCC4)c3n2Cc2ccc(C(F)(F)F)cn2)c1,844.0,6.073657553374344,6.073657553374344,,1,active
CHEMBL5864731,Cc1cccc(-c2cc3nc(C(=O)O)nc(N[C@H](C)C4CCC4)c3n2Cc2ccc(C(F)(F)F)nc2)c1,Cc1cccc(-c2cc3nc(C(=O)O)nc(N[C@H](C)C4CCC4)c3n2Cc2ccc(C(F)(F)F)nc2)c1,178.0,6.7495799976911055,6.7495799976911055,,1,active
CHEMBL5796023,Cc1cccc(-c2cc3nc(C(=O)O)nc(N[C@H](C)C4CCC4)c3n2Cc2ccc(C(F)F)cc2)c1,Cc1cccc(-c2cc3nc(C(=O)O)nc(N[C@H](C)C4CCC4)c3n2Cc2ccc(C(F)F)cc2)c1,530.0,6.275724130399211,6.275724130399211,,1,active
CHEMBL6040077,Cc1cccc(-c2cc3nc(C(=O)O)nc(N[C@H](C)C4CCC4)c3n2Cc2ccc(C)c(F)c2)c1,Cc1cccc(-c2cc3nc(C(=O)O)nc(N[C@H](C)C4CCC4)c3n2Cc2ccc(C)c(F)c2)c1,124.0,6.906578314837764,6.906578314837764,,1,active
CHEMBL5887268,Cc1cccc(-c2cc3nc(C(=O)O)nc(N[C@H](C)C4CCC4)c3n2Cc2ccc(Cl)c(F)c2)c1,Cc1cccc(-c2cc3nc(C(=O)O)nc(N[C@H](C)C4CCC4)c3n2Cc2ccc(Cl)c(F)c2)c1,21.0,7.6777807052660805,7.6777807052660805,,1,active
CHEMBL5892566,Cc1cccc(-c2cc3nc(C(=O)O)nc(N[C@H](C)C4CCC4)c3n2Cc2ccc(F)c(F)c2)c1,Cc1cccc(-c2cc3nc(C(=O)O)nc(N[C@H](C)C4CCC4)c3n2Cc2ccc(F)c(F)c2)c1,126.0,6.899629454882437,6.899629454882437,,1,active
CHEMBL5832480,Cc1cccc(-c2cc3nc(C(=O)O)nc(N[C@H](C)C4CCC4)c3n2Cc2ccc(OC(F)(F)F)c(F)c2)c1,Cc1cccc(-c2cc3nc(C(=O)O)nc(N[C@H](C)C4CCC4)c3n2Cc2ccc(OC(F)(F)F)c(F)c2)c1,267.0,6.573488738635424,6.573488738635424,,1,active
CHEMBL5916311,Cc1cccc(-c2cc3nc(C(=O)O)nc(N[C@H](C)C4CCC4)c3n2Cc2ccc(OC(F)(F)F)cc2)c1,Cc1cccc(-c2cc3nc(C(=O)O)nc(N[C@H](C)C4CCC4)c3n2Cc2ccc(OC(F)(F)F)cc2)c1,348.0,6.458420756053419,6.458420756053419,,1,active
CHEMBL5966163,Cc1cccc(-c2cc3nc(C(=O)O)nc(N[C@H](C)C4CCC4)c3n2Cc2ccc(OC(F)F)cc2)c1,Cc1cccc(-c2cc3nc(C(=O)O)nc(N[C@H](C)C4CCC4)c3n2Cc2ccc(OC(F)F)cc2)c1,1779.0,5.749824051916075,5.749824051916075,,1,intermediate
CHEMBL5945759,Cc1cccc(-c2nc(-c3n[nH]c(=O)o3)nc3nc(N4CCOCC4)n(C[C@H]4CC[C@H](C)CC4)c23)c1,Cc1cccc(-c2nc(-c3n[nH]c(=O)o3)nc3nc(N4CCOCC4)n(C[C@H]4CC[C@H](C)CC4)c23)c1,563.1,6.249414472658991,6.249414472658991,,1,active
CHEMBL6048013,Cc1cccc(-c2nc(-c3n[nH]c(=O)o3)nc3nc(N4CCOC[C@@H]4C)n(C[C@H]4CC[C@H](C)CC4)c23)c1,Cc1cccc(-c2nc(-c3n[nH]c(=O)o3)nc3nc(N4CCOC[C@@H]4C)n(C[C@H]4CC[C@H](C)CC4)c23)c1,1000.0,6.0,6.0,,1,active
CHEMBL5836046,Cc1cccc(-c2nc(-c3n[nH]c(=O)o3)nc3nc(N4CCOC[C@H]4C)n(C[C@H]4CC[C@H](C)CC4)c23)c1,Cc1cccc(-c2nc(-c3n[nH]c(=O)o3)nc3nc(N4CCOC[C@H]4C)n(C[C@H]4CC[C@H](C)CC4)c23)c1,60.54,7.217957583379446,7.217957583379446,,1,active
CHEMBL3647048,Cc1cccc(-c2nc(-c3noc(=O)[nH]3)cc3nc(N4CCOC[C@H]4c4ccccc4)n(C[C@H]4CC[C@H](C)CC4)c23)c1,Cc1cccc(-c2nc(-c3noc(=O)[nH]3)cc3nc(N4CCOC[C@H]4c4ccccc4)n(C[C@H]4CC[C@H](C)CC4)c23)c1,3.0,8.522878745280337,8.522878745280337,,2,active
CHEMBL5825238,Cc1cccc(-c2nc(-c3noc(=O)[nH]3)nc3nc(-c4cc(C(C)C)ccn4)n(C[C@H]4CC[C@H](C)CC4)c23)c1,Cc1cccc(-c2nc(-c3noc(=O)[nH]3)nc3nc(-c4cc(C(C)C)ccn4)n(C[C@H]4CC[C@H](C)CC4)c23)c1,30.03,7.522444667801019,7.522444667801019,,1,active
CHEMBL5931636,Cc1cccc(-c2nc(-c3noc(=O)[nH]3)nc3nc(N4CCOCC4)n(C[C@H]4CC[C@H](C)CC4)c23)c1,Cc1cccc(-c2nc(-c3noc(=O)[nH]3)nc3nc(N4CCOCC4)n(C[C@H]4CC[C@H](C)CC4)c23)c1,333.7,6.4766437933452075,6.4766437933452075,,1,active
CHEMBL6010917,Cc1cccc(-c2nc(-c3noc(=O)[nH]3)nc3nc(N4CCOC[C@@H]4C)n(C[C@H]4CC[C@H](C)CC4)c23)c1,Cc1cccc(-c2nc(-c3noc(=O)[nH]3)nc3nc(N4CCOC[C@@H]4C)n(C[C@H]4CC[C@H](C)CC4)c23)c1,503.1,6.298345682674252,6.298345682674252,,1,active
CHEMBL5884664,Cc1cccc(-c2nc(-c3noc(=O)[nH]3)nc3nc(N4CCOC[C@H]4C)n(C[C@H]4CC[C@H](C)CC4)c23)c1,Cc1cccc(-c2nc(-c3noc(=O)[nH]3)nc3nc(N4CCOC[C@H]4C)n(C[C@H]4CC[C@H](C)CC4)c23)c1,38.7,7.412289034981089,7.412289034981089,,1,active
CHEMBL5921199,Cc1cccc(-c2nc(-c3noc(=O)[nH]3)nc3nc(N4CCOC[C@H]4c4ccccc4)n(C[C@H]4CC[C@H](C)CC4)c23)c1,Cc1cccc(-c2nc(-c3noc(=O)[nH]3)nc3nc(N4CCOC[C@H]4c4ccccc4)n(C[C@H]4CC[C@H](C)CC4)c23)c1,3.955,8.402853512166304,8.402853512166304,,1,active
CHEMBL3260812,Cc1cccc(-c2nc(C(=O)O)c(-c3cccc(Cl)c3)n2-c2cc(Cl)ccc2C)c1,Cc1cccc(-c2nc(C(=O)O)c(-c3cccc(Cl)c3)n2-c2cc(Cl)ccc2C)c1,8.0,8.096910013008056,8.096910013008056,,1,active
CHEMBL5871458,Cc1cccc(-c2nc(C(=O)O)nc3nc(-c4cc(C(C)C)ccn4)n(C[C@H]4CC[C@H](C)CC4)c23)c1,Cc1cccc(-c2nc(C(=O)O)nc3nc(-c4cc(C(C)C)ccn4)n(C[C@H]4CC[C@H](C)CC4)c23)c1,35.46,7.450261268735101,7.450261268735101,,1,active
CHEMBL5908054,Cc1cccc(-c2nc3c(n2Cc2ccc(C(F)(F)F)c(F)c2)C(N[C@H](C)C2CC2)NC(C(=O)O)=N3)c1,Cc1cccc(-c2nc3c(n2Cc2ccc(C(F)(F)F)c(F)c2)C(N[C@H](C)C2CC2)NC(C(=O)O)=N3)c1,118.9,6.924818145381309,6.924818145381309,,1,active
CHEMBL3915460,Cc1cccc(-c2nc3cc(C(=O)O)nc(N[C@@H](C)C4CCC4)c3n2Cc2ccc(C(F)(F)F)cc2)c1,Cc1cccc(-c2nc3cc(C(=O)O)nc(N[C@@H](C)C4CCC4)c3n2Cc2ccc(C(F)(F)F)cc2)c1,122.0,6.913640169325252,6.913640169325252,,1,active
CHEMBL3647044,Cc1cccc(-c2nc3cc(C(=O)O)nc(N[C@H](C)C4CCC4)c3n2Cc2ccc(C(F)(F)F)cc2)c1,Cc1cccc(-c2nc3cc(C(=O)O)nc(N[C@H](C)C4CCC4)c3n2Cc2ccc(C(F)(F)F)cc2)c1,122.0,6.913640169325252,6.913640169325252,,1,active
CHEMBL5997577,Cc1cccc(-c2nc3nc(-c4nc[nH]n4)nc(N[C@H](C)C4CCC4)c3n2Cc2ccc(C(F)(F)F)cc2)c1,Cc1cccc(-c2nc3nc(-c4nc[nH]n4)nc(N[C@H](C)C4CCC4)c3n2Cc2ccc(C(F)(F)F)cc2)c1,314.3,6.50265561898242,6.50265561898242,,1,active
CHEMBL5816124,Cc1cccc(-c2nc3nc(-c4nnn[nH]4)nc(N[C@H](C)C4CC4)c3n2Cc2ccc(C(F)(F)F)cc2)c1,Cc1cccc(-c2nc3nc(-c4nnn[nH]4)nc(N[C@H](C)C4CC4)c3n2Cc2ccc(C(F)(F)F)cc2)c1,53.0,7.275724130399211,7.275724130399211,,1,active
CHEMBL5910868,Cc1cccc(-c2nc3nc(C(=O)NS(C)(=O)=O)nc(N[C@H](C)C4CC4)c3n2Cc2ccc(C(F)(F)F)cc2)c1,Cc1cccc(-c2nc3nc(C(=O)NS(C)(=O)=O)nc(N[C@H](C)C4CC4)c3n2Cc2ccc(C(F)(F)F)cc2)c1,1067.0,5.97183558057553,5.97183558057553,,1,intermediate
CHEMBL6035908,Cc1cccc(-c2nc3nc(C(=O)O)nc(N(C)C(C)C4CC4)c3n2Cc2ccc(Cl)cc2)c1,Cc1cccc(-c2nc3nc(C(=O)O)nc(N(C)C(C)C4CC4)c3n2Cc2ccc(Cl)cc2)c1,1418.0,5.848323769152952,5.848323769152952,,1,intermediate
CHEMBL5892214,Cc1cccc(-c2nc3nc(C(=O)O)nc(N(C)CC(C)(C)C)c3n2Cc2ccc(C(F)(F)F)cc2)c1,Cc1cccc(-c2nc3nc(C(=O)O)nc(N(C)CC(C)(C)C)c3n2Cc2ccc(C(F)(F)F)cc2)c1,899.2,6.046143701775014,6.046143701775014,,1,active
CHEMBL5952215,Cc1cccc(-c2nc3nc(C(=O)O)nc(N(C)CC(C)C)c3n2Cc2ccc(C(F)(F)F)cc2)c1,Cc1cccc(-c2nc3nc(C(=O)O)nc(N(C)CC(C)C)c3n2Cc2ccc(C(F)(F)F)cc2)c1,940.4,6.0266873795470985,6.0266873795470985,,1,active
CHEMBL5782626,Cc1cccc(-c2nc3nc(C(=O)O)nc(N4CCC4C4CCC4)c3n2Cc2ccc(C(F)(F)F)cc2)c1,Cc1cccc(-c2nc3nc(C(=O)O)nc(N4CCC4C4CCC4)c3n2Cc2ccc(C(F)(F)F)cc2)c1,805.6,6.093880542454438,6.093880542454438,,1,active
CHEMBL5847951,Cc1cccc(-c2nc3nc(C(=O)O)nc(N4CCCC4)c3n2Cc2ccc(C(F)(F)F)cc2)c1,Cc1cccc(-c2nc3nc(C(=O)O)nc(N4CCCC4)c3n2Cc2ccc(C(F)(F)F)cc2)c1,8267.0,5.082652062372228,5.082652062372228,,1,intermediate
CHEMBL6064604,Cc1cccc(-c2nc3nc(C(=O)O)nc(N4CCCC4C(C)C)c3n2Cc2ccc(C(F)(F)F)cc2)c1,Cc1cccc(-c2nc3nc(C(=O)O)nc(N4CCCC4C(C)C)c3n2Cc2ccc(C(F)(F)F)cc2)c1,722.9,6.14092177525303,6.14092177525303,,1,active
CHEMBL5909000,Cc1cccc(-c2nc3nc(C(=O)O)nc(N4CCCC4C4CCC4)c3n2Cc2ccc(C(F)(F)F)cc2)c1,Cc1cccc(-c2nc3nc(C(=O)O)nc(N4CCCC4C4CCC4)c3n2Cc2ccc(C(F)(F)F)cc2)c1,352.1,6.453333974929816,6.453333974929816,,1,active
CHEMBL5959138,Cc1cccc(-c2nc3nc(C(=O)O)nc(N4CCC[C@@H]4C4CCC4)c3n2Cc2ccc(C(F)(F)F)cc2)c1,Cc1cccc(-c2nc3nc(C(=O)O)nc(N4CCC[C@@H]4C4CCC4)c3n2Cc2ccc(C(F)(F)F)cc2)c1,188.0,6.7258421507363195,6.7258421507363195,,1,active
CHEMBL5930203,Cc1cccc(-c2nc3nc(C(=O)O)nc(NC(C)(C)C4CC4)c3n2Cc2ccc(Cl)cc2)c1,Cc1cccc(-c2nc3nc(C(=O)O)nc(NC(C)(C)C4CC4)c3n2Cc2ccc(Cl)cc2)c1,1648.0,5.783042792638903,5.783042792638903,,1,intermediate
CHEMBL5944608,Cc1cccc(-c2nc3nc(C(=O)O)nc(NC(C)C(C)(C)C)c3n2Cc2ccc(C(F)(F)F)cc2)c1,Cc1cccc(-c2nc3nc(C(=O)O)nc(NC(C)C(C)(C)C)c3n2Cc2ccc(C(F)(F)F)cc2)c1,552.5,6.2576677176428515,6.2576677176428515,,1,active
CHEMBL6025947,Cc1cccc(-c2nc3nc(C(=O)O)nc(NC(C)C(C)(C)O)c3n2Cc2ccc(C(F)(F)F)cc2)c1,Cc1cccc(-c2nc3nc(C(=O)O)nc(NC(C)C(C)(C)O)c3n2Cc2ccc(C(F)(F)F)cc2)c1,2264.0,5.645123577483766,5.645123577483766,,1,intermediate
CHEMBL5983029,Cc1cccc(-c2nc3nc(C(=O)O)nc(NC(C)C(C)C)c3n2Cc2ccc(C(F)(F)F)cc2)c1,Cc1cccc(-c2nc3nc(C(=O)O)nc(NC(C)C(C)C)c3n2Cc2ccc(C(F)(F)F)cc2)c1,437.3,6.359220522655143,6.359220522655143,,1,active
CHEMBL6008079,Cc1cccc(-c2nc3nc(C(=O)O)nc(NC(C)C4CC4C)c3n2Cc2ccc(C(F)(F)F)cc2)c1,Cc1cccc(-c2nc3nc(C(=O)O)nc(NC(C)C4CC4C)c3n2Cc2ccc(C(F)(F)F)cc2)c1,445.0,6.359710814815962,6.359710814815962,,2,active
CHEMBL6014050,Cc1cccc(-c2nc3nc(C(=O)O)nc(NC(C)C4CCCC4)c3n2Cc2ccc(C(F)(F)F)cc2)c1,Cc1cccc(-c2nc3nc(C(=O)O)nc(NC(C)C4CCCC4)c3n2Cc2ccc(C(F)(F)F)cc2)c1,373.0,6.428291168191312,6.428291168191312,,1,active
CHEMBL5984540,Cc1cccc(-c2nc3nc(C(=O)O)nc(NC(C4CC4)C4CC4)c3n2Cc2ccc(C(F)(F)F)cc2)c1,Cc1cccc(-c2nc3nc(C(=O)O)nc(NC(C4CC4)C4CC4)c3n2Cc2ccc(C(F)(F)F)cc2)c1,328.7,6.483200295918376,6.483200295918376,,1,active
CHEMBL5870320,Cc1cccc(-c2nc3nc(C(=O)O)nc(NC4CCC(C)CC4)c3n2Cc2ccc(C(F)(F)F)cc2)c1,Cc1cccc(-c2nc3nc(C(=O)O)nc(NC4CCC(C)CC4)c3n2Cc2ccc(C(F)(F)F)cc2)c1,869.0,6.060980223551334,6.060980223551334,,1,active
CHEMBL5835340,Cc1cccc(-c2nc3nc(C(=O)O)nc(NC4CCC(C)CC4C)c3n2Cc2ccc(C(F)(F)F)cc2)c1,Cc1cccc(-c2nc3nc(C(=O)O)nc(NC4CCC(C)CC4C)c3n2Cc2ccc(C(F)(F)F)cc2)c1,722.85,6.229420950679556,6.229420950679556,,2,active
CHEMBL5858654,Cc1cccc(-c2nc3nc(C(=O)O)nc(NC4CCC(CNC(=O)OC(C)(C)C)CC4)c3n2Cc2ccc(C(F)(F)F)cc2)c1,Cc1cccc(-c2nc3nc(C(=O)O)nc(NC4CCC(CNC(=O)OC(C)(C)C)CC4)c3n2Cc2ccc(C(F)(F)F)cc2)c1,2336.0,5.631527161559639,5.631527161559639,,1,intermediate
CHEMBL5978753,Cc1cccc(-c2nc3nc(C(=O)O)nc(NC4CCC(CO)CC4)c3n2Cc2ccc(C(F)(F)F)cc2)c1,Cc1cccc(-c2nc3nc(C(=O)O)nc(NC4CCC(CO)CC4)c3n2Cc2ccc(C(F)(F)F)cc2)c1,924.9,6.033905220553829,6.033905220553829,,1,active
CHEMBL6008518,Cc1cccc(-c2nc3nc(C(=O)O)nc(NC4CCCC(C)C4)c3n2Cc2ccc(C(F)(F)F)cc2)c1,Cc1cccc(-c2nc3nc(C(=O)O)nc(NC4CCCC(C)C4)c3n2Cc2ccc(C(F)(F)F)cc2)c1,566.8,6.246570158424577,6.246570158424577,,1,active
CHEMBL5986127,Cc1cccc(-c2nc3nc(C(=O)O)nc(NC4CCCC4)c3n2Cc2ccc(C(F)(F)F)cc2)c1,Cc1cccc(-c2nc3nc(C(=O)O)nc(NC4CCCC4)c3n2Cc2ccc(C(F)(F)F)cc2)c1,649.1,6.1876883908688765,6.1876883908688765,,1,active
CHEMBL5830856,Cc1cccc(-c2nc3nc(C(=O)O)nc(NC4CCCC4C)c3n2Cc2ccc(C(F)(F)F)cc2)c1,Cc1cccc(-c2nc3nc(C(=O)O)nc(NC4CCCC4C)c3n2Cc2ccc(C(F)(F)F)cc2)c1,421.9,6.374790474618119,6.374790474618119,,1,active
CHEMBL6065243,Cc1cccc(-c2nc3nc(C(=O)O)nc(NC4CCCCC4)c3n2Cc2ccc(C(F)(F)F)cc2)c1,Cc1cccc(-c2nc3nc(C(=O)O)nc(NC4CCCCC4)c3n2Cc2ccc(C(F)(F)F)cc2)c1,588.9,6.229958445680332,6.229958445680332,,1,active
CHEMBL6062746,Cc1cccc(-c2nc3nc(C(=O)O)nc(NC4CCCCC4C)c3n2Cc2ccc(Br)cc2)c1,Cc1cccc(-c2nc3nc(C(=O)O)nc(NC4CCCCC4C)c3n2Cc2ccc(Br)cc2)c1,529.65,6.817958190281399,6.817958190281399,,2,active
CHEMBL5847782,Cc1cccc(-c2nc3nc(C(=O)O)nc(NC4CCCCC4C)c3n2Cc2ccc(C(F)(F)F)cc2)c1,Cc1cccc(-c2nc3nc(C(=O)O)nc(NC4CCCCC4C)c3n2Cc2ccc(C(F)(F)F)cc2)c1,228.0,6.642065152999546,6.642065152999546,,1,active
CHEMBL5960598,Cc1cccc(-c2nc3nc(C(=O)O)nc(NC4CCOCC4)c3n2Cc2ccc(C(F)(F)F)cc2)c1,Cc1cccc(-c2nc3nc(C(=O)O)nc(NC4CCOCC4)c3n2Cc2ccc(C(F)(F)F)cc2)c1,1709.0,5.767257937279263,5.767257937279263,,1,intermediate
CHEMBL5851885,Cc1cccc(-c2nc3nc(C(=O)O)nc(NCC4CC4)c3n2C(C)c2ccc(Cl)cc2)c1,Cc1cccc(-c2nc3nc(C(=O)O)nc(NCC4CC4)c3n2C(C)c2ccc(Cl)cc2)c1,984.4,6.006828394969235,6.006828394969235,,1,active
CHEMBL6014262,Cc1cccc(-c2nc3nc(C(=O)O)nc(NCC4CC4)c3n2Cc2ccc(C(F)(F)F)cc2)c1,Cc1cccc(-c2nc3nc(C(=O)O)nc(NCC4CC4)c3n2Cc2ccc(C(F)(F)F)cc2)c1,670.0,6.173925197299173,6.173925197299173,,1,active
CHEMBL6053771,Cc1cccc(-c2nc3nc(C(=O)O)nc(NCC4CC4)c3n2Cc2ccc(Cl)cc2)c1,Cc1cccc(-c2nc3nc(C(=O)O)nc(NCC4CC4)c3n2Cc2ccc(Cl)cc2)c1,4097.0,5.3875340360468575,5.3875340360468575,,1,intermediate
CHEMBL5769320,Cc1cccc(-c2nc3nc(C(=O)O)nc(NCC4CCC4)c3n2Cc2ccc(C(F)(F)F)cc2)c1,Cc1cccc(-c2nc3nc(C(=O)O)nc(NCC4CCC4)c3n2Cc2ccc(C(F)(F)F)cc2)c1,167.3,6.776504059037606,6.776504059037606,,1,active
CHEMBL5767654,Cc1cccc(-c2nc3nc(C(=O)O)nc(NCC4CCCCC4)c3n2Cc2ccc(C(F)(F)F)cc2)c1,Cc1cccc(-c2nc3nc(C(=O)O)nc(NCC4CCCCC4)c3n2Cc2ccc(C(F)(F)F)cc2)c1,1371.0,5.862962545210488,5.862962545210488,,1,intermediate
CHEMBL5814037,Cc1cccc(-c2nc3nc(C(=O)O)nc(NCCc4ccccc4)c3n2Cc2ccc(C(F)(F)F)cc2)c1,Cc1cccc(-c2nc3nc(C(=O)O)nc(NCCc4ccccc4)c3n2Cc2ccc(C(F)(F)F)cc2)c1,5078.0,5.294307303462297,5.294307303462297,,1,intermediate
CHEMBL5926767,Cc1cccc(-c2nc3nc(C(=O)O)nc(NCc4ccccc4)c3n2Cc2ccc(C(F)(F)F)cc2)c1,Cc1cccc(-c2nc3nc(C(=O)O)nc(NCc4ccccc4)c3n2Cc2ccc(C(F)(F)F)cc2)c1,1771.0,5.751781438809925,5.751781438809925,,1,intermediate
CHEMBL6050213,Cc1cccc(-c2nc3nc(C(=O)O)nc(N[C@@H](C)C(C)(C)C)c3n2Cc2ccc(C(F)(F)F)cc2)c1,Cc1cccc(-c2nc3nc(C(=O)O)nc(N[C@@H](C)C(C)(C)C)c3n2Cc2ccc(C(F)(F)F)cc2)c1,637.6,6.195451691611944,6.195451691611944,,1,active
CHEMBL5829678,Cc1cccc(-c2nc3nc(C(=O)O)nc(N[C@@H](C)C(C)C)c3n2Cc2ccc(C(F)(F)F)cc2)c1,Cc1cccc(-c2nc3nc(C(=O)O)nc(N[C@@H](C)C(C)C)c3n2Cc2ccc(C(F)(F)F)cc2)c1,622.1,6.206139798657331,6.206139798657331,,1,active
CHEMBL5976231,Cc1cccc(-c2nc3nc(C(=O)O)nc(N[C@@H](C)C4CC4)c3n2C(C)c2ccc(Cl)cc2)c1,Cc1cccc(-c2nc3nc(C(=O)O)nc(N[C@@H](C)C4CC4)c3n2C(C)c2ccc(Cl)cc2)c1,601.2,6.220981028085129,6.220981028085129,,1,active
CHEMBL5764617,Cc1cccc(-c2nc3nc(C(=O)O)nc(N[C@@H](C)C4CCCCC4)c3n2Cc2ccc(C(F)(F)F)cc2)c1,Cc1cccc(-c2nc3nc(C(=O)O)nc(N[C@@H](C)C4CCCCC4)c3n2Cc2ccc(C(F)(F)F)cc2)c1,1613.0,5.792365632611038,5.792365632611038,,1,intermediate
CHEMBL5994776,Cc1cccc(-c2nc3nc(C(=O)O)nc(N[C@@H](C)c4ccc(Cl)cc4)c3n2Cc2ccc(C(F)(F)F)cc2)c1,Cc1cccc(-c2nc3nc(C(=O)O)nc(N[C@@H](C)c4ccc(Cl)cc4)c3n2Cc2ccc(C(F)(F)F)cc2)c1,4117.0,5.3854191330025145,5.3854191330025145,,1,intermediate
CHEMBL6029267,Cc1cccc(-c2nc3nc(C(=O)O)nc(N[C@@H](C)c4cccc(Cl)c4)c3n2Cc2ccc(C(F)(F)F)cc2)c1,Cc1cccc(-c2nc3nc(C(=O)O)nc(N[C@@H](C)c4cccc(Cl)c4)c3n2Cc2ccc(C(F)(F)F)cc2)c1,6973.0,5.156580334795082,5.156580334795082,,1,intermediate
CHEMBL5978458,Cc1cccc(-c2nc3nc(C(=O)O)nc(N[C@@H](C)c4ccccc4)c3n2Cc2ccc(C(F)(F)F)cc2)c1,Cc1cccc(-c2nc3nc(C(=O)O)nc(N[C@@H](C)c4ccccc4)c3n2Cc2ccc(C(F)(F)F)cc2)c1,4304.0,5.366127737341667,5.366127737341667,,1,intermediate
CHEMBL5746919,Cc1cccc(-c2nc3nc(C(=O)O)nc(N[C@@H](C4CC4)C(F)(F)F)c3n2Cc2ccc(C(F)(F)F)cc2)c1,Cc1cccc(-c2nc3nc(C(=O)O)nc(N[C@@H](C4CC4)C(F)(F)F)c3n2Cc2ccc(C(F)(F)F)cc2)c1,419.3,6.377475137596432,6.377475137596432,,1,active
CHEMBL5900217,Cc1cccc(-c2nc3nc(C(=O)O)nc(N[C@H](C)C(C)(C)C)c3n2Cc2ccc(C(F)(F)F)cc2)c1,Cc1cccc(-c2nc3nc(C(=O)O)nc(N[C@H](C)C(C)(C)C)c3n2Cc2ccc(C(F)(F)F)cc2)c1,448.5,6.348237552619889,6.348237552619889,,1,active
CHEMBL5915216,Cc1cccc(-c2nc3nc(C(=O)O)nc(N[C@H](C)C(C)C)c3n2Cc2ccc(C(F)(F)F)cc2)c1,Cc1cccc(-c2nc3nc(C(=O)O)nc(N[C@H](C)C(C)C)c3n2Cc2ccc(C(F)(F)F)cc2)c1,145.2,6.838033383635925,6.838033383635925,,1,active
CHEMBL5777152,Cc1cccc(-c2nc3nc(C(=O)O)nc(N[C@H](C)C4CC4)c3n2C(C)c2ccc(Cl)cc2)c1,Cc1cccc(-c2nc3nc(C(=O)O)nc(N[C@H](C)C4CC4)c3n2C(C)c2ccc(Cl)cc2)c1,854.6,6.0682371115188225,6.0682371115188225,,1,active
CHEMBL5883851,Cc1cccc(-c2nc3nc(C(=O)O)nc(N[C@H](C)C4CC4)c3n2CC2CCC(C(F)(F)F)CC2)c1,Cc1cccc(-c2nc3nc(C(=O)O)nc(N[C@H](C)C4CC4)c3n2CC2CCC(C(F)(F)F)CC2)c1,337.7,6.471468939364589,6.471468939364589,,3,active
CHEMBL5976380,Cc1cccc(-c2nc3nc(C(=O)O)nc(N[C@H](C)C4CC4)c3n2Cc2ccc(Br)cc2)c1,Cc1cccc(-c2nc3nc(C(=O)O)nc(N[C@H](C)C4CC4)c3n2Cc2ccc(Br)cc2)c1,234.0,6.630784142589857,6.630784142589857,,1,active
CHEMBL5950243,Cc1cccc(-c2nc3nc(C(=O)O)nc(N[C@H](C)C4CC4)c3n2Cc2ccc(C(C)C)cc2)c1,Cc1cccc(-c2nc3nc(C(=O)O)nc(N[C@H](C)C4CC4)c3n2Cc2ccc(C(C)C)cc2)c1,3548.0,5.450016388840311,5.450016388840311,,1,intermediate
CHEMBL6055750,Cc1cccc(-c2nc3nc(C(=O)O)nc(N[C@H](C)C4CC4)c3n2Cc2ccc(C(F)(F)F)c(Cl)c2)c1,Cc1cccc(-c2nc3nc(C(=O)O)nc(N[C@H](C)C4CC4)c3n2Cc2ccc(C(F)(F)F)c(Cl)c2)c1,608.5,6.215739417433916,6.215739417433916,,1,active
CHEMBL5917747,Cc1cccc(-c2nc3nc(C(=O)O)nc(N[C@H](C)C4CC4)c3n2Cc2ccc(C(F)(F)F)cc2)c1,Cc1cccc(-c2nc3nc(C(=O)O)nc(N[C@H](C)C4CC4)c3n2Cc2ccc(C(F)(F)F)cc2)c1,28.4,7.546681659952962,7.546681659952962,,1,active
CHEMBL5806674,Cc1cccc(-c2nc3nc(C(=O)O)nc(N[C@H](C)C4CC4)c3n2Cc2ccc(C(F)(F)F)cc2)c1C,Cc1cccc(-c2nc3nc(C(=O)O)nc(N[C@H](C)C4CC4)c3n2Cc2ccc(C(F)(F)F)cc2)c1C,146.8,6.833273944419949,6.833273944419949,,1,active
CHEMBL6056592,Cc1cccc(-c2nc3nc(C(=O)O)nc(N[C@H](C)C4CC4)c3n2Cc2ccc(C(F)(F)F)cc2)c1F,Cc1cccc(-c2nc3nc(C(=O)O)nc(N[C@H](C)C4CC4)c3n2Cc2ccc(C(F)(F)F)cc2)c1F,182.4,6.738975166007602,6.738975166007602,,1,active
CHEMBL5973143,Cc1cccc(-c2nc3nc(C(=O)O)nc(N[C@H](C)C4CC4)c3n2Cc2ccc(Cl)c(Cl)c2)c1,Cc1cccc(-c2nc3nc(C(=O)O)nc(N[C@H](C)C4CC4)c3n2Cc2ccc(Cl)c(Cl)c2)c1,462.5,6.334888262924949,6.334888262924949,,1,active
CHEMBL5872329,Cc1cccc(-c2nc3nc(C(=O)O)nc(N[C@H](C)C4CC4)c3n2Cc2ccc(Cl)c(F)c2)c1,Cc1cccc(-c2nc3nc(C(=O)O)nc(N[C@H](C)C4CC4)c3n2Cc2ccc(Cl)c(F)c2)c1,25.8,7.58838029403677,7.58838029403677,,1,active
CHEMBL5988067,Cc1cccc(-c2nc3nc(C(=O)O)nc(N[C@H](C)C4CC4)c3n2Cc2ccc(Cl)cc2)c1,Cc1cccc(-c2nc3nc(C(=O)O)nc(N[C@H](C)C4CC4)c3n2Cc2ccc(Cl)cc2)c1,209.1,6.679645967182328,6.679645967182328,,1,active
CHEMBL5932905,Cc1cccc(-c2nc3nc(C(=O)O)nc(N[C@H](C)C4CC4)c3n2Cc2ccc(F)c(C(F)(F)F)c2)c1,Cc1cccc(-c2nc3nc(C(=O)O)nc(N[C@H](C)C4CC4)c3n2Cc2ccc(F)c(C(F)(F)F)c2)c1,4140.0,5.3829996588791005,5.3829996588791005,,1,intermediate
CHEMBL6064337,Cc1cccc(-c2nc3nc(C(=O)O)nc(N[C@H](C)C4CC4)c3n2Cc2ccc(F)c(Cl)c2)c1,Cc1cccc(-c2nc3nc(C(=O)O)nc(N[C@H](C)C4CC4)c3n2Cc2ccc(F)c(Cl)c2)c1,371.3,6.430275050773841,6.430275050773841,,1,active
CHEMBL5956321,Cc1cccc(-c2nc3nc(C(=O)O)nc(N[C@H](C)C4CC4)c3n2Cc2ccc(OC(F)(F)F)cc2)c1,Cc1cccc(-c2nc3nc(C(=O)O)nc(N[C@H](C)C4CC4)c3n2Cc2ccc(OC(F)(F)F)cc2)c1,148.9,6.827105302247824,6.827105302247824,,1,active
CHEMBL5984558,Cc1cccc(-c2nc3nc(C(=O)O)nc(N[C@H](C)C4CC4)c3n2Cc2ccccc2C(F)(F)F)c1,Cc1cccc(-c2nc3nc(C(=O)O)nc(N[C@H](C)C4CC4)c3n2Cc2ccccc2C(F)(F)F)c1,8332.0,5.079250738724292,5.079250738724292,,1,intermediate
CHEMBL6033021,Cc1cccc(-c2nc3nc(C(=O)O)nc(N[C@H](C)C4CCC4)c3n2C[C@H]2CC[C@@H](C(F)(F)F)CC2)c1,Cc1cccc(-c2nc3nc(C(=O)O)nc(N[C@H](C)C4CCC4)c3n2C[C@H]2CC[C@@H](C(F)(F)F)CC2)c1,677.1,6.169347186202575,6.169347186202575,,1,active
CHEMBL5813681,Cc1cccc(-c2nc3nc(C(=O)O)nc(N[C@H](C)C4CCC4)c3n2C[C@H]2CC[C@H](C)CC2)c1,Cc1cccc(-c2nc3nc(C(=O)O)nc(N[C@H](C)C4CCC4)c3n2C[C@H]2CC[C@H](C)CC2)c1,2.913,8.535659515372332,8.535659515372332,,1,active
CHEMBL5983985,Cc1cccc(-c2nc3nc(C(=O)O)nc(N[C@H](C)C4CCC4)c3n2Cc2ccc(Br)cc2)c1,Cc1cccc(-c2nc3nc(C(=O)O)nc(N[C@H](C)C4CCC4)c3n2Cc2ccc(Br)cc2)c1,75.73,7.120732043175387,7.120732043175387,,1,active
CHEMBL6040046,Cc1cccc(-c2nc3nc(C(=O)O)nc(N[C@H](C)C4CCC4)c3n2Cc2ccc(C(F)(F)F)cc2)c1,Cc1cccc(-c2nc3nc(C(=O)O)nc(N[C@H](C)C4CCC4)c3n2Cc2ccc(C(F)(F)F)cc2)c1,36.63,7.436163081335455,7.436163081335455,,1,active
CHEMBL5926954,Cc1cccc(-c2nc3nc(C(=O)O)nc(N[C@H](C)C4CCC4)c3n2Cc2ccc(C(F)(F)F)cc2)c1C,Cc1cccc(-c2nc3nc(C(=O)O)nc(N[C@H](C)C4CCC4)c3n2Cc2ccc(C(F)(F)F)cc2)c1C,17.98,7.74521031260279,7.74521031260279,,1,active
CHEMBL5827875,Cc1cccc(-c2nc3nc(C(=O)O)nc(N[C@H](C)C4CCC4)c3n2Cc2ccc(C(F)(F)F)cc2)n1,Cc1cccc(-c2nc3nc(C(=O)O)nc(N[C@H](C)C4CCC4)c3n2Cc2ccc(C(F)(F)F)cc2)n1,42.46,7.37202001017002,7.37202001017002,,1,active
CHEMBL5971747,Cc1cccc(-c2nc3nc(C(=O)O)nc(N[C@H](C)C4CCC4)c3n2Cc2ccc(C(F)(F)F)cc2Cl)c1,Cc1cccc(-c2nc3nc(C(=O)O)nc(N[C@H](C)C4CCC4)c3n2Cc2ccc(C(F)(F)F)cc2Cl)c1,94.57,7.024246610963712,7.024246610963712,,1,active
CHEMBL5915211,Cc1cccc(-c2nc3nc(C(=O)O)nc(N[C@H](C)C4CCC4)c3n2Cc2ccc(C(F)(F)F)cc2F)c1,Cc1cccc(-c2nc3nc(C(=O)O)nc(N[C@H](C)C4CCC4)c3n2Cc2ccc(C(F)(F)F)cc2F)c1,74.35,7.1287190271420275,7.1287190271420275,,1,active
CHEMBL5937344,Cc1cccc(-c2nc3nc(C(=O)O)nc(N[C@H](C)C4CCC4)c3n2Cc2ccc(C3CC3)cc2)c1,Cc1cccc(-c2nc3nc(C(=O)O)nc(N[C@H](C)C4CCC4)c3n2Cc2ccc(C3CC3)cc2)c1,270.0,6.568636235841012,6.568636235841012,,1,active
CHEMBL5998919,Cc1cccc(-c2nc3nc(C(=O)O)nc(N[C@H](C)C4CCC4)c3n2Cc2ccc(Cl)cc2)c1,Cc1cccc(-c2nc3nc(C(=O)O)nc(N[C@H](C)C4CCC4)c3n2Cc2ccc(Cl)cc2)c1,13.9,7.856985199745905,7.856985199745905,,1,active
CHEMBL5833827,Cc1cccc(-c2nc3nc(C(=O)O)nc(N[C@H](C)C4CCC4)c3n2Cc2ccc(Cl)cc2Cl)c1,Cc1cccc(-c2nc3nc(C(=O)O)nc(N[C@H](C)C4CCC4)c3n2Cc2ccc(Cl)cc2Cl)c1,258.7,6.587203571283457,6.587203571283457,,1,active
CHEMBL5760703,Cc1cccc(-c2nc3nc(C(=O)O)nc(N[C@H](C)C4CCC4)c3n2Cc2ccc(OC(F)(F)F)c(F)c2)c1,Cc1cccc(-c2nc3nc(C(=O)O)nc(N[C@H](C)C4CCC4)c3n2Cc2ccc(OC(F)(F)F)c(F)c2)c1,36.44,7.43842163169904,7.43842163169904,,1,active
CHEMBL5900111,Cc1cccc(-c2nc3nc(C(=O)O)nc(N[C@H](C)C4CCC4)c3n2Cc2ccc(OC(F)F)cc2)c1,Cc1cccc(-c2nc3nc(C(=O)O)nc(N[C@H](C)C4CCC4)c3n2Cc2ccc(OC(F)F)cc2)c1,128.3,6.891773343625072,6.891773343625072,,1,active
CHEMBL5938541,Cc1cccc(-c2nc3nc(C(=O)O)nc(N[C@H](C)C4CCCC4)c3n2Cc2ccc(Cl)cc2)c1,Cc1cccc(-c2nc3nc(C(=O)O)nc(N[C@H](C)C4CCCC4)c3n2Cc2ccc(Cl)cc2)c1,31.4,7.503070351926786,7.503070351926786,,1,active
CHEMBL5788219,Cc1cccc(-c2nc3nc(C(=O)O)nc(N[C@H](C)C4CCCCC4)c3n2Cc2ccc(C(F)(F)F)cc2)c1,Cc1cccc(-c2nc3nc(C(=O)O)nc(N[C@H](C)C4CCCCC4)c3n2Cc2ccc(C(F)(F)F)cc2)c1,564.0,6.248720896016658,6.248720896016658,,1,active
CHEMBL5826801,Cc1cccc(-c2nc3nc(C(=O)O)nc(N[C@H](C)C4CCCCC4)c3n2Cc2ccc(Cl)cc2)c1,Cc1cccc(-c2nc3nc(C(=O)O)nc(N[C@H](C)C4CCCCC4)c3n2Cc2ccc(Cl)cc2)c1,1034.0,5.985479461242076,5.985479461242076,,1,intermediate
CHEMBL5880414,Cc1cccc(-c2nc3nc(C(=O)O)nc(N[C@H](C)c4ccc(Cl)cc4)c3n2Cc2ccc(C(F)(F)F)cc2)c1,Cc1cccc(-c2nc3nc(C(=O)O)nc(N[C@H](C)c4ccc(Cl)cc4)c3n2Cc2ccc(C(F)(F)F)cc2)c1,371.9,6.429573821641028,6.429573821641028,,1,active
CHEMBL6054622,Cc1cccc(-c2nc3nc(C(=O)O)nc(N[C@H](C)c4cccc(Cl)c4)c3n2Cc2ccc(C(F)(F)F)cc2)c1,Cc1cccc(-c2nc3nc(C(=O)O)nc(N[C@H](C)c4cccc(Cl)c4)c3n2Cc2ccc(C(F)(F)F)cc2)c1,2359.0,5.6272720591144045,5.6272720591144045,,1,intermediate
CHEMBL5831757,Cc1cccc(-c2nc3nc(C(=O)O)nc(N[C@H](C)c4ccccc4)c3n2Cc2ccc(C(F)(F)F)cc2)c1,Cc1cccc(-c2nc3nc(C(=O)O)nc(N[C@H](C)c4ccccc4)c3n2Cc2ccc(C(F)(F)F)cc2)c1,1488.0,5.82739706879014,5.82739706879014,,1,intermediate
CHEMBL5774194,Cc1cccc(-c2nc3nc(C(=O)O)nc(N[C@H](C4CC4)C(F)(F)F)c3n2Cc2ccc(C(F)(F)F)cc2)c1,Cc1cccc(-c2nc3nc(C(=O)O)nc(N[C@H](C4CC4)C(F)(F)F)c3n2Cc2ccc(C(F)(F)F)cc2)c1,318.6,6.496754228534887,6.496754228534887,,1,active
CHEMBL5925889,Cc1cccc(-c2nc3nc(C(=O)O)nc(N[C@H](CC(O)CO)C4CCC4)c3n2Cc2ccc(C(F)(F)F)cc2)c1,Cc1cccc(-c2nc3nc(C(=O)O)nc(N[C@H](CC(O)CO)C4CCC4)c3n2Cc2ccc(C(F)(F)F)cc2)c1,26.5,7.576754126063192,7.576754126063192,,1,active
CHEMBL6004137,Cc1cccc(-c2nc3nc(C(=O)O)nc(N[C@H](CCC(=O)NCCO)C4CCC4)c3n2Cc2ccc(C(F)(F)F)cc2)c1,Cc1cccc(-c2nc3nc(C(=O)O)nc(N[C@H](CCC(=O)NCCO)C4CCC4)c3n2Cc2ccc(C(F)(F)F)cc2)c1,832.0,6.0798766737092755,6.0798766737092755,,1,active
CHEMBL6061696,Cc1cccc(-c2nc3nc(C(=O)O)nc(N[C@H](CCC(N)=O)C4CCC4)c3n2Cc2ccc(C(F)(F)F)cc2)c1,Cc1cccc(-c2nc3nc(C(=O)O)nc(N[C@H](CCC(N)=O)C4CCC4)c3n2Cc2ccc(C(F)(F)F)cc2)c1,55.32,7.257117828562727,7.257117828562727,,1,active
CHEMBL5845456,Cc1cccc(-c2nc3nc(C(=O)O)nc(N[C@H](CCCN(C)C)C4CCC4)c3n2Cc2ccc(C(F)(F)F)cc2)c1,Cc1cccc(-c2nc3nc(C(=O)O)nc(N[C@H](CCCN(C)C)C4CCC4)c3n2Cc2ccc(C(F)(F)F)cc2)c1,322.7,6.491201034596095,6.491201034596095,,1,active
CHEMBL5995898,Cc1cccc(-c2nc3nc(C(=O)O)nc(N[C@H](CCCN4CCN(C)CC4)C4CCC4)c3n2Cc2ccc(C(F)(F)F)cc2)c1,Cc1cccc(-c2nc3nc(C(=O)O)nc(N[C@H](CCCN4CCN(C)CC4)C4CCC4)c3n2Cc2ccc(C(F)(F)F)cc2)c1,94.32,7.0253962079129675,7.0253962079129675,,1,active
CHEMBL6018242,Cc1cccc(-c2nc3nc(C(=O)O)nc(N[C@H](CCCO)C4CCC4)c3n2Cc2ccc(C(F)(F)F)cc2)c1,Cc1cccc(-c2nc3nc(C(=O)O)nc(N[C@H](CCCO)C4CCC4)c3n2Cc2ccc(C(F)(F)F)cc2)c1,41.0,7.3872161432802645,7.3872161432802645,,1,active
CHEMBL5956730,Cc1cccc(-c2nc3nc(C(=O)O)nc(N[C@H](CCCO)C4CCC4)c3n2Cc2ccc(Cl)cc2)c1,Cc1cccc(-c2nc3nc(C(=O)O)nc(N[C@H](CCCO)C4CCC4)c3n2Cc2ccc(Cl)cc2)c1,104.9,6.979224511806442,6.979224511806442,,1,active
CHEMBL5823666,Cc1cccc(-c2nc3nc(C(=O)O)nc(OC(C)C4CCC4)c3n2Cc2ccc(C(F)(F)F)cc2)c1,Cc1cccc(-c2nc3nc(C(=O)O)nc(OC(C)C4CCC4)c3n2Cc2ccc(C(F)(F)F)cc2)c1,67.12,7.173148052179356,7.173148052179356,,3,active
CHEMBL6005341,Cc1cccc(-c2nc3nc(C(=O)O)nc(OCC4CC4)c3n2Cc2ccc(C(F)(F)F)cc2)c1,Cc1cccc(-c2nc3nc(C(=O)O)nc(OCC4CC4)c3n2Cc2ccc(C(F)(F)F)cc2)c1,813.7,6.089535684004386,6.089535684004386,,1,active
CHEMBL5770233,Cc1cccc(-c2nc3nc(C(=O)O)nc(OCC4CCC4)c3n2Cc2ccc(C(F)(F)F)cc2)c1,Cc1cccc(-c2nc3nc(C(=O)O)nc(OCC4CCC4)c3n2Cc2ccc(C(F)(F)F)cc2)c1,192.3,6.71602071576152,6.71602071576152,,1,active
CHEMBL5826774,Cc1cccc(-c2nc3nc(C(=O)O)nc4c3n2Cc2cc(C(F)(F)F)ccc2OCC2CC2[C@@H](C)N4)c1,Cc1cccc(-c2nc3nc(C(=O)O)nc4c3n2Cc2cc(C(F)(F)F)ccc2OCC2CC2[C@@H](C)N4)c1,2736.0,5.562883906951921,5.562883906951921,,1,intermediate
CHEMBL5911938,Cc1cccc(-c2nc3nc(C(N)=O)nc(N[C@H](C)C4CCC4)c3n2Cc2ccc(C(F)(F)F)cc2)c1,Cc1cccc(-c2nc3nc(C(N)=O)nc(N[C@H](C)C4CCC4)c3n2Cc2ccc(C(F)(F)F)cc2)c1,1729.0,5.769487596753621,5.769487596753621,,2,intermediate
CHEMBL6005116,Cc1cccc(-c2nc3ncnc(N4CCC[C@@H]4C4CCC4)c3n2Cc2ccc(C(F)(F)F)cc2)c1,Cc1cccc(-c2nc3ncnc(N4CCC[C@@H]4C4CCC4)c3n2Cc2ccc(C(F)(F)F)cc2)c1,4475.0,5.349206960348069,5.349206960348069,,1,intermediate
CHEMBL5977829,Cc1cccc(-c2nc3ncnc(NC(CC(=O)O)C4CC4)c3n2Cc2ccc(C(F)(F)F)cc2)c1,Cc1cccc(-c2nc3ncnc(NC(CC(=O)O)C4CC4)c3n2Cc2ccc(C(F)(F)F)cc2)c1,5194.0,5.284498054706717,5.284498054706717,,1,intermediate
CHEMBL5880896,Cc1cccc(-c2nc3ncnc(N[C@H](CCCO)C4CCC4)c3n2Cc2ccc(C(F)(F)F)cc2)c1,Cc1cccc(-c2nc3ncnc(N[C@H](CCCO)C4CCC4)c3n2Cc2ccc(C(F)(F)F)cc2)c1,3241.0,5.489320968967791,5.489320968967791,,1,intermediate
CHEMBL2443391,Cc1cccc(-n2c3nc(=O)[nH]c(=O)c-3cc3cccc(C(F)(F)F)c32)c1,Cc1cccc(-n2c3nc(=O)[nH]c(=O)c-3cc3cccc(C(F)(F)F)c32)c1,8400.0,5.075720713938118,5.075720713938118,,1,intermediate
CHEMBL5954617,Cc1cccc(C)c1-c1nc2nc(C(=O)O)nc(N[C@H](C)C3CC3)c2n1Cc1ccc(C(F)(F)F)cc1,Cc1cccc(C)c1-c1nc2nc(C(=O)O)nc(N[C@H](C)C3CC3)c2n1Cc1ccc(C(F)(F)F)cc1,65.62,7.182963773949971,7.182963773949971,,1,active
CHEMBL3703678,Cc1cccc(NC(c2ccc(C(F)(F)F)cc2)c2ccc3cccnc3c2O)n1,Cc1cccc(NC(c2ccc(C(F)(F)F)cc2)c2ccc3cccnc3c2O)n1,4300.0,5.367591088495232,5.367591088495232,,2,intermediate
CHEMBL3703660,Cc1cccc(NC(c2ccc(Cl)c(Cl)c2)c2ccc3ccc(C)nc3c2O)n1,Cc1cccc(NC(c2ccc(Cl)c(Cl)c2)c2ccc3ccc(C)nc3c2O)n1,6000.0,5.221848749616356,5.221848749616356,,1,intermediate
CHEMBL3703647,Cc1cccc(NC(c2ccc(OC(F)(F)F)cc2)c2ccc3cccnc3c2O)n1,Cc1cccc(NC(c2ccc(OC(F)(F)F)cc2)c2ccc3cccnc3c2O)n1,9400.0,5.026872146400301,5.026872146400301,,1,intermediate
CHEMBL3703661,Cc1cccc(NC(c2ccc3ccc(C)nc3c2O)c2c(Cl)cccc2Cl)n1,Cc1cccc(NC(c2ccc3ccc(C)nc3c2O)c2c(Cl)cccc2Cl)n1,16000.0,4.795880017344075,4.795880017344075,,1,inactive
CHEMBL3703653,Cc1cccc(NC(c2ccc3cccnc3c2O)c2c(F)c(F)cc(F)c2F)n1,Cc1cccc(NC(c2ccc3cccnc3c2O)c2c(F)c(F)cc(F)c2F)n1,5200.0,5.2839966563652006,5.2839966563652006,,1,intermediate
CHEMBL3703648,Cc1cccc(NC(c2cccc(C(F)(F)F)c2)c2ccc3cccnc3c2O)n1,Cc1cccc(NC(c2cccc(C(F)(F)F)c2)c2ccc3cccnc3c2O)n1,18000.0,4.7447274948966935,4.7447274948966935,,1,inactive
CHEMBL3703649,Cc1cccc(NC(c2cccc(Cl)c2Cl)c2ccc3cccnc3c2O)n1,Cc1cccc(NC(c2cccc(Cl)c2Cl)c2ccc3cccnc3c2O)n1,14000.0,4.853871964321762,4.853871964321762,,1,inactive
CHEMBL3675206,Cc1cccc2c1C(=O)N(Cc1ccc([N+](=O)[O-])cc1)C2(O)c1ccc(Cl)cc1,Cc1cccc2c1C(=O)N(Cc1ccc([N+](=O)[O-])cc1)C2(O)c1ccc(Cl)cc1,6900.0,5.161150909262744,5.161150909262744,,1,intermediate
CHEMBL3675205,Cc1cccc2c1C(O)(c1ccc(Cl)cc1)N(Cc1ccc([N+](=O)[O-])cc1)C2=O,Cc1cccc2c1C(O)(c1ccc(Cl)cc1)N(Cc1ccc([N+](=O)[O-])cc1)C2=O,2200.0,5.657577319177793,5.657577319177793,,1,intermediate
CHEMBL1834373,Cc1cccc2c1C(OCC1(CO)CC1)(c1ccc(Cl)cc1)N(Cc1ccc([N+](=O)[O-])cc1)C2=O,Cc1cccc2c1C(OCC1(CO)CC1)(c1ccc(Cl)cc1)N(Cc1ccc([N+](=O)[O-])cc1)C2=O,274.0,6.562249437179612,6.562249437179612,,1,active
CHEMBL5950043,Cc1ccccc1-c1nc2nc(C(=O)O)nc(N[C@H](C)C3CC3)c2n1Cc1ccc(C(F)(F)F)cc1,Cc1ccccc1-c1nc2nc(C(=O)O)nc(N[C@H](C)C3CC3)c2n1Cc1ccc(C(F)(F)F)cc1,140.0,6.853871964321762,6.853871964321762,,1,active
CHEMBL3940186,Cc1ccccc1S(=O)(=O)C[C@H](C1CC1)N1C(=O)[C@@](C)(CC(=O)O)C[C@H](c2cccc(Cl)c2)[C@H]1c1ccc(Cl)cc1,Cc1ccccc1S(=O)(=O)C[C@H](C1CC1)N1C(=O)[C@@](C)(CC(=O)O)C[C@H](c2cccc(Cl)c2)[C@H]1c1ccc(Cl)cc1,2.9,8.537602002101044,8.537602002101044,,1,active
CHEMBL5856156,Cc1cccnc1-c1nc2nc(C(=O)O)nc(N[C@H](C)C3CCC3)c2n1Cc1ccc(C(F)(F)F)cc1,Cc1cccnc1-c1nc2nc(C(=O)O)nc(N[C@H](C)C3CCC3)c2n1Cc1ccc(C(F)(F)F)cc1,45.66,7.340464092845783,7.340464092845783,,1,active
CHEMBL3649984,Cc1cccnc1C(C)(F)c1nc2cc(-c3noc(=O)[nH]3)nc(-c3cncc(Cl)c3)c2n1C[C@H]1CC[C@H](C)CC1,Cc1cccnc1C(C)(F)c1nc2cc(-c3noc(=O)[nH]3)nc(-c3cncc(Cl)c3)c2n1C[C@H]1CC[C@H](C)CC1,11.0,7.958607314841775,7.958607314841775,,2,active
CHEMBL4110794,Cc1cccnc1N1C(=O)[C@@](C)(CC(=O)O)C[C@H](c2cccc(Cl)c2)[C@H]1c1ccc(Cl)cc1,Cc1cccnc1N1C(=O)[C@@](C)(CC(=O)O)C[C@H](c2cccc(Cl)c2)[C@H]1c1ccc(Cl)cc1,30.0,7.522878745280337,7.522878745280337,,1,active
CHEMBL5781235,Cc1ccn(-c2ccnc(-c3nc4nc(C(=O)O)nc(N[C@H](C)C5CCC5)c4n3Cc3ccc(C(F)(F)F)cc3)c2)n1,Cc1ccn(-c2ccnc(-c3nc4nc(C(=O)O)nc(N[C@H](C)C5CCC5)c4n3Cc3ccc(C(F)(F)F)cc3)c2)n1,2265.0,5.64493179365115,5.64493179365115,,1,intermediate
CHEMBL5945978,Cc1ccnc(-c2cc3nc(C(=O)O)nc(N[C@H](C)C4CCC4)c3n2Cc2ccc(C(F)(F)F)cc2)c1,Cc1ccnc(-c2cc3nc(C(=O)O)nc(N[C@H](C)C4CCC4)c3n2Cc2ccc(C(F)(F)F)cc2)c1,18.0,7.7447274948966935,7.7447274948966935,,1,active
CHEMBL5961331,Cc1ccnc(-c2nc3nc(C(=O)O)nc(N[C@H](C)C4CCC4)c3n2Cc2ccc(C(F)(F)F)cc2)c1,Cc1ccnc(-c2nc3nc(C(=O)O)nc(N[C@H](C)C4CCC4)c3n2Cc2ccc(C(F)(F)F)cc2)c1,12.72,7.895512888687605,7.895512888687605,,1,active
CHEMBL5818937,Cc1ccnc(-c2nc3nc(C(=O)O)nc(N[C@H](C)C4CCC4)c3n2Cc2ccc(C(F)(F)F)cc2)c1F,Cc1ccnc(-c2nc3nc(C(=O)O)nc(N[C@H](C)C4CCC4)c3n2Cc2ccc(C(F)(F)F)cc2)c1F,48.98,7.309981219211305,7.309981219211305,,1,active
CHEMBL4112858,Cc1ccnc(N2C(=O)[C@@](C)(CC(=O)O)C[C@H](c3cccc(Cl)c3)[C@H]2c2ccc(Cl)cc2)c1,Cc1ccnc(N2C(=O)[C@@](C)(CC(=O)O)C[C@H](c3cccc(Cl)c3)[C@H]2c2ccc(Cl)cc2)c1,30.0,7.522878745280337,7.522878745280337,,1,active
CHEMBL3112895,Cc1ccnc(NC(c2ccc(Cl)c(Cl)c2)c2ccc3cccnc3c2O)c1,Cc1ccnc(NC(c2ccc(Cl)c(Cl)c2)c2ccc3cccnc3c2O)c1,3600.0,5.443697499232712,5.443697499232712,,1,intermediate
CHEMBL2094874,Cc1ccnc(NC(c2ccc3cccnc3c2O)c2sccc2C)c1,Cc1ccnc(NC(c2ccc3cccnc3c2O)c2sccc2C)c1,2000.0,5.698970004336019,5.698970004336019,,1,intermediate
CHEMBL524251,Cc1ccnc(NC(c2cccc(Cl)c2Cl)c2ccc3cccnc3c2O)c1,Cc1ccnc(NC(c2cccc(Cl)c2Cl)c2ccc3cccnc3c2O)c1,4400.0,5.356547323513812,5.356547323513812,,1,intermediate
CHEMBL3703650,Cc1ccnc(NC(c2ccccc2Cl)c2ccc3cccnc3c2O)c1,Cc1ccnc(NC(c2ccccc2Cl)c2ccc3cccnc3c2O)c1,9200.0,5.036212172654444,5.036212172654444,,1,intermediate
CHEMBL5805242,Cc1cn(C[C@H]2CC[C@H](C)CC2)c2c(-c3cccc(Cl)c3)nc(-c3noc(=O)[nH]3)nc12,Cc1cn(C[C@H]2CC[C@H](C)CC2)c2c(-c3cccc(Cl)c3)nc(-c3noc(=O)[nH]3)nc12,107.0,6.97061622231479,6.97061622231479,,1,active
CHEMBL5999615,Cc1cn(C[C@H]2CC[C@H](C)CC2)c2c(-c3cccc(Cl)c3)nc(C(=O)O)nc12,Cc1cn(C[C@H]2CC[C@H](C)CC2)c2c(-c3cccc(Cl)c3)nc(C(=O)O)nc12,226.0,6.645891560852599,6.645891560852599,,1,active
CHEMBL6024197,Cc1cn(C[C@H]2CC[C@H](C)CC2)c2c(-c3cncc(Cl)c3)nc(-c3noc(=O)[nH]3)nc12,Cc1cn(C[C@H]2CC[C@H](C)CC2)c2c(-c3cncc(Cl)c3)nc(-c3noc(=O)[nH]3)nc12,36.0,7.443697499232712,7.443697499232712,,1,active
CHEMBL5854116,Cc1cn(C[C@H]2CC[C@H](C)CC2)c2c(-c3cncc(Cl)c3)nc(C(=O)O)nc12,Cc1cn(C[C@H]2CC[C@H](C)CC2)c2c(-c3cncc(Cl)c3)nc(C(=O)O)nc12,88.0,7.055517327849831,7.055517327849831,,1,active
CHEMBL5785646,Cc1cnc(-c2nc3nc(C(=O)O)nc(N[C@H](C)C4CCC4)c3n2C[C@H]2CC[C@H](C)CC2)cc1C,Cc1cnc(-c2nc3nc(C(=O)O)nc(N[C@H](C)C4CCC4)c3n2C[C@H]2CC[C@H](C)CC2)cc1C,8.44,8.073657553374344,8.073657553374344,,1,active
CHEMBL5864493,Cc1cnc(-c2nc3nc(C(=O)O)nc(N[C@H](C)C4CCC4)c3n2Cc2ccc(C(F)(F)F)c(F)c2)cc1C(C)C,Cc1cnc(-c2nc3nc(C(=O)O)nc(N[C@H](C)C4CCC4)c3n2Cc2ccc(C(F)(F)F)c(F)c2)cc1C(C)C,15.91,7.798329820353418,7.798329820353418,,1,active
CHEMBL5854039,Cc1cnc(-c2nc3nc(C(=O)O)nc(N[C@H](C)C4CCC4)c3n2Cc2ccc(C(F)(F)F)cc2)cc1C(C)C,Cc1cnc(-c2nc3nc(C(=O)O)nc(N[C@H](C)C4CCC4)c3n2Cc2ccc(C(F)(F)F)cc2)cc1C(C)C,24.8,7.605548319173784,7.605548319173784,,1,active
CHEMBL5843458,Cc1cnc(-c2nc3nc(C(=O)O)nc(N[C@H](C)C4CCC4)c3n2Cc2ccc(C(F)(F)F)cc2)s1,Cc1cnc(-c2nc3nc(C(=O)O)nc(N[C@H](C)C4CCC4)c3n2Cc2ccc(C(F)(F)F)cc2)s1,41.99,7.37685412536206,7.37685412536206,,1,active
CHEMBL5943095,Cc1cnc(-c2nc3nc(C(=O)O)nc(N[C@H](C)C4CCC4)c3n2Cc2ccc(OC(F)(F)F)c(F)c2)cc1C(C)C,Cc1cnc(-c2nc3nc(C(=O)O)nc(N[C@H](C)C4CCC4)c3n2Cc2ccc(OC(F)(F)F)c(F)c2)cc1C(C)C,24.71,7.607127254597921,7.607127254597921,,1,active
CHEMBL5957857,Cc1cnc(CN2C(=O)c3cc(C(C)(C)O)ccc3[C@]2(OCC2(CO)CC2)c2ccc(Cl)cc2)cn1,Cc1cnc(CN2C(=O)c3cc(C(C)(C)O)ccc3[C@]2(OCC2(CO)CC2)c2ccc(Cl)cc2)cn1,480.0,6.318758762624412,6.318758762624412,,1,active
CHEMBL3653323,Cc1cncc(-c2nc(-c3noc(=O)[nH]3)cc3nc(N4CCO[C@@H]5CCC[C@H]54)n(C[C@H]4CC[C@H](C)CC4)c23)c1,Cc1cncc(-c2nc(-c3noc(=O)[nH]3)cc3nc(N4CCO[C@@H]5CCC[C@H]54)n(C[C@H]4CC[C@H](C)CC4)c23)c1,2.0,8.698970004336019,8.698970004336019,,1,active
CHEMBL3653324,Cc1cncc(-c2nc(-c3noc(=O)[nH]3)cc3nc(N4CCO[C@H]5CCC[C@@H]54)n(C[C@H]4CC[C@H](C)CC4)c23)c1,Cc1cncc(-c2nc(-c3noc(=O)[nH]3)cc3nc(N4CCO[C@H]5CCC[C@@H]54)n(C[C@H]4CC[C@H](C)CC4)c23)c1,210.0,6.6777807052660805,6.6777807052660805,,3,active
CHEMBL5094473,Cc1cncc(-c2nc(-c3noc(=O)[nH]3)nc3nc(N4CCOC[C@H]4c4ccccc4)n(C[C@H]4CC[C@H](C)CC4)c23)c1,Cc1cncc(-c2nc(-c3noc(=O)[nH]3)nc3nc(N4CCOC[C@H]4c4ccccc4)n(C[C@H]4CC[C@H](C)CC4)c23)c1,3.919,8.406824736521898,8.406824736521898,,1,active
CHEMBL5930073,Cc1csc(CN(C)c2nc3nc(-c4noc(=O)[nH]4)nc(N[C@H](C)C4CCC4)c3n2C[C@H]2CC[C@H](C)CC2)n1,Cc1csc(CN(C)c2nc3nc(-c4noc(=O)[nH]4)nc(N[C@H](C)C4CCC4)c3n2C[C@H]2CC[C@H](C)CC2)n1,8.187,8.08687520961044,8.08687520961044,,1,active
CHEMBL5918427,Cc1csc([C@@H]2COCCN2c2nc3nc(-c4noc(=O)[nH]4)nc(-c4cccc(Cl)c4)c3n2C[C@H]2CC[C@H](C)CC2)n1,Cc1csc([C@@H]2COCCN2c2nc3nc(-c4noc(=O)[nH]4)nc(-c4cccc(Cl)c4)c3n2C[C@H]2CC[C@H](C)CC2)n1,9.145,8.038816290187565,8.038816290187565,,1,active
CHEMBL5992963,Cc1nc(-c2cccc(-c3nc(-c4noc(=O)[nH]4)nc4nc(N5CCOC[C@H]5c5ccccc5)n(C[C@H]5CC[C@H](C)CC5)c34)c2)no1,Cc1nc(-c2cccc(-c3nc(-c4noc(=O)[nH]4)nc4nc(N5CCOC[C@H]5c5ccccc5)n(C[C@H]5CC[C@H](C)CC5)c34)c2)no1,18.05,7.7435227937583235,7.7435227937583235,,1,active
CHEMBL3653296,Cc1nc(-c2cccc(-c3nc4c(n3C(C)C)C(c3ccc(Cl)cc3)N(c3cc(Cl)ccc3C)C4=O)c2)c[nH]1,Cc1nc(-c2cccc(-c3nc4c(n3C(C)C)C(c3ccc(Cl)cc3)N(c3cc(Cl)ccc3C)C4=O)c2)c[nH]1,1.7,8.769551078621726,8.769551078621726,,1,active
CHEMBL5950375,Cc1nc(C(C)(F)c2nc3nc(-c4noc(=O)[nH]4)nc(N[C@H](C)C4CCC4)c3n2C[C@H]2CC[C@H](C)CC2)c(C)s1,Cc1nc(C(C)(F)c2nc3nc(-c4noc(=O)[nH]4)nc(N[C@H](C)C4CCC4)c3n2C[C@H]2CC[C@H](C)CC2)c(C)s1,4.77,8.326374463049596,8.326374463049596,,2,active
CHEMBL5874962,Cc1nc(C(C)(O)c2cc(F)c3c(c2)C(=O)N(Cc2ccc(Cl)cn2)[C@@]3(OCC2(C(N)=O)CC2)c2ccc(Cl)cc2)cn1C,Cc1nc(C(C)(O)c2cc(F)c3c(c2)C(=O)N(Cc2ccc(Cl)cn2)[C@@]3(OCC2(C(N)=O)CC2)c2ccc(Cl)cc2)cn1C,2.81,8.754319153082864,8.754319153082864,,2,active
CHEMBL5969662,Cc1nc(C(C)(O)c2cc(F)c3c(c2)C(=O)N(Cc2ccc(Cl)cn2)[C@@]3(OCC2(O)CC2)c2ccc(Cl)cc2)cn1C,Cc1nc(C(C)(O)c2cc(F)c3c(c2)C(=O)N(Cc2ccc(Cl)cn2)[C@@]3(OCC2(O)CC2)c2ccc(Cl)cc2)cn1C,4.8,8.318758762624412,8.318758762624412,,3,active
CHEMBL6059267,Cc1nc(C(C)Nc2nc3nc(-c4noc(=O)[nH]4)nc(N[C@H](C)C4CCC4)c3n2C[C@H]2CC[C@H](C)CC2)cs1,Cc1nc(C(C)Nc2nc3nc(-c4noc(=O)[nH]4)nc(N[C@H](C)C4CCC4)c3n2C[C@H]2CC[C@H](C)CC2)cs1,3.388,8.47005659834133,8.47005659834133,,1,active
CHEMBL5829893,Cc1nc(C2(c3nc4nc(-c5noc(=O)[nH]5)nc(N[C@H](C)C5CCC5)c4n3C[C@H]3CC[C@H](C)CC3)CC2)c(C)s1,Cc1nc(C2(c3nc4nc(-c5noc(=O)[nH]5)nc(N[C@H](C)C5CCC5)c4n3C[C@H]3CC[C@H](C)CC3)CC2)c(C)s1,3.04,8.517126416391246,8.517126416391246,,1,active
CHEMBL3649875,Cc1nc(C2CCCN2c2nc3cc(-c4noc(=O)[nH]4)nc(-c4cncc(Cl)c4)c3n2C[C@H]2CC[C@H](C)CC2)cs1,Cc1nc(C2CCCN2c2nc3cc(-c4noc(=O)[nH]4)nc(-c4cncc(Cl)c4)c3n2C[C@H]2CC[C@H](C)CC2)cs1,1.0,9.0,9.0,,2,active
CHEMBL3649872,Cc1nc(C2CCCN2c2nc3cc(-c4noc(=O)[nH]4)nc(-c4cncc(Cl)c4)c3n2C[C@H]2CC[C@H](C)CC2)no1,Cc1nc(C2CCCN2c2nc3cc(-c4noc(=O)[nH]4)nc(-c4cncc(Cl)c4)c3n2C[C@H]2CC[C@H](C)CC2)no1,1.0,9.0,9.0,,2,active
CHEMBL3236645,Cc1nc(C[C@@]2(C)C[C@H](c3cccc(Cl)c3)[C@@H](c3ccc(Cl)cc3)N([C@H](CS(=O)(=O)C(C)(C)C)C3CC3)C2=O)ccc1C(=O)O,Cc1nc(C[C@@]2(C)C[C@H](c3cccc(Cl)c3)[C@@H](c3ccc(Cl)cc3)N([C@H](CS(=O)(=O)C(C)(C)C)C3CC3)C2=O)ccc1C(=O)O,2.85,8.836832069535625,8.836832069535625,,2,active
CHEMBL3687257,Cc1nc(Cn2nc3c(c2C(C)C)C(c2ccc(Cl)cc2C)N(c2cccc(Cl)c2F)C3=O)cs1,Cc1nc(Cn2nc3c(c2C(C)C)C(c2ccc(Cl)cc2C)N(c2cccc(Cl)c2F)C3=O)cs1,6.2,8.207608310501746,8.207608310501746,,1,active
CHEMBL3703671,Cc1nc(NC(c2ccc(Cl)c(Cl)c2)c2ccc3cccnc3c2O)c(Cl)cc1Cl,Cc1nc(NC(c2ccc(Cl)c(Cl)c2)c2ccc3cccnc3c2O)c(Cl)cc1Cl,10000.0,5.0,5.0,,1,inactive
CHEMBL5746552,Cc1nc2nc(-c3noc(=O)[nH]3)nc(N[C@H](C)C3CCC3)c2n1C[C@H]1CC[C@H](C)CC1,Cc1nc2nc(-c3noc(=O)[nH]3)nc(N[C@H](C)C3CCC3)c2n1C[C@H]1CC[C@H](C)CC1,37.74,7.423198104171087,7.423198104171087,,1,active
CHEMBL5775440,Cc1nc2nc(C(=O)O)nc(N[C@H](C)C3CCC3)c2n1C[C@H]1CC[C@H](C)CC1,Cc1nc2nc(C(=O)O)nc(N[C@H](C)C3CCC3)c2n1C[C@H]1CC[C@H](C)CC1,100.8,6.996539467890494,6.996539467890494,,1,active
CHEMBL5783577,Cc1ncc(Cl)cc1-c1nc(-c2n[nH]c(=O)o2)nc2nc(N3CCOC[C@H]3c3ccccc3)n(C[C@H]3CC[C@H](C)CC3)c12,Cc1ncc(Cl)cc1-c1nc(-c2n[nH]c(=O)o2)nc2nc(N3CCOC[C@H]3c3ccccc3)n(C[C@H]3CC[C@H](C)CC3)c12,0.704,9.152427340857887,9.152427340857887,,1,active
CHEMBL3653316,Cc1ncc(Cl)cc1-c1nc(-c2noc(=O)[nH]2)cc2nc(N3CCO[C@@H]4CCC[C@H]43)n(C[C@H]3CC[C@H](C)CC3)c12,Cc1ncc(Cl)cc1-c1nc(-c2noc(=O)[nH]2)cc2nc(N3CCO[C@@H]4CCC[C@H]43)n(C[C@H]3CC[C@H](C)CC3)c12,1.0,9.0,9.0,,1,active
CHEMBL3653315,Cc1ncc(Cl)cc1-c1nc(-c2noc(=O)[nH]2)cc2nc(N3CCO[C@H]4CCC[C@@H]43)n(C[C@H]3CC[C@H](C)CC3)c12,Cc1ncc(Cl)cc1-c1nc(-c2noc(=O)[nH]2)cc2nc(N3CCO[C@H]4CCC[C@@H]43)n(C[C@H]3CC[C@H](C)CC3)c12,33.0,7.481486060122112,7.481486060122112,,3,active
CHEMBL6011282,Cc1ncc(Cl)cc1-c1nc(-c2noc(=O)[nH]2)nc2nc(N3CCOC4CCCC43)n(C[C@H]3CC[C@H](C)CC3)c12,Cc1ncc(Cl)cc1-c1nc(-c2noc(=O)[nH]2)nc2nc(N3CCOC4CCCC43)n(C[C@H]3CC[C@H](C)CC3)c12,2.094,8.679023322657176,8.679023322657176,,1,active
CHEMBL5778735,Cc1ncc(Cl)cc1-c1nc(-c2noc(=O)[nH]2)nc2nc(N3CCOC[C@H]3c3ccccc3)n(C[C@H]3CC[C@H](C)CC3)c12,Cc1ncc(Cl)cc1-c1nc(-c2noc(=O)[nH]2)nc2nc(N3CCOC[C@H]3c3ccccc3)n(C[C@H]3CC[C@H](C)CC3)c12,0.601,9.22112552799726,9.22112552799726,,1,active
CHEMBL5902606,Cc1nn(C)cc1CNc1nc2nc(-c3noc(=O)[nH]3)nc(N[C@H](C)C3CCC3)c2n1C[C@H]1CC[C@H](C)CC1,Cc1nn(C)cc1CNc1nc2nc(-c3noc(=O)[nH]3)nc(N[C@H](C)C3CCC3)c2n1C[C@H]1CC[C@H](C)CC1,55.62,7.25476901547186,7.25476901547186,,1,active
CHEMBL3260817,Cc1nnc(-c2nc(C3CCCCC3)n(-c3cccc(Cl)c3F)c2-c2ccc(F)c(Cl)c2)o1,Cc1nnc(-c2nc(C3CCCCC3)n(-c3cccc(Cl)c3F)c2-c2ccc(F)c(Cl)c2)o1,25.0,7.6020599913279625,7.6020599913279625,,1,active
CHEMBL5802324,Cc1nnc(C(C)(O)c2cc(F)c3c(c2)C(=O)N(Cc2ccc(Cl)cn2)[C@@]3(OCC2(O)CC2)c2ccc(Cl)cc2)o1,Cc1nnc(C(C)(O)c2cc(F)c3c(c2)C(=O)N(Cc2ccc(Cl)cn2)[C@@]3(OCC2(O)CC2)c2ccc(Cl)cc2)o1,8.9,8.050609993355087,8.050609993355087,,1,active
CHEMBL5845587,Cc1nnc(C2CCCN2c2nc3nc(-c4noc(=O)[nH]4)nc(-c4cncc(Cl)c4)c3n2C[C@H]2CC[C@H](C)CC2)o1,Cc1nnc(C2CCCN2c2nc3nc(-c4noc(=O)[nH]4)nc(-c4cncc(Cl)c4)c3n2C[C@H]2CC[C@H](C)CC2)o1,26.84,7.571217488503045,7.571217488503045,,1,active
CHEMBL4110956,Cc1nnc(C[C@H]2C[C@H](c3cccc(Cl)c3)[C@@H](c3ccc(Cl)cc3)N(CC3CC3)C2=O)o1,Cc1nnc(C[C@H]2C[C@H](c3cccc(Cl)c3)[C@@H](c3ccc(Cl)cc3)N(CC3CC3)C2=O)o1,1600.0,5.795880017344075,5.795880017344075,,1,intermediate
CHEMBL5783066,Cc1nnc([C@@H](C2CC2)N2C(=O)[C@@H](CC(=O)O)O[C@H](c3cccc(Cl)c3)[C@@H]2c2ccc(Cl)cc2)o1,Cc1nnc([C@@H](C2CC2)N2C(=O)[C@@H](CC(=O)O)O[C@H](c3cccc(Cl)c3)[C@@H]2c2ccc(Cl)cc2)o1,770.5,6.122021432373327,6.122021432373327,,2,active
CHEMBL5864624,Cc1nnc([C@@H]2COCCN2c2nc3nc(-c4noc(=O)[nH]4)nc(-c4cccc(Cl)c4)c3n2C[C@H]2CC[C@H](C)CC2)o1,Cc1nnc([C@@H]2COCCN2c2nc3nc(-c4noc(=O)[nH]4)nc(-c4cccc(Cl)c4)c3n2C[C@H]2CC[C@H](C)CC2)o1,79.14,7.101603954069991,7.101603954069991,,1,active
CHEMBL4075155,Cc1nnc([C@H]2[C@H](c3cccc(Cl)c3F)[C@]3(C(=O)Nc4cc(Cl)ccc43)C3(CCCCC3)N2C)o1,Cc1nnc([C@H]2[C@H](c3cccc(Cl)c3F)[C@]3(C(=O)Nc4cc(Cl)ccc43)C3(CCCCC3)N2C)o1,161.0,6.79317412396815,6.79317412396815,,1,active
CHEMBL4094076,Cc1nnc([C@H]2[C@H](c3cccc(Cl)c3F)[C@]3(C(=O)Nc4cc(Cl)ccc43)C3(CCCCC3)N2C)s1,Cc1nnc([C@H]2[C@H](c3cccc(Cl)c3F)[C@]3(C(=O)Nc4cc(Cl)ccc43)C3(CCCCC3)N2C)s1,38.6,7.413412695328245,7.413412695328245,,1,active
CHEMBL5829716,Cc1noc(C(C)Nc2nc3nc(-c4noc(=O)[nH]4)nc(N[C@H](C)C4CCC4)c3n2C[C@H]2CC[C@H](C)CC2)n1,Cc1noc(C(C)Nc2nc3nc(-c4noc(=O)[nH]4)nc(N[C@H](C)C4CCC4)c3n2C[C@H]2CC[C@H](C)CC2)n1,4.044,8.393188853081037,8.393188853081037,,1,active
CHEMBL5876436,Cc1noc(C)c1-c1nc2nc(C(=O)O)nc(N[C@H](C)C3CCC3)c2n1Cc1ccc(C(F)(F)F)cc1,Cc1noc(C)c1-c1nc2nc(C(=O)O)nc(N[C@H](C)C3CCC3)c2n1Cc1ccc(C(F)(F)F)cc1,79.4,7.100179497572904,7.100179497572904,,1,active
CHEMBL3649854,Cc1noc(C)c1C1CCCN1c1nc2cc(-c3noc(=O)[nH]3)nc(-c3cncc(Cl)c3)c2n1C[C@H]1CC[C@H](C)CC1,Cc1noc(C)c1C1CCCN1c1nc2cc(-c3noc(=O)[nH]3)nc(-c3cncc(Cl)c3)c2n1C[C@H]1CC[C@H](C)CC1,11.0,7.958607314841775,7.958607314841775,,2,active
CHEMBL5939463,Cc1noc(C2CCCCN2c2nc3nc(-c4noc(=O)[nH]4)nc(N[C@H](C)C4CCC4)c3n2Cc2ccc(C(F)(F)F)cc2)n1,Cc1noc(C2CCCCN2c2nc3nc(-c4noc(=O)[nH]4)nc(N[C@H](C)C4CCC4)c3n2Cc2ccc(C(F)(F)F)cc2)n1,5.18,8.285670240254767,8.285670240254767,,1,active
CHEMBL3649855,Cc1noc(C2CCCN2c2nc3cc(-c4noc(=O)[nH]4)nc(-c4cncc(Cl)c4)c3n2C[C@H]2CC[C@H](C)CC2)n1,Cc1noc(C2CCCN2c2nc3cc(-c4noc(=O)[nH]4)nc(-c4cncc(Cl)c4)c3n2C[C@H]2CC[C@H](C)CC2)n1,58.5,7.967771005386541,7.967771005386541,,4,active
CHEMBL5773543,Cc1noc(C2CCCN2c2nc3nc(-c4n[nH]c(=O)o4)nc(-c4cncc(Cl)c4)c3n2C[C@H]2CC[C@H](C)CC2)n1,Cc1noc(C2CCCN2c2nc3nc(-c4n[nH]c(=O)o4)nc(-c4cncc(Cl)c4)c3n2C[C@H]2CC[C@H](C)CC2)n1,3.036,8.517698232776556,8.517698232776556,,1,active
CHEMBL6030051,Cc1noc(C2CCCN2c2nc3nc(-c4noc(=O)[nH]4)nc(-c4cncc(Cl)c4)c3n2C[C@H]2CC[C@H](C)CC2)n1,Cc1noc(C2CCCN2c2nc3nc(-c4noc(=O)[nH]4)nc(-c4cncc(Cl)c4)c3n2C[C@H]2CC[C@H](C)CC2)n1,1.477,8.83061950468805,8.83061950468805,,1,active
CHEMBL5977995,Cc1noc(C2CCCN2c2nc3nc(C(=O)O)nc(-c4cncc(Cl)c4)c3n2C[C@H]2CC[C@H](C)CC2)n1,Cc1noc(C2CCCN2c2nc3nc(C(=O)O)nc(-c4cncc(Cl)c4)c3n2C[C@H]2CC[C@H](C)CC2)n1,3.919,8.406824736521898,8.406824736521898,,1,active
CHEMBL5841038,Cc1noc([C@@H]2COCCN2c2nc3nc(-c4n[nH]c(=O)o4)nc(-c4cccc(Cl)c4)c3n2C[C@H]2CC[C@H](C)CC2)n1,Cc1noc([C@@H]2COCCN2c2nc3nc(-c4n[nH]c(=O)o4)nc(-c4cccc(Cl)c4)c3n2C[C@H]2CC[C@H](C)CC2)n1,9.177,8.037299268295659,8.037299268295659,,1,active
CHEMBL5868386,Cc1noc([C@@H]2COCCN2c2nc3nc(-c4noc(=O)[nH]4)nc(-c4cccc(Cl)c4)c3n2C[C@H]2CC[C@H](C)CC2)n1,Cc1noc([C@@H]2COCCN2c2nc3nc(-c4noc(=O)[nH]4)nc(-c4cccc(Cl)c4)c3n2C[C@H]2CC[C@H](C)CC2)n1,7.264,8.138824164486971,8.138824164486971,,1,active
CHEMBL4101818,Cc1noc([C@H]2[C@H](c3cccc(Cl)c3F)[C@]3(C(=O)Nc4cc(Cl)ccc43)C3(CCCCC3)N2C)n1,Cc1noc([C@H]2[C@H](c3cccc(Cl)c3F)[C@]3(C(=O)Nc4cc(Cl)ccc43)C3(CCCCC3)N2C)n1,603.0,6.219682687859849,6.219682687859849,,1,active
CHEMBL3649829,Cc1nonc1C1CCCN1c1nc2cc(-c3noc(=O)[nH]3)nc(-c3cncc(Cl)c3)c2n1C[C@H]1CC[C@H](C)CC1,Cc1nonc1C1CCCN1c1nc2cc(-c3noc(=O)[nH]3)nc(-c3cncc(Cl)c3)c2n1C[C@H]1CC[C@H](C)CC1,40.5,8.048455006504028,8.048455006504028,,4,active
CHEMBL5897087,Cc1nonc1C1CCCN1c1nc2nc(-c3noc(=O)[nH]3)nc(N[C@H](C)C3CCC3)c2n1C[C@H]1CC[C@H](C)CC1,Cc1nonc1C1CCCN1c1nc2nc(-c3noc(=O)[nH]3)nc(N[C@H](C)C3CCC3)c2n1C[C@H]1CC[C@H](C)CC1,1.598,8.796423225022027,8.796423225022027,,1,active
CHEMBL5930627,Cc1nonc1CN(C)c1nc2nc(-c3noc(=O)[nH]3)nc(N[C@H](C)C3CCC3)c2n1C[C@H]1CC[C@H](C)CC1,Cc1nonc1CN(C)c1nc2nc(-c3noc(=O)[nH]3)nc(N[C@H](C)C3CCC3)c2n1C[C@H]1CC[C@H](C)CC1,3.706,8.43109458501712,8.43109458501712,,1,active
CHEMBL6000058,Cc1nonc1CNc1nc2nc(-c3noc(=O)[nH]3)nc(N[C@H](C)C3CCC3)c2n1C[C@H]1CC[C@H](C)CC1,Cc1nonc1CNc1nc2nc(-c3noc(=O)[nH]3)nc(N[C@H](C)C3CCC3)c2n1C[C@H]1CC[C@H](C)CC1,6.341,8.197842246813039,8.197842246813039,,1,active
CHEMBL4066543,Cc1oc([C@H]2[C@H](c3cccc(Cl)c3F)[C@]3(C(=O)Nc4cc(Cl)ccc43)C3(CCCCC3)N2C)nc1C(=O)O,Cc1oc([C@H]2[C@H](c3cccc(Cl)c3F)[C@]3(C(=O)Nc4cc(Cl)ccc43)C3(CCCCC3)N2C)nc1C(=O)O,30.9,7.510041520575165,7.510041520575165,,1,active
CHEMBL5810157,Cc1ocnc1C1(c2nc3nc(-c4noc(=O)[nH]4)nc(-c4cccc(Cl)c4)c3n2C[C@H]2CC[C@H](C)CC2)CC1,Cc1ocnc1C1(c2nc3nc(-c4noc(=O)[nH]4)nc(-c4cccc(Cl)c4)c3n2C[C@H]2CC[C@H](C)CC2)CC1,30.06,7.52201102374911,7.52201102374911,,1,active
CHEMBL3650012,Cn1[nH]c(-c2cc3nc(N4CCC[C@H]4CF)n(C[C@H]4CC[C@H](C)CC4)c3c(-c3cncc(Cl)c3)n2)nc1=O,Cn1[nH]c(-c2cc3nc(N4CCC[C@H]4CF)n(C[C@H]4CC[C@H](C)CC4)c3c(-c3cncc(Cl)c3)n2)nc1=O,20.0,7.698970004336019,7.698970004336019,,2,active
CHEMBL5893302,Cn1cc(C(C)(O)c2cc(F)c3c(c2)C(=O)N(Cc2ccc(C#N)cn2)[C@@]3(OCC2(C#N)CC2)c2ccc(Cl)cc2)cn1,Cn1cc(C(C)(O)c2cc(F)c3c(c2)C(=O)N(Cc2ccc(C#N)cn2)[C@@]3(OCC2(C#N)CC2)c2ccc(Cl)cc2)cn1,1.0,9.0,9.0,,1,active
CHEMBL5924061,Cn1cc(C(C)(O)c2cc(F)c3c(c2)C(=O)N(Cc2ccc(C#N)cn2)[C@@]3(OCC2(CO)CC2)c2ccc(Cl)cc2)cn1,Cn1cc(C(C)(O)c2cc(F)c3c(c2)C(=O)N(Cc2ccc(C#N)cn2)[C@@]3(OCC2(CO)CC2)c2ccc(Cl)cc2)cn1,4.4,8.469273760456403,8.469273760456403,,2,active
CHEMBL5849476,Cn1cc(C(C)(O)c2cc(F)c3c(c2)C(=O)N(Cc2ccc(C#N)cn2)[C@@]3(OCC2(O)CC2)c2ccc(Cl)cc2)cn1,Cn1cc(C(C)(O)c2cc(F)c3c(c2)C(=O)N(Cc2ccc(C#N)cn2)[C@@]3(OCC2(O)CC2)c2ccc(Cl)cc2)cn1,2.3,8.638272163982407,8.638272163982407,,1,active
CHEMBL6046008,Cn1cc(C(C)(O)c2cc(F)c3c(c2)C(=O)N(Cc2ccc(C#N)cn2)[C@@]3(O[C@H]2CCOC2)c2ccc(Cl)cc2)cn1,Cn1cc(C(C)(O)c2cc(F)c3c(c2)C(=O)N(Cc2ccc(C#N)cn2)[C@@]3(O[C@H]2CCOC2)c2ccc(Cl)cc2)cn1,5.43,8.532750774378215,8.532750774378215,,2,active
CHEMBL5924494,Cn1cc(C(C)(O)c2cc(F)c3c(c2)C(=O)N(Cc2ccc(C#N)cn2)[C@@]3(O[C@H]2C[C@@H](O)C2)c2ccc(Cl)cc2)cn1,Cn1cc(C(C)(O)c2cc(F)c3c(c2)C(=O)N(Cc2ccc(C#N)cn2)[C@@]3(O[C@H]2C[C@@H](O)C2)c2ccc(Cl)cc2)cn1,5.9,8.229147988357855,8.229147988357855,,1,active
CHEMBL5744828,Cn1cc(C(C)(O)c2cc(F)c3c(c2)C(=O)N(Cc2ccc(Cl)c[n+]2[O-])[C@@]3(OCC2(C#N)CC2)c2ccc(Cl)cc2)cn1,Cn1cc(C(C)(O)c2cc(F)c3c(c2)C(=O)N(Cc2ccc(Cl)c[n+]2[O-])[C@@]3(OCC2(C#N)CC2)c2ccc(Cl)cc2)cn1,1.1,8.958607314841775,8.958607314841775,,1,active
CHEMBL5844144,Cn1cc(C(C)(O)c2cc(F)c3c(c2)C(=O)N(Cc2ccc(Cl)c[n+]2[O-])[C@@]3(OCC2(O)CC2)c2ccc(Cl)cc2)cn1,Cn1cc(C(C)(O)c2cc(F)c3c(c2)C(=O)N(Cc2ccc(Cl)c[n+]2[O-])[C@@]3(OCC2(O)CC2)c2ccc(Cl)cc2)cn1,1.9,8.721246399047171,8.721246399047171,,1,active
CHEMBL5940356,Cn1cc(C(C)(O)c2cc(F)c3c(c2)C(=O)N(Cc2ccc(Cl)cc2S(C)(=O)=O)[C@@]3(OCC2(C(N)=O)CC2)c2ccc(Cl)cc2)cn1,Cn1cc(C(C)(O)c2cc(F)c3c(c2)C(=O)N(Cc2ccc(Cl)cc2S(C)(=O)=O)[C@@]3(OCC2(C(N)=O)CC2)c2ccc(Cl)cc2)cn1,13.5,7.872363747448347,7.872363747448347,,4,active
CHEMBL6051824,Cn1cc(C(C)(O)c2cc(F)c3c(c2)C(=O)N(Cc2ccc(Cl)cc2S(C)(=O)=O)[C@@]3(OCC2(O)CC2)c2ccc(Cl)cc2)cn1,Cn1cc(C(C)(O)c2cc(F)c3c(c2)C(=O)N(Cc2ccc(Cl)cc2S(C)(=O)=O)[C@@]3(OCC2(O)CC2)c2ccc(Cl)cc2)cn1,6.5,8.187086643357144,8.187086643357144,,3,active
CHEMBL5866340,Cn1cc(C(C)(O)c2cc(F)c3c(c2)C(=O)N(Cc2ccc(Cl)cn2)[C@@]3(OCC2(C#N)CC2)c2ccc(Cl)cc2)cn1,Cn1cc(C(C)(O)c2cc(F)c3c(c2)C(=O)N(Cc2ccc(Cl)cn2)[C@@]3(OCC2(C#N)CC2)c2ccc(Cl)cc2)cn1,2.9,8.537602002101044,8.537602002101044,,1,active
CHEMBL6037665,Cn1cc(C(C)(O)c2cc(F)c3c(c2)C(=O)N(Cc2ccc(Cl)cn2)[C@@]3(OCC2(C(N)=O)CC2)c2ccc(Cl)cc2)cn1,Cn1cc(C(C)(O)c2cc(F)c3c(c2)C(=O)N(Cc2ccc(Cl)cn2)[C@@]3(OCC2(C(N)=O)CC2)c2ccc(Cl)cc2)cn1,0.79,9.102372908709558,9.102372908709558,,1,active
CHEMBL5915580,Cn1cc(C(C)(O)c2cc(F)c3c(c2)C(=O)N(Cc2ccc(Cl)cn2)[C@@]3(OCC2(CO)CC2)c2ccc(Cl)cc2)cn1,Cn1cc(C(C)(O)c2cc(F)c3c(c2)C(=O)N(Cc2ccc(Cl)cn2)[C@@]3(OCC2(CO)CC2)c2ccc(Cl)cc2)cn1,4.6,8.34571779321938,8.34571779321938,,2,active
CHEMBL5950452,Cn1cc(C(C)(O)c2cc(F)c3c(c2)C(=O)N(Cc2ccc(Cl)cn2)[C@@]3(OCC2(O)CC2)c2ccc(Cl)cc2)cn1,Cn1cc(C(C)(O)c2cc(F)c3c(c2)C(=O)N(Cc2ccc(Cl)cn2)[C@@]3(OCC2(O)CC2)c2ccc(Cl)cc2)cn1,0.71,9.148741651280925,9.148741651280925,,1,active
CHEMBL6010182,Cn1cc(C(C)(O)c2cc(F)c3c(c2)C(=O)N(Cc2ccc(Cl)cn2)[C@@]3(OCCO)c2ccc(Cl)cc2)cn1,Cn1cc(C(C)(O)c2cc(F)c3c(c2)C(=O)N(Cc2ccc(Cl)cn2)[C@@]3(OCCO)c2ccc(Cl)cc2)cn1,2.1,8.67778070526608,8.67778070526608,,1,active
CHEMBL5864905,Cn1cc(C(C)(O)c2cc(F)c3c(c2)C(=O)N(Cc2ccc(Cl)cn2)[C@@]3(O[C@H]2CCOC2)c2ccc(Cl)cc2)cn1,Cn1cc(C(C)(O)c2cc(F)c3c(c2)C(=O)N(Cc2ccc(Cl)cn2)[C@@]3(O[C@H]2CCOC2)c2ccc(Cl)cc2)cn1,2.6,8.585026652029182,8.585026652029182,,1,active
CHEMBL5863017,Cn1cc(C(C)(O)c2cc(F)c3c(c2)C(=O)N(Cc2ccc(Cl)cn2)[C@@]3(O[C@H]2C[C@@H](O)C2)c2ccc(Cl)cc2)cn1,Cn1cc(C(C)(O)c2cc(F)c3c(c2)C(=O)N(Cc2ccc(Cl)cn2)[C@@]3(O[C@H]2C[C@@H](O)C2)c2ccc(Cl)cc2)cn1,14.1,8.244727494896694,8.244727494896694,,2,active
CHEMBL5755860,Cn1cc(C(C)(O)c2cc(F)c3c(c2)C(=O)N(Cc2ccc(Cl)cn2)[C@@]3(O[C@H]2C[C@H](O)C2)c2ccc(Cl)cc2)cn1,Cn1cc(C(C)(O)c2cc(F)c3c(c2)C(=O)N(Cc2ccc(Cl)cn2)[C@@]3(O[C@H]2C[C@H](O)C2)c2ccc(Cl)cc2)cn1,1.5,8.823908740944319,8.823908740944319,,1,active
CHEMBL5817924,Cn1cc(C(C)(O)c2cc(F)c3c(c2)C(=O)N(Cc2ccc(F)cn2)[C@@]3(OCC2(C(N)=O)CC2)c2ccc(Cl)cc2)cn1,Cn1cc(C(C)(O)c2cc(F)c3c(c2)C(=O)N(Cc2ccc(F)cn2)[C@@]3(OCC2(C(N)=O)CC2)c2ccc(Cl)cc2)cn1,4.1,8.387216143280265,8.387216143280265,,1,active
CHEMBL5872881,Cn1cc(C(C)(O)c2cc(F)c3c(c2)C(=O)N(Cc2ccc(F)cn2)[C@@]3(OCC2(O)CC2)c2ccc(Cl)cc2)cn1,Cn1cc(C(C)(O)c2cc(F)c3c(c2)C(=O)N(Cc2ccc(F)cn2)[C@@]3(OCC2(O)CC2)c2ccc(Cl)cc2)cn1,2.8,8.55284196865778,8.55284196865778,,1,active
CHEMBL5808662,Cn1cc(C(C)(O)c2cc(F)c3c(c2)C(=O)N(Cc2ncc(Cl)cn2)[C@@]3(OCC2(C(N)=O)CC2)c2ccc(Cl)cc2)cn1,Cn1cc(C(C)(O)c2cc(F)c3c(c2)C(=O)N(Cc2ncc(Cl)cn2)[C@@]3(OCC2(C(N)=O)CC2)c2ccc(Cl)cc2)cn1,1.4,8.853871964321762,8.853871964321762,,1,active
CHEMBL5981704,Cn1cc(C(C)(O)c2cc(F)c3c(c2)C(=O)N(Cc2ncc(Cl)cn2)[C@@]3(OCC2(CO)CC2)c2ccc(Cl)cc2)cn1,Cn1cc(C(C)(O)c2cc(F)c3c(c2)C(=O)N(Cc2ncc(Cl)cn2)[C@@]3(OCC2(CO)CC2)c2ccc(Cl)cc2)cn1,2.6,8.585026652029182,8.585026652029182,,1,active
CHEMBL5965970,Cn1cc(C(C)(O)c2cc(F)c3c(c2)C(=O)N(Cc2ncc(Cl)cn2)[C@@]3(OCC2(O)CC2)c2ccc(Cl)cc2)cn1,Cn1cc(C(C)(O)c2cc(F)c3c(c2)C(=O)N(Cc2ncc(Cl)cn2)[C@@]3(OCC2(O)CC2)c2ccc(Cl)cc2)cn1,6.6,8.420818753952375,8.420818753952375,,2,active
CHEMBL5817311,Cn1cc(C(O)(CF)c2ccc3c(c2)C(=O)N(Cc2ccc(C#N)cn2)[C@@]3(O[C@H]2CCOC2)c2ccc(Cl)cc2)cn1,Cn1cc(C(O)(CF)c2ccc3c(c2)C(=O)N(Cc2ccc(C#N)cn2)[C@@]3(O[C@H]2CCOC2)c2ccc(Cl)cc2)cn1,7.7,8.194669918455059,8.194669918455059,,2,active
CHEMBL5879052,Cn1cc(C(O)c2cc(F)c3c(c2)C(=O)N(Cc2ccc(C#N)cn2)[C@@]3(O[C@H]2CCOC2)c2ccc(Cl)cc2)cn1,Cn1cc(C(O)c2cc(F)c3c(c2)C(=O)N(Cc2ccc(C#N)cn2)[C@@]3(O[C@H]2CCOC2)c2ccc(Cl)cc2)cn1,2.35,8.659379381312206,8.659379381312206,,2,active
CHEMBL5774918,Cn1cc(C(O)c2cc(F)c3c(c2)C(=O)N(Cc2ccc(Cl)cn2)[C@@]3(OCC2(C(N)=O)CC2)c2ccc(Cl)cc2)cn1,Cn1cc(C(O)c2cc(F)c3c(c2)C(=O)N(Cc2ccc(Cl)cn2)[C@@]3(OCC2(C(N)=O)CC2)c2ccc(Cl)cc2)cn1,3.55,8.607335082494616,8.607335082494616,,2,active
CHEMBL3649871,Cn1cc(C2CCCN2c2nc3cc(-c4noc(=O)[nH]4)nc(-c4cncc(Cl)c4)c3n2C[C@H]2CC[C@H](C)CC2)cn1,Cn1cc(C2CCCN2c2nc3cc(-c4noc(=O)[nH]4)nc(-c4cncc(Cl)c4)c3n2C[C@H]2CC[C@H](C)CC2)cn1,7.0,8.154901959985743,8.154901959985743,,2,active
CHEMBL3649867,Cn1cc(C2CCCN2c2nc3cc(-c4noc(=O)[nH]4)nc(-c4cncc(Cl)c4)c3n2C[C@H]2CC[C@H](C)CC2)nn1,Cn1cc(C2CCCN2c2nc3cc(-c4noc(=O)[nH]4)nc(-c4cncc(Cl)c4)c3n2C[C@H]2CC[C@H](C)CC2)nn1,13.0,7.886056647693163,7.886056647693163,,2,active
CHEMBL4108550,Cn1cc(N2C(=O)[C@@](C)(CC(=O)O)C[C@H](c3cccc(Cl)c3)[C@H]2c2ccc(Cl)cc2)cn1,Cn1cc(N2C(=O)[C@@](C)(CC(=O)O)C[C@H](c3cccc(Cl)c3)[C@H]2c2ccc(Cl)cc2)cn1,300.0,6.522878745280337,6.522878745280337,,1,active
CHEMBL5850875,Cn1cc([C@@](C)(O)c2cc(F)c3c(c2)C(=O)N(Cc2ccc(Cl)cc2S(C)(=O)=O)[C@@]3(OCC2(C(N)=O)CC2)c2ccc(Cl)cc2)cn1,Cn1cc([C@@](C)(O)c2cc(F)c3c(c2)C(=O)N(Cc2ccc(Cl)cc2S(C)(=O)=O)[C@@]3(OCC2(C(N)=O)CC2)c2ccc(Cl)cc2)cn1,12.0,7.920818753952375,7.920818753952375,,1,active
CHEMBL5810979,Cn1cc([C@@](C)(O)c2cc(F)c3c(c2)C(=O)N(Cc2ccc(Cl)cc2S(C)(=O)=O)[C@@]3(OCC2(O)CC2)c2ccc(Cl)cc2)cn1,Cn1cc([C@@](C)(O)c2cc(F)c3c(c2)C(=O)N(Cc2ccc(Cl)cc2S(C)(=O)=O)[C@@]3(OCC2(O)CC2)c2ccc(Cl)cc2)cn1,73000.0,4.136677139879544,4.136677139879544,,1,inactive
CHEMBL5865562,Cn1cc([C@](C)(O)c2cc(F)c3c(c2)C(=O)N(Cc2ccc(Cl)cc2S(C)(=O)=O)[C@@]3(OCC2(C(N)=O)CC2)c2ccc(Cl)cc2)cn1,Cn1cc([C@](C)(O)c2cc(F)c3c(c2)C(=O)N(Cc2ccc(Cl)cc2S(C)(=O)=O)[C@@]3(OCC2(C(N)=O)CC2)c2ccc(Cl)cc2)cn1,0.5,9.301029995663981,9.301029995663981,,1,active
CHEMBL6012464,Cn1cc([C@](C)(O)c2cc(F)c3c(c2)C(=O)N(Cc2ccc(Cl)cc2S(C)(=O)=O)[C@@]3(OCC2(O)CC2)c2ccc(Cl)cc2)cn1,Cn1cc([C@](C)(O)c2cc(F)c3c(c2)C(=O)N(Cc2ccc(Cl)cc2S(C)(=O)=O)[C@@]3(OCC2(O)CC2)c2ccc(Cl)cc2)cn1,9.5,8.022276394711152,8.022276394711152,,1,active
CHEMBL5811278,Cn1cnc(C(C)(O)c2cc(F)c3c(c2)C(=O)N(Cc2ccc(Cl)cn2)[C@@]3(OCC2(O)CC2)c2ccc(Cl)cc2)c1,Cn1cnc(C(C)(O)c2cc(F)c3c(c2)C(=O)N(Cc2ccc(Cl)cn2)[C@@]3(OCC2(O)CC2)c2ccc(Cl)cc2)c1,3.4,8.57284697909946,8.57284697909946,,2,active
CHEMBL6062271,Cn1cnc(C(C)(O)c2cc(F)c3c(c2)C(=O)N(Cc2ncc(C#N)cn2)[C@@]3(OCC2(F)COC2)c2ccc(Cl)cc2)c1,Cn1cnc(C(C)(O)c2cc(F)c3c(c2)C(=O)N(Cc2ncc(C#N)cn2)[C@@]3(OCC2(F)COC2)c2ccc(Cl)cc2)c1,3.5,8.455931955649724,8.455931955649724,,1,active
CHEMBL5929380,Cn1cnc(C(O)(c2cc(F)c3c(c2)C(=O)N(Cc2ccc(C#N)cn2)[C@@]3(O[C@H]2CCOC2)c2ccc(Cl)cc2)C2CC2)c1,Cn1cnc(C(O)(c2cc(F)c3c(c2)C(=O)N(Cc2ccc(C#N)cn2)[C@@]3(O[C@H]2CCOC2)c2ccc(Cl)cc2)C2CC2)c1,6.15,8.422331981267469,8.422331981267469,,2,active
CHEMBL3649850,Cn1cnc(C2CCCN2c2nc3cc(-c4noc(=O)[nH]4)nc(-c4cncc(Cl)c4)c3n2C[C@H]2CC[C@H](C)CC2)n1,Cn1cnc(C2CCCN2c2nc3cc(-c4noc(=O)[nH]4)nc(-c4cncc(Cl)c4)c3n2C[C@H]2CC[C@H](C)CC2)n1,12.0,7.920818753952375,7.920818753952375,,2,active
CHEMBL3649851,Cn1ncnc1C1CCCN1c1nc2cc(-c3noc(=O)[nH]3)nc(-c3cncc(Cl)c3)c2n1C[C@H]1CC[C@H](C)CC1,Cn1ncnc1C1CCCN1c1nc2cc(-c3noc(=O)[nH]3)nc(-c3cncc(Cl)c3)c2n1C[C@H]1CC[C@H](C)CC1,21.0,7.6777807052660805,7.6777807052660805,,2,active
CHEMBL3260816,Fc1ccc(-c2c(-c3nnn[nH]3)nc(C3CCCCC3)n2-c2cccc(Cl)c2F)cc1Cl,Fc1ccc(-c2c(-c3nnn[nH]3)nc(C3CCCCC3)n2-c2cccc(Cl)c2F)cc1Cl,3.0,8.522878745280337,8.522878745280337,,1,active
CHEMBL5835851,N#CC12CC(CN3[C@H]4CCn5c(nc6cc(C(=O)O)ccc65)[C@H]4[C@H](c4cccc(Cl)c4F)[C@]34C(=O)Nc3cc(Cl)ccc34)(C1)C2,N#CC12CC(CN3[C@H]4CCn5c(nc6cc(C(=O)O)ccc65)[C@H]4[C@H](c4cccc(Cl)c4F)[C@]34C(=O)Nc3cc(Cl)ccc34)(C1)C2,21.0,7.6777807052660805,7.6777807052660805,,1,active
CHEMBL3220101,N#Cc1ccc(-n2c(-c3ccccc3)cc(C=C3C(=O)NC(=O)NC3=O)c2-c2ccccc2)cc1,N#Cc1ccc(-n2c(-c3ccccc3)cc(C=C3C(=O)NC(=O)NC3=O)c2-c2ccccc2)cc1,4700.0,5.327902142064282,5.327902142064282,,1,intermediate
CHEMBL3220102,N#Cc1ccc(-n2c(-c3ccccc3)cc(C=C3C(=O)NC(=S)NC3=O)c2-c2ccccc2)cc1,N#Cc1ccc(-n2c(-c3ccccc3)cc(C=C3C(=O)NC(=S)NC3=O)c2-c2ccccc2)cc1,200.0,6.698970004336019,6.698970004336019,,1,active
CHEMBL3675214,N#Cc1ccc(CN2C(=O)c3c(Cl)cccc3C2(O)c2ccc(Cl)cc2)cc1,N#Cc1ccc(CN2C(=O)c3c(Cl)cccc3C2(O)c2ccc(Cl)cc2)cc1,8950.0,5.048176964684088,5.048176964684088,,1,intermediate
CHEMBL3675213,N#Cc1ccc(CN2C(=O)c3cccc(Cl)c3C2(O)c2ccc(Cl)cc2)cc1,N#Cc1ccc(CN2C(=O)c3cccc(Cl)c3C2(O)c2ccc(Cl)cc2)cc1,1620.0,5.790484985457369,5.790484985457369,,1,intermediate
CHEMBL1834288,N#Cc1ccc(CN2C(=O)c3cccc(Cl)c3C2(OCC2(CO)CC2)c2ccc(Cl)cc2)cc1,N#Cc1ccc(CN2C(=O)c3cccc(Cl)c3C2(OCC2(CO)CC2)c2ccc(Cl)cc2)cc1,185.0,6.732828271596986,6.732828271596986,,1,active
CHEMBL3675224,N#Cc1ccc(CN2C(=O)c3cccc(Cl)c3C2(OCC2(COC(=O)CCC(=O)O)CC2)c2ccc(Cl)cc2)cc1,N#Cc1ccc(CN2C(=O)c3cccc(Cl)c3C2(OCC2(COC(=O)CCC(=O)O)CC2)c2ccc(Cl)cc2)cc1,102.0,6.991399828238082,6.991399828238082,,1,active
CHEMBL1688143,N#Cc1ccc(CN2C(=O)c3ccccc3C2(O)c2ccc(Cl)cc2)cc1,N#Cc1ccc(CN2C(=O)c3ccccc3C2(O)c2ccc(Cl)cc2)cc1,6000.0,5.221848749616356,5.221848749616356,,1,intermediate
CHEMBL1688277,N#Cc1ccc(CN2C(=O)c3ccccc3C2(OCC2(CO)CC2)c2ccc(Cl)cc2)cc1,N#Cc1ccc(CN2C(=O)c3ccccc3C2(OCC2(CO)CC2)c2ccc(Cl)cc2)cc1,1795.0,5.745937231958401,5.745937231958401,,2,intermediate
CHEMBL1688261,N#Cc1ccc(CN2C(=O)c3ccccc3C2(OCCCCO)c2ccc(Cl)cc2)cc1,N#Cc1ccc(CN2C(=O)c3ccccc3C2(OCCCCO)c2ccc(Cl)cc2)cc1,3500.0,5.455931955649724,5.455931955649724,,2,intermediate
CHEMBL3675198,N#Cc1ccc(CN2C(=O)c3ccccc3C2(O[C@H]2C=C[C@@H](O)C2)c2ccc(Cl)cc2)cc1,N#Cc1ccc(CN2C(=O)c3ccccc3C2(O[C@H]2C=C[C@@H](O)C2)c2ccc(Cl)cc2)cc1,2300.0,5.638272163982407,5.638272163982407,,1,intermediate
CHEMBL1688253,N#Cc1ccc(CN2C(=O)c3ccccc3C2(O[C@H]2CC[C@@H](O)C2)c2ccc(Cl)cc2)cc1,N#Cc1ccc(CN2C(=O)c3ccccc3C2(O[C@H]2CC[C@@H](O)C2)c2ccc(Cl)cc2)cc1,2300.0,5.638272163982407,5.638272163982407,,1,intermediate
CHEMBL5956212,N#Cc1ccc(C[C@@H]2O[C@@H](c3cccc(Cl)c3)[C@@H](c3ccc(Cl)cc3)N([C@H](C(=O)O)C3CC3)C2=O)cc1,N#Cc1ccc(C[C@@H]2O[C@@H](c3cccc(Cl)c3)[C@@H](c3ccc(Cl)cc3)N([C@H](C(=O)O)C3CC3)C2=O)cc1,7895.0,5.105520076052075,5.105520076052075,,2,intermediate
CHEMBL5745388,N#Cc1ccc(C[C@H]2O[C@H](c3ccc(Cl)cc3)[C@H](c3ccc(Cl)cc3)N([C@H](C(=O)O)C3CC3)C2=O)cc1,N#Cc1ccc(C[C@H]2O[C@H](c3ccc(Cl)cc3)[C@H](c3ccc(Cl)cc3)N([C@H](C(=O)O)C3CC3)C2=O)cc1,748.0,6.142882075958672,6.142882075958672,,2,active
CHEMBL5851777,N#Cc1ccc2c(c1)NC(=O)[C@]21[C@@H](c2cccc(Cl)c2F)[C@@H]2c3nc4cc(C(=O)O)ccc4n3CC[C@@H]2N1CC1CC1,N#Cc1ccc2c(c1)NC(=O)[C@]21[C@@H](c2cccc(Cl)c2F)[C@@H]2c3nc4cc(C(=O)O)ccc4n3CC[C@@H]2N1CC1CC1,7.0,8.154901959985743,8.154901959985743,,1,active
CHEMBL4169540,N=C(N)Nc1cccc(C(=O)NCC(=O)N[C@@H](CC(=O)O)C(=O)NC(c2ccccc2)c2ccccc2)c1,N=C(N)Nc1cccc(C(=O)NCC(=O)N[C@@H](CC(=O)O)C(=O)NC(c2ccccc2)c2ccccc2)c1,72.0,7.142667503568731,7.142667503568731,,1,active
CHEMBL4167230,N=C(N)Nc1cccc(C(=O)NCC(=O)N[C@@H](CC(=O)O)C(=O)NCCc2c[nH]c3ccccc23)c1,N=C(N)Nc1cccc(C(=O)NCC(=O)N[C@@H](CC(=O)O)C(=O)NCCc2c[nH]c3ccccc23)c1,308.0,6.511449283499555,6.511449283499555,,1,active
CHEMBL4170132,N=C(N)Nc1cccc(C(=O)NCC(=O)N[C@@H](CC(=O)O)C(=O)NCCc2ccc3ccccc3c2)c1,N=C(N)Nc1cccc(C(=O)NCC(=O)N[C@@H](CC(=O)O)C(=O)NCCc2ccc3ccccc3c2)c1,370.0,6.431798275933005,6.431798275933005,,1,active
CHEMBL4164619,N=C(N)Nc1cccc(C(=O)NCC(=O)N[C@@H](CC(=O)O)C(=O)NCCc2ccccc2)c1,N=C(N)Nc1cccc(C(=O)NCC(=O)N[C@@H](CC(=O)O)C(=O)NCCc2ccccc2)c1,437.0,6.359518563029578,6.359518563029578,,1,active
CHEMBL4167167,N=C(N)Nc1cccc(C(=O)NCC(=O)N[C@@H](CC(=O)O)C(=O)NCc2ccc(-c3ccccc3)cc2)c1,N=C(N)Nc1cccc(C(=O)NCC(=O)N[C@@H](CC(=O)O)C(=O)NCc2ccc(-c3ccccc3)cc2)c1,389.0,6.410050398674292,6.410050398674292,,1,active
CHEMBL4173995,N=C(N)Nc1cccc(C(=O)NCC(=O)N[C@@H](CC(=O)O)C(=O)NCc2ccc(Cl)cc2)c1,N=C(N)Nc1cccc(C(=O)NCC(=O)N[C@@H](CC(=O)O)C(=O)NCc2ccc(Cl)cc2)c1,624.0,6.204815410317575,6.204815410317575,,1,active
CHEMBL4166720,N=C(N)Nc1cccc(C(=O)NCC(=O)N[C@@H](CC(=O)O)C(=O)NCc2cccc(-c3ccccc3)c2)c1,N=C(N)Nc1cccc(C(=O)NCC(=O)N[C@@H](CC(=O)O)C(=O)NCc2cccc(-c3ccccc3)c2)c1,333.0,6.47755576649368,6.47755576649368,,1,active
CHEMBL4162220,N=C(N)Nc1cccc(C(=O)NCC(=O)N[C@@H](CC(=O)O)C(=O)Nc2cccc3ccccc23)c1,N=C(N)Nc1cccc(C(=O)NCC(=O)N[C@@H](CC(=O)O)C(=O)Nc2cccc3ccccc23)c1,545.0,6.2636034977233574,6.2636034977233574,,1,active
CHEMBL3220111,NC(=O)C(=Cc1cc(-c2ccccc2)n(-c2ccc(Cl)cc2)c1-c1ccccc1)C(N)=O,NC(=O)C(=Cc1cc(-c2ccccc2)n(-c2ccc(Cl)cc2)c1-c1ccccc1)C(N)=O,2500.0,5.6020599913279625,5.6020599913279625,,1,intermediate
CHEMBL3947579,NC(=O)C[C@@H]1C[C@H](c2cccc(Cl)c2)[C@@H](c2ccc(Cl)cc2)N(CC2CC2)C1=O,NC(=O)C[C@@H]1C[C@H](c2cccc(Cl)c2)[C@@H](c2ccc(Cl)cc2)N(CC2CC2)C1=O,870.0,6.060480747381382,6.060480747381382,,1,active
CHEMBL5804478,NC(=O)C[C@H]1CC(c2cccc(Cl)c2)[C@@H](c2ccc(Cl)cc2)N(CC2CC2)C1=O,NC(=O)C[C@H]1CC(c2cccc(Cl)c2)[C@@H](c2ccc(Cl)cc2)N(CC2CC2)C1=O,1370.0,5.863279432843593,5.863279432843593,,1,intermediate
CHEMBL4102205,NC(=O)c1ccc(NC(=O)[C@@H]2NC3(CCCCC3)[C@@]3(C(=O)Nc4cc(Cl)ccc43)[C@H]2c2cccc(Cl)c2F)cc1,NC(=O)c1ccc(NC(=O)[C@@H]2NC3(CCCCC3)[C@@]3(C(=O)Nc4cc(Cl)ccc43)[C@H]2c2cccc(Cl)c2F)cc1,12.0,7.920818753952375,7.920818753952375,,1,active
CHEMBL5920895,NC(=O)c1ccc2c(c1)nc1n2CC[C@H]2[C@@H]1[C@H](c1cccc(Cl)c1F)[C@]1(C(=O)Nc3cc(Cl)ccc31)N2CC1CC1,NC(=O)c1ccc2c(c1)nc1n2CC[C@H]2[C@@H]1[C@H](c1cccc(Cl)c1F)[C@]1(C(=O)Nc3cc(Cl)ccc31)N2CC1CC1,4.0,8.397940008672037,8.397940008672037,,1,active
CHEMBL5923482,NC(=O)c1ccc2c(c1)nc1n2C[C@H]2[C@@H]1[C@H](c1cccc(Cl)c1F)[C@]1(C(=O)Nc3cc(Cl)ccc31)N2CC1CC1,NC(=O)c1ccc2c(c1)nc1n2C[C@H]2[C@@H]1[C@H](c1cccc(Cl)c1F)[C@]1(C(=O)Nc3cc(Cl)ccc31)N2CC1CC1,3.0,8.522878745280337,8.522878745280337,,1,active
CHEMBL5865388,NC(=O)c1ccc2c3n(nc2c1)[C@@H]1[C@H](CO3)N(CC2CC2)[C@@]2(C(=O)Nc3cc(Cl)ccc32)[C@H]1c1ccnc(Cl)c1F,NC(=O)c1ccc2c3n(nc2c1)[C@@H]1[C@H](CO3)N(CC2CC2)[C@@]2(C(=O)Nc3cc(Cl)ccc32)[C@H]1c1ccnc(Cl)c1F,13.0,7.886056647693163,7.886056647693163,,1,active
CHEMBL5967143,NC(=O)c1ccc2nc3n(c2c1)CC[C@H]1[C@@H]3[C@H](c2cccc(Cl)c2F)[C@]2(C(=O)Nc3cc(Cl)ccc32)N1CC1CC1,NC(=O)c1ccc2nc3n(c2c1)CC[C@H]1[C@@H]3[C@H](c2cccc(Cl)c2F)[C@]2(C(=O)Nc3cc(Cl)ccc32)N1CC1CC1,6.0,8.221848749616356,8.221848749616356,,1,active
CHEMBL6051333,NC(=O)c1ccc2nn3c(c2c1)OC[C@H]1[C@@H]3[C@H](c2cccc(Cl)c2F)[C@]2(C(=O)Nc3cc(Cl)ccc32)N1CC1CC1,NC(=O)c1ccc2nn3c(c2c1)OC[C@H]1[C@@H]3[C@H](c2cccc(Cl)c2F)[C@]2(C(=O)Nc3cc(Cl)ccc32)N1CC1CC1,26.0,7.585026652029182,7.585026652029182,,1,active
CHEMBL3260815,NC(=O)c1nc(C2CCCCC2)n(-c2cccc(Cl)c2F)c1-c1ccc(F)c(Cl)c1,NC(=O)c1nc(C2CCCCC2)n(-c2cccc(Cl)c2F)c1-c1ccc(F)c(Cl)c1,18.0,7.7447274948966935,7.7447274948966935,,1,active
CHEMBL4524063,NCCCCC(CN(C(=O)NCCc1ccc(Br)cc1)C(CCC(=O)O)CN(CCC(N)=O)C(=O)NCCCc1ccc(Br)cc1)N(CC(CCC(=O)O)NC(=O)CCC1CCCCC1)C(=O)NCCCC1CCCCC1,NCCCCC(CN(C(=O)NCCc1ccc(Br)cc1)C(CCC(=O)O)CN(CCC(N)=O)C(=O)NCCCc1ccc(Br)cc1)N(CC(CCC(=O)O)NC(=O)CCC1CCCCC1)C(=O)NCCCC1CCCCC1,2800.0,5.552841968657781,5.552841968657781,,1,intermediate
CHEMBL4524068,NCCCCC(CN(C(=O)NCCc1ccc(Br)cc1)C(CCC(=O)O)CN(CCC(N)=O)C(=O)NCCCc1ccc(Br)cc1)N(CC(CCC(=O)O)NC(=O)Cc1ccccc1)C(=O)NCCCC1CCCCC1,NCCCCC(CN(C(=O)NCCc1ccc(Br)cc1)C(CCC(=O)O)CN(CCC(N)=O)C(=O)NCCCc1ccc(Br)cc1)N(CC(CCC(=O)O)NC(=O)Cc1ccccc1)C(=O)NCCCC1CCCCC1,10500.0,4.978810700930062,4.978810700930062,,1,inactive
CHEMBL4524062,NCCCCC(CN(C(=O)NCCc1ccc(Br)cc1)C(CCC(=O)O)CN(CCC(N)=O)C(=O)NCCCc1ccc(Br)cc1)N(CC(CCC(=O)O)NC(=O)NCC1CCCCC1)C(=O)NCCCC1CCCCC1,NCCCCC(CN(C(=O)NCCc1ccc(Br)cc1)C(CCC(=O)O)CN(CCC(N)=O)C(=O)NCCCc1ccc(Br)cc1)N(CC(CCC(=O)O)NC(=O)NCC1CCCCC1)C(=O)NCCCC1CCCCC1,6600.0,5.180456064458131,5.180456064458131,,1,intermediate
CHEMBL4524093,NCCCCC(CN(C(=O)NCCc1ccc(Br)cc1)C(CCC(=O)O)CN(CCC(N)=O)C(=O)NCCCc1ccc(Br)cc1)N(CC(CCC(=O)O)NC(=O)[C@@H]1CCCN1)C(=O)NCCCC1CCCCC1,NCCCCC(CN(C(=O)NCCc1ccc(Br)cc1)C(CCC(=O)O)CN(CCC(N)=O)C(=O)NCCCc1ccc(Br)cc1)N(CC(CCC(=O)O)NC(=O)[C@@H]1CCCN1)C(=O)NCCCC1CCCCC1,8200.0,5.086186147616283,5.086186147616283,,1,intermediate
CHEMBL4524094,NCCCCC(CN(C(=O)NCCc1ccc(Br)cc1)C(CCC(=O)O)CN(CCC(N)=O)C(=O)NCCCc1ccc(Br)cc1)N(CC(CCC(=O)O)NC(N)=O)C(=O)NCCCC1CCCCC1,NCCCCC(CN(C(=O)NCCc1ccc(Br)cc1)C(CCC(=O)O)CN(CCC(N)=O)C(=O)NCCCc1ccc(Br)cc1)N(CC(CCC(=O)O)NC(N)=O)C(=O)NCCCC1CCCCC1,6400.0,5.1938200260161125,5.1938200260161125,,1,intermediate
CHEMBL593927,NCCCCC(CN(C(=O)NCCc1ccc(Br)cc1)C(CCC(=O)O)CN(CCC(N)=O)C(=O)NCCCc1ccc(Br)cc1)N(CC(CCC(=O)O)NC(N)=O)C(=O)NCCCc1ccc(Br)cc1,NCCCCC(CN(C(=O)NCCc1ccc(Br)cc1)C(CCC(=O)O)CN(CCC(N)=O)C(=O)NCCCc1ccc(Br)cc1)N(CC(CCC(=O)O)NC(N)=O)C(=O)NCCCc1ccc(Br)cc1,8200.0,5.086186147616283,5.086186147616283,,1,intermediate
CHEMBL611624,NCCCCC(CN(C(=O)NCCc1ccc(Br)cc1)C(CCC(=O)O)CN(CCC(N)=O)C(=O)NCCCc1ccc(Br)cc1)N(CC(CCC(=O)O)NC(N)=O)C(=O)NCCCc1ccc([N+](=O)[O-])cc1,NCCCCC(CN(C(=O)NCCc1ccc(Br)cc1)C(CCC(=O)O)CN(CCC(N)=O)C(=O)NCCCc1ccc(Br)cc1)N(CC(CCC(=O)O)NC(N)=O)C(=O)NCCCc1ccc([N+](=O)[O-])cc1,10000.0,5.0,5.0,,1,inactive
CHEMBL593841,NCCCCC(CN(C(=O)NCCc1ccc(Br)cc1)C(CCC(=O)O)CN(CCC(N)=O)C(=O)NCCCc1ccc(Br)cc1)N(CC(CCC(=O)O)NC(N)=O)C(=O)NCCCc1ccccc1,NCCCCC(CN(C(=O)NCCc1ccc(Br)cc1)C(CCC(=O)O)CN(CCC(N)=O)C(=O)NCCCc1ccc(Br)cc1)N(CC(CCC(=O)O)NC(N)=O)C(=O)NCCCc1ccccc1,13000.0,4.886056647693163,4.886056647693163,,1,inactive
CHEMBL3675203,NCCCOC1(c2ccc(Cl)cc2)c2ccccc2C(=O)N1Cc1ccc([N+](=O)[O-])cc1,NCCCOC1(c2ccc(Cl)cc2)c2ccccc2C(=O)N1Cc1ccc([N+](=O)[O-])cc1,2460.0,5.609064892896621,5.609064892896621,,1,intermediate
CHEMBL5888121,NCCNC(=O)c1ccc2c(c1)nc1n2CC[C@H]2[C@@H]1[C@H](c1cccc(Cl)c1F)[C@]1(C(=O)Nc3cc(Cl)ccc31)N2CC1CC1,NCCNC(=O)c1ccc2c(c1)nc1n2CC[C@H]2[C@@H]1[C@H](c1cccc(Cl)c1F)[C@]1(C(=O)Nc3cc(Cl)ccc31)N2CC1CC1,9.0,8.045757490560675,8.045757490560675,,1,active
CHEMBL461462,NCCc1c2c(c3nccc4c3c1Nc1ccccc1-4)OCS2,NCCc1c2c(c3nccc4c3c1Nc1ccccc1-4)OCS2,58600.0,4.23210238398191,4.23210238398191,,1,inactive
CHEMBL5905375,NNC(=O)C[C@H]1CC(c2cccc(Cl)c2)[C@@H](c2ccc(Cl)cc2)N(CC2CC2)C1=O,NNC(=O)C[C@H]1CC(c2cccc(Cl)c2)[C@@H](c2ccc(Cl)cc2)N(CC2CC2)C1=O,3060.0,5.514278573518419,5.514278573518419,,1,intermediate
CHEMBL4064261,NS(=O)(=O)c1ccc(NC(=O)[C@@H]2NC3(CCCCC3)[C@@]3(C(=O)Nc4cc(Cl)ccc43)[C@H]2c2cccc(Cl)c2F)cc1,NS(=O)(=O)c1ccc(NC(=O)[C@@H]2NC3(CCCCC3)[C@@]3(C(=O)Nc4cc(Cl)ccc43)[C@H]2c2cccc(Cl)c2F)cc1,256.0,6.59176003468815,6.59176003468815,,1,active
CHEMBL427042,Nc1cc(C2(N3C(=O)c4cc(I)ccc4N(CCN4CCOCC4)C(=O)[C@@H]3c3ccc(Cl)cc3)CC2)ccc1Cl,Nc1cc(C2(N3C(=O)c4cc(I)ccc4N(CCN4CCOCC4)C(=O)[C@@H]3c3ccc(Cl)cc3)CC2)ccc1Cl,25000.0,4.6020599913279625,4.6020599913279625,,1,inactive
CHEMBL208554,Nc1cc(Cl)ccc1CN1C(=O)c2cc(I)ccc2N(CCCCC(=O)O)C(=O)[C@@H]1c1ccc(Cl)cc1,Nc1cc(Cl)ccc1CN1C(=O)c2cc(I)ccc2N(CCCCC(=O)O)C(=O)[C@@H]1c1ccc(Cl)cc1,810.0,6.09151498112135,6.09151498112135,,1,active
CHEMBL380178,Nc1cc(Cl)ccc1CN1C(=O)c2cc(I)ccc2N(CCCN2CCOCC2)C(=O)[C@@H]1c1ccc(Cl)cc1,Nc1cc(Cl)ccc1CN1C(=O)c2cc(I)ccc2N(CCCN2CCOCC2)C(=O)[C@@H]1c1ccc(Cl)cc1,3600.0,5.443697499232712,5.443697499232712,,1,intermediate
CHEMBL1688151,Nc1ccc(CCN2C(=O)c3ccccc3C2(O)c2ccc(Cl)cc2)cc1,Nc1ccc(CCN2C(=O)c3ccccc3C2(O)c2ccc(Cl)cc2)cc1,6200.0,5.207608310501746,5.207608310501746,,1,intermediate
CHEMBL4073512,Nc1ccc(C[C@H](NC(=O)CC(c2ccccc2)c2ccccc2)C(=O)O)cc1,Nc1ccc(C[C@H](NC(=O)CC(c2ccccc2)c2ccccc2)C(=O)O)cc1,50.3,7.298432014944073,7.298432014944073,,1,active
CHEMBL5828752,Nc1ccc2c(c1)nc1n2CC[C@H]2[C@@H]1[C@H](c1cccc(Cl)c1F)[C@]1(C(=O)Nc3cc(Cl)ccc31)N2CC1CC1,Nc1ccc2c(c1)nc1n2CC[C@H]2[C@@H]1[C@H](c1cccc(Cl)c1F)[C@]1(C(=O)Nc3cc(Cl)ccc31)N2CC1CC1,27.0,7.568636235841012,7.568636235841012,,1,active
CHEMBL803,Nc1ccn([C@@H]2O[C@H](CO)[C@@H](O)[C@@H]2O)c(=O)n1,Nc1ccn([C@@H]2O[C@H](CO)[C@@H](O)[C@@H]2O)c(=O)n1,20.0,7.698970004336019,7.698970004336019,,1,active
CHEMBL3260821,Nc1nnc(-c2nc(C3CCCCC3)n(-c3c(CC(=O)NC4CCCCC4)ccc(Cl)c3F)c2-c2ccc(F)c(Cl)c2)o1,Nc1nnc(-c2nc(C3CCCCC3)n(-c3c(CC(=O)NC4CCCCC4)ccc(Cl)c3F)c2-c2ccc(F)c(Cl)c2)o1,2.0,8.698970004336019,8.698970004336019,,1,active
CHEMBL3260820,Nc1nnc(-c2nc(C3CCCCC3)n(-c3c(CC(=O)Nc4ccccc4)ccc(Cl)c3F)c2-c2ccc(F)c(Cl)c2)o1,Nc1nnc(-c2nc(C3CCCCC3)n(-c3c(CC(=O)Nc4ccccc4)ccc(Cl)c3F)c2-c2ccc(F)c(Cl)c2)o1,6.0,8.221848749616356,8.221848749616356,,1,active
CHEMBL3260818,Nc1nnc(-c2nc(C3CCCCC3)n(-c3cccc(Cl)c3F)c2-c2ccc(F)c(Cl)c2)o1,Nc1nnc(-c2nc(C3CCCCC3)n(-c3cccc(Cl)c3F)c2-c2ccc(F)c(Cl)c2)o1,6.0,8.221848749616356,8.221848749616356,,1,active
CHEMBL4065471,O=C(CC(c1ccccc1)(c1ccccc1)c1ccccc1)N[C@@H](Cc1ccc(OCCCNc2ccccn2)cc1)C(=O)O,O=C(CC(c1ccccc1)(c1ccccc1)c1ccccc1)N[C@@H](Cc1ccc(OCCCNc2ccccn2)cc1)C(=O)O,93.7,7.028260409112222,7.028260409112222,,1,active
CHEMBL4095042,O=C(CC(c1ccccc1)c1ccccc1)N[C@@H](Cc1ccc(Cl)cc1)C(=O)O,O=C(CC(c1ccccc1)c1ccccc1)N[C@@H](Cc1ccc(Cl)cc1)C(=O)O,65.3,7.185086818724926,7.185086818724926,,1,active
CHEMBL4084848,O=C(CC(c1ccccc1)c1ccccc1)N[C@@H](Cc1ccc(O)cc1)C(=O)O,O=C(CC(c1ccccc1)c1ccccc1)N[C@@H](Cc1ccc(O)cc1)C(=O)O,23.4,7.6307841425898575,7.6307841425898575,,1,active
CHEMBL4095983,O=C(CC(c1ccccc1)c1ccccc1)N[C@@H](Cc1ccc(OCCCNc2ccccn2)cc1)C(=O)O,O=C(CC(c1ccccc1)c1ccccc1)N[C@@H](Cc1ccc(OCCCNc2ccccn2)cc1)C(=O)O,7.925,8.101020178131403,8.101020178131403,,2,active
CHEMBL4064911,O=C(CC(c1ccccc1)c1ccccc1)N[C@@H](Cc1ccc(OCc2ccccc2)cc1)C(=O)O,O=C(CC(c1ccccc1)c1ccccc1)N[C@@H](Cc1ccc(OCc2ccccc2)cc1)C(=O)O,9.2,8.036212172654444,8.036212172654444,,1,active
CHEMBL4100348,O=C(CC(c1ccccc1)c1ccccc1)N[C@@H](Cc1ccc([N+](=O)[O-])cc1)C(=O)O,O=C(CC(c1ccccc1)c1ccccc1)N[C@@H](Cc1ccc([N+](=O)[O-])cc1)C(=O)O,13.8,7.860120913598763,7.860120913598763,,1,active
CHEMBL4074577,O=C(CC(c1ccccc1)c1ccccc1)N[C@@H](Cc1ccccc1)C(=O)O,O=C(CC(c1ccccc1)c1ccccc1)N[C@@H](Cc1ccccc1)C(=O)O,43.0,7.366531544420414,7.366531544420414,,1,active
CHEMBL4102803,O=C(CC(c1ccccc1)c1ccccc1)N[C@H](Cc1ccc(O)cc1)C(=O)O,O=C(CC(c1ccccc1)c1ccccc1)N[C@H](Cc1ccc(O)cc1)C(=O)O,9.6,8.017728766960431,8.017728766960431,,1,active
CHEMBL4109441,O=C(C[C@H]1C[C@H](c2cccc(Cl)c2)[C@@H](c2ccc(Cl)cc2)N(CC2CC2)C1=O)NO,O=C(C[C@H]1C[C@H](c2cccc(Cl)c2)[C@@H](c2ccc(Cl)cc2)N(CC2CC2)C1=O)NO,1700.0,5.769551078621726,5.769551078621726,,1,intermediate
CHEMBL5784217,O=C(NC(CO)(CO)CO)c1ccc2c(c1)nc1n2CC[C@H]2[C@@H]1[C@H](c1cccc(Cl)c1F)[C@]1(C(=O)Nc3cc(Cl)ccc31)N2CC1CC1,O=C(NC(CO)(CO)CO)c1ccc2c(c1)nc1n2CC[C@H]2[C@@H]1[C@H](c1cccc(Cl)c1F)[C@]1(C(=O)Nc3cc(Cl)ccc31)N2CC1CC1,6.0,8.221848749616356,8.221848749616356,,1,active
CHEMBL5839050,O=C(NC(CO)CO)c1ccc2c(c1)nc1n2CC[C@H]2[C@@H]1[C@H](c1cccc(Cl)c1F)[C@]1(C(=O)Nc3cc(Cl)ccc31)N2CC1CC1,O=C(NC(CO)CO)c1ccc2c(c1)nc1n2CC[C@H]2[C@@H]1[C@H](c1cccc(Cl)c1F)[C@]1(C(=O)Nc3cc(Cl)ccc31)N2CC1CC1,3.0,8.522878745280337,8.522878745280337,,1,active
CHEMBL4093562,O=C(NC12CC(C(=O)O)(C1)C2)[C@@H]1NC2(CCCCC2)[C@@]2(C(=O)Nc3cc(Cl)ccc32)[C@H]1c1cccc(Cl)c1F,O=C(NC12CC(C(=O)O)(C1)C2)[C@@H]1NC2(CCCCC2)[C@@]2(C(=O)Nc3cc(Cl)ccc32)[C@H]1c1cccc(Cl)c1F,6.4,8.193820026016112,8.193820026016112,,1,active
CHEMBL4071840,O=C(NC12CCC(C(=O)O)(CC1)CC2)[C@@H]1NC2(CCC(F)(F)CC2)[C@@]2(C(=O)Nc3cc(Cl)ccc32)[C@H]1c1cccc(Cl)c1F,O=C(NC12CCC(C(=O)O)(CC1)CC2)[C@@H]1NC2(CCC(F)(F)CC2)[C@@]2(C(=O)Nc3cc(Cl)ccc32)[C@H]1c1cccc(Cl)c1F,11.5,7.939302159646388,7.939302159646388,,1,active
CHEMBL4072857,O=C(NC12CCC(C(=O)O)(CC1)CC2)[C@@H]1NC2(CCCCC2)[C@@]2(C(=O)Nc3cc(Cl)ccc32)[C@H]1c1cccc(Cl)c1F,O=C(NC12CCC(C(=O)O)(CC1)CC2)[C@@H]1NC2(CCCCC2)[C@@]2(C(=O)Nc3cc(Cl)ccc32)[C@H]1c1cccc(Cl)c1F,3.7,8.431798275933005,8.431798275933005,,1,active
CHEMBL5986966,O=C(NC1CC1)c1ccc2c(c1)nc1n2CC[C@H]2[C@@H]1[C@H](c1cccc(Cl)c1F)[C@]1(C(=O)Nc3cc(Cl)ccc31)N2CC1CC1,O=C(NC1CC1)c1ccc2c(c1)nc1n2CC[C@H]2[C@@H]1[C@H](c1cccc(Cl)c1F)[C@]1(C(=O)Nc3cc(Cl)ccc31)N2CC1CC1,5.0,8.301029995663981,8.301029995663981,,1,active
CHEMBL5990589,O=C(NC1CC1)c1ccc2c3n(nc2c1)[C@@H]1[C@H](C3)N(CC2CCC2)[C@@]2(C(=O)Nc3cc(Cl)ccc32)[C@H]1c1cccc(Cl)c1F,O=C(NC1CC1)c1ccc2c3n(nc2c1)[C@@H]1[C@H](C3)N(CC2CCC2)[C@@]2(C(=O)Nc3cc(Cl)ccc32)[C@H]1c1cccc(Cl)c1F,9.0,8.045757490560675,8.045757490560675,,1,active
CHEMBL3895325,O=C(NC1CCC(O)CC1)[C@@H]1NC2(CCCC2)[C@@]2(C(=O)Nc3cc(Cl)ccc32)[C@H]1c1cccc(Cl)c1F,O=C(NC1CCC(O)CC1)[C@@H]1NC2(CCCC2)[C@@]2(C(=O)Nc3cc(Cl)ccc32)[C@H]1c1cccc(Cl)c1F,41.8,7.3788237182249645,7.3788237182249645,,1,active
CHEMBL3960776,O=C(NC1CCC(O)CC1)[C@@H]1NC2(CCCCCC2)[C@@]2(C(=O)Nc3cc(Cl)ccc32)[C@H]1c1cccc(Cl)c1F,O=C(NC1CCC(O)CC1)[C@@H]1NC2(CCCCCC2)[C@@]2(C(=O)Nc3cc(Cl)ccc32)[C@H]1c1cccc(Cl)c1F,15.6,7.806875401645538,7.806875401645538,,1,active
CHEMBL4099868,O=C(NC1CCS(=O)(=O)CC1)[C@@H]1NC2(CCCCC2)[C@@]2(C(=O)Nc3cc(Cl)ccc32)[C@H]1c1cccc(Cl)c1F,O=C(NC1CCS(=O)(=O)CC1)[C@@H]1NC2(CCCCC2)[C@@]2(C(=O)Nc3cc(Cl)ccc32)[C@H]1c1cccc(Cl)c1F,20.7,7.684029654543082,7.684029654543082,,1,active
CHEMBL5860456,O=C(NC1COCC1O)c1ccc2c(c1)nc1n2CC[C@H]2[C@@H]1[C@H](c1cccc(Cl)c1F)[C@]1(C(=O)Nc3cc(Cl)ccc31)N2CC1CC1,O=C(NC1COCC1O)c1ccc2c(c1)nc1n2CC[C@H]2[C@@H]1[C@H](c1cccc(Cl)c1F)[C@]1(C(=O)Nc3cc(Cl)ccc31)N2CC1CC1,4.0,8.397940008672037,8.397940008672037,,1,active
CHEMBL3355420,O=C(NCCN1CCOCC1)[C@@H]1NC2(CCC2)[C@@]2(C(=O)Nc3cc(Cl)ccc32)[C@H]1c1cccc(Cl)c1F,O=C(NCCN1CCOCC1)[C@@H]1NC2(CCC2)[C@@]2(C(=O)Nc3cc(Cl)ccc32)[C@H]1c1cccc(Cl)c1F,589.0,6.229884705212898,6.229884705212898,,1,active
CHEMBL3355419,O=C(NCCN1CCOCC1)[C@@H]1NC2(CCC2)[C@]2(C(=O)Nc3cc(Cl)ccc32)[C@H]1c1cccc(Cl)c1F,O=C(NCCN1CCOCC1)[C@@H]1NC2(CCC2)[C@]2(C(=O)Nc3cc(Cl)ccc32)[C@H]1c1cccc(Cl)c1F,9516.0,5.021545566634771,5.021545566634771,,1,intermediate
CHEMBL3355421,O=C(NCCN1CCOCC1)[C@@H]1NC2(CCCCC2)[C@@]2(C(=O)Nc3cc(Cl)ccc32)[C@H]1c1cccc(Cl)c1F,O=C(NCCN1CCOCC1)[C@@H]1NC2(CCCCC2)[C@@]2(C(=O)Nc3cc(Cl)ccc32)[C@H]1c1cccc(Cl)c1F,21.0,7.6777807052660805,7.6777807052660805,,1,active
CHEMBL3220113,O=C(NCCO)C(=Cc1cc(-c2ccccc2)n(-c2ccc(Cl)cc2)c1-c1ccccc1)C(=O)NCCO,O=C(NCCO)C(=Cc1cc(-c2ccccc2)n(-c2ccc(Cl)cc2)c1-c1ccccc1)C(=O)NCCO,15000.0,4.823908740944319,4.823908740944319,,1,inactive
CHEMBL382422,O=C(NCCO)[C@H](c1ccc(Cl)cc1)N1C(=O)c2cc(I)ccc2NC(=O)[C@@H]1c1ccc(Cl)cc1,O=C(NCCO)[C@H](c1ccc(Cl)cc1)N1C(=O)c2cc(I)ccc2NC(=O)[C@@H]1c1ccc(Cl)cc1,2120.0,5.673664139071249,5.673664139071249,,1,intermediate
CHEMBL5978664,O=C(NCCO)c1ccc2c(c1)nc1n2CC[C@H]2[C@@H]1[C@H](c1cccc(Cl)c1F)[C@]1(C(=O)Nc3cc(Cl)ccc31)N2CC1CC1,O=C(NCCO)c1ccc2c(c1)nc1n2CC[C@H]2[C@@H]1[C@H](c1cccc(Cl)c1F)[C@]1(C(=O)Nc3cc(Cl)ccc31)N2CC1CC1,4.0,8.397940008672037,8.397940008672037,,1,active
CHEMBL3355424,O=C(NCC[C@H](O)CO)[C@@H]1NC2(CCC2)[C@@]2(C(=O)Nc3cc(Cl)ccc32)[C@H]1c1cccc(Cl)c1F,O=C(NCC[C@H](O)CO)[C@@H]1NC2(CCC2)[C@@]2(C(=O)Nc3cc(Cl)ccc32)[C@H]1c1cccc(Cl)c1F,494.0,6.306273051076353,6.306273051076353,,1,active
CHEMBL3355423,O=C(NCC[C@H](O)CO)[C@@H]1NC2(CCC2)[C@]2(C(=O)Nc3cc(Cl)ccc32)[C@H]1c1cccc(Cl)c1F,O=C(NCC[C@H](O)CO)[C@@H]1NC2(CCC2)[C@]2(C(=O)Nc3cc(Cl)ccc32)[C@H]1c1cccc(Cl)c1F,9058.0,5.042967683653062,5.042967683653062,,1,intermediate
CHEMBL3355425,O=C(NCC[C@H](O)CO)[C@@H]1NC2(CCCCC2)[C@@]2(C(=O)Nc3cc(Cl)ccc32)[C@H]1c1cccc(Cl)c1F,O=C(NCC[C@H](O)CO)[C@@H]1NC2(CCCCC2)[C@@]2(C(=O)Nc3cc(Cl)ccc32)[C@H]1c1cccc(Cl)c1F,30.0,7.522878745280337,7.522878745280337,,1,active
CHEMBL4072993,O=C(NC[C@H]1CC[C@H](C(=O)O)CC1)[C@@H]1NC2(CCCCC2)[C@@]2(C(=O)Nc3cc(Cl)ccc32)[C@H]1c1cccc(Cl)c1F,O=C(NC[C@H]1CC[C@H](C(=O)O)CC1)[C@@H]1NC2(CCCCC2)[C@@]2(C(=O)Nc3cc(Cl)ccc32)[C@H]1c1cccc(Cl)c1F,17.3,7.761953896871205,7.761953896871205,,1,active
CHEMBL5997376,O=C(NO)c1ccc2c(c1)nc1n2CC[C@H]2[C@@H]1[C@H](c1cccc(Cl)c1F)[C@]1(C(=O)Nc3cc(Cl)ccc31)N2CC1CC1,O=C(NO)c1ccc2c(c1)nc1n2CC[C@H]2[C@@H]1[C@H](c1cccc(Cl)c1F)[C@]1(C(=O)Nc3cc(Cl)ccc31)N2CC1CC1,4.0,8.397940008672037,8.397940008672037,,1,active
CHEMBL3627746,O=C(N[C@@H](CCCn1cc(-c2ccc(Br)cc2)nn1)C(=O)O)OCC1c2ccccc2-c2ccccc21,O=C(N[C@@H](CCCn1cc(-c2ccc(Br)cc2)nn1)C(=O)O)OCC1c2ccccc2-c2ccccc21,5510.0,5.2588484011482155,5.2588484011482155,,1,intermediate
CHEMBL3627744,O=C(N[C@@H](CCCn1cc(-c2ccc(C(F)(F)F)cc2)nn1)C(=O)O)OCC1c2ccccc2-c2ccccc21,O=C(N[C@@H](CCCn1cc(-c2ccc(C(F)(F)F)cc2)nn1)C(=O)O)OCC1c2ccccc2-c2ccccc21,49800.0,4.302770657240282,4.302770657240282,,1,inactive
CHEMBL3627747,O=C(N[C@@H](CCCn1cc(-c2ccc(I)cc2)nn1)C(=O)O)OCC1c2ccccc2-c2ccccc21,O=C(N[C@@H](CCCn1cc(-c2ccc(I)cc2)nn1)C(=O)O)OCC1c2ccccc2-c2ccccc21,2900.0,5.537602002101044,5.537602002101044,,1,intermediate
CHEMBL4092120,O=C(N[C@H]1CC[C@@H](C(=O)O)CC1)[C@@H]1NC2(CCCCC2)[C@@]2(C(=O)Nc3cc(Cl)ccc32)[C@H]1c1cccc(Cl)c1F,O=C(N[C@H]1CC[C@@H](C(=O)O)CC1)[C@@H]1NC2(CCCCC2)[C@@]2(C(=O)Nc3cc(Cl)ccc32)[C@H]1c1cccc(Cl)c1F,20.4,7.690369832574101,7.690369832574101,,1,active
CHEMBL4064410,O=C(N[C@H]1CC[C@H](C(=O)O)CC1)[C@@H]1NC2(CCCCC2)[C@@]2(C(=O)Nc3cc(Cl)ccc32)[C@H]1c1cccc(Cl)c1F,O=C(N[C@H]1CC[C@H](C(=O)O)CC1)[C@@H]1NC2(CCCCC2)[C@@]2(C(=O)Nc3cc(Cl)ccc32)[C@H]1c1cccc(Cl)c1F,4.4,8.356547323513812,8.356547323513812,,1,active
CHEMBL4062028,O=C(N[C@H]1CC[C@H](O)CC1)[C@@H]1NC2(CCC(F)(F)CC2)[C@@]2(C(=O)Nc3cc(Cl)ccc32)[C@H]1c1cccc(Cl)c1F,O=C(N[C@H]1CC[C@H](O)CC1)[C@@H]1NC2(CCC(F)(F)CC2)[C@@]2(C(=O)Nc3cc(Cl)ccc32)[C@H]1c1cccc(Cl)c1F,41.0,7.3872161432802645,7.3872161432802645,,1,active
CHEMBL3355414,O=C(N[C@H]1CC[C@H](O)CC1)[C@@H]1NC2(CCC2)[C@@]2(C(=O)Nc3cc(Cl)ccc32)[C@H]1c1cccc(Cl)c1F,O=C(N[C@H]1CC[C@H](O)CC1)[C@@H]1NC2(CCC2)[C@@]2(C(=O)Nc3cc(Cl)ccc32)[C@H]1c1cccc(Cl)c1F,149.0,6.826813731587726,6.826813731587726,,2,active
CHEMBL3355413,O=C(N[C@H]1CC[C@H](O)CC1)[C@@H]1NC2(CCC2)[C@]2(C(=O)Nc3cc(Cl)ccc32)[C@H]1c1cccc(Cl)c1F,O=C(N[C@H]1CC[C@H](O)CC1)[C@@H]1NC2(CCC2)[C@]2(C(=O)Nc3cc(Cl)ccc32)[C@H]1c1cccc(Cl)c1F,1719.0,5.764724123312948,5.764724123312948,,1,intermediate
CHEMBL3355415,O=C(N[C@H]1CC[C@H](O)CC1)[C@@H]1NC2(CCCC2)[C@@]2(C(=O)Nc3cc(Cl)ccc32)[C@H]1c1cccc(Cl)c1F,O=C(N[C@H]1CC[C@H](O)CC1)[C@@H]1NC2(CCCC2)[C@@]2(C(=O)Nc3cc(Cl)ccc32)[C@H]1c1cccc(Cl)c1F,35.0,7.455931955649724,7.455931955649724,,1,active
CHEMBL3355416,O=C(N[C@H]1CC[C@H](O)CC1)[C@@H]1NC2(CCCCC2)[C@@]2(C(=O)Nc3cc(Cl)ccc32)[C@H]1c1cccc(Cl)c1F,O=C(N[C@H]1CC[C@H](O)CC1)[C@@H]1NC2(CCCCC2)[C@@]2(C(=O)Nc3cc(Cl)ccc32)[C@H]1c1cccc(Cl)c1F,17.2,7.764471553092451,7.764471553092451,,1,active
CHEMBL3693987,O=C(N[C@H]1CC[C@H](O)CC1)[C@@H]1NC2(CCCCC2)[C@@]2(C(=O)Nc3cc(Cl)ccc32)[C@H]1c1cncc(Cl)c1,O=C(N[C@H]1CC[C@H](O)CC1)[C@@H]1NC2(CCCCC2)[C@@]2(C(=O)Nc3cc(Cl)ccc32)[C@H]1c1cncc(Cl)c1,260.0,6.585026652029182,6.585026652029182,,1,active
CHEMBL4102664,O=C(N[C@H]1CC[C@H](O)CC1)[C@@H]1NC2(CCCCC2)[C@@]2(C(=O)Nc3cc(Cl)ncc32)[C@H]1c1cccc(Cl)c1F,O=C(N[C@H]1CC[C@H](O)CC1)[C@@H]1NC2(CCCCC2)[C@@]2(C(=O)Nc3cc(Cl)ncc32)[C@H]1c1cccc(Cl)c1F,52.6,7.279014255846261,7.279014255846261,,1,active
CHEMBL4093145,O=C(N[C@H]1CC[C@H](O)CC1)[C@@H]1NC2(CCCCC2)[C@@]2(C(=O)Nc3cc(Cl)sc32)[C@H]1c1cccc(Cl)c1F,O=C(N[C@H]1CC[C@H](O)CC1)[C@@H]1NC2(CCCCC2)[C@@]2(C(=O)Nc3cc(Cl)sc32)[C@H]1c1cccc(Cl)c1F,31.2,7.505845405981557,7.505845405981557,,1,active
CHEMBL4084744,O=C(N[C@H]1CC[C@H](O)CC1)[C@@H]1NC2(CCCCC2)[C@@]2(C(=O)Nc3nc(Cl)ccc32)[C@H]1c1cccc(Cl)c1F,O=C(N[C@H]1CC[C@H](O)CC1)[C@@H]1NC2(CCCCC2)[C@@]2(C(=O)Nc3nc(Cl)ccc32)[C@H]1c1cccc(Cl)c1F,51.4,7.289036881004725,7.289036881004725,,1,active
CHEMBL4072394,O=C(N[C@H]1CC[C@H](O)CC1)[C@@H]1NC2(CCCCC2)[C@@]2(C(=O)Nc3nc(Cl)ncc32)[C@H]1c1cccc(Cl)c1F,O=C(N[C@H]1CC[C@H](O)CC1)[C@@H]1NC2(CCCCC2)[C@@]2(C(=O)Nc3nc(Cl)ncc32)[C@H]1c1cccc(Cl)c1F,56.8,7.245651664288982,7.245651664288982,,1,active
CHEMBL3355417,O=C(N[C@H]1CC[C@H](O)CC1)[C@@H]1NC2(CCCCCC2)[C@@]2(C(=O)Nc3cc(Cl)ccc32)[C@H]1c1cccc(Cl)c1F,O=C(N[C@H]1CC[C@H](O)CC1)[C@@H]1NC2(CCCCCC2)[C@@]2(C(=O)Nc3cc(Cl)ccc32)[C@H]1c1cccc(Cl)c1F,15.6,7.806875401645538,7.806875401645538,,1,active
CHEMBL4083764,O=C(N[C@H]1CC[C@H](O)CC1)[C@@H]1NC2(CCOCC2)[C@@]2(C(=O)Nc3cc(Cl)ccc32)[C@H]1c1cccc(Cl)c1F,O=C(N[C@H]1CC[C@H](O)CC1)[C@@H]1NC2(CCOCC2)[C@@]2(C(=O)Nc3cc(Cl)ccc32)[C@H]1c1cccc(Cl)c1F,282.0,6.549750891680639,6.549750891680639,,1,active
CHEMBL4084366,O=C(N[C@H]1C[C@H](C(=O)O)C1)[C@@H]1NC2(CCCCC2)[C@@]2(C(=O)Nc3cc(Cl)ccc32)[C@H]1c1cccc(Cl)c1F,O=C(N[C@H]1C[C@H](C(=O)O)C1)[C@@H]1NC2(CCCCC2)[C@@]2(C(=O)Nc3cc(Cl)ccc32)[C@H]1c1cccc(Cl)c1F,7.0,8.154901959985743,8.154901959985743,,1,active
CHEMBL5591432,O=C(Nc1cccc(-n2ccc(-c3ccccc3)n2)c1)C1=NN(c2ccc(Cl)cc2)[C@]2(C(=O)Nc3cc(Cl)ccc32)[C@H]1c1cccc(O)c1,O=C(Nc1cccc(-n2ccc(-c3ccccc3)n2)c1)C1=NN(c2ccc(Cl)cc2)[C@]2(C(=O)Nc3cc(Cl)ccc32)[C@H]1c1cccc(O)c1,30.0,7.522878745280337,7.522878745280337,,1,active
CHEMBL5583623,O=C(Nc1cccc(-n2cccn2)c1)C1=NN(c2ccc(Cl)cc2)[C@]2(C(=O)Nc3cc(Cl)ccc32)[C@H]1c1cccc(O)c1,O=C(Nc1cccc(-n2cccn2)c1)C1=NN(c2ccc(Cl)cc2)[C@]2(C(=O)Nc3cc(Cl)ccc32)[C@H]1c1cccc(O)c1,40.0,7.3979400086720375,7.3979400086720375,,1,active
CHEMBL3220114,O=C(O)/C=C/c1cc(-c2ccccc2)n(-c2ccc(Cl)cc2)c1-c1ccccc1,O=C(O)/C=C/c1cc(-c2ccccc2)n(-c2ccc(Cl)cc2)c1-c1ccccc1,17000.0,4.769551078621726,4.769551078621726,,1,inactive
CHEMBL208020,O=C(O)C(c1ccc(Cl)cc1)N1C(=O)c2cc(I)ccc2N(Cc2ccncc2)C(=O)C1c1ccc(Cl)cc1,O=C(O)C(c1ccc(Cl)cc1)N1C(=O)c2cc(I)ccc2N(Cc2ccncc2)C(=O)C1c1ccc(Cl)cc1,4350.0,5.361510743045363,5.361510743045363,,1,intermediate
CHEMBL425528,O=C(O)C(c1ccccc1)N(Cc1ccc(C(F)(F)F)cc1)C(=O)c1cccc(I)c1,O=C(O)C(c1ccccc1)N(Cc1ccc(C(F)(F)F)cc1)C(=O)c1cccc(I)c1,15000.0,4.823908740944319,4.823908740944319,,1,inactive
CHEMBL5964980,O=C(O)C1(c2ccc3c(c2)nc2n3CC[C@H]3[C@@H]2[C@H](c2cccc(Cl)c2F)[C@]2(C(=O)Nc4cc(Cl)ccc42)N3CC2CC2)CC1,O=C(O)C1(c2ccc3c(c2)nc2n3CC[C@H]3[C@@H]2[C@H](c2cccc(Cl)c2F)[C@]2(C(=O)Nc4cc(Cl)ccc42)N3CC2CC2)CC1,28.0,7.552841968657781,7.552841968657781,,1,active
CHEMBL3675225,O=C(O)CCC(=O)OCC1(COC2(c3ccc(Cl)cc3)c3c(Cl)cccc3C(=O)N2Cc2ccc(Br)cc2)CC1,O=C(O)CCC(=O)OCC1(COC2(c3ccc(Cl)cc3)c3c(Cl)cccc3C(=O)N2Cc2ccc(Br)cc2)CC1,102.0,6.991399828238082,6.991399828238082,,1,active
CHEMBL3675223,O=C(O)CCC(=O)OCC1(COC2(c3ccc(Cl)cc3)c3c(Cl)cccc3C(=O)N2Cc2ccc([N+](=O)[O-])cc2)CC1,O=C(O)CCC(=O)OCC1(COC2(c3ccc(Cl)cc3)c3c(Cl)cccc3C(=O)N2Cc2ccc([N+](=O)[O-])cc2)CC1,19.0,7.721246399047171,7.721246399047171,,1,active
CHEMBL209169,O=C(O)CCCCN1C(=O)C(c2ccc(Cl)cc2)N(C(C(=O)O)c2ccc(Cl)cc2)C(=O)c2cc(I)ccc21,O=C(O)CCCCN1C(=O)C(c2ccc(Cl)cc2)N(C(C(=O)O)c2ccc(Cl)cc2)C(=O)c2cc(I)ccc21,19255.0,5.356323113642627,5.356323113642627,,2,inactive
CHEMBL208007,O=C(O)CCCCN1C(=O)[C@H](c2ccc(Cl)cc2)N(C(c2ccc(Cl)cc2)C2CC2)C(=O)c2cc(I)ccc21,O=C(O)CCCCN1C(=O)[C@H](c2ccc(Cl)cc2)N(C(c2ccc(Cl)cc2)C2CC2)C(=O)c2cc(I)ccc21,2150.0,5.667561540084394,5.667561540084394,,1,intermediate
CHEMBL377524,O=C(O)CCCCN1C(=O)[C@H](c2ccc(Cl)cc2)N(Cc2ccc(Cl)cc2)C(=O)c2cc(I)ccc21,O=C(O)CCCCN1C(=O)[C@H](c2ccc(Cl)cc2)N(Cc2ccc(Cl)cc2)C(=O)c2cc(I)ccc21,13000.0,4.886056647693163,4.886056647693163,,3,inactive
CHEMBL426321,O=C(O)CCCCNC(=O)[C@H](c1ccc(Cl)cc1)N1C(=O)c2cc(I)ccc2NC(=O)[C@@H]1c1ccc(Cl)cc1,O=C(O)CCCCNC(=O)[C@H](c1ccc(Cl)cc1)N1C(=O)c2cc(I)ccc2NC(=O)[C@@H]1c1ccc(Cl)cc1,31000.0,4.508638306165727,4.508638306165727,,3,inactive
CHEMBL3693972,O=C(O)CCCNC(=O)[C@@H]1NC2(CCCCC2)[C@@]2(C(=O)Nc3cc(Cl)ccc32)[C@H]1c1cccc(Cl)c1F,O=C(O)CCCNC(=O)[C@@H]1NC2(CCCCC2)[C@@]2(C(=O)Nc3cc(Cl)ccc32)[C@H]1c1cccc(Cl)c1F,9.4,8.0268721464003,8.0268721464003,,1,active
CHEMBL411220,O=C(O)CCN1C(=O)C(c2ccc(Cl)cc2)N(C(C(=O)O)c2ccc(Cl)cc2)C(=O)c2cc(I)ccc21,O=C(O)CCN1C(=O)C(c2ccc(Cl)cc2)N(C(C(=O)O)c2ccc(Cl)cc2)C(=O)c2cc(I)ccc21,1090.0,5.962573502059376,5.962573502059376,,1,intermediate
CHEMBL207255,O=C(O)CCNC(=O)[C@H](c1ccc(Cl)cc1)N1C(=O)c2cc(I)ccc2NC(=O)[C@@H]1c1ccc(Cl)cc1,O=C(O)CCNC(=O)[C@H](c1ccc(Cl)cc1)N1C(=O)c2cc(I)ccc2NC(=O)[C@@H]1c1ccc(Cl)cc1,850.0,6.070581074285707,6.070581074285707,,1,active
CHEMBL2347391,O=C(O)CC[C@@H]1O[C@@H](c2cccc(Cl)c2)[C@@H](c2ccc(Cl)cc2)N(CC2CC2)C1=O,O=C(O)CC[C@@H]1O[C@@H](c2cccc(Cl)c2)[C@@H](c2ccc(Cl)cc2)N(CC2CC2)C1=O,8250.0,5.352106529874195,5.352106529874195,,2,intermediate
CHEMBL5778245,O=C(O)CC[C@H]1O[C@H](c2cccc(Cl)c2)[C@H](c2ccc(Cl)cc2)N(CC2CC2)C1=O,O=C(O)CC[C@H]1O[C@H](c2cccc(Cl)c2)[C@H](c2ccc(Cl)cc2)N(CC2CC2)C1=O,4570.0,5.34008379993015,5.34008379993015,,3,intermediate
CHEMBL209156,O=C(O)CN1C(=O)C(c2ccc(Cl)cc2)N(C(C(=O)O)c2ccc(Cl)cc2)C(=O)c2cc(I)ccc21,O=C(O)CN1C(=O)C(c2ccc(Cl)cc2)N(C(C(=O)O)c2ccc(Cl)cc2)C(=O)c2cc(I)ccc21,10200.0,4.991399828238082,4.991399828238082,,1,inactive
CHEMBL3693982,O=C(O)CN1CCC(NC(=O)[C@@H]2NC3(CCCCC3)[C@@]3(C(=O)Nc4cc(Cl)ccc43)[C@H]2c2cccc(Cl)c2F)CC1,O=C(O)CN1CCC(NC(=O)[C@@H]2NC3(CCCCC3)[C@@]3(C(=O)Nc4cc(Cl)ccc43)[C@H]2c2cccc(Cl)c2F)CC1,19.0,7.721246399047171,7.721246399047171,,1,active
CHEMBL5870400,O=C(O)CNC(=O)C[C@H]1CC(c2cccc(Cl)c2)[C@@H](c2ccc(Cl)cc2)N(CC2CC2)C1=O,O=C(O)CNC(=O)C[C@H]1CC(c2cccc(Cl)c2)[C@@H](c2ccc(Cl)cc2)N(CC2CC2)C1=O,830.0,6.080921907623926,6.080921907623926,,1,active
CHEMBL3918513,O=C(O)C[C@@H]1CC(c2cccc(Cl)c2)[C@@H](c2ccc(Cl)cc2)N(CC2CCC2)C1=O,O=C(O)C[C@@H]1CC(c2cccc(Cl)c2)[C@@H](c2ccc(Cl)cc2)N(CC2CCC2)C1=O,1970.0,5.7055337738384075,5.7055337738384075,,1,intermediate
CHEMBL3891537,O=C(O)C[C@@H]1CC(c2cccc(Cl)c2)[C@@H](c2ccc(Cl)cc2)N(CC2CCCC2)C1=O,O=C(O)C[C@@H]1CC(c2cccc(Cl)c2)[C@@H](c2ccc(Cl)cc2)N(CC2CCCC2)C1=O,550.0,6.259637310505756,6.259637310505756,,1,active
CHEMBL2059299,O=C(O)C[C@@H]1C[C@@H](c2cccc(Cl)c2)[C@@H](c2ccc(Cl)cc2)N(CC2CC2)C1=O,O=C(O)C[C@@H]1C[C@@H](c2cccc(Cl)c2)[C@@H](c2ccc(Cl)cc2)N(CC2CC2)C1=O,10650.0,5.1716634770575745,5.1716634770575745,,2,inactive
CHEMBL2347379,O=C(O)C[C@@H]1C[C@@H](c2cccc(Cl)c2)[C@H](c2ccc(Cl)cc2)N(CC2CC2)C1=O,O=C(O)C[C@@H]1C[C@@H](c2cccc(Cl)c2)[C@H](c2ccc(Cl)cc2)N(CC2CC2)C1=O,8100.0,5.09151498112135,5.09151498112135,,1,intermediate
CHEMBL2177203,O=C(O)C[C@@H]1C[C@H](c2cccc(Cl)c2)[C@@H](c2ccc(Cl)cc2)N(CC2CC2)C1=O,O=C(O)C[C@@H]1C[C@H](c2cccc(Cl)c2)[C@@H](c2ccc(Cl)cc2)N(CC2CC2)C1=O,1100.0,5.958607314841775,5.958607314841775,,5,intermediate
CHEMBL5766276,O=C(O)C[C@@H]1C[C@H](c2cccc(Cl)c2)[C@@H](c2ccc(Cl)s2)N(CC2CC2)C1=O,O=C(O)C[C@@H]1C[C@H](c2cccc(Cl)c2)[C@@H](c2ccc(Cl)s2)N(CC2CC2)C1=O,220.0,6.657577319177793,6.657577319177793,,1,active
CHEMBL2347389,O=C(O)C[C@@H]1O[C@@H](c2cccc(Cl)c2)[C@@H](c2ccc(Cl)cc2)N(CC2CC2)C1=O,O=C(O)C[C@@H]1O[C@@H](c2cccc(Cl)c2)[C@@H](c2ccc(Cl)cc2)N(CC2CC2)C1=O,5100.0,5.295456315276082,5.295456315276082,,10,intermediate
CHEMBL5855244,O=C(O)C[C@@H]1O[C@@H](c2cccc(Cl)c2)[C@@H](c2ccc(Cl)cc2)N(CC2CCC2)C1=O,O=C(O)C[C@@H]1O[C@@H](c2cccc(Cl)c2)[C@@H](c2ccc(Cl)cc2)N(CC2CCC2)C1=O,1000.0,6.0,6.0,,3,active
CHEMBL5762110,O=C(O)C[C@@H]1O[C@@H](c2cccc(Cl)c2)[C@@H](c2ccc(Cl)cc2)N(CC2CCCCC2)C1=O,O=C(O)C[C@@H]1O[C@@H](c2cccc(Cl)c2)[C@@H](c2ccc(Cl)cc2)N(CC2CCCCC2)C1=O,3510.0,5.454692883534176,5.454692883534176,,3,intermediate
CHEMBL5743298,O=C(O)C[C@@H]1O[C@@H](c2cccc(Cl)c2)[C@@H](c2ccc(Cl)cc2)N(Cc2ccccc2)C1=O,O=C(O)C[C@@H]1O[C@@H](c2cccc(Cl)c2)[C@@H](c2ccc(Cl)cc2)N(Cc2ccccc2)C1=O,2780.0,5.555955204081924,5.555955204081924,,3,intermediate
CHEMBL2347377,O=C(O)C[C@@H]1O[C@H](c2cccc(Cl)c2)[C@@H](c2ccc(Cl)cc2)N(CC2CC2)C1=O,O=C(O)C[C@@H]1O[C@H](c2cccc(Cl)c2)[C@@H](c2ccc(Cl)cc2)N(CC2CC2)C1=O,2800.0,5.552841968657781,5.552841968657781,,3,intermediate
CHEMBL4115245,O=C(O)C[C@@]1(CCN2CCCC2)C[C@H](c2cccc(Cl)c2)[C@@H](c2ccc(Cl)cc2)N(CC2CC2)C1=O,O=C(O)C[C@@]1(CCN2CCCC2)C[C@H](c2cccc(Cl)c2)[C@@H](c2ccc(Cl)cc2)N(CC2CC2)C1=O,60.0,7.221848749616356,7.221848749616356,,1,active
CHEMBL4112059,O=C(O)C[C@@]1(CCN2CCOCC2)C[C@H](c2cccc(Cl)c2)[C@@H](c2ccc(Cl)cc2)N(CC2CC2)C1=O,O=C(O)C[C@@]1(CCN2CCOCC2)C[C@H](c2cccc(Cl)c2)[C@@H](c2ccc(Cl)cc2)N(CC2CC2)C1=O,130.0,6.886056647693163,6.886056647693163,,1,active
CHEMBL379656,O=C(O)C[C@H](c1ccc(Cl)cc1)N1C(=O)c2cc(I)ccc2NC(=O)[C@@H]1c1ccc(Cl)cc1,O=C(O)C[C@H](c1ccc(Cl)cc1)N1C(=O)c2cc(I)ccc2NC(=O)[C@@H]1c1ccc(Cl)cc1,24000.0,4.619788758288394,4.619788758288394,,3,inactive
CHEMBL2347378,O=C(O)C[C@H]1C[C@@H](c2cccc(Cl)c2)[C@H](c2ccc(Cl)cc2)N(CC2CC2)C1=O,O=C(O)C[C@H]1C[C@@H](c2cccc(Cl)c2)[C@H](c2ccc(Cl)cc2)N(CC2CC2)C1=O,15200.0,5.049134654135391,5.049134654135391,,2,inactive
CHEMBL2177813,O=C(O)C[C@H]1C[C@H](c2cccc(Cl)c2)[C@@H](c2ccc(Cl)cc2)N(CC2CC2)C1=O,O=C(O)C[C@H]1C[C@H](c2cccc(Cl)c2)[C@@H](c2ccc(Cl)cc2)N(CC2CC2)C1=O,150.0,6.823908740944319,6.823908740944319,,7,active
CHEMBL6002469,O=C(O)C[C@H]1C[C@H](c2cccc(Cl)c2)[C@@H](c2ccc(Cl)cc2)N(CC2CCC2)C1=O,O=C(O)C[C@H]1C[C@H](c2cccc(Cl)c2)[C@@H](c2ccc(Cl)cc2)N(CC2CCC2)C1=O,4300.0,5.366531544420413,5.366531544420413,,1,intermediate
CHEMBL3978255,O=C(O)C[C@H]1C[C@H](c2cccc(Cl)c2)[C@@H](c2ccc(Cl)cc2)N(CC2CCCC2)C1=O,O=C(O)C[C@H]1C[C@H](c2cccc(Cl)c2)[C@@H](c2ccc(Cl)cc2)N(CC2CCCC2)C1=O,190.0,6.721246399047171,6.721246399047171,,1,active
CHEMBL3904258,O=C(O)C[C@H]1C[C@H](c2cccc(Cl)c2)[C@@H](c2ccc(Cl)cc2)N(CC2CCCCC2)C1=O,O=C(O)C[C@H]1C[C@H](c2cccc(Cl)c2)[C@@H](c2ccc(Cl)cc2)N(CC2CCCCC2)C1=O,170.0,6.769551078621726,6.769551078621726,,1,active
CHEMBL4115504,O=C(O)C[C@H]1C[C@H](c2cccc(Cl)c2)[C@@H](c2ccc(Cl)cc2)N([C@H](CO)C2CC2)C1=O,O=C(O)C[C@H]1C[C@H](c2cccc(Cl)c2)[C@@H](c2ccc(Cl)cc2)N([C@H](CO)C2CC2)C1=O,40.0,7.3979400086720375,7.3979400086720375,,1,active
CHEMBL5848629,O=C(O)C[C@H]1C[C@H](c2cccc(Cl)c2)[C@@H](c2ccc(Cl)s2)N(CC2CC2)C1=O,O=C(O)C[C@H]1C[C@H](c2cccc(Cl)c2)[C@@H](c2ccc(Cl)s2)N(CC2CC2)C1=O,430.0,6.366531544420413,6.366531544420413,,1,active
CHEMBL4109769,O=C(O)C[C@H]1C[C@H](c2cccc(Cl)c2)[C@]2(C(=O)Nc3cc(Cl)ccc32)N(CC2CC2)C1=O,O=C(O)C[C@H]1C[C@H](c2cccc(Cl)c2)[C@]2(C(=O)Nc3cc(Cl)ccc32)N(CC2CC2)C1=O,90.0,7.045757490560675,7.045757490560675,,1,active
CHEMBL2347376,O=C(O)C[C@H]1O[C@H](c2cccc(Cl)c2)[C@@H](c2ccc(Cl)cc2)N(CC2CC2)C1=O,O=C(O)C[C@H]1O[C@H](c2cccc(Cl)c2)[C@@H](c2ccc(Cl)cc2)N(CC2CC2)C1=O,5000.0,5.301029995663981,5.301029995663981,,3,intermediate
CHEMBL2347392,O=C(O)C[C@H]1O[C@H](c2cccc(Cl)c2)[C@H](c2ccc(Cl)cc2)N(CC2CC2)C1=O,O=C(O)C[C@H]1O[C@H](c2cccc(Cl)c2)[C@H](c2ccc(Cl)cc2)N(CC2CC2)C1=O,738.0,6.131943638176958,6.131943638176958,,7,active
CHEMBL4080118,O=C(O)Cc1ccc(NC(=O)[C@@H]2NC3(CCCCC3)[C@@]3(C(=O)Nc4cc(Cl)ccc43)[C@H]2c2cccc(Cl)c2F)cc1,O=C(O)Cc1ccc(NC(=O)[C@@H]2NC3(CCCCC3)[C@@]3(C(=O)Nc4cc(Cl)ccc43)[C@H]2c2cccc(Cl)c2F)cc1,17.0,7.769551078621726,7.769551078621726,,1,active
CHEMBL5913290,O=C(O)Cc1ccc2c(c1)nc1n2CC[C@H]2[C@@H]1[C@H](c1cccc(Cl)c1F)[C@]1(C(=O)Nc3cc(Cl)ccc31)N2CC1CC1,O=C(O)Cc1ccc2c(c1)nc1n2CC[C@H]2[C@@H]1[C@H](c1cccc(Cl)c1F)[C@]1(C(=O)Nc3cc(Cl)ccc31)N2CC1CC1,7.0,8.154901959985743,8.154901959985743,,1,active
CHEMBL361103,O=C(O)[C@H](c1ccc(Cl)cc1)N1C(=O)c2cc(I)ccc2NC(=O)[C@@H]1c1ccc(Cl)cc1,O=C(O)[C@H](c1ccc(Cl)cc1)N1C(=O)c2cc(I)ccc2NC(=O)[C@@H]1c1ccc(Cl)cc1,420.0,6.376750709602099,6.376750709602099,,4,active
CHEMBL178578,O=C(O)[C@H](c1ccccc1)N1C(=O)c2cc(I)ccc2NC(=O)[C@@H]1c1ccc(C(F)(F)F)cc1,O=C(O)[C@H](c1ccccc1)N1C(=O)c2cc(I)ccc2NC(=O)[C@@H]1c1ccc(C(F)(F)F)cc1,1700.0,5.769551078621726,5.769551078621726,,1,intermediate
CHEMBL5850447,O=C(O)c1cc2c3n(nc2cc1F)[C@@H]1[C@H](CO3)N(CC2CC2)[C@@]2(C(=O)Nc3cc(Cl)ccc32)[C@H]1c1cccc(Cl)c1F,O=C(O)c1cc2c3n(nc2cc1F)[C@@H]1[C@H](CO3)N(CC2CC2)[C@@]2(C(=O)Nc3cc(Cl)ccc32)[C@H]1c1cccc(Cl)c1F,13.0,7.886056647693163,7.886056647693163,,1,active
CHEMBL5870612,O=C(O)c1cc2nc3n(c2cc1C(F)(F)F)CC[C@H]1[C@@H]3[C@H](c2cccc(Cl)c2F)[C@]2(C(=O)Nc3cc(Cl)ccc32)N1CC1CC1,O=C(O)c1cc2nc3n(c2cc1C(F)(F)F)CC[C@H]1[C@@H]3[C@H](c2cccc(Cl)c2F)[C@]2(C(=O)Nc3cc(Cl)ccc32)N1CC1CC1,3.0,8.522878745280337,8.522878745280337,,1,active
CHEMBL5751355,O=C(O)c1cc2nc3n(c2cc1C(F)(F)F)C[C@H]1[C@@H]3[C@H](c2cccc(Cl)c2F)[C@]2(C(=O)Nc3cc(Cl)ccc32)N1CC1CC1,O=C(O)c1cc2nc3n(c2cc1C(F)(F)F)C[C@H]1[C@@H]3[C@H](c2cccc(Cl)c2F)[C@]2(C(=O)Nc3cc(Cl)ccc32)N1CC1CC1,6.0,8.221848749616356,8.221848749616356,,1,active
CHEMBL6027231,O=C(O)c1cc2nc3n(c2cc1F)CC[C@H]1[C@@H]3[C@H](c2cccc(Cl)c2F)[C@]2(C(=O)Nc3cc(Cl)ccc32)N1CC1CC1,O=C(O)c1cc2nc3n(c2cc1F)CC[C@H]1[C@@H]3[C@H](c2cccc(Cl)c2F)[C@]2(C(=O)Nc3cc(Cl)ccc32)N1CC1CC1,2.0,8.698970004336019,8.698970004336019,,1,active
CHEMBL5758738,O=C(O)c1cc2nc3n(c2cc1OC(F)(F)F)CC[C@H]1[C@@H]3[C@H](c2cccc(Cl)c2F)[C@]2(C(=O)Nc3cc(Cl)ccc32)N1CC1CC1,O=C(O)c1cc2nc3n(c2cc1OC(F)(F)F)CC[C@H]1[C@@H]3[C@H](c2cccc(Cl)c2F)[C@]2(C(=O)Nc3cc(Cl)ccc32)N1CC1CC1,3.0,8.522878745280337,8.522878745280337,,1,active
CHEMBL5925545,O=C(O)c1cc2nc3n(c2cc1OC(F)(F)F)C[C@H]1[C@@H]3[C@H](c2cccc(Cl)c2F)[C@]2(C(=O)Nc3cc(Cl)ccc32)N1CC1CC1,O=C(O)c1cc2nc3n(c2cc1OC(F)(F)F)C[C@H]1[C@@H]3[C@H](c2cccc(Cl)c2F)[C@]2(C(=O)Nc3cc(Cl)ccc32)N1CC1CC1,2.0,8.698970004336019,8.698970004336019,,1,active
CHEMBL5946239,O=C(O)c1cc2nn3c(c2cc1F)OC[C@H]1[C@@H]3[C@H](c2cccc(Cl)c2F)[C@]2(C(=O)Nc3cc(Cl)ccc32)N1CC1CC1,O=C(O)c1cc2nn3c(c2cc1F)OC[C@H]1[C@@H]3[C@H](c2cccc(Cl)c2F)[C@]2(C(=O)Nc3cc(Cl)ccc32)N1CC1CC1,18.0,7.7447274948966935,7.7447274948966935,,1,active
CHEMBL3693974,O=C(O)c1ccc(CNC(=O)[C@@H]2NC3(CCCCC3)[C@@]3(C(=O)Nc4cc(Cl)ccc43)[C@H]2c2cccc(Cl)c2F)cc1,O=C(O)c1ccc(CNC(=O)[C@@H]2NC3(CCCCC3)[C@@]3(C(=O)Nc4cc(Cl)ccc43)[C@H]2c2cccc(Cl)c2F)cc1,9.9,8.00436480540245,8.00436480540245,,1,active
CHEMBL4095706,O=C(O)c1ccc(NC(=O)[C@@H]2NC3(CCCCC3)[C@@]3(C(=O)Nc4cc(Cl)ccc43)[C@H]2c2cccc(Cl)c2F)c(F)c1,O=C(O)c1ccc(NC(=O)[C@@H]2NC3(CCCCC3)[C@@]3(C(=O)Nc4cc(Cl)ccc43)[C@H]2c2cccc(Cl)c2F)c(F)c1,12.7,7.896196279044043,7.896196279044043,,1,active
CHEMBL3355430,O=C(O)c1ccc(NC(=O)[C@@H]2NC3(CCCCC3)[C@@]3(C(=O)Nc4cc(Cl)ccc43)[C@H]2c2cccc(Cl)c2F)cc1,O=C(O)c1ccc(NC(=O)[C@@H]2NC3(CCCCC3)[C@@]3(C(=O)Nc4cc(Cl)ccc43)[C@H]2c2cccc(Cl)c2F)cc1,6.95,8.189411859112482,8.189411859112482,,2,active
CHEMBL4077687,O=C(O)c1ccc(NC(=O)[C@@H]2NC3(CCCCC3)[C@@]3(C(=O)Nc4cc(Cl)ccc43)[C@H]2c2cccc(Cl)c2F)cc1F,O=C(O)c1ccc(NC(=O)[C@@H]2NC3(CCCCC3)[C@@]3(C(=O)Nc4cc(Cl)ccc43)[C@H]2c2cccc(Cl)c2F)cc1F,7.2,8.142667503568731,8.142667503568731,,1,active
CHEMBL3693981,O=C(O)c1ccc(NC(=O)[C@@H]2NC3(CCCCC3)[C@@]3(C(=O)Nc4cc(Cl)ccc43)[C@H]2c2cccc(Cl)c2F)cn1,O=C(O)c1ccc(NC(=O)[C@@H]2NC3(CCCCC3)[C@@]3(C(=O)Nc4cc(Cl)ccc43)[C@H]2c2cccc(Cl)c2F)cn1,9.5,8.022276394711152,8.022276394711152,,1,active
CHEMBL4103467,O=C(O)c1ccc(NC(=O)[C@@H]2NC3(CCCCC3)[C@@]3(C(=O)Nc4cc(Cl)ccc43)[C@H]2c2cccc(Cl)c2F)o1,O=C(O)c1ccc(NC(=O)[C@@H]2NC3(CCCCC3)[C@@]3(C(=O)Nc4cc(Cl)ccc43)[C@H]2c2cccc(Cl)c2F)o1,18.0,7.7447274948966935,7.7447274948966935,,1,active
CHEMBL5889735,O=C(O)c1ccc2c(c1)nc1n2CC[C@@H]2[C@H]1[C@@H](c1cccc(Cl)c1F)[C@@]1(C(=O)Nc3cc(Cl)ccc31)N2CC1CC1,O=C(O)c1ccc2c(c1)nc1n2CC[C@@H]2[C@H]1[C@@H](c1cccc(Cl)c1F)[C@@]1(C(=O)Nc3cc(Cl)ccc31)N2CC1CC1,79.0,7.102372908709558,7.102372908709558,,1,active
CHEMBL5904778,O=C(O)c1ccc2c(c1)nc1n2CC[C@H]2[C@@H]1[C@H](c1cccc(Cl)c1F)[C@]1(C(=O)Nc3cc(Cl)ccc31)N2CC1CC(F)(F)C1,O=C(O)c1ccc2c(c1)nc1n2CC[C@H]2[C@@H]1[C@H](c1cccc(Cl)c1F)[C@]1(C(=O)Nc3cc(Cl)ccc31)N2CC1CC(F)(F)C1,14.0,7.853871964321762,7.853871964321762,,1,active
CHEMBL6064764,O=C(O)c1ccc2c(c1)nc1n2CC[C@H]2[C@@H]1[C@H](c1cccc(Cl)c1F)[C@]1(C(=O)Nc3cc(Cl)ccc31)N2CC1CC1,O=C(O)c1ccc2c(c1)nc1n2CC[C@H]2[C@@H]1[C@H](c1cccc(Cl)c1F)[C@]1(C(=O)Nc3cc(Cl)ccc31)N2CC1CC1,2.5,8.610924374808178,8.610924374808178,,2,active
CHEMBL6058968,O=C(O)c1ccc2c(c1)nc1n2CC[C@H]2[C@@H]1[C@H](c1cccc(Cl)c1F)[C@]1(C(=O)Nc3cc(Cl)ccc31)N2CC1CCC1,O=C(O)c1ccc2c(c1)nc1n2CC[C@H]2[C@@H]1[C@H](c1cccc(Cl)c1F)[C@]1(C(=O)Nc3cc(Cl)ccc31)N2CC1CCC1,4.0,8.397940008672037,8.397940008672037,,1,active
CHEMBL6059670,O=C(O)c1ccc2c(c1)nc1n2CC[C@H]2[C@@H]1[C@H](c1cccc(Cl)c1F)[C@]1(C(=O)Nc3cc(Cl)ccc31)N2CC1CCCC1,O=C(O)c1ccc2c(c1)nc1n2CC[C@H]2[C@@H]1[C@H](c1cccc(Cl)c1F)[C@]1(C(=O)Nc3cc(Cl)ccc31)N2CC1CCCC1,15.0,7.823908740944319,7.823908740944319,,1,active
CHEMBL5850103,O=C(O)c1ccc2c(c1)nc1n2CC[C@H]2[C@@H]1[C@H](c1cccc(Cl)c1F)[C@]1(C(=O)Nc3cc(Cl)ccc31)N2CC1CCCCC1,O=C(O)c1ccc2c(c1)nc1n2CC[C@H]2[C@@H]1[C@H](c1cccc(Cl)c1F)[C@]1(C(=O)Nc3cc(Cl)ccc31)N2CC1CCCCC1,34.0,7.468521082957745,7.468521082957745,,1,active
CHEMBL5772119,O=C(O)c1ccc2c(c1)nc1n2CC[C@H]2[C@@H]1[C@H](c1cccc(Cl)c1F)[C@]1(C(=O)Nc3cc(Cl)ccc31)N2CCC(F)(F)F,O=C(O)c1ccc2c(c1)nc1n2CC[C@H]2[C@@H]1[C@H](c1cccc(Cl)c1F)[C@]1(C(=O)Nc3cc(Cl)ccc31)N2CCC(F)(F)F,11.0,7.958607314841775,7.958607314841775,,1,active
CHEMBL5933211,O=C(O)c1ccc2c(c1)nc1n2CC[C@H]2[C@@H]1[C@H](c1cccc(Cl)c1F)[C@]1(C(=O)Nc3nc(Cl)ccc31)N2CC1CC1,O=C(O)c1ccc2c(c1)nc1n2CC[C@H]2[C@@H]1[C@H](c1cccc(Cl)c1F)[C@]1(C(=O)Nc3nc(Cl)ccc31)N2CC1CC1,10.0,8.0,8.0,,1,active
CHEMBL5774493,O=C(O)c1ccc2c(c1)nc1n2C[C@@H]2[C@H]1[C@@H](c1cccc(Cl)c1F)[C@@]1(C(=O)Nc3cc(Cl)ccc31)N2CC1CC1,O=C(O)c1ccc2c(c1)nc1n2C[C@@H]2[C@H]1[C@@H](c1cccc(Cl)c1F)[C@@]1(C(=O)Nc3cc(Cl)ccc31)N2CC1CC1,53.0,7.275724130399211,7.275724130399211,,1,active
CHEMBL6021163,O=C(O)c1ccc2c(c1)nc1n2C[C@H]2[C@@H]1[C@H](c1cc(Cl)cs1)[C@]1(C(=O)Nc3cc(Cl)ccc31)N2CC1CC1,O=C(O)c1ccc2c(c1)nc1n2C[C@H]2[C@@H]1[C@H](c1cc(Cl)cs1)[C@]1(C(=O)Nc3cc(Cl)ccc31)N2CC1CC1,3.0,8.522878745280337,8.522878745280337,,1,active
CHEMBL5795396,O=C(O)c1ccc2c(c1)nc1n2C[C@H]2[C@@H]1[C@H](c1ccc(Cl)s1)[C@]1(C(=O)Nc3cc(Cl)ccc31)N2CC1CC1,O=C(O)c1ccc2c(c1)nc1n2C[C@H]2[C@@H]1[C@H](c1ccc(Cl)s1)[C@]1(C(=O)Nc3cc(Cl)ccc31)N2CC1CC1,7.0,8.154901959985743,8.154901959985743,,1,active
CHEMBL5898280,O=C(O)c1ccc2c(c1)nc1n2C[C@H]2[C@@H]1[C@H](c1cccc(Br)c1F)[C@]1(C(=O)Nc3cc(Cl)ccc31)N2CC1CC1,O=C(O)c1ccc2c(c1)nc1n2C[C@H]2[C@@H]1[C@H](c1cccc(Br)c1F)[C@]1(C(=O)Nc3cc(Cl)ccc31)N2CC1CC1,4.0,8.397940008672037,8.397940008672037,,1,active
CHEMBL6063546,O=C(O)c1ccc2c(c1)nc1n2C[C@H]2[C@@H]1[C@H](c1cccc(Cl)c1F)[C@]1(C(=O)Nc3cc(Cl)ccc31)N2CC1CC1,O=C(O)c1ccc2c(c1)nc1n2C[C@H]2[C@@H]1[C@H](c1cccc(Cl)c1F)[C@]1(C(=O)Nc3cc(Cl)ccc31)N2CC1CC1,2.5,8.610924374808178,8.610924374808178,,2,active
CHEMBL5873143,O=C(O)c1ccc2c(nc3n2C[C@H]2[C@@H]3[C@H](c3cccc(Cl)c3F)[C@]3(C(=O)Nc4cc(Cl)ccc43)N2CC2CC2)c1C(F)(F)F,O=C(O)c1ccc2c(nc3n2C[C@H]2[C@@H]3[C@H](c3cccc(Cl)c3F)[C@]3(C(=O)Nc4cc(Cl)ccc43)N2CC2CC2)c1C(F)(F)F,3.0,8.522878745280337,8.522878745280337,,1,active
CHEMBL4760223,O=C(O)c1ccc2c3n(nc2c1)[C@@H]1[C@H](C3)N(CC2CC2)[C@@]2(C(=O)Nc3cc(Cl)ccc32)[C@H]1c1cccc(Cl)c1F,O=C(O)c1ccc2c3n(nc2c1)[C@@H]1[C@H](C3)N(CC2CC2)[C@@]2(C(=O)Nc3cc(Cl)ccc32)[C@H]1c1cccc(Cl)c1F,2.0,8.698970004336019,8.698970004336019,,1,active
CHEMBL5901165,O=C(O)c1ccc2c3n(nc2c1)[C@@H]1[C@H](C3)N(CC2CC2)[C@@]2(C(=O)Nc3cc(Cl)ccc32)[C@H]1c1ccnc(Cl)c1F,O=C(O)c1ccc2c3n(nc2c1)[C@@H]1[C@H](C3)N(CC2CC2)[C@@]2(C(=O)Nc3cc(Cl)ccc32)[C@H]1c1ccnc(Cl)c1F,3.0,8.522878745280337,8.522878745280337,,1,active
CHEMBL4742864,O=C(O)c1ccc2c3n(nc2c1)[C@@H]1[C@H](C3)N(CC2CC2)[C@@]2(C(=O)Nc3nc(Cl)ccc32)[C@H]1c1cccc(Cl)c1F,O=C(O)c1ccc2c3n(nc2c1)[C@@H]1[C@H](C3)N(CC2CC2)[C@@]2(C(=O)Nc3nc(Cl)ccc32)[C@H]1c1cccc(Cl)c1F,2.0,8.698970004336019,8.698970004336019,,1,active
CHEMBL5922604,O=C(O)c1ccc2c3n(nc2c1)[C@@H]1[C@H](C3)N(CC2CCC2)[C@@]2(C(=O)Nc3cc(Cl)ccc32)[C@H]1c1cccc(Cl)c1F,O=C(O)c1ccc2c3n(nc2c1)[C@@H]1[C@H](C3)N(CC2CCC2)[C@@]2(C(=O)Nc3cc(Cl)ccc32)[C@H]1c1cccc(Cl)c1F,4.0,8.397940008672037,8.397940008672037,,1,active
CHEMBL5766822,O=C(O)c1ccc2c3n(nc2c1)[C@@H]1[C@H](CCO3)N(CC2CC2)[C@@]2(C(=O)Nc3cc(Cl)ccc32)[C@H]1c1cccc(Cl)c1F,O=C(O)c1ccc2c3n(nc2c1)[C@@H]1[C@H](CCO3)N(CC2CC2)[C@@]2(C(=O)Nc3cc(Cl)ccc32)[C@H]1c1cccc(Cl)c1F,35.0,7.455931955649724,7.455931955649724,,1,active
CHEMBL5961692,O=C(O)c1ccc2c3n(nc2c1)[C@@H]1[C@H](CO3)N(C2CCCC2)[C@@]2(C(=O)Nc3cc(Cl)ccc32)[C@H]1c1cccc(Cl)c1F,O=C(O)c1ccc2c3n(nc2c1)[C@@H]1[C@H](CO3)N(C2CCCC2)[C@@]2(C(=O)Nc3cc(Cl)ccc32)[C@H]1c1cccc(Cl)c1F,32.0,7.494850021680094,7.494850021680094,,1,active
CHEMBL5829594,O=C(O)c1ccc2c3n(nc2c1)[C@@H]1[C@H](CO3)N(C2CCCCC2)[C@@]2(C(=O)Nc3cc(Cl)ccc32)[C@H]1c1cccc(Cl)c1F,O=C(O)c1ccc2c3n(nc2c1)[C@@H]1[C@H](CO3)N(C2CCCCC2)[C@@]2(C(=O)Nc3cc(Cl)ccc32)[C@H]1c1cccc(Cl)c1F,36.0,7.443697499232712,7.443697499232712,,1,active
CHEMBL5930273,O=C(O)c1ccc2c3n(nc2c1)[C@@H]1[C@H](CO3)N(C2CCCCCC2)[C@@]2(C(=O)Nc3cc(Cl)ccc32)[C@H]1c1cccc(Cl)c1F,O=C(O)c1ccc2c3n(nc2c1)[C@@H]1[C@H](CO3)N(C2CCCCCC2)[C@@]2(C(=O)Nc3cc(Cl)ccc32)[C@H]1c1cccc(Cl)c1F,32.0,7.494850021680094,7.494850021680094,,1,active
CHEMBL5773382,O=C(O)c1ccc2c3n(nc2c1)[C@@H]1[C@H](CO3)N(CC2CC2(F)F)[C@@]2(C(=O)Nc3cc(Cl)ccc32)[C@H]1c1cccc(Cl)c1F,O=C(O)c1ccc2c3n(nc2c1)[C@@H]1[C@H](CO3)N(CC2CC2(F)F)[C@@]2(C(=O)Nc3cc(Cl)ccc32)[C@H]1c1cccc(Cl)c1F,19.0,7.721246399047171,7.721246399047171,,1,active
CHEMBL5790959,O=C(O)c1ccc2c3n(nc2c1)[C@@H]1[C@H](CO3)N(CC2CC2)[C@@]2(C(=O)Nc3cc(Cl)ccc32)[C@H]1c1cc(Cl)cc(Cl)c1F,O=C(O)c1ccc2c3n(nc2c1)[C@@H]1[C@H](CO3)N(CC2CC2)[C@@]2(C(=O)Nc3cc(Cl)ccc32)[C@H]1c1cc(Cl)cc(Cl)c1F,13.0,7.886056647693163,7.886056647693163,,1,active
CHEMBL6051788,O=C(O)c1ccc2c3n(nc2c1)[C@@H]1[C@H](CO3)N(CC2CC2)[C@@]2(C(=O)Nc3cc(Cl)ccc32)[C@H]1c1cc(Cl)nc(Cl)c1,O=C(O)c1ccc2c3n(nc2c1)[C@@H]1[C@H](CO3)N(CC2CC2)[C@@]2(C(=O)Nc3cc(Cl)ccc32)[C@H]1c1cc(Cl)nc(Cl)c1,8.0,8.096910013008056,8.096910013008056,,1,active
CHEMBL5916718,O=C(O)c1ccc2c3n(nc2c1)[C@@H]1[C@H](CO3)N(CC2CC2)[C@@]2(C(=O)Nc3cc(Cl)ccc32)[C@H]1c1ccc(F)c(Cl)c1F,O=C(O)c1ccc2c3n(nc2c1)[C@@H]1[C@H](CO3)N(CC2CC2)[C@@]2(C(=O)Nc3cc(Cl)ccc32)[C@H]1c1ccc(F)c(Cl)c1F,13.0,7.886056647693163,7.886056647693163,,1,active
CHEMBL6042310,O=C(O)c1ccc2c3n(nc2c1)[C@@H]1[C@H](CO3)N(CC2CC2)[C@@]2(C(=O)Nc3cc(Cl)ccc32)[C@H]1c1cccc(Br)c1F,O=C(O)c1ccc2c3n(nc2c1)[C@@H]1[C@H](CO3)N(CC2CC2)[C@@]2(C(=O)Nc3cc(Cl)ccc32)[C@H]1c1cccc(Br)c1F,12.0,7.920818753952375,7.920818753952375,,1,active
CHEMBL6031779,O=C(O)c1ccc2c3n(nc2c1)[C@@H]1[C@H](CO3)N(CC2CC2)[C@@]2(C(=O)Nc3cc(Cl)ccc32)[C@H]1c1cccc(Cl)c1F,O=C(O)c1ccc2c3n(nc2c1)[C@@H]1[C@H](CO3)N(CC2CC2)[C@@]2(C(=O)Nc3cc(Cl)ccc32)[C@H]1c1cccc(Cl)c1F,7.0,8.173393743112328,8.173393743112328,,2,active
CHEMBL6027804,O=C(O)c1ccc2c3n(nc2c1)[C@@H]1[C@H](CO3)N(CC2CC2)[C@@]2(C(=O)Nc3cc(Cl)ccc32)[C@H]1c1ccnc(Cl)c1F,O=C(O)c1ccc2c3n(nc2c1)[C@@H]1[C@H](CO3)N(CC2CC2)[C@@]2(C(=O)Nc3cc(Cl)ccc32)[C@H]1c1ccnc(Cl)c1F,6.5,8.18837535480105,8.18837535480105,,2,active
CHEMBL6010417,O=C(O)c1ccc2c3n(nc2c1)[C@@H]1[C@H](CO3)N(CC2CC2)[C@@]2(C(=O)Nc3nc(Cl)ccc32)[C@H]1c1cccc(Cl)c1F,O=C(O)c1ccc2c3n(nc2c1)[C@@H]1[C@H](CO3)N(CC2CC2)[C@@]2(C(=O)Nc3nc(Cl)ccc32)[C@H]1c1cccc(Cl)c1F,33.0,7.481486060122112,7.481486060122112,,1,active
CHEMBL5833516,O=C(O)c1ccc2c3n(nc2c1)[C@@H]1[C@H](CO3)N(CC2CCC2)[C@@]2(C(=O)Nc3cc(Cl)ccc32)[C@H]1c1cccc(Cl)c1F,O=C(O)c1ccc2c3n(nc2c1)[C@@H]1[C@H](CO3)N(CC2CCC2)[C@@]2(C(=O)Nc3cc(Cl)ccc32)[C@H]1c1cccc(Cl)c1F,20.0,7.698970004336019,7.698970004336019,,1,active
CHEMBL5790399,O=C(O)c1ccc2c3n(nc2c1)[C@@H]1[C@H](CO3)N(CC2CCCC2)[C@@]2(C(=O)Nc3cc(Cl)ccc32)[C@H]1c1cccc(Cl)c1F,O=C(O)c1ccc2c3n(nc2c1)[C@@H]1[C@H](CO3)N(CC2CCCC2)[C@@]2(C(=O)Nc3cc(Cl)ccc32)[C@H]1c1cccc(Cl)c1F,37.0,7.431798275933005,7.431798275933005,,1,active
CHEMBL5976248,O=C(O)c1ccc2c3n(nc2c1)[C@@H]1[C@H](CO3)N(CC2CCCCC2)[C@@]2(C(=O)Nc3cc(Cl)ccc32)[C@H]1c1cccc(Cl)c1F,O=C(O)c1ccc2c3n(nc2c1)[C@@H]1[C@H](CO3)N(CC2CCCCC2)[C@@]2(C(=O)Nc3cc(Cl)ccc32)[C@H]1c1cccc(Cl)c1F,49.0,7.309803919971486,7.309803919971486,,1,active
CHEMBL5863711,O=C(O)c1ccc2c3n(nc2c1)[C@@H]1[C@H](CO3)N(CC2CCCOC2)[C@@]2(C(=O)Nc3cc(Cl)ccc32)[C@H]1c1cccc(Cl)c1F,O=C(O)c1ccc2c3n(nc2c1)[C@@H]1[C@H](CO3)N(CC2CCCOC2)[C@@]2(C(=O)Nc3cc(Cl)ccc32)[C@H]1c1cccc(Cl)c1F,15.0,7.823908740944319,7.823908740944319,,1,active
CHEMBL5965868,O=C(O)c1ccc2c3n(nc2c1)[C@@H]1[C@H](CO3)N(CC2CCOC2)[C@@]2(C(=O)Nc3cc(Cl)ccc32)[C@H]1c1cccc(Cl)c1F,O=C(O)c1ccc2c3n(nc2c1)[C@@H]1[C@H](CO3)N(CC2CCOC2)[C@@]2(C(=O)Nc3cc(Cl)ccc32)[C@H]1c1cccc(Cl)c1F,41.0,7.3872161432802645,7.3872161432802645,,1,active
CHEMBL5992046,O=C(O)c1ccc2c3n(nc2c1)[C@@H]1[C@H](CO3)N(CC2CCOCC2)[C@@]2(C(=O)Nc3cc(Cl)ccc32)[C@H]1c1cccc(Cl)c1F,O=C(O)c1ccc2c3n(nc2c1)[C@@H]1[C@H](CO3)N(CC2CCOCC2)[C@@]2(C(=O)Nc3cc(Cl)ccc32)[C@H]1c1cccc(Cl)c1F,31.0,7.508638306165727,7.508638306165727,,1,active
CHEMBL5921131,O=C(O)c1ccc2c3n(nc2c1)[C@@H]1[C@H](CO3)N(CCC2CC2)[C@@]2(C(=O)Nc3cc(Cl)ccc32)[C@H]1c1cccc(Cl)c1F,O=C(O)c1ccc2c3n(nc2c1)[C@@H]1[C@H](CO3)N(CCC2CC2)[C@@]2(C(=O)Nc3cc(Cl)ccc32)[C@H]1c1cccc(Cl)c1F,80.0,7.096910013008056,7.096910013008056,,1,active
CHEMBL5861220,O=C(O)c1ccc2c3n(nc2c1)[C@H]1[C@@H](CO3)N(CC2CC2)[C@]2(C(=O)Nc3cc(Cl)ccc32)[C@@H]1c1cccc(Cl)c1F,O=C(O)c1ccc2c3n(nc2c1)[C@H]1[C@@H](CO3)N(CC2CC2)[C@]2(C(=O)Nc3cc(Cl)ccc32)[C@@H]1c1cccc(Cl)c1F,557.0,6.2541448048262716,6.2541448048262716,,1,active
CHEMBL5775926,O=C(O)c1ccc2nc3n(c2c1)CC[C@H]1[C@@H]3[C@H](c2cccc(Cl)c2F)[C@]2(C(=O)Nc3cc(Cl)ccc32)N1CC1CC1,O=C(O)c1ccc2nc3n(c2c1)CC[C@H]1[C@@H]3[C@H](c2cccc(Cl)c2F)[C@]2(C(=O)Nc3cc(Cl)ccc32)N1CC1CC1,2.5,8.610924374808178,8.610924374808178,,2,active
CHEMBL5967283,O=C(O)c1ccc2nc3n(c2c1)C[C@@H]1[C@H]3[C@@H](c2cccc(Cl)c2F)[C@@]2(C(=O)Nc3cc(Cl)ccc32)N1CC1CC1,O=C(O)c1ccc2nc3n(c2c1)C[C@@H]1[C@H]3[C@@H](c2cccc(Cl)c2F)[C@@]2(C(=O)Nc3cc(Cl)ccc32)N1CC1CC1,83.0,7.080921907623926,7.080921907623926,,1,active
CHEMBL5762133,O=C(O)c1ccc2nc3n(c2c1)C[C@H]1[C@@H]3[C@H](c2cccc(Cl)c2F)[C@]2(C(=O)Nc3cc(Cl)ccc32)N1CC1CC1,O=C(O)c1ccc2nc3n(c2c1)C[C@H]1[C@@H]3[C@H](c2cccc(Cl)c2F)[C@]2(C(=O)Nc3cc(Cl)ccc32)N1CC1CC1,3.0,8.548455006504028,8.548455006504028,,2,active
CHEMBL4788289,O=C(O)c1ccc2nn3c(c2c1)C[C@H]1[C@@H]3[C@H](c2cccc(Cl)c2F)[C@]2(C(=O)Nc3cc(Cl)ccc32)N1CC1CC1,O=C(O)c1ccc2nn3c(c2c1)C[C@H]1[C@@H]3[C@H](c2cccc(Cl)c2F)[C@]2(C(=O)Nc3cc(Cl)ccc32)N1CC1CC1,2.0,8.698970004336019,8.698970004336019,,1,active
CHEMBL5838584,O=C(O)c1ccc2nn3c(c2c1)OCC[C@H]1[C@@H]3[C@H](c2cccc(Cl)c2F)[C@]2(C(=O)Nc3cc(Cl)ccc32)N1CC1CC1,O=C(O)c1ccc2nn3c(c2c1)OCC[C@H]1[C@@H]3[C@H](c2cccc(Cl)c2F)[C@]2(C(=O)Nc3cc(Cl)ccc32)N1CC1CC1,10.0,8.0,8.0,,1,active
CHEMBL6005259,O=C(O)c1ccc2nn3c(c2c1)OC[C@@H]1[C@H]3[C@@H](c2cccc(Cl)c2F)[C@@]2(C(=O)Nc3cc(Cl)ccc32)N1CC1CC1,O=C(O)c1ccc2nn3c(c2c1)OC[C@@H]1[C@H]3[C@@H](c2cccc(Cl)c2F)[C@@]2(C(=O)Nc3cc(Cl)ccc32)N1CC1CC1,619.0,6.2083093509798815,6.2083093509798815,,1,active
CHEMBL5962202,O=C(O)c1ccc2nn3c(c2c1)OC[C@H]1[C@@H]3[C@H](c2cccc(Cl)c2F)[C@]2(C(=O)Nc3cc(Cl)ccc32)N1CC1CC1,O=C(O)c1ccc2nn3c(c2c1)OC[C@H]1[C@@H]3[C@H](c2cccc(Cl)c2F)[C@]2(C(=O)Nc3cc(Cl)ccc32)N1CC1CC1,7.5,8.1259059864969,8.1259059864969,,2,active
CHEMBL3693988,O=C(O)c1cccc(NC(=O)[C@@H]2NC3(CCCCC3)[C@@]3(C(=O)Nc4cc(Cl)ccc43)[C@H]2c2cccc(Cl)c2F)c1,O=C(O)c1cccc(NC(=O)[C@@H]2NC3(CCCCC3)[C@@]3(C(=O)Nc4cc(Cl)ccc43)[C@H]2c2cccc(Cl)c2F)c1,8.8,8.05551732784983,8.05551732784983,,1,active
CHEMBL6059337,O=C(O)c1cccc2nc3n(c12)CC[C@H]1[C@@H]3[C@H](c2cccc(Cl)c2F)[C@]2(C(=O)Nc3cc(Cl)ccc32)N1CC1CC1,O=C(O)c1cccc2nc3n(c12)CC[C@H]1[C@@H]3[C@H](c2cccc(Cl)c2F)[C@]2(C(=O)Nc3cc(Cl)ccc32)N1CC1CC1,5.0,8.301029995663981,8.301029995663981,,1,active
CHEMBL5795884,O=C(O)c1cnc2nn3c(c2c1)OC[C@@H]1[C@H]3[C@@H](c2cccc(Cl)c2F)[C@@]2(C(=O)Nc3cc(Cl)ccc32)N1CC1CC1,O=C(O)c1cnc2nn3c(c2c1)OC[C@@H]1[C@H]3[C@@H](c2cccc(Cl)c2F)[C@@]2(C(=O)Nc3cc(Cl)ccc32)N1CC1CC1,144.0,6.84163750790475,6.84163750790475,,1,active
CHEMBL5998582,O=C(O)c1cnc2nn3c(c2c1)OC[C@H]1[C@@H]3[C@H](c2cccc(Cl)c2F)[C@]2(C(=O)Nc3cc(Cl)ccc32)N1CC1CC1,O=C(O)c1cnc2nn3c(c2c1)OC[C@H]1[C@@H]3[C@H](c2cccc(Cl)c2F)[C@]2(C(=O)Nc3cc(Cl)ccc32)N1CC1CC1,6.5,8.221848749616356,8.221848749616356,,2,active
CHEMBL3260809,O=C(O)c1nc(-c2ccccc2)n(-c2cccc(Cl)c2)c1-c1cccc(Cl)c1,O=C(O)c1nc(-c2ccccc2)n(-c2cccc(Cl)c2)c1-c1cccc(Cl)c1,120.0,6.920818753952375,6.920818753952375,,1,active
CHEMBL3260813,O=C(O)c1nc(-c2ccccc2)n(-c2cccc(Cl)c2F)c1-c1ccc(F)c(Cl)c1,O=C(O)c1nc(-c2ccccc2)n(-c2cccc(Cl)c2F)c1-c1ccc(F)c(Cl)c1,3.0,8.522878745280337,8.522878745280337,,1,active
CHEMBL3260811,O=C(O)c1nc(-c2ccccc2)n(-c2cccc(Cl)c2F)c1-c1cccc(Cl)c1,O=C(O)c1nc(-c2ccccc2)n(-c2cccc(Cl)c2F)c1-c1cccc(Cl)c1,7.0,8.154901959985743,8.154901959985743,,1,active
CHEMBL3260814,O=C(O)c1nc(C2CCCCC2)n(-c2cccc(Cl)c2F)c1-c1ccc(F)c(Cl)c1,O=C(O)c1nc(C2CCCCC2)n(-c2cccc(Cl)c2F)c1-c1ccc(F)c(Cl)c1,4.0,8.397940008672037,8.397940008672037,,1,active
CHEMBL6024621,O=C(c1ccc2c(c1)nc1n2CC[C@H]2[C@@H]1[C@H](c1cccc(Cl)c1F)[C@]1(C(=O)Nc3cc(Cl)ccc31)N2CC1CC1)N1CC(O)C1,O=C(c1ccc2c(c1)nc1n2CC[C@H]2[C@@H]1[C@H](c1cccc(Cl)c1F)[C@]1(C(=O)Nc3cc(Cl)ccc31)N2CC1CC1)N1CC(O)C1,4.0,8.397940008672037,8.397940008672037,,1,active
CHEMBL6023062,O=C(c1ccc2c(c1)nc1n2CC[C@H]2[C@@H]1[C@H](c1cccc(Cl)c1F)[C@]1(C(=O)Nc3cc(Cl)ccc31)N2CC1CC1)N1CCOCC1,O=C(c1ccc2c(c1)nc1n2CC[C@H]2[C@@H]1[C@H](c1cccc(Cl)c1F)[C@]1(C(=O)Nc3cc(Cl)ccc31)N2CC1CC1)N1CCOCC1,10.0,8.0,8.0,,1,active
CHEMBL3139629,O=C(c1cnccc1C(F)(F)F)N1CCCC(Oc2ccc(C(F)(F)F)cc2)(C(=O)N2CCN(c3ccccn3)CC2)C1,O=C(c1cnccc1C(F)(F)F)N1CCCC(Oc2ccc(C(F)(F)F)cc2)(C(=O)N2CCN(c3ccccn3)CC2)C1,2300.0,5.638272163982407,5.638272163982407,,1,intermediate
CHEMBL3219402,O=C1C(O)=C(c2ccccc2)C(c2ccc(Cl)cc2)N1Cc1ccc(Cl)cc1,O=C1C(O)=C(c2ccccc2)C(c2ccc(Cl)cc2)N1Cc1ccc(Cl)cc1,26200.0,4.581698708680254,4.581698708680254,,1,inactive
CHEMBL3675216,O=C1C2=C(CCCC2)C(O)(c2ccc(Cl)cc2)N1Cc1ccc([N+](=O)[O-])cc1,O=C1C2=C(CCCC2)C(O)(c2ccc(Cl)cc2)N1Cc1ccc([N+](=O)[O-])cc1,2810.0,5.55129368009492,5.55129368009492,,1,intermediate
CHEMBL8320,O=C1C=CC(=O)C=C1,O=C1C=CC(=O)C=C1,13900.0,4.856985199745905,4.856985199745905,,1,inactive
CHEMBL4449512,O=C1CCC(N2Cc3c(CCCCCNC(=O)[C@@H]4NC5(CCCCC5)[C@@]5(C(=O)Nc6cc(Cl)ccc65)[C@H]4c4cccc(Cl)c4F)cccc3C2=O)C(=O)N1,O=C1CCC(N2Cc3c(CCCCCNC(=O)[C@@H]4NC5(CCCCC5)[C@@]5(C(=O)Nc6cc(Cl)ccc65)[C@H]4c4cccc(Cl)c4F)cccc3C2=O)C(=O)N1,67.5,7.170696227168975,7.170696227168975,,1,active
CHEMBL2152322,O=C1CN(C(=O)C2=C(C3CC3)N3C(=N[C@@H](c4ccc(Cl)cc4)[C@H]3c3ccc(Cl)cc3)S2)CCN1,O=C1CN(C(=O)C2=C(C3CC3)N3C(=N[C@@H](c4ccc(Cl)cc4)[C@H]3c3ccc(Cl)cc3)S2)CCN1,9500.0,5.022276394711152,5.022276394711152,,1,intermediate
CHEMBL2347385,O=C1CO[C@@H](c2cccc(Cl)c2)[C@@H](c2ccc(Cl)cc2)N1CC1CC1,O=C1CO[C@@H](c2cccc(Cl)c2)[C@@H](c2ccc(Cl)cc2)N1CC1CC1,1800.0,5.7447274948966935,5.7447274948966935,,1,intermediate
CHEMBL5804144,O=C1CO[C@H](c2cccc(Cl)c2)[C@H](c2ccc(Cl)cc2)N1CC1CC1,O=C1CO[C@H](c2cccc(Cl)c2)[C@H](c2ccc(Cl)cc2)N1CC1CC1,8200.0,5.086186147616283,5.086186147616283,,3,intermediate
CHEMBL6035303,O=C1CS[C@@H](c2cccc(Cl)c2)[C@@H](c2ccc(Cl)cc2)C1CC1CC1,O=C1CS[C@@H](c2cccc(Cl)c2)[C@@H](c2ccc(Cl)cc2)C1CC1CC1,3710.0,5.556402411479351,5.556402411479351,,2,intermediate
CHEMBL3220098,O=C1NC(=O)C(=Cc2cc(-c3ccccc3)n(-c3ccc(Br)cc3)c2-c2ccccc2)C(=O)N1,O=C1NC(=O)C(=Cc2cc(-c3ccccc3)n(-c3ccc(Br)cc3)c2-c2ccccc2)C(=O)N1,180.0,6.7447274948966935,6.7447274948966935,,1,active
CHEMBL3220097,O=C1NC(=O)C(=Cc2cc(-c3ccccc3)n(-c3ccc(Cl)cc3)c2-c2ccccc2)C(=O)N1,O=C1NC(=O)C(=Cc2cc(-c3ccccc3)n(-c3ccc(Cl)cc3)c2-c2ccccc2)C(=O)N1,300.0,6.522878745280337,6.522878745280337,,1,active
CHEMBL3220103,O=C1NC(=O)C(=Cc2cc(-c3ccccc3)n(-c3ccc([N+](=O)[O-])cc3)c2-c2ccccc2)C(=O)N1,O=C1NC(=O)C(=Cc2cc(-c3ccccc3)n(-c3ccc([N+](=O)[O-])cc3)c2-c2ccccc2)C(=O)N1,150.0,6.823908740944319,6.823908740944319,,1,active
CHEMBL3220090,O=C1NC(=S)N(c2cccc(Cl)c2)C(=O)/C1=C/c1cc(-c2ccccc2)n(-c2ccc(Cl)cc2)c1-c1ccccc1,O=C1NC(=S)N(c2cccc(Cl)c2)C(=O)/C1=C/c1cc(-c2ccccc2)n(-c2ccc(Cl)cc2)c1-c1ccccc1,163.0,6.787812395596042,6.787812395596042,,1,active
CHEMBL3220089,O=C1NC(=S)N(c2ccccc2)C(=O)/C1=C/c1cc(-c2ccccc2)n(-c2ccc(Cl)cc2)c1-c1ccccc1,O=C1NC(=S)N(c2ccccc2)C(=O)/C1=C/c1cc(-c2ccccc2)n(-c2ccc(Cl)cc2)c1-c1ccccc1,230.0,6.638272163982407,6.638272163982407,,1,active
CHEMBL3220118,O=C1NC(=S)NC(=O)C1=Cc1cc(-c2ccccc2)n(-c2ccc(Br)cc2)c1C1CC1,O=C1NC(=S)NC(=O)C1=Cc1cc(-c2ccccc2)n(-c2ccc(Br)cc2)c1C1CC1,1600.0,5.795880017344075,5.795880017344075,,1,intermediate
CHEMBL3220088,O=C1NC(=S)NC(=O)C1=Cc1cc(-c2ccccc2)n(-c2ccc(Cl)cc2)c1-c1ccccc1,O=C1NC(=S)NC(=O)C1=Cc1cc(-c2ccccc2)n(-c2ccc(Cl)cc2)c1-c1ccccc1,110.0,6.958607314841775,6.958607314841775,,1,active
CHEMBL3220117,O=C1NC(=S)NC(=O)C1=Cc1cc(-c2ccccc2)n(-c2ccc(Cl)cc2)c1C1CC1,O=C1NC(=S)NC(=O)C1=Cc1cc(-c2ccccc2)n(-c2ccc(Cl)cc2)c1C1CC1,1600.0,5.795880017344075,5.795880017344075,,1,intermediate
CHEMBL3217780,O=C1NC(=S)NC(=O)C1=Cc1cc(-c2ccccc2)n(-c2ccc([N+](=O)[O-])cc2)c1-c1ccccc1,O=C1NC(=S)NC(=O)C1=Cc1cc(-c2ccccc2)n(-c2ccc([N+](=O)[O-])cc2)c1-c1ccccc1,170.0,6.769551078621726,6.769551078621726,,1,active
CHEMBL3220310,O=C1NC(=S)NC(=O)C1=Cc1cc(C2CC2)n(-c2ccc(Br)cc2)c1-c1ccccc1,O=C1NC(=S)NC(=O)C1=Cc1cc(C2CC2)n(-c2ccc(Br)cc2)c1-c1ccccc1,2200.0,5.657577319177793,5.657577319177793,,1,intermediate
CHEMBL3220309,O=C1NC(=S)NC(=O)C1=Cc1cc(C2CC2)n(-c2ccc(Cl)cc2)c1-c1ccccc1,O=C1NC(=S)NC(=O)C1=Cc1cc(C2CC2)n(-c2ccc(Cl)cc2)c1-c1ccccc1,2100.0,5.6777807052660805,5.6777807052660805,,1,intermediate
CHEMBL6028056,O=C1N[C@@H](c2ccc(Cl)cc2)[C@@H](c2ccc(Cl)cc2)O[C@@H]1Cc1ccc(F)cc1,O=C1N[C@@H](c2ccc(Cl)cc2)[C@@H](c2ccc(Cl)cc2)O[C@@H]1Cc1ccc(F)cc1,5545.0,5.344388044783772,5.344388044783772,,2,intermediate
CHEMBL5970296,O=C1N[C@H](c2ccc(Cl)cc2)[C@H](c2ccc(Cl)cc2)O[C@H]1Cc1ccc(F)cc1,O=C1N[C@H](c2ccc(Cl)cc2)[C@H](c2ccc(Cl)cc2)O[C@H]1Cc1ccc(F)cc1,2956.5,5.6590801054040005,5.6590801054040005,,2,intermediate
CHEMBL4437666,O=C1Nc2cc(Cl)ccc2[C@@]1(Cc1cccc(Cl)c1)Nc1c(F)cccc1F,O=C1Nc2cc(Cl)ccc2[C@@]1(Cc1cccc(Cl)c1)Nc1c(F)cccc1F,1.2,8.920818753952375,8.920818753952375,,1,active
CHEMBL6023642,O=C1Nc2cc(Cl)ccc2[C@@]12[C@@H](c1cccc(Cl)c1F)[C@@H]1c3nc4cc(CO)ccc4n3CC[C@@H]1N2CC1CC1,O=C1Nc2cc(Cl)ccc2[C@@]12[C@@H](c1cccc(Cl)c1F)[C@@H]1c3nc4cc(CO)ccc4n3CC[C@@H]1N2CC1CC1,20.0,7.698970004336019,7.698970004336019,,1,active
CHEMBL5790593,O=C1Nc2cc(Cl)ccc2[C@@]12[C@@H](c1cccc(Cl)c1F)[C@@H]1c3nc4cc(N5CCCCC5)ccc4n3CC[C@@H]1N2CC1CC1,O=C1Nc2cc(Cl)ccc2[C@@]12[C@@H](c1cccc(Cl)c1F)[C@@H]1c3nc4cc(N5CCCCC5)ccc4n3CC[C@@H]1N2CC1CC1,240.0,6.619788758288394,6.619788758288394,,1,active
CHEMBL5810630,O=C1Nc2cc(Cl)ccc2[C@@]12[C@@H](c1cccc(Cl)c1F)[C@@H]1c3nc4ccccc4n3CC[C@@H]1N2CC1CC1,O=C1Nc2cc(Cl)ccc2[C@@]12[C@@H](c1cccc(Cl)c1F)[C@@H]1c3nc4ccccc4n3CC[C@@H]1N2CC1CC1,72.0,7.142667503568731,7.142667503568731,,1,active
CHEMBL2396744,O=C1Nc2ccc(I)cc2C(=O)N([C@@H](C(=O)O)c2ccc(Cl)cc2)[C@H]1c1ccc(Cl)cc1,O=C1Nc2ccc(I)cc2C(=O)N([C@@H](C(=O)O)c2ccc(Cl)cc2)[C@H]1c1ccc(Cl)cc1,490.0,6.309803919971486,6.309803919971486,,1,active
CHEMBL6032263,O=C1[C@@H](CCO)O[C@H](c2cccc(Cl)c2)[C@H](c2ccc(Cl)cc2)N1CC1CC1,O=C1[C@@H](CCO)O[C@H](c2cccc(Cl)c2)[C@H](c2ccc(Cl)cc2)N1CC1CC1,2600.0,5.585026652029182,5.585026652029182,,3,intermediate
CHEMBL6048330,O=C1[C@@H](Cc2ccc(F)cc2)O[C@H](c2ccc(Cl)cc2)[C@H](c2ccc(Cl)cc2)N1c1cccnc1,O=C1[C@@H](Cc2ccc(F)cc2)O[C@H](c2ccc(Cl)cc2)[C@H](c2ccc(Cl)cc2)N1c1cccnc1,10000.0,5.0,5.0,,1,inactive
CHEMBL6043623,O=C1[C@@H](Cc2ccc(F)cc2)O[C@H](c2ccc(Cl)cc2)[C@H](c2ccc(Cl)cc2)N1c1ccnc(Cl)c1,O=C1[C@@H](Cc2ccc(F)cc2)O[C@H](c2ccc(Cl)cc2)[C@H](c2ccc(Cl)cc2)N1c1ccnc(Cl)c1,5000.0,5.301029995663981,5.301029995663981,,1,intermediate
CHEMBL5804238,O=C1[C@@H](Cc2ccc(F)cc2)O[C@H](c2ccc(Cl)cc2)[C@H](c2ccc(Cl)cc2)N1c1ccncc1,O=C1[C@@H](Cc2ccc(F)cc2)O[C@H](c2ccc(Cl)cc2)[C@H](c2ccc(Cl)cc2)N1c1ccncc1,15800.0,4.801342913045578,4.801342913045578,,1,inactive
CHEMBL5764930,O=C1[C@@H](Cc2ccc(F)cc2)O[C@H](c2ccc(Cl)cc2)[C@H](c2ccc(Cl)cc2)N1c1cn[nH]c1,O=C1[C@@H](Cc2ccc(F)cc2)O[C@H](c2ccc(Cl)cc2)[C@H](c2ccc(Cl)cc2)N1c1cn[nH]c1,12500.0,4.903089986991944,4.903089986991944,,1,inactive
CHEMBL5745339,O=C1[C@@H](Cc2nnco2)C[C@H](c2cccc(Cl)c2)[C@@H](c2ccc(Cl)cc2)N1CC1CC1,O=C1[C@@H](Cc2nnco2)C[C@H](c2cccc(Cl)c2)[C@@H](c2ccc(Cl)cc2)N1CC1CC1,1890.0,5.723538195826755,5.723538195826755,,1,intermediate
CHEMBL2177185,O=C1[C@@H](Cc2nnn[nH]2)C[C@H](c2cccc(Cl)c2)[C@@H](c2ccc(Cl)cc2)N1CC1CC1,O=C1[C@@H](Cc2nnn[nH]2)C[C@H](c2cccc(Cl)c2)[C@@H](c2ccc(Cl)cc2)N1CC1CC1,90.0,7.045757490560675,7.045757490560675,,1,active
CHEMBL6002212,O=C1[C@H](CCCO)O[C@@H](c2cccc(Cl)c2)[C@@H](c2ccc(Cl)cc2)N1CC1CC1,O=C1[C@H](CCCO)O[C@@H](c2cccc(Cl)c2)[C@@H](c2ccc(Cl)cc2)N1CC1CC1,7070.0,5.150691827665636,5.150691827665636,,2,intermediate
CHEMBL2347388,O=C1[C@H](CCO)O[C@@H](c2cccc(Cl)c2)[C@@H](c2ccc(Cl)cc2)N1CC1CC1,O=C1[C@H](CCO)O[C@@H](c2cccc(Cl)c2)[C@@H](c2ccc(Cl)cc2)N1CC1CC1,7640.0,5.44857741787729,5.44857741787729,,2,intermediate
CHEMBL5945339,O=C1[C@H](C[C@@H](O)CO)O[C@@H](c2cccc(Cl)c2)[C@@H](c2ccc(Cl)cc2)N1CC1CC1,O=C1[C@H](C[C@@H](O)CO)O[C@@H](c2cccc(Cl)c2)[C@@H](c2ccc(Cl)cc2)N1CC1CC1,4155.0,5.384407977596515,5.384407977596515,,2,intermediate
CHEMBL3979952,O=C1[C@H](Cc2nnn[nH]2)C[C@H](c2cccc(Cl)c2)[C@@H](c2ccc(Cl)cc2)N1CC1CC1,O=C1[C@H](Cc2nnn[nH]2)C[C@H](c2cccc(Cl)c2)[C@@H](c2ccc(Cl)cc2)N1CC1CC1,160.0,6.795880017344075,6.795880017344075,,1,active
CHEMBL378030,O=C1[C@H](c2ccc(Cl)cc2)N(Cc2ccc(Cl)cc2F)C(=O)c2cc(I)ccc2N1CCN1CCOCC1,O=C1[C@H](c2ccc(Cl)cc2)N(Cc2ccc(Cl)cc2F)C(=O)c2cc(I)ccc2N1CCN1CCOCC1,8600.0,5.065501548756432,5.065501548756432,,1,intermediate
CHEMBL3675221,O=C1c2c(Cl)cccc2C(O)(c2ccc(Cl)cc2)N1Cc1ccc([N+](=O)[O-])cc1,O=C1c2c(Cl)cccc2C(O)(c2ccc(Cl)cc2)N1Cc1ccc([N+](=O)[O-])cc1,4540.0,5.342944147142896,5.342944147142896,,1,intermediate
CHEMBL3675218,O=C1c2cc(Br)ccc2C(O)(c2ccc(Cl)cc2)N1Cc1ccc([N+](=O)[O-])cc1,O=C1c2cc(Br)ccc2C(O)(c2ccc(Cl)cc2)N1Cc1ccc([N+](=O)[O-])cc1,5370.0,5.270025714300445,5.270025714300445,,1,intermediate
CHEMBL1834380,O=C1c2cc(Br)ccc2C(OCC2(CO)CC2)(c2ccc(Cl)cc2)N1Cc1ccc([N+](=O)[O-])cc1,O=C1c2cc(Br)ccc2C(OCC2(CO)CC2)(c2ccc(Cl)cc2)N1Cc1ccc([N+](=O)[O-])cc1,1030.0,5.987162775294828,5.987162775294828,,1,intermediate
CHEMBL5840491,O=C1c2cc(C(O)C3CCS(=O)(=O)CC3)cc(F)c2[C@](OCC2(O)CC2)(c2ccc(Cl)cc2)N1Cc1ncc(Cl)cn1,O=C1c2cc(C(O)C3CCS(=O)(=O)CC3)cc(F)c2[C@](OCC2(O)CC2)(c2ccc(Cl)cc2)N1Cc1ncc(Cl)cn1,3.1,8.508638306165727,8.508638306165727,,1,active
CHEMBL1834381,O=C1c2cc(Cl)c(Cl)cc2C(OCC2(CO)CC2)(c2ccc(Cl)cc2)N1Cc1ccc([N+](=O)[O-])cc1,O=C1c2cc(Cl)c(Cl)cc2C(OCC2(CO)CC2)(c2ccc(Cl)cc2)N1Cc1ccc([N+](=O)[O-])cc1,3670.0,5.435333935747911,5.435333935747911,,1,intermediate
CHEMBL3675212,O=C1c2cc(F)ccc2C(O)(c2ccc(Cl)cc2)N1Cc1ccc([N+](=O)[O-])cc1,O=C1c2cc(F)ccc2C(O)(c2ccc(Cl)cc2)N1Cc1ccc([N+](=O)[O-])cc1,5190.0,5.284832642151542,5.284832642151542,,1,intermediate
CHEMBL1834379,O=C1c2cc(F)ccc2C(OCC2(CO)CC2)(c2ccc(Cl)cc2)N1Cc1ccc([N+](=O)[O-])cc1,O=C1c2cc(F)ccc2C(OCC2(CO)CC2)(c2ccc(Cl)cc2)N1Cc1ccc([N+](=O)[O-])cc1,852.0,6.0695604052333,6.0695604052333,,1,active
CHEMBL3675219,O=C1c2ccc(Br)cc2C(O)(c2ccc(Cl)cc2)N1Cc1ccc([N+](=O)[O-])cc1,O=C1c2ccc(Br)cc2C(O)(c2ccc(Cl)cc2)N1Cc1ccc([N+](=O)[O-])cc1,5680.0,5.245651664288982,5.245651664288982,,1,intermediate
CHEMBL1834377,O=C1c2ccc(Br)cc2C(OCC2(CO)CC2)(c2ccc(Cl)cc2)N1Cc1ccc([N+](=O)[O-])cc1,O=C1c2ccc(Br)cc2C(OCC2(CO)CC2)(c2ccc(Cl)cc2)N1Cc1ccc([N+](=O)[O-])cc1,902.0,6.044793462458058,6.044793462458058,,1,active
CHEMBL3675211,O=C1c2ccc(F)cc2C(O)(c2ccc(Cl)cc2)N1Cc1ccc([N+](=O)[O-])cc1,O=C1c2ccc(F)cc2C(O)(c2ccc(Cl)cc2)N1Cc1ccc([N+](=O)[O-])cc1,3760.0,5.424812155072339,5.424812155072339,,1,intermediate
CHEMBL1834374,O=C1c2ccc(F)cc2C(OCC2(CO)CC2)(c2ccc(Cl)cc2)N1Cc1ccc([N+](=O)[O-])cc1,O=C1c2ccc(F)cc2C(OCC2(CO)CC2)(c2ccc(Cl)cc2)N1Cc1ccc([N+](=O)[O-])cc1,295.0,6.530177984021837,6.530177984021837,,1,active
CHEMBL3675215,O=C1c2cccc(Cl)c2C(O)(c2ccc(Cl)cc2)N1Cc1ccc(Br)cc1,O=C1c2cccc(Cl)c2C(O)(c2ccc(Cl)cc2)N1Cc1ccc(Br)cc1,847.0,6.072116589669293,6.072116589669293,,1,active
CHEMBL3675210,O=C1c2cccc(Cl)c2C(O)(c2ccc(Cl)cc2)N1Cc1ccc([N+](=O)[O-])cc1,O=C1c2cccc(Cl)c2C(O)(c2ccc(Cl)cc2)N1Cc1ccc([N+](=O)[O-])cc1,510.0,6.292429823902063,6.292429823902063,,1,active
CHEMBL1834287,O=C1c2cccc(Cl)c2C(OCC2(CO)CC2)(c2ccc(Cl)cc2)N1Cc1ccc(Br)cc1,O=C1c2cccc(Cl)c2C(OCC2(CO)CC2)(c2ccc(Cl)cc2)N1Cc1ccc(Br)cc1,169.0,6.772113295386326,6.772113295386326,,1,active
CHEMBL1834286,O=C1c2cccc(Cl)c2C(OCC2(CO)CC2)(c2ccc(Cl)cc2)N1Cc1ccc([N+](=O)[O-])cc1,O=C1c2cccc(Cl)c2C(OCC2(CO)CC2)(c2ccc(Cl)cc2)N1Cc1ccc([N+](=O)[O-])cc1,143.0,6.844663962534938,6.844663962534938,,3,active
CHEMBL1688147,O=C1c2ccccc2C(O)(c2ccc(Br)cc2)N1Cc1ccc([N+](=O)[O-])cc1,O=C1c2ccccc2C(O)(c2ccc(Br)cc2)N1Cc1ccc([N+](=O)[O-])cc1,3100.0,5.508638306165727,5.508638306165727,,1,intermediate
CHEMBL1688150,O=C1c2ccccc2C(O)(c2ccc(Cl)cc2)N1CCc1ccc([N+](=O)[O-])cc1,O=C1c2ccccc2C(O)(c2ccc(Cl)cc2)N1CCc1ccc([N+](=O)[O-])cc1,6200.0,5.207608310501746,5.207608310501746,,1,intermediate
CHEMBL1688149,O=C1c2ccccc2C(O)(c2ccc(Cl)cc2)N1CCc1ccccc1,O=C1c2ccccc2C(O)(c2ccc(Cl)cc2)N1CCc1ccccc1,7200.0,5.142667503568731,5.142667503568731,,1,intermediate
CHEMBL1688140,O=C1c2ccccc2C(O)(c2ccc(Cl)cc2)N1Cc1ccc(Br)cc1,O=C1c2ccccc2C(O)(c2ccc(Cl)cc2)N1Cc1ccc(Br)cc1,4500.0,5.346787486224656,5.346787486224656,,1,intermediate
CHEMBL1688139,O=C1c2ccccc2C(O)(c2ccc(Cl)cc2)N1Cc1ccc(Cl)cc1,O=C1c2ccccc2C(O)(c2ccc(Cl)cc2)N1Cc1ccc(Cl)cc1,4200.0,5.376750709602099,5.376750709602099,,1,intermediate
CHEMBL1688146,O=C1c2ccccc2C(O)(c2ccc(Cl)cc2)N1Cc1ccc([N+](=O)[O-])cc1,O=C1c2ccccc2C(O)(c2ccc(Cl)cc2)N1Cc1ccc([N+](=O)[O-])cc1,2400.0,5.619788758288394,5.619788758288394,,1,intermediate
CHEMBL1688148,O=C1c2ccccc2C(O)(c2ccc(Cl)cc2)N1Cc1cccc([N+](=O)[O-])c1,O=C1c2ccccc2C(O)(c2ccc(Cl)cc2)N1Cc1cccc([N+](=O)[O-])c1,54000.0,4.267606240177032,4.267606240177032,,1,inactive
CHEMBL1688152,O=C1c2ccccc2C(O)(c2ccc(Cl)cc2)N1Cc1cccc2ccccc12,O=C1c2ccccc2C(O)(c2ccc(Cl)cc2)N1Cc1cccc2ccccc12,71500.0,4.1728154545123575,4.1728154545123575,,2,inactive
CHEMBL1688137,O=C1c2ccccc2C(O)(c2ccc(Cl)cc2)N1Cc1ccccc1,O=C1c2ccccc2C(O)(c2ccc(Cl)cc2)N1Cc1ccccc1,74000.0,4.130768280269024,4.130768280269024,,1,inactive
CHEMBL1688145,O=C1c2ccccc2C(O)(c2ccc(F)cc2)N1Cc1ccc([N+](=O)[O-])cc1,O=C1c2ccccc2C(O)(c2ccc(F)cc2)N1Cc1ccc([N+](=O)[O-])cc1,9480.0,5.02319262915468,5.02319262915468,,2,intermediate
CHEMBL1688144,O=C1c2ccccc2C(O)(c2ccccc2)N1Cc1ccc([N+](=O)[O-])cc1,O=C1c2ccccc2C(O)(c2ccccc2)N1Cc1ccc([N+](=O)[O-])cc1,87000.0,4.060480747381382,4.060480747381382,,2,inactive
CHEMBL3675200,O=C1c2ccccc2C(OC/C=C/CO)(c2ccc(Cl)cc2)N1Cc1ccc([N+](=O)[O-])cc1,O=C1c2ccccc2C(OC/C=C/CO)(c2ccc(Cl)cc2)N1Cc1ccc([N+](=O)[O-])cc1,405.0,6.392544976785331,6.392544976785331,,1,active
CHEMBL1688258,O=C1c2ccccc2C(OC/C=C\CO)(c2ccc(Cl)cc2)N1Cc1ccc([N+](=O)[O-])cc1,O=C1c2ccccc2C(OC/C=C\CO)(c2ccc(Cl)cc2)N1Cc1ccc([N+](=O)[O-])cc1,401.0,6.396856977793783,6.396856977793783,,2,active
CHEMBL1688251,O=C1c2ccccc2C(OC2CCC(O)C2)(c2ccc(Cl)cc2)N1Cc1ccc([N+](=O)[O-])cc1,O=C1c2ccccc2C(OC2CCC(O)C2)(c2ccc(Cl)cc2)N1Cc1ccc([N+](=O)[O-])cc1,700.0,6.154901959985743,6.154901959985743,,1,active
CHEMBL1688170,O=C1c2ccccc2C(OC2CCC(O)C2)(c2ccc(Cl)cc2)N1Cc1ccccc1,O=C1c2ccccc2C(OC2CCC(O)C2)(c2ccc(Cl)cc2)N1Cc1ccccc1,3000.0,5.522878745280337,5.522878745280337,,1,intermediate
CHEMBL3928363,O=C1c2ccccc2C(OC2CCC(O)CC2)(c2ccc(Cl)cc2)N1Cc1ccc([N+](=O)[O-])cc1,O=C1c2ccccc2C(OC2CCC(O)CC2)(c2ccc(Cl)cc2)N1Cc1ccc([N+](=O)[O-])cc1,388.0,6.411168274405792,6.411168274405792,,1,active
CHEMBL1688271,O=C1c2ccccc2C(OCC#CCO)(c2ccc(Cl)cc2)N1Cc1ccc([N+](=O)[O-])cc1,O=C1c2ccccc2C(OCC#CCO)(c2ccc(Cl)cc2)N1Cc1ccc([N+](=O)[O-])cc1,658.0,6.181776112541235,6.181776112541235,,2,active
CHEMBL3675204,O=C1c2ccccc2C(OCC2(CO)CC2)(c2ccc(Br)cc2)N1Cc1ccc([N+](=O)[O-])cc1,O=C1c2ccccc2C(OCC2(CO)CC2)(c2ccc(Br)cc2)N1Cc1ccc([N+](=O)[O-])cc1,368.0,6.434152181326482,6.434152181326482,,1,active
CHEMBL1688280,O=C1c2ccccc2C(OCC2(CO)CC2)(c2ccc(Cl)cc2)N1Cc1ccc(Br)cc1,O=C1c2ccccc2C(OCC2(CO)CC2)(c2ccc(Cl)cc2)N1Cc1ccc(Br)cc1,1200.0,5.920818753952375,5.920818753952375,,2,intermediate
CHEMBL1688279,O=C1c2ccccc2C(OCC2(CO)CC2)(c2ccc(Cl)cc2)N1Cc1ccc(Cl)cc1,O=C1c2ccccc2C(OCC2(CO)CC2)(c2ccc(Cl)cc2)N1Cc1ccc(Cl)cc1,2305.0,5.637330092045131,5.637330092045131,,2,intermediate
CHEMBL1688278,O=C1c2ccccc2C(OCC2(CO)CC2)(c2ccc(Cl)cc2)N1Cc1ccc(F)cc1,O=C1c2ccccc2C(OCC2(CO)CC2)(c2ccc(Cl)cc2)N1Cc1ccc(F)cc1,2600.0,5.585026652029182,5.585026652029182,,1,intermediate
CHEMBL1688281,O=C1c2ccccc2C(OCC2(CO)CC2)(c2ccc(Cl)cc2)N1Cc1ccc(I)cc1,O=C1c2ccccc2C(OCC2(CO)CC2)(c2ccc(Cl)cc2)N1Cc1ccc(I)cc1,1500.0,5.823908740944319,5.823908740944319,,2,intermediate
CHEMBL1688274,O=C1c2ccccc2C(OCC2(CO)CC2)(c2ccc(Cl)cc2)N1Cc1ccc([N+](=O)[O-])cc1,O=C1c2ccccc2C(OCC2(CO)CC2)(c2ccc(Cl)cc2)N1Cc1ccc([N+](=O)[O-])cc1,264.0,6.582027949953076,6.582027949953076,,2,active
CHEMBL1688287,O=C1c2ccccc2C(OCC2(CO)CC2)(c2ccc(Cl)cc2)N1Cc1cccc(Br)c1,O=C1c2ccccc2C(OCC2(CO)CC2)(c2ccc(Cl)cc2)N1Cc1cccc(Br)c1,47000.0,4.327902142064283,4.327902142064283,,2,inactive
CHEMBL1688286,O=C1c2ccccc2C(OCC2(CO)CC2)(c2ccc(Cl)cc2)N1Cc1cccc2ccccc12,O=C1c2ccccc2C(OCC2(CO)CC2)(c2ccc(Cl)cc2)N1Cc1cccc2ccccc12,49000.0,4.309803919971486,4.309803919971486,,2,inactive
CHEMBL1688300,O=C1c2ccccc2C(OCC2(CO)CC2)(c2ccc(Cl)cc2)N1Cc1cccc[n+]1[O-],O=C1c2ccccc2C(OCC2(CO)CC2)(c2ccc(Cl)cc2)N1Cc1cccc[n+]1[O-],33000.0,4.481486060122113,4.481486060122113,,1,inactive
CHEMBL1688297,O=C1c2ccccc2C(OCC2(CO)CC2)(c2ccc(Cl)cc2)N1Cc1ccccn1,O=C1c2ccccc2C(OCC2(CO)CC2)(c2ccc(Cl)cc2)N1Cc1ccccn1,10800.0,4.966650724788503,4.966650724788503,,2,inactive
CHEMBL1688296,O=C1c2ccccc2C(OCC2(CO)CC2)(c2ccc(Cl)cc2)N1Cc1cccnc1,O=C1c2ccccc2C(OCC2(CO)CC2)(c2ccc(Cl)cc2)N1Cc1cccnc1,29000.0,4.5376020021010435,4.5376020021010435,,1,inactive
CHEMBL3675227,O=C1c2ccccc2C(OCC2(CO)CC2)(c2ccc(F)cc2)N1Cc1ccc([N+](=O)[O-])cc1,O=C1c2ccccc2C(OCC2(CO)CC2)(c2ccc(F)cc2)N1Cc1ccc([N+](=O)[O-])cc1,2700.0,5.568636235841012,5.568636235841012,,1,intermediate
CHEMBL3675222,O=C1c2ccccc2C(OCC2(CO)CC2)(c2ccccc2)N1Cc1ccc([N+](=O)[O-])cc1,O=C1c2ccccc2C(OCC2(CO)CC2)(c2ccccc2)N1Cc1ccc([N+](=O)[O-])cc1,8300.0,5.080921907623926,5.080921907623926,,1,intermediate
CHEMBL1688266,O=C1c2ccccc2C(OCCCCO)(c2ccc(Br)cc2)N1Cc1ccc([N+](=O)[O-])cc1,O=C1c2ccccc2C(OCCCCO)(c2ccc(Br)cc2)N1Cc1ccc([N+](=O)[O-])cc1,570.0,6.2441251443275085,6.2441251443275085,,2,active
CHEMBL1688264,O=C1c2ccccc2C(OCCCCO)(c2ccc(Cl)cc2)N1CCc1ccc([N+](=O)[O-])cc1,O=C1c2ccccc2C(OCCCCO)(c2ccc(Cl)cc2)N1CCc1ccc([N+](=O)[O-])cc1,3200.0,5.494850021680094,5.494850021680094,,2,intermediate
CHEMBL1688260,O=C1c2ccccc2C(OCCCCO)(c2ccc(Cl)cc2)N1Cc1ccc([N+](=O)[O-])cc1,O=C1c2ccccc2C(OCCCCO)(c2ccc(Cl)cc2)N1Cc1ccc([N+](=O)[O-])cc1,360.0,6.443697499232712,6.443697499232712,,1,active
CHEMBL1688265,O=C1c2ccccc2C(OCCCO)(c2ccc(Br)cc2)N1Cc1ccc([N+](=O)[O-])cc1,O=C1c2ccccc2C(OCCCO)(c2ccc(Br)cc2)N1Cc1ccc([N+](=O)[O-])cc1,1400.0,5.853871964321762,5.853871964321762,,2,intermediate
CHEMBL1688259,O=C1c2ccccc2C(OCCCO)(c2ccc(Cl)cc2)N1Cc1ccc([N+](=O)[O-])cc1,O=C1c2ccccc2C(OCCCO)(c2ccc(Cl)cc2)N1Cc1ccc([N+](=O)[O-])cc1,450.0,6.346787486224656,6.346787486224656,,1,active
CHEMBL1688272,O=C1c2ccccc2C(OC[C@@H]2CCCC[C@@H]2CO)(c2ccc(Cl)cc2)N1Cc1ccc([N+](=O)[O-])cc1,O=C1c2ccccc2C(OC[C@@H]2CCCC[C@@H]2CO)(c2ccc(Cl)cc2)N1Cc1ccc([N+](=O)[O-])cc1,569.5,6.244506438966218,6.244506438966218,,2,active
CHEMBL1688268,O=C1c2ccccc2C(OC[C@H]2CC[C@H](CO)CC2)(c2ccc(Cl)cc2)N1Cc1ccc([N+](=O)[O-])cc1,O=C1c2ccccc2C(OC[C@H]2CC[C@H](CO)CC2)(c2ccc(Cl)cc2)N1Cc1ccc([N+](=O)[O-])cc1,581.0,6.235824510893587,6.235824510893587,,2,active
CHEMBL1688267,O=C1c2ccccc2C(OCc2ccc(CO)cc2)(c2ccc(Cl)cc2)N1Cc1ccc([N+](=O)[O-])cc1,O=C1c2ccccc2C(OCc2ccc(CO)cc2)(c2ccc(Cl)cc2)N1Cc1ccc([N+](=O)[O-])cc1,981.5,6.008110203237685,6.008110203237685,,2,active
CHEMBL1688269,O=C1c2ccccc2C(OCc2cccc(CO)c2)(c2ccc(Cl)cc2)N1Cc1ccc([N+](=O)[O-])cc1,O=C1c2ccccc2C(OCc2cccc(CO)c2)(c2ccc(Cl)cc2)N1Cc1ccc([N+](=O)[O-])cc1,731.0,6.136083029410576,6.136083029410576,,2,active
CHEMBL1688276,O=C1c2ccccc2C(O[C@@H]2C=C[C@@H](O)CC2)(c2ccc(Cl)cc2)N1Cc1ccc([N+](=O)[O-])cc1,O=C1c2ccccc2C(O[C@@H]2C=C[C@@H](O)CC2)(c2ccc(Cl)cc2)N1Cc1ccc([N+](=O)[O-])cc1,308.0,6.511458439842073,6.511458439842073,,2,active
CHEMBL1688255,O=C1c2ccccc2C(O[C@H]2C=C[C@@H](O)C2)(c2ccc(Cl)cc2)N1Cc1ccc(Cl)cc1,O=C1c2ccccc2C(O[C@H]2C=C[C@@H](O)C2)(c2ccc(Cl)cc2)N1Cc1ccc(Cl)cc1,1500.0,5.823908740944319,5.823908740944319,,2,intermediate
CHEMBL1688257,O=C1c2ccccc2C(O[C@H]2C=C[C@@H](O)C2)(c2ccc(Cl)cc2)N1Cc1ccc([N+](=O)[O-])cc1,O=C1c2ccccc2C(O[C@H]2C=C[C@@H](O)C2)(c2ccc(Cl)cc2)N1Cc1ccc([N+](=O)[O-])cc1,1650.0,5.7875591816844665,5.7875591816844665,,2,intermediate
CHEMBL1688254,O=C1c2ccccc2C(O[C@H]2C=C[C@@H](O)C2)(c2ccc(Cl)cc2)N1Cc1ccccc1,O=C1c2ccccc2C(O[C@H]2C=C[C@@H](O)C2)(c2ccc(Cl)cc2)N1Cc1ccccc1,3500.0,5.4830871530233445,5.4830871530233445,,2,intermediate
CHEMBL3675201,O=C1c2ccccc2C(O[C@H]2CCC[C@@H](O)CCC2)(c2ccc(Cl)cc2)N1Cc1ccc([N+](=O)[O-])cc1,O=C1c2ccccc2C(O[C@H]2CCC[C@@H](O)CCC2)(c2ccc(Cl)cc2)N1Cc1ccc([N+](=O)[O-])cc1,375.0,6.425968732272281,6.425968732272281,,1,active
CHEMBL1688270,O=C1c2ccccc2C(O[C@H]2CCC[C@H](O)CCC2)(c2ccc(Cl)cc2)N1Cc1ccc([N+](=O)[O-])cc1,O=C1c2ccccc2C(O[C@H]2CCC[C@H](O)CCC2)(c2ccc(Cl)cc2)N1Cc1ccc([N+](=O)[O-])cc1,380.0,6.42021640338319,6.42021640338319,,1,active
CHEMBL1688252,O=C1c2ccccc2C(O[C@H]2CC[C@@H](O)C2)(c2ccc(Cl)cc2)N1Cc1ccc([N+](=O)[O-])cc1,O=C1c2ccccc2C(O[C@H]2CC[C@@H](O)C2)(c2ccc(Cl)cc2)N1Cc1ccc([N+](=O)[O-])cc1,400.0,6.3979400086720375,6.3979400086720375,,1,active
CHEMBL1688275,O=C1c2ccccc2C(O[C@H]2CC[C@H](O)CC2)(c2ccc(Cl)cc2)N1Cc1ccc([N+](=O)[O-])cc1,O=C1c2ccccc2C(O[C@H]2CC[C@H](O)CC2)(c2ccc(Cl)cc2)N1Cc1ccc([N+](=O)[O-])cc1,390.0,6.4089353929735005,6.4089353929735005,,1,active
CHEMBL1688304,O=C1c2ccccc2[C@@](OCC2(CO)CC2)(c2ccc(Cl)cc2)N1Cc1ccc([N+](=O)[O-])cc1,O=C1c2ccccc2[C@@](OCC2(CO)CC2)(c2ccc(Cl)cc2)N1Cc1ccc([N+](=O)[O-])cc1,1300.0,5.886056647693163,5.886056647693163,,1,intermediate
CHEMBL1688303,O=C1c2ccccc2[C@](OCC2(CO)CC2)(c2ccc(Cl)cc2)N1Cc1ccc([N+](=O)[O-])cc1,O=C1c2ccccc2[C@](OCC2(CO)CC2)(c2ccc(Cl)cc2)N1Cc1ccc([N+](=O)[O-])cc1,170.0,6.769551078621726,6.769551078621726,,1,active
CHEMBL5966290,O=CC[C@H]1O[C@H](c2cccc(Cl)c2)[C@H](c2ccc(Cl)cc2)N(CC2CC2)C1=O,O=CC[C@H]1O[C@H](c2cccc(Cl)c2)[C@H](c2ccc(Cl)cc2)N(CC2CC2)C1=O,3640.0,5.440583365185226,5.440583365185226,,2,intermediate
CHEMBL3675228,O=Nc1ccc(CN2C(=O)c3ccc(F)c(Cl)c3C2(O)c2ccc(Cl)cc2)cc1,O=Nc1ccc(CN2C(=O)c3ccc(F)c(Cl)c3C2(O)c2ccc(Cl)cc2)cc1,34000.0,4.468521082957745,4.468521082957745,,1,inactive
CHEMBL3653312,O=c1[nH]c(-c2cc3nc(N4CCO[C@@H]5CCC[C@H]54)n(C[C@H]4CC[C@H](C(F)(F)F)CC4)c3c(-c3cncc(Cl)c3)n2)no1,O=c1[nH]c(-c2cc3nc(N4CCO[C@@H]5CCC[C@H]54)n(C[C@H]4CC[C@H](C(F)(F)F)CC4)c3c(-c3cncc(Cl)c3)n2)no1,38.0,7.42021640338319,7.42021640338319,,1,active
CHEMBL3653311,O=c1[nH]c(-c2cc3nc(N4CCO[C@@H]5CCC[C@H]54)n(Cc4ccc(C(F)(F)F)c(F)c4)c3c(-c3cncc(Cl)c3)n2)no1,O=c1[nH]c(-c2cc3nc(N4CCO[C@@H]5CCC[C@H]54)n(Cc4ccc(C(F)(F)F)c(F)c4)c3c(-c3cncc(Cl)c3)n2)no1,136.0,7.0827260711595255,7.0827260711595255,,2,active
CHEMBL3650023,O=c1[nH]c(-c2cc3nc(N4CCO[C@@H]5CCC[C@H]54)n(Cc4ccc(C(F)(F)F)cc4)c3c(-c3cncc(Cl)c3)n2)no1,O=c1[nH]c(-c2cc3nc(N4CCO[C@@H]5CCC[C@H]54)n(Cc4ccc(C(F)(F)F)cc4)c3c(-c3cncc(Cl)c3)n2)no1,39.0,7.4089353929735005,7.4089353929735005,,1,active
CHEMBL3947091,O=c1nc(-c2cc3nc(N4CCO[C@H]5CCC[C@@H]54)n(C[C@H]4CC[C@H](C(F)(F)F)CC4)c3c(-c3cncc(Cl)c3)n2)[nH]o1,O=c1nc(-c2cc3nc(N4CCO[C@H]5CCC[C@@H]54)n(C[C@H]4CC[C@H](C(F)(F)F)CC4)c3c(-c3cncc(Cl)c3)n2)[nH]o1,38.0,7.42021640338319,7.42021640338319,,1,active
CHEMBL3941220,O=c1nc(-c2cc3nc(N4CCO[C@H]5CCC[C@@H]54)n(Cc4ccc(C(F)(F)F)c(F)c4)c3c(-c3cncc(Cl)c3)n2)[nH]o1,O=c1nc(-c2cc3nc(N4CCO[C@H]5CCC[C@@H]54)n(Cc4ccc(C(F)(F)F)c(F)c4)c3c(-c3cncc(Cl)c3)n2)[nH]o1,136.0,7.0827260711595255,7.0827260711595255,,2,active
CHEMBL3923370,O=c1nc(-c2cc3nc(N4CCO[C@H]5CCC[C@@H]54)n(Cc4ccc(C(F)(F)F)cc4)c3c(-c3cncc(Cl)c3)n2)[nH]o1,O=c1nc(-c2cc3nc(N4CCO[C@H]5CCC[C@@H]54)n(Cc4ccc(C(F)(F)F)cc4)c3c(-c3cncc(Cl)c3)n2)[nH]o1,39.0,7.4089353929735005,7.4089353929735005,,1,active
CHEMBL2440442,O=c1nc2n(-c3ccc(Cl)c(Cl)c3)c3c(C(F)(F)F)cccc3cc-2c(=O)[nH]1,O=c1nc2n(-c3ccc(Cl)c(Cl)c3)c3c(C(F)(F)F)cccc3cc-2c(=O)[nH]1,10700.0,4.97061622231479,4.97061622231479,,1,inactive
CHEMBL2443382,O=c1nc2n(-c3ccc(Cl)cc3)c3c(Br)cccc3cc-2c(=O)[nH]1,O=c1nc2n(-c3ccc(Cl)cc3)c3c(Br)cccc3cc-2c(=O)[nH]1,49500.0,4.305394801066432,4.305394801066432,,1,inactive
CHEMBL2440444,O=c1nc2n(-c3ccc(Cl)cc3)c3c(C(F)(F)F)cccc3cc-2c(=O)[nH]1,O=c1nc2n(-c3ccc(Cl)cc3)c3c(C(F)(F)F)cccc3cc-2c(=O)[nH]1,11900.0,4.924453038607469,4.924453038607469,,1,inactive
CHEMBL2443387,O=c1nc2n(-c3ccc(Cl)cc3)c3c(Cl)cccc3cc-2c(=O)[nH]1,O=c1nc2n(-c3ccc(Cl)cc3)c3c(Cl)cccc3cc-2c(=O)[nH]1,15000.0,4.823908740944319,4.823908740944319,,1,inactive
CHEMBL223723,O=c1nc2n(-c3ccc(F)cc3)c3c(C(F)(F)F)cccc3cc-2c(=O)[nH]1,O=c1nc2n(-c3ccc(F)cc3)c3c(C(F)(F)F)cccc3cc-2c(=O)[nH]1,13100.0,4.882728704344236,4.882728704344236,,1,inactive
CHEMBL2440443,O=c1nc2n(-c3cccc(Cl)c3)c3c(C(F)(F)F)cccc3cc-2c(=O)[nH]1,O=c1nc2n(-c3cccc(Cl)c3)c3c(C(F)(F)F)cccc3cc-2c(=O)[nH]1,1500.0,5.823908740944319,5.823908740944319,,1,intermediate
CHEMBL2443392,O=c1nc2n(-c3cccc(F)c3)c3c(C(F)(F)F)cccc3cc-2c(=O)[nH]1,O=c1nc2n(-c3cccc(F)c3)c3c(C(F)(F)F)cccc3cc-2c(=O)[nH]1,12300.0,4.910094888560602,4.910094888560602,,1,inactive
CHEMBL2440448,O=c1nc2n(-c3ccccc3)c3c(C(F)(F)F)cccc3cc-2c(=O)[nH]1,O=c1nc2n(-c3ccccc3)c3c(C(F)(F)F)cccc3cc-2c(=O)[nH]1,17500.0,4.756961951313706,4.756961951313706,,1,inactive
CHEMBL225454,O=c1nc2n(-c3ccccc3F)c3c(C(F)(F)F)cccc3cc-2c(=O)[nH]1,O=c1nc2n(-c3ccccc3F)c3c(C(F)(F)F)cccc3cc-2c(=O)[nH]1,19600.0,4.707743928643524,4.707743928643524,,1,inactive
CHEMBL3220110,OCC(=Cc1cc(-c2ccccc2)n(-c2ccc(Cl)cc2)c1-c1ccccc1)CO,OCC(=Cc1cc(-c2ccccc2)n(-c2ccc(Cl)cc2)c1-c1ccccc1)CO,2900.0,5.537602002101044,5.537602002101044,,1,intermediate
CHEMBL3703657,Oc1c(C(Nc2ccc(C(F)(F)F)nc2)c2cc(C(F)(F)F)ccc2Cl)ccc2cccnc12,Oc1c(C(Nc2ccc(C(F)(F)F)nc2)c2cc(C(F)(F)F)ccc2Cl)ccc2cccnc12,44000.0,4.356547323513812,4.356547323513812,,1,inactive
CHEMBL3703654,Oc1c(C(Nc2ccc(Cl)cn2)c2ccc(C(F)(F)F)cc2)ccc2cccnc12,Oc1c(C(Nc2ccc(Cl)cn2)c2ccc(C(F)(F)F)cc2)ccc2cccnc12,12000.0,4.920818753952375,4.920818753952375,,1,inactive
CHEMBL3703658,Oc1c(C(Nc2ccc(Cl)cn2)c2ccc(Cl)c(C(F)(F)F)c2)ccc2cccnc12,Oc1c(C(Nc2ccc(Cl)cn2)c2ccc(Cl)c(C(F)(F)F)c2)ccc2cccnc12,8000.0,5.096910013008056,5.096910013008056,,1,intermediate
CHEMBL3703655,Oc1c(C(Nc2ccc(Cl)cn2)c2ccc(Cl)c(Cl)c2)ccc2cccnc12,Oc1c(C(Nc2ccc(Cl)cn2)c2ccc(Cl)c(Cl)c2)ccc2cccnc12,9000.0,5.045757490560675,5.045757490560675,,1,intermediate
CHEMBL3703659,Oc1c(C(Nc2ccc(F)cn2)c2c(F)c(F)cc(F)c2F)ccc2cccnc12,Oc1c(C(Nc2ccc(F)cn2)c2c(F)c(F)cc(F)c2F)ccc2cccnc12,8000.0,5.096910013008056,5.096910013008056,,1,intermediate
CHEMBL3640025,Oc1c(C(Nc2ccc(F)cn2)c2ccc(Cl)c(Cl)c2)ccc2cccnc12,Oc1c(C(Nc2ccc(F)cn2)c2ccc(Cl)c(Cl)c2)ccc2cccnc12,9000.0,5.045757490560675,5.045757490560675,,1,intermediate
CHEMBL3703662,Oc1c(C(Nc2ccc(F)cn2)c2ccc(F)cc2Cl)ccc2cccnc12,Oc1c(C(Nc2ccc(F)cn2)c2ccc(F)cc2Cl)ccc2cccnc12,10000.0,5.0,5.0,,1,inactive
CHEMBL3703652,Oc1c(C(Nc2ccccn2)c2cc(Cl)ccc2Cl)ccc2cccnc12,Oc1c(C(Nc2ccccn2)c2cc(Cl)ccc2Cl)ccc2cccnc12,7500.0,5.1249387366083,5.1249387366083,,1,intermediate
CHEMBL548572,Oc1c(C(Nc2ccccn2)c2ccc(Cl)cc2Cl)ccc2cccnc12,Oc1c(C(Nc2ccccn2)c2ccc(Cl)cc2Cl)ccc2cccnc12,7400.0,5.130768280269024,5.130768280269024,,1,intermediate
CHEMBL2094875,Oc1c(C(Nc2ccccn2)c2ccccc2Cl)ccc2cccnc12,Oc1c(C(Nc2ccccn2)c2ccccc2Cl)ccc2cccnc12,18000.0,4.7447274948966935,4.7447274948966935,,1,inactive
CHEMBL1688559,Oc1c(C(Nc2cccnc2)c2ccc(C(F)(F)F)cc2)ccc2cccnc12,Oc1c(C(Nc2cccnc2)c2ccc(C(F)(F)F)cc2)ccc2cccnc12,18000.0,4.7447274948966935,4.7447274948966935,,1,inactive
CHEMBL3703676,Oc1c(C(Nc2cccnc2)c2cccs2)ccc2cccnc12,Oc1c(C(Nc2cccnc2)c2cccs2)ccc2cccnc12,1500.0,5.823908740944319,5.823908740944319,,1,intermediate
CHEMBL3691699,[C-]#[N+]c1cc(Cl)cc(N2C(=O)c3nn(-c4ccccc4OC)c(C(C)C)c3C2c2ccc(Cl)cc2C)c1,[C-]#[N+]c1cc(Cl)cc(N2C(=O)c3nn(-c4ccccc4OC)c(C(C)C)c3C2c2ccc(Cl)cc2C)c1,3.8,8.42021640338319,8.42021640338319,,1,active
CHEMBL3653199,[C-]#[N+]c1ccc(C2c3c(nc(-c4cnc(N(C)C)nc4OC)n3C(C)C)C(=O)N2c2cc(Cl)c(=O)n(C)c2)cc1,[C-]#[N+]c1ccc(C2c3c(nc(-c4cnc(N(C)C)nc4OC)n3C(C)C)C(=O)N2c2cc(Cl)c(=O)n(C)c2)cc1,0.27,9.568636235841012,9.568636235841012,,1,active
CHEMBL3653198,[C-]#[N+]c1ccc(C2c3c(nc(-c4cnc(N(C)C)nc4OC)n3C(C)C)C(=O)N2c2cc(Cl)ccc2C)cc1,[C-]#[N+]c1ccc(C2c3c(nc(-c4cnc(N(C)C)nc4OC)n3C(C)C)C(=O)N2c2cc(Cl)ccc2C)cc1,0.11,9.958607314841775,9.958607314841775,,1,active
CHEMBL3653214,[C-]#[N+]c1ccc(C2c3c(nc(-c4cnc(N(C)C)nc4OC)n3C(C)C)C(=O)N2c2ccc(F)c(Cl)c2)cc1,[C-]#[N+]c1ccc(C2c3c(nc(-c4cnc(N(C)C)nc4OC)n3C(C)C)C(=O)N2c2ccc(F)c(Cl)c2)cc1,0.2,9.698970004336019,9.698970004336019,,1,active
CHEMBL3653211,[C-]#[N+]c1ccc(C2c3c(nc(-c4cnc(N(C)C)nc4OC)n3C(C)C)C(=O)N2c2cccc(Cl)c2F)cc1,[C-]#[N+]c1ccc(C2c3c(nc(-c4cnc(N(C)C)nc4OC)n3C(C)C)C(=O)N2c2cccc(Cl)c2F)cc1,0.19,9.721246399047171,9.721246399047171,,1,active
CHEMBL3653201,[C-]#[N+]c1ccc(C2c3c(nc(-c4cnc(N)nc4OC)n3C(C)C)C(=O)N2c2cc(Cl)c(=O)n(C)c2)cc1,[C-]#[N+]c1ccc(C2c3c(nc(-c4cnc(N)nc4OC)n3C(C)C)C(=O)N2c2cc(Cl)c(=O)n(C)c2)cc1,2.95,8.530177984021837,8.530177984021837,,1,active
CHEMBL3653196,[C-]#[N+]c1ccc(C2c3c(nc(-c4cnc(N)nc4OC)n3C(C)C)C(=O)N2c2cc(Cl)ccc2C)cc1,[C-]#[N+]c1ccc(C2c3c(nc(-c4cnc(N)nc4OC)n3C(C)C)C(=O)N2c2cc(Cl)ccc2C)cc1,0.74,9.130768280269024,9.130768280269024,,1,active
CHEMBL3653212,[C-]#[N+]c1ccc(C2c3c(nc(-c4cnc(N)nc4OC)n3C(C)C)C(=O)N2c2ccc(F)c(Cl)c2)cc1,[C-]#[N+]c1ccc(C2c3c(nc(-c4cnc(N)nc4OC)n3C(C)C)C(=O)N2c2ccc(F)c(Cl)c2)cc1,1.21,8.91721462968355,8.91721462968355,,1,active
CHEMBL3653209,[C-]#[N+]c1ccc(C2c3c(nc(-c4cnc(N)nc4OC)n3C(C)C)C(=O)N2c2cccc(Cl)c2F)cc1,[C-]#[N+]c1ccc(C2c3c(nc(-c4cnc(N)nc4OC)n3C(C)C)C(=O)N2c2cccc(Cl)c2F)cc1,1.03,8.987162775294827,8.987162775294827,,1,active
CHEMBL3653200,[C-]#[N+]c1ccc(C2c3c(nc(-c4cnc(NC)nc4OC)n3C(C)C)C(=O)N2c2cc(Cl)c(=O)n(C)c2)cc1,[C-]#[N+]c1ccc(C2c3c(nc(-c4cnc(NC)nc4OC)n3C(C)C)C(=O)N2c2cc(Cl)c(=O)n(C)c2)cc1,0.6,9.221848749616356,9.221848749616356,,1,active
CHEMBL3653197,[C-]#[N+]c1ccc(C2c3c(nc(-c4cnc(NC)nc4OC)n3C(C)C)C(=O)N2c2cc(Cl)ccc2C)cc1,[C-]#[N+]c1ccc(C2c3c(nc(-c4cnc(NC)nc4OC)n3C(C)C)C(=O)N2c2cc(Cl)ccc2C)cc1,0.15,9.823908740944319,9.823908740944319,,1,active
CHEMBL3653213,[C-]#[N+]c1ccc(C2c3c(nc(-c4cnc(NC)nc4OC)n3C(C)C)C(=O)N2c2ccc(F)c(Cl)c2)cc1,[C-]#[N+]c1ccc(C2c3c(nc(-c4cnc(NC)nc4OC)n3C(C)C)C(=O)N2c2ccc(F)c(Cl)c2)cc1,0.28,9.55284196865778,9.55284196865778,,1,active
CHEMBL3653210,[C-]#[N+]c1ccc(C2c3c(nc(-c4cnc(NC)nc4OC)n3C(C)C)C(=O)N2c2cccc(Cl)c2F)cc1,[C-]#[N+]c1ccc(C2c3c(nc(-c4cnc(NC)nc4OC)n3C(C)C)C(=O)N2c2cccc(Cl)c2F)cc1,0.31,9.508638306165727,9.508638306165727,,1,active
CHEMBL3691733,[C-]#[N+]c1ccc(C2c3c(nn(-c4cc(C#N)ccc4OC)c3C(C)C)C(=O)N2c2cc(Cl)c(=O)n(C)c2)c(C)c1,[C-]#[N+]c1ccc(C2c3c(nn(-c4cc(C#N)ccc4OC)c3C(C)C)C(=O)N2c2cc(Cl)c(=O)n(C)c2)c(C)c1,1.026,8.988852639224202,8.988852639224202,,1,active
CHEMBL3691734,[C-]#[N+]c1ccc(C2c3c(nn(-c4cc(C#N)ccc4OC)c3C(C)C)C(=O)N2c2cc(Cl)ccc2C)c(C)c1,[C-]#[N+]c1ccc(C2c3c(nn(-c4cc(C#N)ccc4OC)c3C(C)C)C(=O)N2c2cc(Cl)ccc2C)c(C)c1,0.176,9.75448733218585,9.75448733218585,,1,active
CHEMBL3691732,[C-]#[N+]c1ccc(C2c3c(nn(-c4cc(C#N)ccc4OC)c3C(C)C)C(=O)N2c2cc(Cl)ccc2C)cc1,[C-]#[N+]c1ccc(C2c3c(nn(-c4cc(C#N)ccc4OC)c3C(C)C)C(=O)N2c2cc(Cl)ccc2C)cc1,0.242,9.616184634019568,9.616184634019568,,1,active
CHEMBL3639906,[C-]#[N+]c1ccc(C2c3c(nn(-c4cnc(OC)nc4OC)c3C(C)C)C(=O)N2c2cc(Cl)c(=O)n(C)c2)c(F)c1,[C-]#[N+]c1ccc(C2c3c(nn(-c4cnc(OC)nc4OC)c3C(C)C)C(=O)N2c2cc(Cl)c(=O)n(C)c2)c(F)c1,4.058,8.391687957302672,8.391687957302672,,1,active
CHEMBL3691785,[C-]#[N+]c1ccc(C2c3c(nn(-c4cnc(OC)nc4OC)c3C(C)C)C(=O)N2c2cc(Cl)cn(C)c2=O)c(F)c1,[C-]#[N+]c1ccc(C2c3c(nn(-c4cnc(OC)nc4OC)c3C(C)C)C(=O)N2c2cc(Cl)cn(C)c2=O)c(F)c1,10.3,7.987162775294828,7.987162775294828,,1,active
CHEMBL3691784,[C-]#[N+]c1ccc(C2c3c(nn(-c4cnc(OC)nc4OC)c3C(C)C)C(=O)N2c2cc(Cl)cn(C)c2=O)cc1F,[C-]#[N+]c1ccc(C2c3c(nn(-c4cnc(OC)nc4OC)c3C(C)C)C(=O)N2c2cc(Cl)cn(C)c2=O)cc1F,1.292,8.888737486340935,8.888737486340935,,1,active
CHEMBL5740695,[C-]#[N+]c1cccc(N(C[C@H](C2CC2)N2C(=O)[C@@](C)(CC(=O)O)CC(c3cccc(Cl)c3)[C@H]2c2ccc(Cl)cc2)S(C)(=O)=O)c1,[C-]#[N+]c1cccc(N(C[C@H](C2CC2)N2C(=O)[C@@](C)(CC(=O)O)CC(c3cccc(Cl)c3)[C@H]2c2ccc(Cl)cc2)S(C)(=O)=O)c1,0.3,9.522878745280337,9.522878745280337,,1,active
CHEMBL5809195,[C-]#[N+]c1ccccc1N(C[C@H](C1CC1)N1C(=O)[C@@](C)(CC(=O)O)C[C@H](c2cccc(Cl)c2)C1c1ccc(Cl)cc1)S(C)(=O)=O,[C-]#[N+]c1ccccc1N(C[C@H](C1CC1)N1C(=O)[C@@](C)(CC(=O)O)C[C@H](c2cccc(Cl)c2)C1c1ccc(Cl)cc1)S(C)(=O)=O,0.2,9.698970004336019,9.698970004336019,,1,active
